source_dataset,direction_class,hypothesis,state,window_sec,horizon_sec,oi_context,n,match_pct,signed_mean_bps,signed_median_bps
NEW_05M,ANALYSIS,EFFECTIVE_CONTINUATION,BUY_EFFECTIVE,30,60,BUILDING,495,56.16161616161616,0.4900972399999999,0.34163347
NEW_05M,ANALYSIS,EFFECTIVE_CONTINUATION,BUY_EFFECTIVE,30,60,STALE,25,52.0,-0.28004696920000005,0.44793871
NEW_05M,ANALYSIS,EFFECTIVE_CONTINUATION,BUY_EFFECTIVE,30,60,UNWINDING,416,51.92307692307692,0.13871082045673053,0.209255545
NEW_05M,ANALYSIS,EFFECTIVE_CONTINUATION,BUY_EFFECTIVE,30,180,BUILDING,478,51.04602510460251,0.10666534679916333,0.078020175
NEW_05M,ANALYSIS,EFFECTIVE_CONTINUATION,BUY_EFFECTIVE,30,180,STALE,25,64.0,0.1666911532000001,4.13294247
NEW_05M,ANALYSIS,EFFECTIVE_CONTINUATION,BUY_EFFECTIVE,30,180,UNWINDING,407,50.614250614250615,-0.13825628343980348,0.0155897
NEW_05M,ANALYSIS,EFFECTIVE_CONTINUATION,BUY_EFFECTIVE,30,300,BUILDING,467,47.53747323340471,-0.4036713637044964,-0.37471136
NEW_05M,ANALYSIS,EFFECTIVE_CONTINUATION,BUY_EFFECTIVE,30,300,STALE,24,70.83333333333333,3.5558473862499995,7.273326225
NEW_05M,ANALYSIS,EFFECTIVE_CONTINUATION,BUY_EFFECTIVE,30,300,UNWINDING,398,52.01005025125628,-0.12103613550251256,0.26459365
NEW_05M,ANALYSIS,EFFECTIVE_CONTINUATION,BUY_EFFECTIVE,30,600,BUILDING,445,50.337078651685395,-1.1981538032808985,0.15358223
NEW_05M,ANALYSIS,EFFECTIVE_CONTINUATION,BUY_EFFECTIVE,30,600,STALE,24,70.83333333333333,8.203951678333333,9.685304585
NEW_05M,ANALYSIS,EFFECTIVE_CONTINUATION,BUY_EFFECTIVE,30,600,UNWINDING,385,52.467532467532465,0.13124416662337707,0.42104278
NEW_05M,ANALYSIS,EFFECTIVE_CONTINUATION,BUY_EFFECTIVE,60,60,BUILDING,379,56.46437994722955,0.5487845598944591,0.37409224
NEW_05M,ANALYSIS,EFFECTIVE_CONTINUATION,BUY_EFFECTIVE,60,60,STALE,23,60.869565217391305,1.9781616886956521,1.22423558
NEW_05M,ANALYSIS,EFFECTIVE_CONTINUATION,BUY_EFFECTIVE,60,60,UNWINDING,354,51.9774011299435,0.13588334237288122,0.12387273500000001
NEW_05M,ANALYSIS,EFFECTIVE_CONTINUATION,BUY_EFFECTIVE,60,180,BUILDING,368,49.18478260869565,0.4407783305163042,-0.015621429999999999
NEW_05M,ANALYSIS,EFFECTIVE_CONTINUATION,BUY_EFFECTIVE,60,180,STALE,23,56.52173913043478,1.8537726408695656,3.05504167
NEW_05M,ANALYSIS,EFFECTIVE_CONTINUATION,BUY_EFFECTIVE,60,180,UNWINDING,348,51.724137931034484,0.33120525824712643,0.163202195
NEW_05M,ANALYSIS,EFFECTIVE_CONTINUATION,BUY_EFFECTIVE,60,300,BUILDING,360,50.55555555555556,0.1884137303333334,0.17945250000000001
NEW_05M,ANALYSIS,EFFECTIVE_CONTINUATION,BUY_EFFECTIVE,60,300,STALE,21,66.66666666666667,2.703910618095238,2.63355494
NEW_05M,ANALYSIS,EFFECTIVE_CONTINUATION,BUY_EFFECTIVE,60,300,UNWINDING,343,48.97959183673469,0.3625578892419834,-0.06144931
NEW_05M,ANALYSIS,EFFECTIVE_CONTINUATION,BUY_EFFECTIVE,60,600,BUILDING,349,49.8567335243553,0.2044782665329518,-0.01567401
NEW_05M,ANALYSIS,EFFECTIVE_CONTINUATION,BUY_EFFECTIVE,60,600,STALE,21,85.71428571428571,9.413258016190477,7.66552598
NEW_05M,ANALYSIS,EFFECTIVE_CONTINUATION,BUY_EFFECTIVE,60,600,UNWINDING,329,47.41641337386018,-0.05297196428571459,-0.35487529
NEW_05M,ANALYSIS,EFFECTIVE_CONTINUATION,BUY_EFFECTIVE,180,60,BUILDING,188,55.319148936170215,0.36777988031914893,0.46588973
NEW_05M,ANALYSIS,EFFECTIVE_CONTINUATION,BUY_EFFECTIVE,180,60,STALE,16,37.5,-0.66420608625,-0.62122156
NEW_05M,ANALYSIS,EFFECTIVE_CONTINUATION,BUY_EFFECTIVE,180,60,UNWINDING,186,53.225806451612904,0.1471254788172042,0.06992282
NEW_05M,ANALYSIS,EFFECTIVE_CONTINUATION,BUY_EFFECTIVE,180,180,BUILDING,187,52.406417112299465,-0.09944732999999988,0.37020012
NEW_05M,ANALYSIS,EFFECTIVE_CONTINUATION,BUY_EFFECTIVE,180,180,STALE,16,75.0,2.2287615943750003,3.41231794
NEW_05M,ANALYSIS,EFFECTIVE_CONTINUATION,BUY_EFFECTIVE,180,180,UNWINDING,181,50.828729281767956,0.2030230014364643,0.18496853
NEW_05M,ANALYSIS,EFFECTIVE_CONTINUATION,BUY_EFFECTIVE,180,300,BUILDING,182,47.8021978021978,-0.44783454532967004,-0.11719006000000001
NEW_05M,ANALYSIS,EFFECTIVE_CONTINUATION,BUY_EFFECTIVE,180,300,STALE,15,60.0,2.0746493253333327,1.61530758
NEW_05M,ANALYSIS,EFFECTIVE_CONTINUATION,BUY_EFFECTIVE,180,300,UNWINDING,179,48.04469273743017,-0.33493081664804475,-0.51575877
NEW_05M,ANALYSIS,EFFECTIVE_CONTINUATION,BUY_EFFECTIVE,180,600,BUILDING,177,53.67231638418079,-1.0773760635028249,0.82758707
NEW_05M,ANALYSIS,EFFECTIVE_CONTINUATION,BUY_EFFECTIVE,180,600,STALE,15,100.0,15.218478384,12.04557936
NEW_05M,ANALYSIS,EFFECTIVE_CONTINUATION,BUY_EFFECTIVE,180,600,UNWINDING,174,45.97701149425287,-0.987629486954023,-0.5591912800000001
NEW_05M,ANALYSIS,EFFECTIVE_CONTINUATION,BUY_EFFECTIVE,300,60,BUILDING,145,47.58620689655172,0.06252637393103432,0.0
NEW_05M,ANALYSIS,EFFECTIVE_CONTINUATION,BUY_EFFECTIVE,300,60,STALE,5,20.0,-1.8593813559999997,-0.87501914
NEW_05M,ANALYSIS,EFFECTIVE_CONTINUATION,BUY_EFFECTIVE,300,60,UNWINDING,135,45.18518518518518,0.08822652133333331,-0.01560023
NEW_05M,ANALYSIS,EFFECTIVE_CONTINUATION,BUY_EFFECTIVE,300,180,BUILDING,144,49.30555555555556,-0.429509142638889,-0.05380982
NEW_05M,ANALYSIS,EFFECTIVE_CONTINUATION,BUY_EFFECTIVE,300,180,STALE,5,40.0,-0.7757695340000004,-0.32813218
NEW_05M,ANALYSIS,EFFECTIVE_CONTINUATION,BUY_EFFECTIVE,300,180,UNWINDING,134,53.73134328358209,0.8675486956716424,0.28437750500000003
NEW_05M,ANALYSIS,EFFECTIVE_CONTINUATION,BUY_EFFECTIVE,300,300,BUILDING,143,40.55944055944056,-1.0278355434965045,-1.07870649
NEW_05M,ANALYSIS,EFFECTIVE_CONTINUATION,BUY_EFFECTIVE,300,300,STALE,5,60.0,3.5412979219999996,2.53130537
NEW_05M,ANALYSIS,EFFECTIVE_CONTINUATION,BUY_EFFECTIVE,300,300,UNWINDING,129,57.36434108527132,0.397507010620155,0.49947867
NEW_05M,ANALYSIS,EFFECTIVE_CONTINUATION,BUY_EFFECTIVE,300,600,BUILDING,140,46.42857142857143,-1.6708955717857144,-1.302364325
NEW_05M,ANALYSIS,EFFECTIVE_CONTINUATION,BUY_EFFECTIVE,300,600,STALE,5,60.0,9.909945019999999,2.68755879
NEW_05M,ANALYSIS,EFFECTIVE_CONTINUATION,BUY_EFFECTIVE,300,600,UNWINDING,127,51.968503937007874,0.1440858131496063,0.06243454
NEW_05M,ANALYSIS,EFFECTIVE_CONTINUATION,BUY_EFFECTIVE,900,60,BUILDING,36,38.888888888888886,-0.4608953625000001,-0.06179345
NEW_05M,ANALYSIS,EFFECTIVE_CONTINUATION,BUY_EFFECTIVE,900,60,STALE,2,0.0,-4.21171718,-4.21171718
NEW_05M,ANALYSIS,EFFECTIVE_CONTINUATION,BUY_EFFECTIVE,900,60,UNWINDING,50,36.0,-0.3658539972,-0.015607935
NEW_05M,ANALYSIS,EFFECTIVE_CONTINUATION,BUY_EFFECTIVE,900,180,BUILDING,34,55.88235294117647,0.7878978273529412,0.10910781500000001
NEW_05M,ANALYSIS,EFFECTIVE_CONTINUATION,BUY_EFFECTIVE,900,180,STALE,2,0.0,-5.479843705,-5.479843705
NEW_05M,ANALYSIS,EFFECTIVE_CONTINUATION,BUY_EFFECTIVE,900,180,UNWINDING,49,38.775510204081634,-0.15750704020408177,-0.50002656
NEW_05M,ANALYSIS,EFFECTIVE_CONTINUATION,BUY_EFFECTIVE,900,300,BUILDING,34,58.8235294117647,1.7640312332352943,1.14741478
NEW_05M,ANALYSIS,EFFECTIVE_CONTINUATION,BUY_EFFECTIVE,900,300,STALE,2,100.0,0.53799307,0.53799307
NEW_05M,ANALYSIS,EFFECTIVE_CONTINUATION,BUY_EFFECTIVE,900,300,UNWINDING,49,63.265306122448976,0.6781101155102037,0.71696878
NEW_05M,ANALYSIS,EFFECTIVE_CONTINUATION,BUY_EFFECTIVE,900,600,BUILDING,30,63.333333333333336,3.9818617809999997,2.99874199
NEW_05M,ANALYSIS,EFFECTIVE_CONTINUATION,BUY_EFFECTIVE,900,600,STALE,2,0.0,-10.644577185,-10.644577185
NEW_05M,ANALYSIS,EFFECTIVE_CONTINUATION,BUY_EFFECTIVE,900,600,UNWINDING,49,44.89795918367347,-1.0378555093877548,-2.42308642
NEW_05M,ANALYSIS,EFFECTIVE_CONTINUATION,BUY_EFFECTIVE,1800,60,BUILDING,12,33.333333333333336,0.21169795749999998,-0.46155844
NEW_05M,ANALYSIS,EFFECTIVE_CONTINUATION,BUY_EFFECTIVE,1800,60,UNWINDING,21,42.857142857142854,0.0833788223809524,0.0
NEW_05M,ANALYSIS,EFFECTIVE_CONTINUATION,BUY_EFFECTIVE,1800,180,BUILDING,11,27.272727272727273,-0.43685262636363636,-0.98567794
NEW_05M,ANALYSIS,EFFECTIVE_CONTINUATION,BUY_EFFECTIVE,1800,180,UNWINDING,21,42.857142857142854,-0.5774006680952382,-0.31203049
NEW_05M,ANALYSIS,EFFECTIVE_CONTINUATION,BUY_EFFECTIVE,1800,300,BUILDING,11,36.36363636363637,-1.3536826572727272,-1.67412722
NEW_05M,ANALYSIS,EFFECTIVE_CONTINUATION,BUY_EFFECTIVE,1800,300,UNWINDING,21,52.38095238095238,-0.4849141757142859,0.79274036
NEW_05M,ANALYSIS,EFFECTIVE_CONTINUATION,BUY_EFFECTIVE,1800,600,BUILDING,11,54.54545454545455,0.4379249972727271,0.51480212
NEW_05M,ANALYSIS,EFFECTIVE_CONTINUATION,BUY_EFFECTIVE,1800,600,UNWINDING,19,52.63157894736842,-0.40184739263157926,0.63730108
NEW_05M,ANALYSIS,TRAPPED_REVERSAL,BUY_TRAPPED,30,60,BUILDING,107,43.925233644859816,-1.3583247642990657,-0.87281251
NEW_05M,ANALYSIS,TRAPPED_REVERSAL,BUY_TRAPPED,30,60,STALE,16,50.0,-0.4546030162500001,-0.5684733700000001
NEW_05M,ANALYSIS,TRAPPED_REVERSAL,BUY_TRAPPED,30,60,UNWINDING,64,51.5625,0.49820368078125,0.13140307499999998
NEW_05M,ANALYSIS,TRAPPED_REVERSAL,BUY_TRAPPED,30,180,BUILDING,103,39.80582524271845,-1.901258763203884,-1.05992412
NEW_05M,ANALYSIS,TRAPPED_REVERSAL,BUY_TRAPPED,30,180,STALE,15,13.333333333333334,-2.966471744,-3.76458585
NEW_05M,ANALYSIS,TRAPPED_REVERSAL,BUY_TRAPPED,30,180,UNWINDING,63,41.26984126984127,-0.8092787804761906,-1.43452106
NEW_05M,ANALYSIS,TRAPPED_REVERSAL,BUY_TRAPPED,30,300,BUILDING,100,44.0,-2.0586418144000005,-1.29520356
NEW_05M,ANALYSIS,TRAPPED_REVERSAL,BUY_TRAPPED,30,300,STALE,14,21.428571428571427,-5.825010172142856,-5.50815317
NEW_05M,ANALYSIS,TRAPPED_REVERSAL,BUY_TRAPPED,30,300,UNWINDING,62,38.70967741935484,-0.8017547537096776,-1.65623135
NEW_05M,ANALYSIS,TRAPPED_REVERSAL,BUY_TRAPPED,30,600,BUILDING,90,46.666666666666664,1.480089672444446,-1.475756935
NEW_05M,ANALYSIS,TRAPPED_REVERSAL,BUY_TRAPPED,30,600,STALE,14,35.714285714285715,-7.512280832142858,-6.046013085
NEW_05M,ANALYSIS,TRAPPED_REVERSAL,BUY_TRAPPED,30,600,UNWINDING,56,62.5,4.993756040000001,0.75064939
NEW_05M,ANALYSIS,TRAPPED_REVERSAL,BUY_TRAPPED,60,60,BUILDING,64,53.125,1.0562410187499998,0.48455316000000004
NEW_05M,ANALYSIS,TRAPPED_REVERSAL,BUY_TRAPPED,60,60,STALE,5,20.0,-1.75518766,-3.24460122
NEW_05M,ANALYSIS,TRAPPED_REVERSAL,BUY_TRAPPED,60,60,UNWINDING,55,52.72727272727273,0.7536994840000001,0.17179957
NEW_05M,ANALYSIS,TRAPPED_REVERSAL,BUY_TRAPPED,60,180,BUILDING,63,58.73015873015873,1.9563824696825385,2.42473351
NEW_05M,ANALYSIS,TRAPPED_REVERSAL,BUY_TRAPPED,60,180,STALE,5,0.0,-4.797712204000001,-1.31271947
NEW_05M,ANALYSIS,TRAPPED_REVERSAL,BUY_TRAPPED,60,180,UNWINDING,53,47.16981132075472,1.0476989135849057,-0.5938697
NEW_05M,ANALYSIS,TRAPPED_REVERSAL,BUY_TRAPPED,60,300,BUILDING,61,57.377049180327866,2.829039390491802,1.66595966
NEW_05M,ANALYSIS,TRAPPED_REVERSAL,BUY_TRAPPED,60,300,STALE,5,60.0,-3.383602744,3.40835342
NEW_05M,ANALYSIS,TRAPPED_REVERSAL,BUY_TRAPPED,60,300,UNWINDING,49,46.93877551020408,0.9289627444897954,-0.97919597
NEW_05M,ANALYSIS,TRAPPED_REVERSAL,BUY_TRAPPED,60,600,BUILDING,55,45.45454545454545,3.579710801272727,-1.63555988
NEW_05M,ANALYSIS,TRAPPED_REVERSAL,BUY_TRAPPED,60,600,STALE,5,60.0,-7.937274029999999,5.15143828
NEW_05M,ANALYSIS,TRAPPED_REVERSAL,BUY_TRAPPED,60,600,UNWINDING,46,65.21739130434783,6.5419817791304355,1.789739545
NEW_05M,ANALYSIS,TRAPPED_REVERSAL,BUY_TRAPPED,180,60,BUILDING,29,51.724137931034484,0.8875204944827587,0.07840665
NEW_05M,ANALYSIS,TRAPPED_REVERSAL,BUY_TRAPPED,180,60,STALE,3,66.66666666666667,0.41229669000000024,2.3656888
NEW_05M,ANALYSIS,TRAPPED_REVERSAL,BUY_TRAPPED,180,60,UNWINDING,31,35.483870967741936,-0.3996102245161291,-0.84465296
NEW_05M,ANALYSIS,TRAPPED_REVERSAL,BUY_TRAPPED,180,180,BUILDING,25,60.0,3.3098494524,1.31163933
NEW_05M,ANALYSIS,TRAPPED_REVERSAL,BUY_TRAPPED,180,180,STALE,3,33.333333333333336,-0.81649194,-0.03112748
NEW_05M,ANALYSIS,TRAPPED_REVERSAL,BUY_TRAPPED,180,180,UNWINDING,31,41.935483870967744,-1.1797066212903227,-1.52067192
NEW_05M,ANALYSIS,TRAPPED_REVERSAL,BUY_TRAPPED,180,300,BUILDING,23,65.21739130434783,3.2031124439130427,1.52050376
NEW_05M,ANALYSIS,TRAPPED_REVERSAL,BUY_TRAPPED,180,300,STALE,3,100.0,3.4640761233333333,2.78582312
NEW_05M,ANALYSIS,TRAPPED_REVERSAL,BUY_TRAPPED,180,300,UNWINDING,31,35.483870967741936,-0.3567601183870968,-0.73725697
NEW_05M,ANALYSIS,TRAPPED_REVERSAL,BUY_TRAPPED,180,600,BUILDING,21,42.857142857142854,3.2043480566666664,-0.15358624
NEW_05M,ANALYSIS,TRAPPED_REVERSAL,BUY_TRAPPED,180,600,STALE,3,100.0,10.438151233333334,5.16700154
NEW_05M,ANALYSIS,TRAPPED_REVERSAL,BUY_TRAPPED,180,600,UNWINDING,30,50.0,0.441398074666667,-0.18743383999999996
NEW_05M,ANALYSIS,TRAPPED_REVERSAL,BUY_TRAPPED,300,60,BUILDING,31,64.51612903225806,1.9211797606451608,1.3517146
NEW_05M,ANALYSIS,TRAPPED_REVERSAL,BUY_TRAPPED,300,60,STALE,1,100.0,1.86774207,1.86774207
NEW_05M,ANALYSIS,TRAPPED_REVERSAL,BUY_TRAPPED,300,60,UNWINDING,21,42.857142857142854,-0.23613918809523812,-0.35319573
NEW_05M,ANALYSIS,TRAPPED_REVERSAL,BUY_TRAPPED,300,180,BUILDING,28,75.0,5.1780376935714285,2.310510275
NEW_05M,ANALYSIS,TRAPPED_REVERSAL,BUY_TRAPPED,300,180,STALE,1,100.0,0.14008066,0.14008066
NEW_05M,ANALYSIS,TRAPPED_REVERSAL,BUY_TRAPPED,300,180,UNWINDING,21,28.571428571428573,-1.8658065133333335,-2.1196138
NEW_05M,ANALYSIS,TRAPPED_REVERSAL,BUY_TRAPPED,300,300,BUILDING,25,84.0,8.900180256799999,3.73611066
NEW_05M,ANALYSIS,TRAPPED_REVERSAL,BUY_TRAPPED,300,300,STALE,1,100.0,1.99225821,1.99225821
NEW_05M,ANALYSIS,TRAPPED_REVERSAL,BUY_TRAPPED,300,300,UNWINDING,21,23.80952380952381,-1.970228157142857,-2.16052885
NEW_05M,ANALYSIS,TRAPPED_REVERSAL,BUY_TRAPPED,300,600,BUILDING,22,59.09090909090909,7.6722847945454555,1.23214143
NEW_05M,ANALYSIS,TRAPPED_REVERSAL,BUY_TRAPPED,300,600,STALE,1,100.0,4.35806483,4.35806483
NEW_05M,ANALYSIS,TRAPPED_REVERSAL,BUY_TRAPPED,300,600,UNWINDING,21,19.047619047619047,-2.473761113333334,-3.54493595
NEW_05M,ANALYSIS,TRAPPED_REVERSAL,BUY_TRAPPED,900,60,BUILDING,2,0.0,-1.4980328699999998,-1.4980328699999998
NEW_05M,ANALYSIS,TRAPPED_REVERSAL,BUY_TRAPPED,900,60,UNWINDING,1,0.0,-3.82500152,-3.82500152
NEW_05M,ANALYSIS,TRAPPED_REVERSAL,BUY_TRAPPED,900,180,BUILDING,2,0.0,-9.58230608,-9.58230608
NEW_05M,ANALYSIS,TRAPPED_REVERSAL,BUY_TRAPPED,900,180,UNWINDING,1,0.0,-4.08933089,-4.08933089
NEW_05M,ANALYSIS,TRAPPED_REVERSAL,BUY_TRAPPED,900,300,BUILDING,2,0.0,-16.563051955,-16.563051955
NEW_05M,ANALYSIS,TRAPPED_REVERSAL,BUY_TRAPPED,900,300,UNWINDING,1,0.0,-3.07865976,-3.07865976
NEW_05M,ANALYSIS,TRAPPED_REVERSAL,BUY_TRAPPED,900,600,BUILDING,2,0.0,-32.59291762,-32.59291762
NEW_05M,ANALYSIS,TRAPPED_REVERSAL,BUY_TRAPPED,900,600,UNWINDING,1,0.0,-4.36920905,-4.36920905
NEW_05M,ANALYSIS,EFFECTIVE_CONTINUATION,SELL_EFFECTIVE,30,60,BUILDING,421,54.86935866983373,0.2887968825890735,0.26433513
NEW_05M,ANALYSIS,EFFECTIVE_CONTINUATION,SELL_EFFECTIVE,30,60,STALE,27,40.74074074074074,2.0869630151851846,-1.04510648
NEW_05M,ANALYSIS,EFFECTIVE_CONTINUATION,SELL_EFFECTIVE,30,60,UNWINDING,358,55.58659217877095,0.3833159960055865,0.278306335
NEW_05M,ANALYSIS,EFFECTIVE_CONTINUATION,SELL_EFFECTIVE,30,180,BUILDING,408,53.6764705882353,0.7745659076470589,0.379752895
NEW_05M,ANALYSIS,EFFECTIVE_CONTINUATION,SELL_EFFECTIVE,30,180,STALE,24,54.166666666666664,4.72112333875,1.1410699
NEW_05M,ANALYSIS,EFFECTIVE_CONTINUATION,SELL_EFFECTIVE,30,180,UNWINDING,344,58.43023255813954,1.3143894361046518,0.7267934
NEW_05M,ANALYSIS,EFFECTIVE_CONTINUATION,SELL_EFFECTIVE,30,300,BUILDING,403,50.12406947890819,0.5945787412158806,0.01558788
NEW_05M,ANALYSIS,EFFECTIVE_CONTINUATION,SELL_EFFECTIVE,30,300,STALE,24,45.833333333333336,1.7381290687499995,-2.03040063
NEW_05M,ANALYSIS,EFFECTIVE_CONTINUATION,SELL_EFFECTIVE,30,300,UNWINDING,322,62.11180124223603,2.3545929115838513,1.6911919800000002
NEW_05M,ANALYSIS,EFFECTIVE_CONTINUATION,SELL_EFFECTIVE,30,600,BUILDING,380,52.36842105263158,1.0778652471578956,0.663129045
NEW_05M,ANALYSIS,EFFECTIVE_CONTINUATION,SELL_EFFECTIVE,30,600,STALE,23,26.08695652173913,-7.388706243478261,-8.70567788
NEW_05M,ANALYSIS,EFFECTIVE_CONTINUATION,SELL_EFFECTIVE,30,600,UNWINDING,311,54.662379421221864,1.7024513531189711,0.54686646
NEW_05M,ANALYSIS,EFFECTIVE_CONTINUATION,SELL_EFFECTIVE,60,60,BUILDING,326,53.06748466257669,0.21811351757668698,0.11598236
NEW_05M,ANALYSIS,EFFECTIVE_CONTINUATION,SELL_EFFECTIVE,60,60,STALE,14,28.571428571428573,-0.18350320714285692,-1.046059275
NEW_05M,ANALYSIS,EFFECTIVE_CONTINUATION,SELL_EFFECTIVE,60,60,UNWINDING,284,51.76056338028169,0.020091774190140844,0.02343377
NEW_05M,ANALYSIS,EFFECTIVE_CONTINUATION,SELL_EFFECTIVE,60,180,BUILDING,317,50.473186119873816,0.14695769170347003,0.03119531
NEW_05M,ANALYSIS,EFFECTIVE_CONTINUATION,SELL_EFFECTIVE,60,180,STALE,14,42.857142857142854,-0.03179817428571458,-0.75237835
NEW_05M,ANALYSIS,EFFECTIVE_CONTINUATION,SELL_EFFECTIVE,60,180,UNWINDING,270,52.96296296296296,0.08035070051851845,0.28595784
NEW_05M,ANALYSIS,EFFECTIVE_CONTINUATION,SELL_EFFECTIVE,60,300,BUILDING,312,50.64102564102564,0.3449267026602564,0.13986839
NEW_05M,ANALYSIS,EFFECTIVE_CONTINUATION,SELL_EFFECTIVE,60,300,STALE,14,42.857142857142854,3.1269764585714293,-2.17652795
NEW_05M,ANALYSIS,EFFECTIVE_CONTINUATION,SELL_EFFECTIVE,60,300,UNWINDING,262,52.67175572519084,0.848459343931298,0.31719664999999997
NEW_05M,ANALYSIS,EFFECTIVE_CONTINUATION,SELL_EFFECTIVE,60,600,BUILDING,301,50.16611295681063,0.6534930575415282,0.04679297
NEW_05M,ANALYSIS,EFFECTIVE_CONTINUATION,SELL_EFFECTIVE,60,600,STALE,14,28.571428571428573,-3.6545719500000007,-11.3657099
NEW_05M,ANALYSIS,EFFECTIVE_CONTINUATION,SELL_EFFECTIVE,60,600,UNWINDING,253,48.22134387351779,-0.2130891069565216,-0.32281619
NEW_05M,ANALYSIS,EFFECTIVE_CONTINUATION,SELL_EFFECTIVE,180,60,BUILDING,167,49.70059880239521,0.1328125065868264,-0.0
NEW_05M,ANALYSIS,EFFECTIVE_CONTINUATION,SELL_EFFECTIVE,180,60,STALE,3,33.333333333333336,-0.9034353833333332,-1.63795053
NEW_05M,ANALYSIS,EFFECTIVE_CONTINUATION,SELL_EFFECTIVE,180,60,UNWINDING,187,49.73262032085562,-0.07032172096256681,-0.0
NEW_05M,ANALYSIS,EFFECTIVE_CONTINUATION,SELL_EFFECTIVE,180,180,BUILDING,164,46.951219512195124,-0.028257663475609714,-0.054637585
NEW_05M,ANALYSIS,EFFECTIVE_CONTINUATION,SELL_EFFECTIVE,180,180,STALE,3,33.333333333333336,-1.8940543299999997,-0.14039576
NEW_05M,ANALYSIS,EFFECTIVE_CONTINUATION,SELL_EFFECTIVE,180,180,UNWINDING,178,48.87640449438202,-0.5434084469662921,-0.0
NEW_05M,ANALYSIS,EFFECTIVE_CONTINUATION,SELL_EFFECTIVE,180,300,BUILDING,163,47.239263803680984,0.033904777239263786,-0.18709249
NEW_05M,ANALYSIS,EFFECTIVE_CONTINUATION,SELL_EFFECTIVE,180,300,STALE,3,33.333333333333336,-3.6941213366666665,-3.71268788
NEW_05M,ANALYSIS,EFFECTIVE_CONTINUATION,SELL_EFFECTIVE,180,300,UNWINDING,168,48.80952380952381,-0.05578580773809515,-0.015535075
NEW_05M,ANALYSIS,EFFECTIVE_CONTINUATION,SELL_EFFECTIVE,180,600,BUILDING,147,40.136054421768705,-1.3676378506802724,-1.76232065
NEW_05M,ANALYSIS,EFFECTIVE_CONTINUATION,SELL_EFFECTIVE,180,600,STALE,3,0.0,-4.476359583333333,-1.86452283
NEW_05M,ANALYSIS,EFFECTIVE_CONTINUATION,SELL_EFFECTIVE,180,600,UNWINDING,159,52.20125786163522,0.10044913150943402,0.07797113
NEW_05M,ANALYSIS,EFFECTIVE_CONTINUATION,SELL_EFFECTIVE,300,60,BUILDING,133,49.62406015037594,-0.21916402834586465,-0.0
NEW_05M,ANALYSIS,EFFECTIVE_CONTINUATION,SELL_EFFECTIVE,300,60,STALE,1,0.0,-3.72112803,-3.72112803
NEW_05M,ANALYSIS,EFFECTIVE_CONTINUATION,SELL_EFFECTIVE,300,60,UNWINDING,135,54.074074074074076,0.3155109605185185,0.07798195
NEW_05M,ANALYSIS,EFFECTIVE_CONTINUATION,SELL_EFFECTIVE,300,180,BUILDING,129,46.51162790697674,-0.18820655674418618,-0.32808399
NEW_05M,ANALYSIS,EFFECTIVE_CONTINUATION,SELL_EFFECTIVE,300,180,STALE,1,0.0,-2.70485357,-2.70485357
NEW_05M,ANALYSIS,EFFECTIVE_CONTINUATION,SELL_EFFECTIVE,300,180,UNWINDING,131,40.458015267175576,-0.41876430564885503,-0.60970653
NEW_05M,ANALYSIS,EFFECTIVE_CONTINUATION,SELL_EFFECTIVE,300,300,BUILDING,128,48.4375,-0.032002233359375104,-0.023429764999999998
NEW_05M,ANALYSIS,EFFECTIVE_CONTINUATION,SELL_EFFECTIVE,300,300,STALE,1,0.0,-6.17582174,-6.17582174
NEW_05M,ANALYSIS,EFFECTIVE_CONTINUATION,SELL_EFFECTIVE,300,300,UNWINDING,129,52.713178294573645,-0.23604998651162787,0.09357601
NEW_05M,ANALYSIS,EFFECTIVE_CONTINUATION,SELL_EFFECTIVE,300,600,BUILDING,112,39.285714285714285,-1.4033703308035708,-1.88260966
NEW_05M,ANALYSIS,EFFECTIVE_CONTINUATION,SELL_EFFECTIVE,300,600,STALE,1,0.0,-8.7086904,-8.7086904
NEW_05M,ANALYSIS,EFFECTIVE_CONTINUATION,SELL_EFFECTIVE,300,600,UNWINDING,127,47.24409448818898,-1.1226108008661417,-0.43696404
NEW_05M,ANALYSIS,EFFECTIVE_CONTINUATION,SELL_EFFECTIVE,900,60,BUILDING,57,56.14035087719298,0.254448247894737,0.0779884
NEW_05M,ANALYSIS,EFFECTIVE_CONTINUATION,SELL_EFFECTIVE,900,60,STALE,2,0.0,-1.70820369,-1.70820369
NEW_05M,ANALYSIS,EFFECTIVE_CONTINUATION,SELL_EFFECTIVE,900,60,UNWINDING,50,44.0,-0.17073199640000003,-0.0
NEW_05M,ANALYSIS,EFFECTIVE_CONTINUATION,SELL_EFFECTIVE,900,180,BUILDING,56,33.92857142857143,-0.7192131041071427,-1.598883895
NEW_05M,ANALYSIS,EFFECTIVE_CONTINUATION,SELL_EFFECTIVE,900,180,STALE,2,50.0,-0.6240714949999999,-0.6240714949999999
NEW_05M,ANALYSIS,EFFECTIVE_CONTINUATION,SELL_EFFECTIVE,900,180,UNWINDING,47,59.57446808510638,0.7739926023404254,0.45232989
NEW_05M,ANALYSIS,EFFECTIVE_CONTINUATION,SELL_EFFECTIVE,900,300,BUILDING,56,35.714285714285715,0.43708136053571467,-1.4543946650000001
NEW_05M,ANALYSIS,EFFECTIVE_CONTINUATION,SELL_EFFECTIVE,900,300,STALE,2,0.0,-2.58952483,-2.58952483
NEW_05M,ANALYSIS,EFFECTIVE_CONTINUATION,SELL_EFFECTIVE,900,300,UNWINDING,46,41.30434782608695,0.7813729163043478,-0.65806074
NEW_05M,ANALYSIS,EFFECTIVE_CONTINUATION,SELL_EFFECTIVE,900,600,BUILDING,54,50.0,1.0794205314814815,0.031175074999999997
NEW_05M,ANALYSIS,EFFECTIVE_CONTINUATION,SELL_EFFECTIVE,900,600,STALE,2,0.0,-1.716091765,-1.716091765
NEW_05M,ANALYSIS,EFFECTIVE_CONTINUATION,SELL_EFFECTIVE,900,600,UNWINDING,46,60.869565217391305,2.646697463913043,0.288637905
NEW_05M,ANALYSIS,EFFECTIVE_CONTINUATION,SELL_EFFECTIVE,1800,60,BUILDING,15,53.333333333333336,-0.10422954133333334,0.07817679
NEW_05M,ANALYSIS,EFFECTIVE_CONTINUATION,SELL_EFFECTIVE,1800,60,STALE,1,0.0,-1.32588136,-1.32588136
NEW_05M,ANALYSIS,EFFECTIVE_CONTINUATION,SELL_EFFECTIVE,1800,60,UNWINDING,18,44.44444444444444,-0.28690998500000003,-0.335256475
NEW_05M,ANALYSIS,EFFECTIVE_CONTINUATION,SELL_EFFECTIVE,1800,180,BUILDING,15,40.0,0.5642554826666668,-0.42227946
NEW_05M,ANALYSIS,EFFECTIVE_CONTINUATION,SELL_EFFECTIVE,1800,180,STALE,1,100.0,0.45235952,0.45235952
NEW_05M,ANALYSIS,EFFECTIVE_CONTINUATION,SELL_EFFECTIVE,1800,180,UNWINDING,18,55.55555555555556,-0.7038330333333334,1.0841183399999998
NEW_05M,ANALYSIS,EFFECTIVE_CONTINUATION,SELL_EFFECTIVE,1800,300,BUILDING,15,46.666666666666664,0.8729660820000001,-0.25014813
NEW_05M,ANALYSIS,EFFECTIVE_CONTINUATION,SELL_EFFECTIVE,1800,300,STALE,1,0.0,-3.08852364,-3.08852364
NEW_05M,ANALYSIS,EFFECTIVE_CONTINUATION,SELL_EFFECTIVE,1800,300,UNWINDING,18,50.0,-0.756773363888889,-0.046783039999999984
NEW_05M,ANALYSIS,EFFECTIVE_CONTINUATION,SELL_EFFECTIVE,1800,600,BUILDING,15,40.0,0.3264434726666668,-2.45524265
NEW_05M,ANALYSIS,EFFECTIVE_CONTINUATION,SELL_EFFECTIVE,1800,600,STALE,1,0.0,-0.15598604,-0.15598604
NEW_05M,ANALYSIS,EFFECTIVE_CONTINUATION,SELL_EFFECTIVE,1800,600,UNWINDING,18,50.0,0.5915160761111111,0.15594016000000002
NEW_05M,ANALYSIS,TRAPPED_REVERSAL,SELL_TRAPPED,30,60,BUILDING,52,61.53846153846154,0.31111049384615375,0.857506655
NEW_05M,ANALYSIS,TRAPPED_REVERSAL,SELL_TRAPPED,30,60,STALE,3,100.0,3.0155763033333334,3.18493878
NEW_05M,ANALYSIS,TRAPPED_REVERSAL,SELL_TRAPPED,30,60,UNWINDING,62,50.0,0.5447523958064519,0.007809525
NEW_05M,ANALYSIS,TRAPPED_REVERSAL,SELL_TRAPPED,30,180,BUILDING,49,51.02040816326531,1.3039067342857142,0.06235493
NEW_05M,ANALYSIS,TRAPPED_REVERSAL,SELL_TRAPPED,30,180,STALE,3,100.0,8.775768706666666,6.5305016
NEW_05M,ANALYSIS,TRAPPED_REVERSAL,SELL_TRAPPED,30,180,UNWINDING,58,43.10344827586207,0.662280245689655,-1.443696235
NEW_05M,ANALYSIS,TRAPPED_REVERSAL,SELL_TRAPPED,30,300,BUILDING,47,55.319148936170215,2.2980171693617018,0.79502532
NEW_05M,ANALYSIS,TRAPPED_REVERSAL,SELL_TRAPPED,30,300,STALE,3,66.66666666666667,3.5037698633333334,3.64652411
NEW_05M,ANALYSIS,TRAPPED_REVERSAL,SELL_TRAPPED,30,300,UNWINDING,53,43.39622641509434,1.704977154528302,-0.64545874
NEW_05M,ANALYSIS,TRAPPED_REVERSAL,SELL_TRAPPED,30,600,BUILDING,44,65.9090909090909,2.573043631136363,1.457461415
NEW_05M,ANALYSIS,TRAPPED_REVERSAL,SELL_TRAPPED,30,600,STALE,3,100.0,13.317015996666667,15.75544594
NEW_05M,ANALYSIS,TRAPPED_REVERSAL,SELL_TRAPPED,30,600,UNWINDING,45,53.333333333333336,3.0940916093333333,0.16896718
NEW_05M,ANALYSIS,TRAPPED_REVERSAL,SELL_TRAPPED,60,60,BUILDING,60,66.66666666666667,0.5603745109999996,0.35140739499999996
NEW_05M,ANALYSIS,TRAPPED_REVERSAL,SELL_TRAPPED,60,60,STALE,5,60.0,1.2412845139999997,2.9879481
NEW_05M,ANALYSIS,TRAPPED_REVERSAL,SELL_TRAPPED,60,60,UNWINDING,58,39.6551724137931,-0.14132683758620682,-0.13248277
NEW_05M,ANALYSIS,TRAPPED_REVERSAL,SELL_TRAPPED,60,180,BUILDING,58,43.10344827586207,0.5214294134482756,-0.69711254
NEW_05M,ANALYSIS,TRAPPED_REVERSAL,SELL_TRAPPED,60,180,STALE,5,80.0,5.4056381039999994,7.82411151
NEW_05M,ANALYSIS,TRAPPED_REVERSAL,SELL_TRAPPED,60,180,UNWINDING,51,39.21568627450981,0.025413105882353137,-1.16987524
NEW_05M,ANALYSIS,TRAPPED_REVERSAL,SELL_TRAPPED,60,300,BUILDING,57,49.12280701754386,0.538443864561403,-0.0311726
NEW_05M,ANALYSIS,TRAPPED_REVERSAL,SELL_TRAPPED,60,300,STALE,5,80.0,8.565832864,8.99464788
NEW_05M,ANALYSIS,TRAPPED_REVERSAL,SELL_TRAPPED,60,300,UNWINDING,51,35.294117647058826,0.19279572333333347,-1.29412498
NEW_05M,ANALYSIS,TRAPPED_REVERSAL,SELL_TRAPPED,60,600,BUILDING,52,55.76923076923077,1.4593210219230774,0.990022335
NEW_05M,ANALYSIS,TRAPPED_REVERSAL,SELL_TRAPPED,60,600,STALE,5,80.0,15.822469488,20.96184205
NEW_05M,ANALYSIS,TRAPPED_REVERSAL,SELL_TRAPPED,60,600,UNWINDING,45,55.55555555555556,1.3186291246666666,0.42099486
NEW_05M,ANALYSIS,TRAPPED_REVERSAL,SELL_TRAPPED,180,60,BUILDING,48,47.916666666666664,-0.1948761554166667,0.0
NEW_05M,ANALYSIS,TRAPPED_REVERSAL,SELL_TRAPPED,180,60,STALE,1,0.0,-3.88213889,-3.88213889
NEW_05M,ANALYSIS,TRAPPED_REVERSAL,SELL_TRAPPED,180,60,UNWINDING,42,35.714285714285715,-0.053550281190476244,-0.631441955
NEW_05M,ANALYSIS,TRAPPED_REVERSAL,SELL_TRAPPED,180,180,BUILDING,48,43.75,-0.8562887489583332,-1.3881656599999999
NEW_05M,ANALYSIS,TRAPPED_REVERSAL,SELL_TRAPPED,180,180,STALE,1,0.0,-5.39445805,-5.39445805
NEW_05M,ANALYSIS,TRAPPED_REVERSAL,SELL_TRAPPED,180,180,UNWINDING,42,38.095238095238095,-1.1429636635714284,-2.55240738
NEW_05M,ANALYSIS,TRAPPED_REVERSAL,SELL_TRAPPED,180,300,BUILDING,46,47.82608695652174,-1.233247398043478,-0.740460785
NEW_05M,ANALYSIS,TRAPPED_REVERSAL,SELL_TRAPPED,180,300,STALE,1,0.0,-1.82413755,-1.82413755
NEW_05M,ANALYSIS,TRAPPED_REVERSAL,SELL_TRAPPED,180,300,UNWINDING,42,47.61904761904762,0.1636172521428571,-0.015595475000000001
NEW_05M,ANALYSIS,TRAPPED_REVERSAL,SELL_TRAPPED,180,600,BUILDING,38,39.473684210526315,-0.1859425026315789,-0.608046605
NEW_05M,ANALYSIS,TRAPPED_REVERSAL,SELL_TRAPPED,180,600,STALE,1,0.0,-4.75523036,-4.75523036
NEW_05M,ANALYSIS,TRAPPED_REVERSAL,SELL_TRAPPED,180,600,UNWINDING,42,50.0,1.0436135309523809,0.21118077000000002
NEW_05M,ANALYSIS,TRAPPED_REVERSAL,SELL_TRAPPED,300,60,BUILDING,27,66.66666666666667,0.5867160222222223,0.63924264
NEW_05M,ANALYSIS,TRAPPED_REVERSAL,SELL_TRAPPED,300,60,STALE,1,0.0,-3.88213889,-3.88213889
NEW_05M,ANALYSIS,TRAPPED_REVERSAL,SELL_TRAPPED,300,60,UNWINDING,21,52.38095238095238,0.07386196809523811,0.01561612
NEW_05M,ANALYSIS,TRAPPED_REVERSAL,SELL_TRAPPED,300,180,BUILDING,27,55.55555555555556,1.2867673455555557,0.29636701
NEW_05M,ANALYSIS,TRAPPED_REVERSAL,SELL_TRAPPED,300,180,STALE,1,0.0,-5.39445805,-5.39445805
NEW_05M,ANALYSIS,TRAPPED_REVERSAL,SELL_TRAPPED,300,180,UNWINDING,20,40.0,-0.48785393699999996,-0.062502895
NEW_05M,ANALYSIS,TRAPPED_REVERSAL,SELL_TRAPPED,300,300,BUILDING,25,68.0,2.176068594,3.13525098
NEW_05M,ANALYSIS,TRAPPED_REVERSAL,SELL_TRAPPED,300,300,STALE,1,0.0,-1.82413755,-1.82413755
NEW_05M,ANALYSIS,TRAPPED_REVERSAL,SELL_TRAPPED,300,300,UNWINDING,19,63.1578947368421,0.17438363368421048,0.29225688
NEW_05M,ANALYSIS,TRAPPED_REVERSAL,SELL_TRAPPED,300,600,BUILDING,24,45.833333333333336,0.26944404166666674,-0.41947559500000003
NEW_05M,ANALYSIS,TRAPPED_REVERSAL,SELL_TRAPPED,300,600,STALE,1,0.0,-4.75523036,-4.75523036
NEW_05M,ANALYSIS,TRAPPED_REVERSAL,SELL_TRAPPED,300,600,UNWINDING,19,36.8421052631579,-0.5678592136842107,-1.03066381
NEW_05M,ANALYSIS,TRAPPED_REVERSAL,SELL_TRAPPED,900,60,BUILDING,9,66.66666666666667,0.8301086855555555,0.48326425
NEW_05M,ANALYSIS,TRAPPED_REVERSAL,SELL_TRAPPED,900,60,UNWINDING,17,47.05882352941177,-0.8720991111764705,-0.7016023
NEW_05M,ANALYSIS,TRAPPED_REVERSAL,SELL_TRAPPED,900,180,BUILDING,9,66.66666666666667,0.903562768888889,0.29636701
NEW_05M,ANALYSIS,TRAPPED_REVERSAL,SELL_TRAPPED,900,180,UNWINDING,17,29.41176470588235,-2.725211480588236,-2.33786516
NEW_05M,ANALYSIS,TRAPPED_REVERSAL,SELL_TRAPPED,900,300,BUILDING,9,88.88888888888889,1.4576116833333332,1.71480862
NEW_05M,ANALYSIS,TRAPPED_REVERSAL,SELL_TRAPPED,900,300,UNWINDING,17,35.294117647058826,-1.1328861247058821,-1.3239896
NEW_05M,ANALYSIS,TRAPPED_REVERSAL,SELL_TRAPPED,900,600,BUILDING,9,66.66666666666667,1.016978678888889,0.74828012
NEW_05M,ANALYSIS,TRAPPED_REVERSAL,SELL_TRAPPED,900,600,UNWINDING,17,23.529411764705884,-3.235524798235294,-4.19401612
NEW_05M,ANALYSIS,TRAPPED_REVERSAL,SELL_TRAPPED,1800,60,STALE,1,0.0,-3.88213889,-3.88213889
NEW_05M,ANALYSIS,TRAPPED_REVERSAL,SELL_TRAPPED,1800,60,UNWINDING,24,33.333333333333336,-1.1438293608333334,-2.010816555
NEW_05M,ANALYSIS,TRAPPED_REVERSAL,SELL_TRAPPED,1800,180,STALE,1,0.0,-5.39445805,-5.39445805
NEW_05M,ANALYSIS,TRAPPED_REVERSAL,SELL_TRAPPED,1800,180,UNWINDING,24,16.666666666666668,-2.869388892083333,-3.407251015
NEW_05M,ANALYSIS,TRAPPED_REVERSAL,SELL_TRAPPED,1800,300,STALE,1,0.0,-1.82413755,-1.82413755
NEW_05M,ANALYSIS,TRAPPED_REVERSAL,SELL_TRAPPED,1800,300,UNWINDING,24,33.333333333333336,-1.4382163529166665,-0.608078415
NEW_05M,ANALYSIS,TRAPPED_REVERSAL,SELL_TRAPPED,1800,600,STALE,1,0.0,-4.75523036,-4.75523036
NEW_05M,ANALYSIS,TRAPPED_REVERSAL,SELL_TRAPPED,1800,600,UNWINDING,24,16.666666666666668,-3.40893793125,-3.26678892
NEW_05M,ENTRY_PROBE,STALLED_PRESSURE_PROBE,BUY_STALLED,30,60,BUILDING,857,49.12485414235706,-0.03526136053675605,0.0
NEW_05M,ENTRY_PROBE,STALLED_PRESSURE_PROBE,BUY_STALLED,30,60,STALE,31,38.70967741935484,-1.006646667419355,-1.19835733
NEW_05M,ENTRY_PROBE,STALLED_PRESSURE_PROBE,BUY_STALLED,30,60,UNCHANGED,1,0.0,-2.949345,-2.949345
NEW_05M,ENTRY_PROBE,STALLED_PRESSURE_PROBE,BUY_STALLED,30,60,UNWINDING,806,49.75186104218362,-0.04923328569478921,0.0
NEW_05M,ENTRY_PROBE,STALLED_PRESSURE_PROBE,BUY_STALLED,30,180,BUILDING,848,47.87735849056604,-0.08423418374999991,-0.116907635
NEW_05M,ENTRY_PROBE,STALLED_PRESSURE_PROBE,BUY_STALLED,30,180,STALE,29,68.96551724137932,0.8441482886206907,2.68834548
NEW_05M,ENTRY_PROBE,STALLED_PRESSURE_PROBE,BUY_STALLED,30,180,UNCHANGED,1,0.0,0.0,0.0
NEW_05M,ENTRY_PROBE,STALLED_PRESSURE_PROBE,BUY_STALLED,30,180,UNWINDING,799,51.18898623279099,-0.014626004793491925,0.15591162
NEW_05M,ENTRY_PROBE,STALLED_PRESSURE_PROBE,BUY_STALLED,30,300,BUILDING,836,52.39234449760765,0.04469802241626831,0.202725685
NEW_05M,ENTRY_PROBE,STALLED_PRESSURE_PROBE,BUY_STALLED,30,300,STALE,28,75.0,3.355735015357143,3.34122939
NEW_05M,ENTRY_PROBE,STALLED_PRESSURE_PROBE,BUY_STALLED,30,300,UNCHANGED,1,0.0,-0.35330695,-0.35330695
NEW_05M,ENTRY_PROBE,STALLED_PRESSURE_PROBE,BUY_STALLED,30,300,UNWINDING,787,53.1130876747141,-0.033118814307496545,0.32762844
NEW_05M,ENTRY_PROBE,STALLED_PRESSURE_PROBE,BUY_STALLED,30,600,BUILDING,802,51.3715710723192,-0.4269522228428919,0.18575762
NEW_05M,ENTRY_PROBE,STALLED_PRESSURE_PROBE,BUY_STALLED,30,600,STALE,27,66.66666666666667,7.330936545555553,5.82278753
NEW_05M,ENTRY_PROBE,STALLED_PRESSURE_PROBE,BUY_STALLED,30,600,UNCHANGED,1,100.0,0.21505641,0.21505641
NEW_05M,ENTRY_PROBE,STALLED_PRESSURE_PROBE,BUY_STALLED,30,600,UNWINDING,765,49.93464052287582,-0.7955881715032674,0.0
NEW_05M,ENTRY_PROBE,STALLED_PRESSURE_PROBE,BUY_STALLED,60,60,BUILDING,417,47.48201438848921,-0.237274344172662,0.0
NEW_05M,ENTRY_PROBE,STALLED_PRESSURE_PROBE,BUY_STALLED,60,60,STALE,9,55.55555555555556,1.3983750222222222,2.5483452
NEW_05M,ENTRY_PROBE,STALLED_PRESSURE_PROBE,BUY_STALLED,60,60,UNWINDING,414,48.55072463768116,-0.16602676833333327,0.0
NEW_05M,ENTRY_PROBE,STALLED_PRESSURE_PROBE,BUY_STALLED,60,180,BUILDING,410,48.53658536585366,-0.34095121607317064,-0.093764725
NEW_05M,ENTRY_PROBE,STALLED_PRESSURE_PROBE,BUY_STALLED,60,180,STALE,9,66.66666666666667,3.596738944444444,7.39088079
NEW_05M,ENTRY_PROBE,STALLED_PRESSURE_PROBE,BUY_STALLED,60,180,UNWINDING,410,51.21951219512195,-0.21560348997561002,0.10142508
NEW_05M,ENTRY_PROBE,STALLED_PRESSURE_PROBE,BUY_STALLED,60,300,BUILDING,402,50.74626865671642,-0.33009370990049736,0.06248496
NEW_05M,ENTRY_PROBE,STALLED_PRESSURE_PROBE,BUY_STALLED,60,300,STALE,7,85.71428571428571,10.28161636,13.62730405
NEW_05M,ENTRY_PROBE,STALLED_PRESSURE_PROBE,BUY_STALLED,60,300,UNWINDING,404,50.99009900990099,-0.24203712455445525,0.163845065
NEW_05M,ENTRY_PROBE,STALLED_PRESSURE_PROBE,BUY_STALLED,60,600,BUILDING,387,51.42118863049095,-0.9157499067183466,0.1873782
NEW_05M,ENTRY_PROBE,STALLED_PRESSURE_PROBE,BUY_STALLED,60,600,STALE,7,100.0,25.641247992857142,30.11294285
NEW_05M,ENTRY_PROBE,STALLED_PRESSURE_PROBE,BUY_STALLED,60,600,UNWINDING,392,48.724489795918366,-1.4546644260969381,-0.185817375
NEW_05M,ENTRY_PROBE,STALLED_PRESSURE_PROBE,BUY_STALLED,180,60,BUILDING,100,51.0,-0.23295138550000025,0.015614054999999998
NEW_05M,ENTRY_PROBE,STALLED_PRESSURE_PROBE,BUY_STALLED,180,60,STALE,4,25.0,-3.1774556350000003,-3.4547174050000002
NEW_05M,ENTRY_PROBE,STALLED_PRESSURE_PROBE,BUY_STALLED,180,60,UNWINDING,113,47.78761061946903,0.12519699663716807,0.0
NEW_05M,ENTRY_PROBE,STALLED_PRESSURE_PROBE,BUY_STALLED,180,180,BUILDING,99,46.464646464646464,-0.9025082647474748,-0.21820517
NEW_05M,ENTRY_PROBE,STALLED_PRESSURE_PROBE,BUY_STALLED,180,180,STALE,4,50.0,1.5686446200000002,0.6288751149999999
NEW_05M,ENTRY_PROBE,STALLED_PRESSURE_PROBE,BUY_STALLED,180,180,UNWINDING,113,53.982300884955755,0.6186155522123894,0.26546655
NEW_05M,ENTRY_PROBE,STALLED_PRESSURE_PROBE,BUY_STALLED,180,300,BUILDING,96,47.916666666666664,-2.017165820416667,-0.01563866
NEW_05M,ENTRY_PROBE,STALLED_PRESSURE_PROBE,BUY_STALLED,180,300,STALE,3,33.333333333333336,1.3760510033333333,-3.31479847
NEW_05M,ENTRY_PROBE,STALLED_PRESSURE_PROBE,BUY_STALLED,180,300,UNWINDING,113,54.86725663716814,0.5835956871681416,0.5614359
NEW_05M,ENTRY_PROBE,STALLED_PRESSURE_PROBE,BUY_STALLED,180,600,BUILDING,89,37.07865168539326,-3.989616939887641,-1.84346484
NEW_05M,ENTRY_PROBE,STALLED_PRESSURE_PROBE,BUY_STALLED,180,600,STALE,3,33.333333333333336,6.582358946666667,-5.68028847
NEW_05M,ENTRY_PROBE,STALLED_PRESSURE_PROBE,BUY_STALLED,180,600,UNWINDING,110,56.36363636363637,0.36762239018181786,0.6976285900000001
NEW_05M,ENTRY_PROBE,STALLED_PRESSURE_PROBE,BUY_STALLED,300,60,BUILDING,67,47.76119402985075,-0.34817267104477606,0.0
NEW_05M,ENTRY_PROBE,STALLED_PRESSURE_PROBE,BUY_STALLED,300,60,STALE,2,50.0,-1.05666582,-1.05666582
NEW_05M,ENTRY_PROBE,STALLED_PRESSURE_PROBE,BUY_STALLED,300,60,UNWINDING,72,51.388888888888886,-0.06211481222222232,0.01558414
NEW_05M,ENTRY_PROBE,STALLED_PRESSURE_PROBE,BUY_STALLED,300,180,BUILDING,65,47.69230769230769,-0.731773574,-0.1535603
NEW_05M,ENTRY_PROBE,STALLED_PRESSURE_PROBE,BUY_STALLED,300,180,STALE,2,50.0,3.073270465,3.073270465
NEW_05M,ENTRY_PROBE,STALLED_PRESSURE_PROBE,BUY_STALLED,300,180,UNWINDING,71,47.88732394366197,0.6384931366197183,0.0
NEW_05M,ENTRY_PROBE,STALLED_PRESSURE_PROBE,BUY_STALLED,300,300,BUILDING,61,36.0655737704918,-2.025190075081967,-1.67412722
NEW_05M,ENTRY_PROBE,STALLED_PRESSURE_PROBE,BUY_STALLED,300,300,STALE,2,50.0,3.58795641,3.58795641
NEW_05M,ENTRY_PROBE,STALLED_PRESSURE_PROBE,BUY_STALLED,300,300,UNWINDING,70,55.714285714285715,0.5719135294285714,0.51452191
NEW_05M,ENTRY_PROBE,STALLED_PRESSURE_PROBE,BUY_STALLED,300,600,BUILDING,56,33.92857142857143,-3.5496224319642864,-1.93131587
NEW_05M,ENTRY_PROBE,STALLED_PRESSURE_PROBE,BUY_STALLED,300,600,STALE,2,50.0,11.410618265,11.410618265
NEW_05M,ENTRY_PROBE,STALLED_PRESSURE_PROBE,BUY_STALLED,300,600,UNWINDING,68,69.11764705882354,1.6482234573529406,1.26419488
NEW_05M,ENTRY_PROBE,STALLED_PRESSURE_PROBE,BUY_STALLED,900,60,BUILDING,8,87.5,1.14107632875,0.854537745
NEW_05M,ENTRY_PROBE,STALLED_PRESSURE_PROBE,BUY_STALLED,900,60,UNWINDING,5,80.0,0.99536999,1.75277431
NEW_05M,ENTRY_PROBE,STALLED_PRESSURE_PROBE,BUY_STALLED,900,180,BUILDING,8,100.0,4.8209709525,2.0070943349999997
NEW_05M,ENTRY_PROBE,STALLED_PRESSURE_PROBE,BUY_STALLED,900,180,UNWINDING,5,100.0,3.3723161420000003,3.67781697
NEW_05M,ENTRY_PROBE,STALLED_PRESSURE_PROBE,BUY_STALLED,900,300,BUILDING,8,100.0,5.9843116612500005,1.74563407
NEW_05M,ENTRY_PROBE,STALLED_PRESSURE_PROBE,BUY_STALLED,900,300,UNWINDING,5,100.0,2.57533767,2.14408904
NEW_05M,ENTRY_PROBE,STALLED_PRESSURE_PROBE,BUY_STALLED,900,600,BUILDING,6,100.0,14.864672145,4.474961305
NEW_05M,ENTRY_PROBE,STALLED_PRESSURE_PROBE,BUY_STALLED,900,600,UNWINDING,5,100.0,6.229162718,5.30544661
NEW_05M,ENTRY_PROBE,STALLED_REVERSAL_PROBE,BUY_STALLED,30,60,BUILDING,857,45.27421236872812,0.03526136053675604,-0.0
NEW_05M,ENTRY_PROBE,STALLED_REVERSAL_PROBE,BUY_STALLED,30,60,STALE,31,61.29032258064516,1.006646667419355,1.19835733
NEW_05M,ENTRY_PROBE,STALLED_REVERSAL_PROBE,BUY_STALLED,30,60,UNCHANGED,1,100.0,2.949345,2.949345
NEW_05M,ENTRY_PROBE,STALLED_REVERSAL_PROBE,BUY_STALLED,30,60,UNWINDING,806,42.4317617866005,0.04923328569478921,-0.0
NEW_05M,ENTRY_PROBE,STALLED_REVERSAL_PROBE,BUY_STALLED,30,180,BUILDING,848,51.06132075471698,0.08423418374999991,0.116907635
NEW_05M,ENTRY_PROBE,STALLED_REVERSAL_PROBE,BUY_STALLED,30,180,STALE,29,31.03448275862069,-0.8441482886206907,-2.68834548
NEW_05M,ENTRY_PROBE,STALLED_REVERSAL_PROBE,BUY_STALLED,30,180,UNCHANGED,1,0.0,0.0,-0.0
NEW_05M,ENTRY_PROBE,STALLED_REVERSAL_PROBE,BUY_STALLED,30,180,UNWINDING,799,48.18523153942428,0.014626004793491925,-0.15591162
NEW_05M,ENTRY_PROBE,STALLED_REVERSAL_PROBE,BUY_STALLED,30,300,BUILDING,836,47.36842105263158,-0.04469802241626831,-0.202725685
NEW_05M,ENTRY_PROBE,STALLED_REVERSAL_PROBE,BUY_STALLED,30,300,STALE,28,25.0,-3.355735015357143,-3.34122939
NEW_05M,ENTRY_PROBE,STALLED_REVERSAL_PROBE,BUY_STALLED,30,300,UNCHANGED,1,100.0,0.35330695,0.35330695
NEW_05M,ENTRY_PROBE,STALLED_REVERSAL_PROBE,BUY_STALLED,30,300,UNWINDING,787,46.37865311308767,0.033118814307496545,-0.32762844
NEW_05M,ENTRY_PROBE,STALLED_REVERSAL_PROBE,BUY_STALLED,30,600,BUILDING,802,48.6284289276808,0.4269522228428919,-0.18575762
NEW_05M,ENTRY_PROBE,STALLED_REVERSAL_PROBE,BUY_STALLED,30,600,STALE,27,33.333333333333336,-7.330936545555553,-5.82278753
NEW_05M,ENTRY_PROBE,STALLED_REVERSAL_PROBE,BUY_STALLED,30,600,UNCHANGED,1,0.0,-0.21505641,-0.21505641
NEW_05M,ENTRY_PROBE,STALLED_REVERSAL_PROBE,BUY_STALLED,30,600,UNWINDING,765,49.93464052287582,0.7955881715032674,-0.0
NEW_05M,ENTRY_PROBE,STALLED_REVERSAL_PROBE,BUY_STALLED,60,60,BUILDING,417,46.52278177458034,0.237274344172662,-0.0
NEW_05M,ENTRY_PROBE,STALLED_REVERSAL_PROBE,BUY_STALLED,60,60,STALE,9,44.44444444444444,-1.3983750222222222,-2.5483452
NEW_05M,ENTRY_PROBE,STALLED_REVERSAL_PROBE,BUY_STALLED,60,60,UNWINDING,414,43.47826086956522,0.16602676833333327,-0.0
NEW_05M,ENTRY_PROBE,STALLED_REVERSAL_PROBE,BUY_STALLED,60,180,BUILDING,410,50.97560975609756,0.34095121607317064,0.093764725
NEW_05M,ENTRY_PROBE,STALLED_REVERSAL_PROBE,BUY_STALLED,60,180,STALE,9,33.333333333333336,-3.596738944444444,-7.39088079
NEW_05M,ENTRY_PROBE,STALLED_REVERSAL_PROBE,BUY_STALLED,60,180,UNWINDING,410,48.048780487804876,0.21560348997561002,-0.10142508
NEW_05M,ENTRY_PROBE,STALLED_REVERSAL_PROBE,BUY_STALLED,60,300,BUILDING,402,48.756218905472636,0.33009370990049736,-0.06248496
NEW_05M,ENTRY_PROBE,STALLED_REVERSAL_PROBE,BUY_STALLED,60,300,STALE,7,14.285714285714286,-10.28161636,-13.62730405
NEW_05M,ENTRY_PROBE,STALLED_REVERSAL_PROBE,BUY_STALLED,60,300,UNWINDING,404,48.01980198019802,0.24203712455445525,-0.163845065
NEW_05M,ENTRY_PROBE,STALLED_REVERSAL_PROBE,BUY_STALLED,60,600,BUILDING,387,48.320413436692505,0.9157499067183466,-0.1873782
NEW_05M,ENTRY_PROBE,STALLED_REVERSAL_PROBE,BUY_STALLED,60,600,STALE,7,0.0,-25.641247992857142,-30.11294285
NEW_05M,ENTRY_PROBE,STALLED_REVERSAL_PROBE,BUY_STALLED,60,600,UNWINDING,392,51.275510204081634,1.4546644260969381,0.185817375
NEW_05M,ENTRY_PROBE,STALLED_REVERSAL_PROBE,BUY_STALLED,180,60,BUILDING,100,40.0,0.23295138550000025,-0.015614054999999998
NEW_05M,ENTRY_PROBE,STALLED_REVERSAL_PROBE,BUY_STALLED,180,60,STALE,4,75.0,3.1774556350000003,3.4547174050000002
NEW_05M,ENTRY_PROBE,STALLED_REVERSAL_PROBE,BUY_STALLED,180,60,UNWINDING,113,43.36283185840708,-0.12519699663716807,-0.0
NEW_05M,ENTRY_PROBE,STALLED_REVERSAL_PROBE,BUY_STALLED,180,180,BUILDING,99,53.535353535353536,0.9025082647474748,0.21820517
NEW_05M,ENTRY_PROBE,STALLED_REVERSAL_PROBE,BUY_STALLED,180,180,STALE,4,50.0,-1.5686446200000002,-0.6288751149999999
NEW_05M,ENTRY_PROBE,STALLED_REVERSAL_PROBE,BUY_STALLED,180,180,UNWINDING,113,46.017699115044245,-0.6186155522123894,-0.26546655
NEW_05M,ENTRY_PROBE,STALLED_REVERSAL_PROBE,BUY_STALLED,180,300,BUILDING,96,51.041666666666664,2.017165820416667,0.01563866
NEW_05M,ENTRY_PROBE,STALLED_REVERSAL_PROBE,BUY_STALLED,180,300,STALE,3,66.66666666666667,-1.3760510033333333,3.31479847
NEW_05M,ENTRY_PROBE,STALLED_REVERSAL_PROBE,BUY_STALLED,180,300,UNWINDING,113,45.13274336283186,-0.5835956871681416,-0.5614359
NEW_05M,ENTRY_PROBE,STALLED_REVERSAL_PROBE,BUY_STALLED,180,600,BUILDING,89,61.79775280898876,3.989616939887641,1.84346484
NEW_05M,ENTRY_PROBE,STALLED_REVERSAL_PROBE,BUY_STALLED,180,600,STALE,3,66.66666666666667,-6.582358946666667,5.68028847
NEW_05M,ENTRY_PROBE,STALLED_REVERSAL_PROBE,BUY_STALLED,180,600,UNWINDING,110,43.63636363636363,-0.36762239018181786,-0.6976285900000001
NEW_05M,ENTRY_PROBE,STALLED_REVERSAL_PROBE,BUY_STALLED,300,60,BUILDING,67,49.25373134328358,0.34817267104477606,-0.0
NEW_05M,ENTRY_PROBE,STALLED_REVERSAL_PROBE,BUY_STALLED,300,60,STALE,2,50.0,1.05666582,1.05666582
NEW_05M,ENTRY_PROBE,STALLED_REVERSAL_PROBE,BUY_STALLED,300,60,UNWINDING,72,47.22222222222222,0.06211481222222232,-0.01558414
NEW_05M,ENTRY_PROBE,STALLED_REVERSAL_PROBE,BUY_STALLED,300,180,BUILDING,65,52.30769230769231,0.731773574,0.1535603
NEW_05M,ENTRY_PROBE,STALLED_REVERSAL_PROBE,BUY_STALLED,300,180,STALE,2,50.0,-3.073270465,-3.073270465
NEW_05M,ENTRY_PROBE,STALLED_REVERSAL_PROBE,BUY_STALLED,300,180,UNWINDING,71,46.478873239436616,-0.6384931366197183,-0.0
NEW_05M,ENTRY_PROBE,STALLED_REVERSAL_PROBE,BUY_STALLED,300,300,BUILDING,61,63.9344262295082,2.025190075081967,1.67412722
NEW_05M,ENTRY_PROBE,STALLED_REVERSAL_PROBE,BUY_STALLED,300,300,STALE,2,50.0,-3.58795641,-3.58795641
NEW_05M,ENTRY_PROBE,STALLED_REVERSAL_PROBE,BUY_STALLED,300,300,UNWINDING,70,41.42857142857143,-0.5719135294285714,-0.51452191
NEW_05M,ENTRY_PROBE,STALLED_REVERSAL_PROBE,BUY_STALLED,300,600,BUILDING,56,66.07142857142857,3.5496224319642864,1.93131587
NEW_05M,ENTRY_PROBE,STALLED_REVERSAL_PROBE,BUY_STALLED,300,600,STALE,2,50.0,-11.410618265,-11.410618265
NEW_05M,ENTRY_PROBE,STALLED_REVERSAL_PROBE,BUY_STALLED,300,600,UNWINDING,68,30.88235294117647,-1.6482234573529406,-1.26419488
NEW_05M,ENTRY_PROBE,STALLED_REVERSAL_PROBE,BUY_STALLED,900,60,BUILDING,8,12.5,-1.14107632875,-0.854537745
NEW_05M,ENTRY_PROBE,STALLED_REVERSAL_PROBE,BUY_STALLED,900,60,UNWINDING,5,20.0,-0.99536999,-1.75277431
NEW_05M,ENTRY_PROBE,STALLED_REVERSAL_PROBE,BUY_STALLED,900,180,BUILDING,8,0.0,-4.8209709525,-2.0070943349999997
NEW_05M,ENTRY_PROBE,STALLED_REVERSAL_PROBE,BUY_STALLED,900,180,UNWINDING,5,0.0,-3.3723161420000003,-3.67781697
NEW_05M,ENTRY_PROBE,STALLED_REVERSAL_PROBE,BUY_STALLED,900,300,BUILDING,8,0.0,-5.9843116612500005,-1.74563407
NEW_05M,ENTRY_PROBE,STALLED_REVERSAL_PROBE,BUY_STALLED,900,300,UNWINDING,5,0.0,-2.57533767,-2.14408904
NEW_05M,ENTRY_PROBE,STALLED_REVERSAL_PROBE,BUY_STALLED,900,600,BUILDING,6,0.0,-14.864672145,-4.474961305
NEW_05M,ENTRY_PROBE,STALLED_REVERSAL_PROBE,BUY_STALLED,900,600,UNWINDING,5,0.0,-6.229162718,-5.30544661
NEW_05M,ENTRY_PROBE,STALLED_PRESSURE_PROBE,SELL_STALLED,30,60,BUILDING,808,40.71782178217822,-0.12940682665841582,-0.0
NEW_05M,ENTRY_PROBE,STALLED_PRESSURE_PROBE,SELL_STALLED,30,60,STALE,20,35.0,0.0743338939999998,-2.381028815
NEW_05M,ENTRY_PROBE,STALLED_PRESSURE_PROBE,SELL_STALLED,30,60,UNCHANGED,5,60.0,-1.116300314,0.015623
NEW_05M,ENTRY_PROBE,STALLED_PRESSURE_PROBE,SELL_STALLED,30,60,UNWINDING,908,49.44933920704846,0.19368694039647547,-0.0
NEW_05M,ENTRY_PROBE,STALLED_PRESSURE_PROBE,SELL_STALLED,30,180,BUILDING,794,46.095717884130984,-0.17971763260705284,-0.030921505
NEW_05M,ENTRY_PROBE,STALLED_PRESSURE_PROBE,SELL_STALLED,30,180,STALE,19,36.8421052631579,-0.07878061263157816,-2.35185287
NEW_05M,ENTRY_PROBE,STALLED_PRESSURE_PROBE,SELL_STALLED,30,180,UNCHANGED,5,80.0,0.2041087759999999,1.12485588
NEW_05M,ENTRY_PROBE,STALLED_PRESSURE_PROBE,SELL_STALLED,30,180,UNWINDING,885,51.9774011299435,0.2742130872768362,0.07823453
NEW_05M,ENTRY_PROBE,STALLED_PRESSURE_PROBE,SELL_STALLED,30,300,BUILDING,782,44.8849104859335,-0.10638081234015338,-0.364191385
NEW_05M,ENTRY_PROBE,STALLED_PRESSURE_PROBE,SELL_STALLED,30,300,STALE,19,31.57894736842105,-2.234366500526316,-3.63113234
NEW_05M,ENTRY_PROBE,STALLED_PRESSURE_PROBE,SELL_STALLED,30,300,UNCHANGED,5,80.0,-0.3384740759999999,1.10923288
NEW_05M,ENTRY_PROBE,STALLED_PRESSURE_PROBE,SELL_STALLED,30,300,UNWINDING,868,50.806451612903224,0.15293488597926272,0.04681766
NEW_05M,ENTRY_PROBE,STALLED_PRESSURE_PROBE,SELL_STALLED,30,600,BUILDING,743,44.279946164199195,-0.27881599422611,-0.59240783
NEW_05M,ENTRY_PROBE,STALLED_PRESSURE_PROBE,SELL_STALLED,30,600,STALE,19,5.2631578947368425,-10.795031211052633,-11.24411261
NEW_05M,ENTRY_PROBE,STALLED_PRESSURE_PROBE,SELL_STALLED,30,600,UNCHANGED,5,80.0,1.6792786239999997,3.31207564
NEW_05M,ENTRY_PROBE,STALLED_PRESSURE_PROBE,SELL_STALLED,30,600,UNWINDING,825,46.54545454545455,-0.45057805025454556,-0.4375629
NEW_05M,ENTRY_PROBE,STALLED_PRESSURE_PROBE,SELL_STALLED,60,60,BUILDING,412,40.53398058252427,-0.11066948817961161,-0.0
NEW_05M,ENTRY_PROBE,STALLED_PRESSURE_PROBE,SELL_STALLED,60,60,STALE,7,28.571428571428573,0.08728501285714303,-1.53825328
NEW_05M,ENTRY_PROBE,STALLED_PRESSURE_PROBE,SELL_STALLED,60,60,UNWINDING,433,51.73210161662818,0.20583449274826793,0.01560537
NEW_05M,ENTRY_PROBE,STALLED_PRESSURE_PROBE,SELL_STALLED,60,180,BUILDING,407,50.122850122850124,-0.011725654570024533,0.01529595
NEW_05M,ENTRY_PROBE,STALLED_PRESSURE_PROBE,SELL_STALLED,60,180,STALE,6,16.666666666666668,-4.619710136666666,-7.700667535
NEW_05M,ENTRY_PROBE,STALLED_PRESSURE_PROBE,SELL_STALLED,60,180,UNWINDING,418,50.239234449760765,0.10531801959330114,0.01559918
NEW_05M,ENTRY_PROBE,STALLED_PRESSURE_PROBE,SELL_STALLED,60,300,BUILDING,401,48.87780548628429,-0.12264097009975077,-0.0156157
NEW_05M,ENTRY_PROBE,STALLED_PRESSURE_PROBE,SELL_STALLED,60,300,STALE,6,16.666666666666668,-5.6706385,-7.60847467
NEW_05M,ENTRY_PROBE,STALLED_PRESSURE_PROBE,SELL_STALLED,60,300,UNWINDING,411,51.58150851581509,0.1215975777858881,0.15621022
NEW_05M,ENTRY_PROBE,STALLED_PRESSURE_PROBE,SELL_STALLED,60,600,BUILDING,373,44.23592493297587,-0.5151472439946378,-0.89049143
NEW_05M,ENTRY_PROBE,STALLED_PRESSURE_PROBE,SELL_STALLED,60,600,STALE,6,0.0,-18.020911885,-21.145924700000002
NEW_05M,ENTRY_PROBE,STALLED_PRESSURE_PROBE,SELL_STALLED,60,600,UNWINDING,392,42.857142857142854,-0.4283318300255102,-0.640146855
NEW_05M,ENTRY_PROBE,STALLED_PRESSURE_PROBE,SELL_STALLED,180,60,BUILDING,126,34.12698412698413,-0.27107718865079367,-0.0156213
NEW_05M,ENTRY_PROBE,STALLED_PRESSURE_PROBE,SELL_STALLED,180,60,STALE,1,0.0,-0.09358257,-0.09358257
NEW_05M,ENTRY_PROBE,STALLED_PRESSURE_PROBE,SELL_STALLED,180,60,UNWINDING,145,42.06896551724138,-0.34266698296551723,-0.0
NEW_05M,ENTRY_PROBE,STALLED_PRESSURE_PROBE,SELL_STALLED,180,180,BUILDING,125,49.6,-0.18975228016000006,-0.03125278
NEW_05M,ENTRY_PROBE,STALLED_PRESSURE_PROBE,SELL_STALLED,180,180,STALE,1,100.0,1.43493282,1.43493282
NEW_05M,ENTRY_PROBE,STALLED_PRESSURE_PROBE,SELL_STALLED,180,180,UNWINDING,144,47.916666666666664,-0.14708117458333358,-0.14759299
NEW_05M,ENTRY_PROBE,STALLED_PRESSURE_PROBE,SELL_STALLED,180,300,BUILDING,125,40.8,-0.86512074384,-0.6836332
NEW_05M,ENTRY_PROBE,STALLED_PRESSURE_PROBE,SELL_STALLED,180,300,STALE,1,0.0,-2.15239922,-2.15239922
NEW_05M,ENTRY_PROBE,STALLED_PRESSURE_PROBE,SELL_STALLED,180,300,UNWINDING,140,41.42857142857143,-0.5530708495714285,-0.7411746050000001
NEW_05M,ENTRY_PROBE,STALLED_PRESSURE_PROBE,SELL_STALLED,180,600,BUILDING,113,38.05309734513274,-1.4271941214159292,-1.73070267
NEW_05M,ENTRY_PROBE,STALLED_PRESSURE_PROBE,SELL_STALLED,180,600,STALE,1,100.0,0.79545189,0.79545189
NEW_05M,ENTRY_PROBE,STALLED_PRESSURE_PROBE,SELL_STALLED,180,600,UNWINDING,139,43.884892086330936,-0.7102243949640289,-0.34358948
NEW_05M,ENTRY_PROBE,STALLED_PRESSURE_PROBE,SELL_STALLED,300,60,BUILDING,84,40.476190476190474,-0.3599592921428571,-0.069688535
NEW_05M,ENTRY_PROBE,STALLED_PRESSURE_PROBE,SELL_STALLED,300,60,UNWINDING,79,53.164556962025316,0.38683428987341784,0.03121152
NEW_05M,ENTRY_PROBE,STALLED_PRESSURE_PROBE,SELL_STALLED,300,180,BUILDING,80,40.0,-1.056579541625,-0.70956386
NEW_05M,ENTRY_PROBE,STALLED_PRESSURE_PROBE,SELL_STALLED,300,180,UNWINDING,78,57.69230769230769,0.5151232080769231,0.31189132
NEW_05M,ENTRY_PROBE,STALLED_PRESSURE_PROBE,SELL_STALLED,300,300,BUILDING,79,35.44303797468354,-1.413487981898734,-1.66922155
NEW_05M,ENTRY_PROBE,STALLED_PRESSURE_PROBE,SELL_STALLED,300,300,UNWINDING,77,49.35064935064935,-0.2734320470129868,-0.03118417
NEW_05M,ENTRY_PROBE,STALLED_PRESSURE_PROBE,SELL_STALLED,300,600,BUILDING,71,39.436619718309856,-1.735770834507042,-0.67176479
NEW_05M,ENTRY_PROBE,STALLED_PRESSURE_PROBE,SELL_STALLED,300,600,UNWINDING,77,54.54545454545455,-0.4872232045454546,0.35919428
NEW_05M,ENTRY_PROBE,STALLED_PRESSURE_PROBE,SELL_STALLED,900,60,BUILDING,24,41.666666666666664,0.15562645208333334,-0.015589195
NEW_05M,ENTRY_PROBE,STALLED_PRESSURE_PROBE,SELL_STALLED,900,60,STALE,1,0.0,-2.10612696,-2.10612696
NEW_05M,ENTRY_PROBE,STALLED_PRESSURE_PROBE,SELL_STALLED,900,60,UNWINDING,22,59.09090909090909,0.6058490999999999,0.537968145
NEW_05M,ENTRY_PROBE,STALLED_PRESSURE_PROBE,SELL_STALLED,900,180,BUILDING,24,54.166666666666664,0.46598720125,0.241763655
NEW_05M,ENTRY_PROBE,STALLED_PRESSURE_PROBE,SELL_STALLED,900,180,STALE,1,0.0,-1.70050251,-1.70050251
NEW_05M,ENTRY_PROBE,STALLED_PRESSURE_PROBE,SELL_STALLED,900,180,UNWINDING,21,66.66666666666667,2.3659766371428574,2.15210048
NEW_05M,ENTRY_PROBE,STALLED_PRESSURE_PROBE,SELL_STALLED,900,300,BUILDING,24,41.666666666666664,-0.18973867416666668,-0.5858981
NEW_05M,ENTRY_PROBE,STALLED_PRESSURE_PROBE,SELL_STALLED,900,300,STALE,1,0.0,-2.09052602,-2.09052602
NEW_05M,ENTRY_PROBE,STALLED_PRESSURE_PROBE,SELL_STALLED,900,300,UNWINDING,21,47.61904761904762,0.38107534571428575,-0.21830656
NEW_05M,ENTRY_PROBE,STALLED_PRESSURE_PROBE,SELL_STALLED,900,600,BUILDING,24,20.833333333333332,-1.4887884987500002,-1.9570738150000002
NEW_05M,ENTRY_PROBE,STALLED_PRESSURE_PROBE,SELL_STALLED,900,600,STALE,1,0.0,-3.27619749,-3.27619749
NEW_05M,ENTRY_PROBE,STALLED_PRESSURE_PROBE,SELL_STALLED,900,600,UNWINDING,21,71.42857142857143,2.0258541580952376,2.43023209
NEW_05M,ENTRY_PROBE,STALLED_PRESSURE_PROBE,SELL_STALLED,1800,60,BUILDING,5,80.0,0.929127952,1.38755503
NEW_05M,ENTRY_PROBE,STALLED_PRESSURE_PROBE,SELL_STALLED,1800,60,UNWINDING,37,64.86486486486487,0.2936211154054054,0.14029203
NEW_05M,ENTRY_PROBE,STALLED_PRESSURE_PROBE,SELL_STALLED,1800,180,BUILDING,5,60.0,0.5431906400000001,0.77958607
NEW_05M,ENTRY_PROBE,STALLED_PRESSURE_PROBE,SELL_STALLED,1800,180,UNWINDING,37,81.08108108108108,1.6110581240540542,2.35478685
NEW_05M,ENTRY_PROBE,STALLED_PRESSURE_PROBE,SELL_STALLED,1800,300,BUILDING,5,40.0,-0.6690527459999999,-0.51452681
NEW_05M,ENTRY_PROBE,STALLED_PRESSURE_PROBE,SELL_STALLED,1800,300,UNWINDING,37,51.351351351351354,0.3353366081081082,0.32751602
NEW_05M,ENTRY_PROBE,STALLED_PRESSURE_PROBE,SELL_STALLED,1800,600,BUILDING,5,60.0,4.599876758,1.60582212
NEW_05M,ENTRY_PROBE,STALLED_PRESSURE_PROBE,SELL_STALLED,1800,600,UNWINDING,37,72.97297297297297,1.890579557027027,1.24720159
NEW_05M,ENTRY_PROBE,STALLED_REVERSAL_PROBE,SELL_STALLED,30,60,BUILDING,808,48.76237623762376,0.12940682665841582,0.0
NEW_05M,ENTRY_PROBE,STALLED_REVERSAL_PROBE,SELL_STALLED,30,60,STALE,20,65.0,-0.0743338939999998,2.381028815
NEW_05M,ENTRY_PROBE,STALLED_REVERSAL_PROBE,SELL_STALLED,30,60,UNCHANGED,5,40.0,1.116300314,-0.015623
NEW_05M,ENTRY_PROBE,STALLED_REVERSAL_PROBE,SELL_STALLED,30,60,UNWINDING,908,39.31718061674009,-0.19368694039647547,0.0
NEW_05M,ENTRY_PROBE,STALLED_REVERSAL_PROBE,SELL_STALLED,30,180,BUILDING,794,51.385390428211586,0.17971763260705284,0.030921505
NEW_05M,ENTRY_PROBE,STALLED_REVERSAL_PROBE,SELL_STALLED,30,180,STALE,19,63.1578947368421,0.07878061263157816,2.35185287
NEW_05M,ENTRY_PROBE,STALLED_REVERSAL_PROBE,SELL_STALLED,30,180,UNCHANGED,5,20.0,-0.2041087759999999,-1.12485588
NEW_05M,ENTRY_PROBE,STALLED_REVERSAL_PROBE,SELL_STALLED,30,180,UNWINDING,885,45.76271186440678,-0.2742130872768362,-0.07823453
NEW_05M,ENTRY_PROBE,STALLED_REVERSAL_PROBE,SELL_STALLED,30,300,BUILDING,782,54.092071611253196,0.10638081234015338,0.364191385
NEW_05M,ENTRY_PROBE,STALLED_REVERSAL_PROBE,SELL_STALLED,30,300,STALE,19,68.42105263157895,2.234366500526316,3.63113234
NEW_05M,ENTRY_PROBE,STALLED_REVERSAL_PROBE,SELL_STALLED,30,300,UNCHANGED,5,20.0,0.3384740759999999,-1.10923288
NEW_05M,ENTRY_PROBE,STALLED_REVERSAL_PROBE,SELL_STALLED,30,300,UNWINDING,868,48.73271889400922,-0.15293488597926272,-0.04681766
NEW_05M,ENTRY_PROBE,STALLED_REVERSAL_PROBE,SELL_STALLED,30,600,BUILDING,743,54.91251682368775,0.27881599422611,0.59240783
NEW_05M,ENTRY_PROBE,STALLED_REVERSAL_PROBE,SELL_STALLED,30,600,STALE,19,94.73684210526316,10.795031211052633,11.24411261
NEW_05M,ENTRY_PROBE,STALLED_REVERSAL_PROBE,SELL_STALLED,30,600,UNCHANGED,5,20.0,-1.6792786239999997,-3.31207564
NEW_05M,ENTRY_PROBE,STALLED_REVERSAL_PROBE,SELL_STALLED,30,600,UNWINDING,825,53.09090909090909,0.45057805025454556,0.4375629
NEW_05M,ENTRY_PROBE,STALLED_REVERSAL_PROBE,SELL_STALLED,60,60,BUILDING,412,49.271844660194176,0.11066948817961161,0.0
NEW_05M,ENTRY_PROBE,STALLED_REVERSAL_PROBE,SELL_STALLED,60,60,STALE,7,71.42857142857143,-0.08728501285714303,1.53825328
NEW_05M,ENTRY_PROBE,STALLED_REVERSAL_PROBE,SELL_STALLED,60,60,UNWINDING,433,39.260969976905315,-0.20583449274826793,-0.01560537
NEW_05M,ENTRY_PROBE,STALLED_REVERSAL_PROBE,SELL_STALLED,60,180,BUILDING,407,47.42014742014742,0.011725654570024533,-0.01529595
NEW_05M,ENTRY_PROBE,STALLED_REVERSAL_PROBE,SELL_STALLED,60,180,STALE,6,83.33333333333333,4.619710136666666,7.700667535
NEW_05M,ENTRY_PROBE,STALLED_REVERSAL_PROBE,SELL_STALLED,60,180,UNWINDING,418,48.803827751196174,-0.10531801959330114,-0.01559918
NEW_05M,ENTRY_PROBE,STALLED_REVERSAL_PROBE,SELL_STALLED,60,300,BUILDING,401,50.87281795511222,0.12264097009975077,0.0156157
NEW_05M,ENTRY_PROBE,STALLED_REVERSAL_PROBE,SELL_STALLED,60,300,STALE,6,83.33333333333333,5.6706385,7.60847467
NEW_05M,ENTRY_PROBE,STALLED_REVERSAL_PROBE,SELL_STALLED,60,300,UNWINDING,411,47.688564476885645,-0.1215975777858881,-0.15621022
NEW_05M,ENTRY_PROBE,STALLED_REVERSAL_PROBE,SELL_STALLED,60,600,BUILDING,373,55.76407506702413,0.5151472439946378,0.89049143
NEW_05M,ENTRY_PROBE,STALLED_REVERSAL_PROBE,SELL_STALLED,60,600,STALE,6,100.0,18.020911885,21.145924700000002
NEW_05M,ENTRY_PROBE,STALLED_REVERSAL_PROBE,SELL_STALLED,60,600,UNWINDING,392,56.37755102040816,0.4283318300255102,0.640146855
NEW_05M,ENTRY_PROBE,STALLED_REVERSAL_PROBE,SELL_STALLED,180,60,BUILDING,126,53.17460317460318,0.27107718865079367,0.0156213
NEW_05M,ENTRY_PROBE,STALLED_REVERSAL_PROBE,SELL_STALLED,180,60,STALE,1,100.0,0.09358257,0.09358257
NEW_05M,ENTRY_PROBE,STALLED_REVERSAL_PROBE,SELL_STALLED,180,60,UNWINDING,145,48.96551724137931,0.34266698296551723,0.0
NEW_05M,ENTRY_PROBE,STALLED_REVERSAL_PROBE,SELL_STALLED,180,180,BUILDING,125,50.4,0.18975228016000006,0.03125278
NEW_05M,ENTRY_PROBE,STALLED_REVERSAL_PROBE,SELL_STALLED,180,180,STALE,1,0.0,-1.43493282,-1.43493282
NEW_05M,ENTRY_PROBE,STALLED_REVERSAL_PROBE,SELL_STALLED,180,180,UNWINDING,144,51.388888888888886,0.14708117458333358,0.14759299
NEW_05M,ENTRY_PROBE,STALLED_REVERSAL_PROBE,SELL_STALLED,180,300,BUILDING,125,59.2,0.86512074384,0.6836332
NEW_05M,ENTRY_PROBE,STALLED_REVERSAL_PROBE,SELL_STALLED,180,300,STALE,1,100.0,2.15239922,2.15239922
NEW_05M,ENTRY_PROBE,STALLED_REVERSAL_PROBE,SELL_STALLED,180,300,UNWINDING,140,58.57142857142857,0.5530708495714285,0.7411746050000001
NEW_05M,ENTRY_PROBE,STALLED_REVERSAL_PROBE,SELL_STALLED,180,600,BUILDING,113,61.94690265486726,1.4271941214159292,1.73070267
NEW_05M,ENTRY_PROBE,STALLED_REVERSAL_PROBE,SELL_STALLED,180,600,STALE,1,0.0,-0.79545189,-0.79545189
NEW_05M,ENTRY_PROBE,STALLED_REVERSAL_PROBE,SELL_STALLED,180,600,UNWINDING,139,55.39568345323741,0.7102243949640289,0.34358948
NEW_05M,ENTRY_PROBE,STALLED_REVERSAL_PROBE,SELL_STALLED,300,60,BUILDING,84,53.57142857142857,0.3599592921428571,0.069688535
NEW_05M,ENTRY_PROBE,STALLED_REVERSAL_PROBE,SELL_STALLED,300,60,UNWINDING,79,43.037974683544306,-0.38683428987341784,-0.03121152
NEW_05M,ENTRY_PROBE,STALLED_REVERSAL_PROBE,SELL_STALLED,300,180,BUILDING,80,56.25,1.056579541625,0.70956386
NEW_05M,ENTRY_PROBE,STALLED_REVERSAL_PROBE,SELL_STALLED,300,180,UNWINDING,78,41.02564102564103,-0.5151232080769231,-0.31189132
NEW_05M,ENTRY_PROBE,STALLED_REVERSAL_PROBE,SELL_STALLED,300,300,BUILDING,79,62.0253164556962,1.413487981898734,1.66922155
NEW_05M,ENTRY_PROBE,STALLED_REVERSAL_PROBE,SELL_STALLED,300,300,UNWINDING,77,50.64935064935065,0.2734320470129868,0.03118417
NEW_05M,ENTRY_PROBE,STALLED_REVERSAL_PROBE,SELL_STALLED,300,600,BUILDING,71,60.563380281690144,1.735770834507042,0.67176479
NEW_05M,ENTRY_PROBE,STALLED_REVERSAL_PROBE,SELL_STALLED,300,600,UNWINDING,77,44.15584415584416,0.4872232045454546,-0.35919428
NEW_05M,ENTRY_PROBE,STALLED_REVERSAL_PROBE,SELL_STALLED,900,60,BUILDING,24,50.0,-0.15562645208333334,0.015589195
NEW_05M,ENTRY_PROBE,STALLED_REVERSAL_PROBE,SELL_STALLED,900,60,STALE,1,100.0,2.10612696,2.10612696
NEW_05M,ENTRY_PROBE,STALLED_REVERSAL_PROBE,SELL_STALLED,900,60,UNWINDING,22,40.90909090909091,-0.6058490999999999,-0.537968145
NEW_05M,ENTRY_PROBE,STALLED_REVERSAL_PROBE,SELL_STALLED,900,180,BUILDING,24,45.833333333333336,-0.46598720125,-0.241763655
NEW_05M,ENTRY_PROBE,STALLED_REVERSAL_PROBE,SELL_STALLED,900,180,STALE,1,100.0,1.70050251,1.70050251
NEW_05M,ENTRY_PROBE,STALLED_REVERSAL_PROBE,SELL_STALLED,900,180,UNWINDING,21,28.571428571428573,-2.3659766371428574,-2.15210048
NEW_05M,ENTRY_PROBE,STALLED_REVERSAL_PROBE,SELL_STALLED,900,300,BUILDING,24,54.166666666666664,0.18973867416666668,0.5858981
NEW_05M,ENTRY_PROBE,STALLED_REVERSAL_PROBE,SELL_STALLED,900,300,STALE,1,100.0,2.09052602,2.09052602
NEW_05M,ENTRY_PROBE,STALLED_REVERSAL_PROBE,SELL_STALLED,900,300,UNWINDING,21,52.38095238095238,-0.38107534571428575,0.21830656
NEW_05M,ENTRY_PROBE,STALLED_REVERSAL_PROBE,SELL_STALLED,900,600,BUILDING,24,79.16666666666667,1.4887884987500002,1.9570738150000002
NEW_05M,ENTRY_PROBE,STALLED_REVERSAL_PROBE,SELL_STALLED,900,600,STALE,1,100.0,3.27619749,3.27619749
NEW_05M,ENTRY_PROBE,STALLED_REVERSAL_PROBE,SELL_STALLED,900,600,UNWINDING,21,28.571428571428573,-2.0258541580952376,-2.43023209
NEW_05M,ENTRY_PROBE,STALLED_REVERSAL_PROBE,SELL_STALLED,1800,60,BUILDING,5,20.0,-0.929127952,-1.38755503
NEW_05M,ENTRY_PROBE,STALLED_REVERSAL_PROBE,SELL_STALLED,1800,60,UNWINDING,37,32.432432432432435,-0.2936211154054054,-0.14029203
NEW_05M,ENTRY_PROBE,STALLED_REVERSAL_PROBE,SELL_STALLED,1800,180,BUILDING,5,40.0,-0.5431906400000001,-0.77958607
NEW_05M,ENTRY_PROBE,STALLED_REVERSAL_PROBE,SELL_STALLED,1800,180,UNWINDING,37,18.91891891891892,-1.6110581240540542,-2.35478685
NEW_05M,ENTRY_PROBE,STALLED_REVERSAL_PROBE,SELL_STALLED,1800,300,BUILDING,5,60.0,0.6690527459999999,0.51452681
NEW_05M,ENTRY_PROBE,STALLED_REVERSAL_PROBE,SELL_STALLED,1800,300,UNWINDING,37,48.648648648648646,-0.3353366081081082,-0.32751602
NEW_05M,ENTRY_PROBE,STALLED_REVERSAL_PROBE,SELL_STALLED,1800,600,BUILDING,5,40.0,-4.599876758,-1.60582212
NEW_05M,ENTRY_PROBE,STALLED_REVERSAL_PROBE,SELL_STALLED,1800,600,UNWINDING,37,27.027027027027028,-1.890579557027027,-1.24720159
OLD_1M,ANALYSIS,EFFECTIVE_CONTINUATION,BUY_EFFECTIVE,30,60,BUILDING,313,53.99361022364217,0.4368897430031952,0.47167156
OLD_1M,ANALYSIS,EFFECTIVE_CONTINUATION,BUY_EFFECTIVE,30,60,MISSING,651,48.69431643625192,-0.03912259325652849,-0.05997622
OLD_1M,ANALYSIS,EFFECTIVE_CONTINUATION,BUY_EFFECTIVE,30,60,STALE,18,50.0,-0.929998635,0.66576724
OLD_1M,ANALYSIS,EFFECTIVE_CONTINUATION,BUY_EFFECTIVE,30,60,UNCHANGED,1,0.0,-1.77151137,-1.77151137
OLD_1M,ANALYSIS,EFFECTIVE_CONTINUATION,BUY_EFFECTIVE,30,60,UNWINDING,344,47.093023255813954,-0.13981887334302323,-0.18198144
OLD_1M,ANALYSIS,EFFECTIVE_CONTINUATION,BUY_EFFECTIVE,30,180,BUILDING,306,51.30718954248366,0.4583220736274506,0.197447465
OLD_1M,ANALYSIS,EFFECTIVE_CONTINUATION,BUY_EFFECTIVE,30,180,MISSING,648,44.75308641975309,-0.5647657145679017,-0.85304588
OLD_1M,ANALYSIS,EFFECTIVE_CONTINUATION,BUY_EFFECTIVE,30,180,STALE,18,44.44444444444444,-6.005103182222221,-3.06390821
OLD_1M,ANALYSIS,EFFECTIVE_CONTINUATION,BUY_EFFECTIVE,30,180,UNCHANGED,1,0.0,-2.37715629,-2.37715629
OLD_1M,ANALYSIS,EFFECTIVE_CONTINUATION,BUY_EFFECTIVE,30,180,UNWINDING,342,46.198830409356724,-0.20719239438596504,-0.451356985
OLD_1M,ANALYSIS,EFFECTIVE_CONTINUATION,BUY_EFFECTIVE,30,300,BUILDING,301,51.16279069767442,0.5923171261461794,0.15153306
OLD_1M,ANALYSIS,EFFECTIVE_CONTINUATION,BUY_EFFECTIVE,30,300,MISSING,647,45.44049459041731,-0.8083978582689332,-0.78103995
OLD_1M,ANALYSIS,EFFECTIVE_CONTINUATION,BUY_EFFECTIVE,30,300,STALE,18,38.888888888888886,-4.576215876666667,-4.1268079
OLD_1M,ANALYSIS,EFFECTIVE_CONTINUATION,BUY_EFFECTIVE,30,300,UNCHANGED,1,0.0,-11.38612437,-11.38612437
OLD_1M,ANALYSIS,EFFECTIVE_CONTINUATION,BUY_EFFECTIVE,30,300,UNWINDING,333,43.24324324324324,-1.058032888378378,-1.03030459
OLD_1M,ANALYSIS,EFFECTIVE_CONTINUATION,BUY_EFFECTIVE,30,600,BUILDING,290,48.275862068965516,0.3915825217931033,-0.37945015
OLD_1M,ANALYSIS,EFFECTIVE_CONTINUATION,BUY_EFFECTIVE,30,600,MISSING,639,47.73082942097027,-0.5965048657433495,-1.00952266
OLD_1M,ANALYSIS,EFFECTIVE_CONTINUATION,BUY_EFFECTIVE,30,600,STALE,18,50.0,-7.708397102777777,0.47811278500000004
OLD_1M,ANALYSIS,EFFECTIVE_CONTINUATION,BUY_EFFECTIVE,30,600,UNCHANGED,1,0.0,-13.02136564,-13.02136564
OLD_1M,ANALYSIS,EFFECTIVE_CONTINUATION,BUY_EFFECTIVE,30,600,UNWINDING,320,45.625,-0.591662334343751,-1.09075127
OLD_1M,ANALYSIS,EFFECTIVE_CONTINUATION,BUY_EFFECTIVE,60,60,BUILDING,241,54.77178423236514,0.5784253710373441,0.72728044
OLD_1M,ANALYSIS,EFFECTIVE_CONTINUATION,BUY_EFFECTIVE,60,60,MISSING,516,48.06201550387597,-0.1275542416472868,-0.188231525
OLD_1M,ANALYSIS,EFFECTIVE_CONTINUATION,BUY_EFFECTIVE,60,60,STALE,14,57.142857142857146,0.9808929821428573,1.087472375
OLD_1M,ANALYSIS,EFFECTIVE_CONTINUATION,BUY_EFFECTIVE,60,60,UNWINDING,255,42.745098039215684,-0.2769620025882351,-0.30850058
OLD_1M,ANALYSIS,EFFECTIVE_CONTINUATION,BUY_EFFECTIVE,60,180,BUILDING,235,51.48936170212766,0.9691353949787235,0.31931296
OLD_1M,ANALYSIS,EFFECTIVE_CONTINUATION,BUY_EFFECTIVE,60,180,MISSING,512,43.5546875,-0.3934074329296879,-0.8671197150000001
OLD_1M,ANALYSIS,EFFECTIVE_CONTINUATION,BUY_EFFECTIVE,60,180,STALE,14,42.857142857142854,-1.9548576871428567,-2.28105487
OLD_1M,ANALYSIS,EFFECTIVE_CONTINUATION,BUY_EFFECTIVE,60,180,UNWINDING,254,49.21259842519685,-0.09742750669291339,-0.15191089000000002
OLD_1M,ANALYSIS,EFFECTIVE_CONTINUATION,BUY_EFFECTIVE,60,300,BUILDING,230,53.04347826086956,1.2273297498260873,0.78954592
OLD_1M,ANALYSIS,EFFECTIVE_CONTINUATION,BUY_EFFECTIVE,60,300,MISSING,511,46.771037181996086,-0.18116680307240704,-0.3633974
OLD_1M,ANALYSIS,EFFECTIVE_CONTINUATION,BUY_EFFECTIVE,60,300,STALE,14,50.0,-0.9868306542857139,-0.7585113400000001
OLD_1M,ANALYSIS,EFFECTIVE_CONTINUATION,BUY_EFFECTIVE,60,300,UNWINDING,253,43.08300395256917,-0.9106216644664029,-1.62253227
OLD_1M,ANALYSIS,EFFECTIVE_CONTINUATION,BUY_EFFECTIVE,60,600,BUILDING,222,46.846846846846844,0.3714899654504504,-0.59938505
OLD_1M,ANALYSIS,EFFECTIVE_CONTINUATION,BUY_EFFECTIVE,60,600,MISSING,508,49.01574803149607,-0.31356862094488164,-0.53641238
OLD_1M,ANALYSIS,EFFECTIVE_CONTINUATION,BUY_EFFECTIVE,60,600,STALE,14,50.0,2.9342777471428567,1.9463323899999998
OLD_1M,ANALYSIS,EFFECTIVE_CONTINUATION,BUY_EFFECTIVE,60,600,UNWINDING,242,46.69421487603306,0.20699515210743913,-0.40139695
OLD_1M,ANALYSIS,EFFECTIVE_CONTINUATION,BUY_EFFECTIVE,180,60,BUILDING,106,58.490566037735846,0.706858408396226,0.81704258
OLD_1M,ANALYSIS,EFFECTIVE_CONTINUATION,BUY_EFFECTIVE,180,60,MISSING,264,40.53030303030303,-0.7055795361363636,-0.5800820600000001
OLD_1M,ANALYSIS,EFFECTIVE_CONTINUATION,BUY_EFFECTIVE,180,60,STALE,6,66.66666666666667,-2.658281451666667,0.63519925
OLD_1M,ANALYSIS,EFFECTIVE_CONTINUATION,BUY_EFFECTIVE,180,60,UNWINDING,139,44.60431654676259,-0.15311781640287772,-0.48755887
OLD_1M,ANALYSIS,EFFECTIVE_CONTINUATION,BUY_EFFECTIVE,180,180,BUILDING,102,51.96078431372549,0.0592182073529412,0.091155245
OLD_1M,ANALYSIS,EFFECTIVE_CONTINUATION,BUY_EFFECTIVE,180,180,MISSING,263,42.965779467680605,-0.896352249695818,-1.10750372
OLD_1M,ANALYSIS,EFFECTIVE_CONTINUATION,BUY_EFFECTIVE,180,180,STALE,6,50.0,-2.1263783516666668,-1.4043286400000001
OLD_1M,ANALYSIS,EFFECTIVE_CONTINUATION,BUY_EFFECTIVE,180,180,UNWINDING,139,51.07913669064748,-1.2310663279856113,0.10638605
OLD_1M,ANALYSIS,EFFECTIVE_CONTINUATION,BUY_EFFECTIVE,180,300,BUILDING,101,48.51485148514851,-0.4949115394059406,-0.53331627
OLD_1M,ANALYSIS,EFFECTIVE_CONTINUATION,BUY_EFFECTIVE,180,300,MISSING,263,46.00760456273764,-0.6033304695817494,-0.55800289
OLD_1M,ANALYSIS,EFFECTIVE_CONTINUATION,BUY_EFFECTIVE,180,300,STALE,6,50.0,2.089322248333333,0.17462137500000008
OLD_1M,ANALYSIS,EFFECTIVE_CONTINUATION,BUY_EFFECTIVE,180,300,UNWINDING,138,48.55072463768116,-0.4493738659420291,-0.554089425
OLD_1M,ANALYSIS,EFFECTIVE_CONTINUATION,BUY_EFFECTIVE,180,600,BUILDING,98,56.12244897959184,0.14756100714285714,2.22559629
OLD_1M,ANALYSIS,EFFECTIVE_CONTINUATION,BUY_EFFECTIVE,180,600,MISSING,261,50.95785440613027,-0.6392802073946355,0.12006496
OLD_1M,ANALYSIS,EFFECTIVE_CONTINUATION,BUY_EFFECTIVE,180,600,STALE,6,33.333333333333336,-11.501686423333332,-1.14928795
OLD_1M,ANALYSIS,EFFECTIVE_CONTINUATION,BUY_EFFECTIVE,180,600,UNWINDING,133,51.8796992481203,-0.3983103689473677,0.16682464
OLD_1M,ANALYSIS,EFFECTIVE_CONTINUATION,BUY_EFFECTIVE,300,60,BUILDING,59,44.067796610169495,0.12182688508474591,-0.33906403
OLD_1M,ANALYSIS,EFFECTIVE_CONTINUATION,BUY_EFFECTIVE,300,60,MISSING,164,48.170731707317074,0.08811484780487805,-0.06775629
OLD_1M,ANALYSIS,EFFECTIVE_CONTINUATION,BUY_EFFECTIVE,300,60,STALE,4,50.0,-1.5665038699999996,0.22231541499999996
OLD_1M,ANALYSIS,EFFECTIVE_CONTINUATION,BUY_EFFECTIVE,300,60,UNWINDING,95,52.63157894736842,0.09566107642105275,0.13658196
OLD_1M,ANALYSIS,EFFECTIVE_CONTINUATION,BUY_EFFECTIVE,300,180,BUILDING,57,47.36842105263158,0.17463572315789477,-0.66868183
OLD_1M,ANALYSIS,EFFECTIVE_CONTINUATION,BUY_EFFECTIVE,300,180,MISSING,164,53.65853658536585,0.2588874887195123,0.489708995
OLD_1M,ANALYSIS,EFFECTIVE_CONTINUATION,BUY_EFFECTIVE,300,180,STALE,4,50.0,0.7064949149999997,1.77547379
OLD_1M,ANALYSIS,EFFECTIVE_CONTINUATION,BUY_EFFECTIVE,300,180,UNWINDING,95,52.63157894736842,0.09896258336842094,0.34878925
OLD_1M,ANALYSIS,EFFECTIVE_CONTINUATION,BUY_EFFECTIVE,300,300,BUILDING,56,48.214285714285715,-1.4168871457142858,-0.90225681
OLD_1M,ANALYSIS,EFFECTIVE_CONTINUATION,BUY_EFFECTIVE,300,300,MISSING,164,56.707317073170735,0.4222331836585366,1.198896715
OLD_1M,ANALYSIS,EFFECTIVE_CONTINUATION,BUY_EFFECTIVE,300,300,STALE,4,75.0,1.188552835,4.114109785
OLD_1M,ANALYSIS,EFFECTIVE_CONTINUATION,BUY_EFFECTIVE,300,300,UNWINDING,95,53.68421052631579,0.4206610605263159,0.68188844
OLD_1M,ANALYSIS,EFFECTIVE_CONTINUATION,BUY_EFFECTIVE,300,600,BUILDING,50,50.0,-0.8562944482000002,0.22727252
OLD_1M,ANALYSIS,EFFECTIVE_CONTINUATION,BUY_EFFECTIVE,300,600,MISSING,159,54.088050314465406,1.4472431833333341,1.66585375
OLD_1M,ANALYSIS,EFFECTIVE_CONTINUATION,BUY_EFFECTIVE,300,600,STALE,3,33.333333333333336,-2.2092901033333336,-4.08064198
OLD_1M,ANALYSIS,EFFECTIVE_CONTINUATION,BUY_EFFECTIVE,300,600,UNWINDING,91,48.35164835164835,2.6526236874725275,-0.2123065
OLD_1M,ANALYSIS,EFFECTIVE_CONTINUATION,BUY_EFFECTIVE,900,60,BUILDING,3,33.333333333333336,-1.3557936899999998,-2.25403078
OLD_1M,ANALYSIS,EFFECTIVE_CONTINUATION,BUY_EFFECTIVE,900,60,MISSING,25,52.0,0.3334169788,0.45202712
OLD_1M,ANALYSIS,EFFECTIVE_CONTINUATION,BUY_EFFECTIVE,900,60,UNWINDING,39,33.333333333333336,-0.06576750128205149,-0.40847448
OLD_1M,ANALYSIS,EFFECTIVE_CONTINUATION,BUY_EFFECTIVE,900,180,BUILDING,3,33.333333333333336,-2.9180640466666667,-5.06807867
OLD_1M,ANALYSIS,EFFECTIVE_CONTINUATION,BUY_EFFECTIVE,900,180,MISSING,25,56.0,0.9527701524,0.45202712
OLD_1M,ANALYSIS,EFFECTIVE_CONTINUATION,BUY_EFFECTIVE,900,180,UNWINDING,39,38.46153846153846,-1.723458107948718,-2.42851809
OLD_1M,ANALYSIS,EFFECTIVE_CONTINUATION,BUY_EFFECTIVE,900,300,BUILDING,3,33.333333333333336,-0.1656182966666666,-6.5351765
OLD_1M,ANALYSIS,EFFECTIVE_CONTINUATION,BUY_EFFECTIVE,900,300,MISSING,25,68.0,3.1102205240000007,3.19432014
OLD_1M,ANALYSIS,EFFECTIVE_CONTINUATION,BUY_EFFECTIVE,900,300,UNWINDING,39,35.8974358974359,-1.7957524774358977,-2.64534177
OLD_1M,ANALYSIS,EFFECTIVE_CONTINUATION,BUY_EFFECTIVE,900,600,BUILDING,3,100.0,12.293595956666666,12.26858365
OLD_1M,ANALYSIS,EFFECTIVE_CONTINUATION,BUY_EFFECTIVE,900,600,MISSING,25,80.0,7.5531200708,8.57343471
OLD_1M,ANALYSIS,EFFECTIVE_CONTINUATION,BUY_EFFECTIVE,900,600,UNWINDING,37,32.432432432432435,-2.9122554064864863,-2.12725546
OLD_1M,ANALYSIS,EFFECTIVE_CONTINUATION,BUY_EFFECTIVE,1800,60,BUILDING,1,0.0,-0.69648216,-0.69648216
OLD_1M,ANALYSIS,EFFECTIVE_CONTINUATION,BUY_EFFECTIVE,1800,60,MISSING,36,41.666666666666664,0.21877671444444433,-0.01506249
OLD_1M,ANALYSIS,EFFECTIVE_CONTINUATION,BUY_EFFECTIVE,1800,60,UNWINDING,8,25.0,-0.38851627750000006,-0.5388551
OLD_1M,ANALYSIS,EFFECTIVE_CONTINUATION,BUY_EFFECTIVE,1800,180,BUILDING,1,100.0,0.07570458,0.07570458
OLD_1M,ANALYSIS,EFFECTIVE_CONTINUATION,BUY_EFFECTIVE,1800,180,MISSING,36,52.77777777777778,1.3939314641666667,1.37811685
OLD_1M,ANALYSIS,EFFECTIVE_CONTINUATION,BUY_EFFECTIVE,1800,180,UNWINDING,8,87.5,2.684884065,2.74877451
OLD_1M,ANALYSIS,EFFECTIVE_CONTINUATION,BUY_EFFECTIVE,1800,300,BUILDING,1,0.0,-7.615881,-7.615881
OLD_1M,ANALYSIS,EFFECTIVE_CONTINUATION,BUY_EFFECTIVE,1800,300,MISSING,36,63.888888888888886,1.6925195186111113,3.50212593
OLD_1M,ANALYSIS,EFFECTIVE_CONTINUATION,BUY_EFFECTIVE,1800,300,UNWINDING,8,62.5,2.5420430775000002,2.256621115
OLD_1M,ANALYSIS,EFFECTIVE_CONTINUATION,BUY_EFFECTIVE,1800,600,BUILDING,1,0.0,-6.25319852,-6.25319852
OLD_1M,ANALYSIS,EFFECTIVE_CONTINUATION,BUY_EFFECTIVE,1800,600,MISSING,36,58.333333333333336,1.9431123216666668,0.7096642799999999
OLD_1M,ANALYSIS,EFFECTIVE_CONTINUATION,BUY_EFFECTIVE,1800,600,UNWINDING,8,50.0,-2.3793158587499996,-1.5438784349999999
OLD_1M,ANALYSIS,TRAPPED_REVERSAL,BUY_TRAPPED,30,60,BUILDING,87,57.47126436781609,0.4538482608045975,0.66331103
OLD_1M,ANALYSIS,TRAPPED_REVERSAL,BUY_TRAPPED,30,60,MISSING,132,56.81818181818182,0.32347395393939393,0.32580370000000003
OLD_1M,ANALYSIS,TRAPPED_REVERSAL,BUY_TRAPPED,30,60,STALE,4,0.0,-7.66975766,-7.44309903
OLD_1M,ANALYSIS,TRAPPED_REVERSAL,BUY_TRAPPED,30,60,UNWINDING,59,45.76271186440678,0.11903575593220352,-0.09098298
OLD_1M,ANALYSIS,TRAPPED_REVERSAL,BUY_TRAPPED,30,180,BUILDING,80,55.0,1.5569408276249996,1.863991655
OLD_1M,ANALYSIS,TRAPPED_REVERSAL,BUY_TRAPPED,30,180,MISSING,130,50.76923076923077,-0.15191376415384605,0.07511909
OLD_1M,ANALYSIS,TRAPPED_REVERSAL,BUY_TRAPPED,30,180,STALE,4,0.0,-10.8460600575,-10.948562995
OLD_1M,ANALYSIS,TRAPPED_REVERSAL,BUY_TRAPPED,30,180,UNWINDING,58,48.275862068965516,-0.6460314444827588,-1.2380798450000001
OLD_1M,ANALYSIS,TRAPPED_REVERSAL,BUY_TRAPPED,30,300,BUILDING,79,59.49367088607595,1.9408272336708858,1.9101299
OLD_1M,ANALYSIS,TRAPPED_REVERSAL,BUY_TRAPPED,30,300,MISSING,130,42.30769230769231,-0.8891816583076922,-0.62305524
OLD_1M,ANALYSIS,TRAPPED_REVERSAL,BUY_TRAPPED,30,300,STALE,4,0.0,-12.3752481025,-11.17715583
OLD_1M,ANALYSIS,TRAPPED_REVERSAL,BUY_TRAPPED,30,300,UNWINDING,57,61.40350877192982,2.5106094238596492,2.05495091
OLD_1M,ANALYSIS,TRAPPED_REVERSAL,BUY_TRAPPED,30,600,BUILDING,70,58.57142857142857,1.630433000571429,1.034832965
OLD_1M,ANALYSIS,TRAPPED_REVERSAL,BUY_TRAPPED,30,600,MISSING,128,46.09375,-0.7887206448437498,-0.939206225
OLD_1M,ANALYSIS,TRAPPED_REVERSAL,BUY_TRAPPED,30,600,STALE,4,0.0,-11.913204445,-8.013169515000001
OLD_1M,ANALYSIS,TRAPPED_REVERSAL,BUY_TRAPPED,30,600,UNWINDING,55,60.0,4.161877209454544,1.47652028
OLD_1M,ANALYSIS,TRAPPED_REVERSAL,BUY_TRAPPED,60,60,BUILDING,75,46.666666666666664,0.09008334866666666,-0.23130301
OLD_1M,ANALYSIS,TRAPPED_REVERSAL,BUY_TRAPPED,60,60,MISSING,113,47.78761061946903,0.3840201873451328,-0.01516572
OLD_1M,ANALYSIS,TRAPPED_REVERSAL,BUY_TRAPPED,60,60,STALE,1,0.0,-5.81502065,-5.81502065
OLD_1M,ANALYSIS,TRAPPED_REVERSAL,BUY_TRAPPED,60,60,UNWINDING,51,37.254901960784316,-0.657832840980392,-0.39569123
OLD_1M,ANALYSIS,TRAPPED_REVERSAL,BUY_TRAPPED,60,180,BUILDING,70,51.42857142857143,-0.011262910142857154,0.50930598
OLD_1M,ANALYSIS,TRAPPED_REVERSAL,BUY_TRAPPED,60,180,MISSING,112,46.42857142857143,-0.7224661865178573,-0.1805579
OLD_1M,ANALYSIS,TRAPPED_REVERSAL,BUY_TRAPPED,60,180,STALE,1,0.0,-11.63004129,-11.63004129
OLD_1M,ANALYSIS,TRAPPED_REVERSAL,BUY_TRAPPED,60,180,UNWINDING,50,56.0,0.6838019388000001,0.508754275
OLD_1M,ANALYSIS,TRAPPED_REVERSAL,BUY_TRAPPED,60,300,BUILDING,66,53.03030303030303,0.8924646599999998,0.729134095
OLD_1M,ANALYSIS,TRAPPED_REVERSAL,BUY_TRAPPED,60,300,MISSING,111,40.54054054054054,-0.9897569112612616,-1.40307258
OLD_1M,ANALYSIS,TRAPPED_REVERSAL,BUY_TRAPPED,60,300,STALE,1,0.0,-4.8432798,-4.8432798
OLD_1M,ANALYSIS,TRAPPED_REVERSAL,BUY_TRAPPED,60,300,UNWINDING,50,54.0,1.2668472896000003,1.37030714
OLD_1M,ANALYSIS,TRAPPED_REVERSAL,BUY_TRAPPED,60,600,BUILDING,62,48.38709677419355,-0.2318666703225805,-0.05320119
OLD_1M,ANALYSIS,TRAPPED_REVERSAL,BUY_TRAPPED,60,600,MISSING,109,48.62385321100918,-0.15253643238532116,-0.43615712
OLD_1M,ANALYSIS,TRAPPED_REVERSAL,BUY_TRAPPED,60,600,STALE,1,0.0,-8.68396982,-8.68396982
OLD_1M,ANALYSIS,TRAPPED_REVERSAL,BUY_TRAPPED,60,600,UNWINDING,47,53.191489361702125,2.286905569787234,0.54737367
OLD_1M,ANALYSIS,TRAPPED_REVERSAL,BUY_TRAPPED,180,60,BUILDING,22,59.09090909090909,0.6101043677272731,0.40329366
OLD_1M,ANALYSIS,TRAPPED_REVERSAL,BUY_TRAPPED,180,60,MISSING,54,37.03703703703704,-0.7269947168518521,-1.057447695
OLD_1M,ANALYSIS,TRAPPED_REVERSAL,BUY_TRAPPED,180,60,UNWINDING,17,58.8235294117647,1.4967181358823527,1.93043444
OLD_1M,ANALYSIS,TRAPPED_REVERSAL,BUY_TRAPPED,180,180,BUILDING,20,70.0,0.9525539610000001,1.6986631650000001
OLD_1M,ANALYSIS,TRAPPED_REVERSAL,BUY_TRAPPED,180,180,MISSING,54,37.03703703703704,-1.505795160555556,-1.42609463
OLD_1M,ANALYSIS,TRAPPED_REVERSAL,BUY_TRAPPED,180,180,UNWINDING,17,52.94117647058823,-1.0442308029411764,0.41050778
OLD_1M,ANALYSIS,TRAPPED_REVERSAL,BUY_TRAPPED,180,300,BUILDING,20,50.0,1.6492762535,0.03084097
OLD_1M,ANALYSIS,TRAPPED_REVERSAL,BUY_TRAPPED,180,300,MISSING,53,37.735849056603776,-2.6796408164150947,-2.1277559
OLD_1M,ANALYSIS,TRAPPED_REVERSAL,BUY_TRAPPED,180,300,UNWINDING,15,46.666666666666664,1.6480433866666664,-2.86437416
OLD_1M,ANALYSIS,TRAPPED_REVERSAL,BUY_TRAPPED,180,600,BUILDING,18,27.77777777777778,-3.0696494111111114,-5.1571744200000005
OLD_1M,ANALYSIS,TRAPPED_REVERSAL,BUY_TRAPPED,180,600,MISSING,53,41.509433962264154,-3.362295857735849,-1.52983944
OLD_1M,ANALYSIS,TRAPPED_REVERSAL,BUY_TRAPPED,180,600,UNWINDING,13,61.53846153846154,3.453951724615384,2.49284447
OLD_1M,ANALYSIS,TRAPPED_REVERSAL,BUY_TRAPPED,300,60,BUILDING,17,58.8235294117647,0.14175651882352946,0.30443717
OLD_1M,ANALYSIS,TRAPPED_REVERSAL,BUY_TRAPPED,300,60,MISSING,29,20.689655172413794,-1.0336332541379307,-1.20151726
OLD_1M,ANALYSIS,TRAPPED_REVERSAL,BUY_TRAPPED,300,60,UNWINDING,8,37.5,-1.87439681125,-1.7260627
OLD_1M,ANALYSIS,TRAPPED_REVERSAL,BUY_TRAPPED,300,180,BUILDING,17,70.58823529411765,2.1921215517647057,3.04441806
OLD_1M,ANALYSIS,TRAPPED_REVERSAL,BUY_TRAPPED,300,180,MISSING,29,20.689655172413794,-2.428862532068966,-1.97264202
OLD_1M,ANALYSIS,TRAPPED_REVERSAL,BUY_TRAPPED,300,180,UNWINDING,8,62.5,0.6994859800000003,1.30775727
OLD_1M,ANALYSIS,TRAPPED_REVERSAL,BUY_TRAPPED,300,300,BUILDING,17,64.70588235294117,2.4571977564705887,1.24842213
OLD_1M,ANALYSIS,TRAPPED_REVERSAL,BUY_TRAPPED,300,300,MISSING,27,18.51851851851852,-3.4196829911111113,-1.95590866
OLD_1M,ANALYSIS,TRAPPED_REVERSAL,BUY_TRAPPED,300,300,UNWINDING,5,40.0,0.345631248,-0.92775665
OLD_1M,ANALYSIS,TRAPPED_REVERSAL,BUY_TRAPPED,300,600,BUILDING,15,26.666666666666668,-2.6394190633333334,-1.72908302
OLD_1M,ANALYSIS,TRAPPED_REVERSAL,BUY_TRAPPED,300,600,MISSING,27,40.74074074074074,-5.523759321851851,-9.00287119
OLD_1M,ANALYSIS,TRAPPED_REVERSAL,BUY_TRAPPED,300,600,UNWINDING,5,60.0,0.26749204800000015,0.5623408
OLD_1M,ANALYSIS,TRAPPED_REVERSAL,BUY_TRAPPED,900,60,MISSING,1,100.0,0.01506022,0.01506022
OLD_1M,ANALYSIS,TRAPPED_REVERSAL,BUY_TRAPPED,900,60,UNWINDING,1,100.0,4.10507159,4.10507159
OLD_1M,ANALYSIS,TRAPPED_REVERSAL,BUY_TRAPPED,900,180,MISSING,1,100.0,0.6626496,0.6626496
OLD_1M,ANALYSIS,TRAPPED_REVERSAL,BUY_TRAPPED,900,180,UNWINDING,1,100.0,0.42571113,0.42571113
OLD_1M,ANALYSIS,TRAPPED_REVERSAL,BUY_TRAPPED,900,300,MISSING,1,100.0,1.52108205,1.52108205
OLD_1M,ANALYSIS,TRAPPED_REVERSAL,BUY_TRAPPED,900,600,MISSING,1,100.0,3.96083741,3.96083741
OLD_1M,ANALYSIS,EFFECTIVE_CONTINUATION,SELL_EFFECTIVE,30,60,BUILDING,290,55.51724137931034,0.13107382710344823,0.660171135
OLD_1M,ANALYSIS,EFFECTIVE_CONTINUATION,SELL_EFFECTIVE,30,60,MISSING,692,46.38728323699422,0.03175987959537592,-0.211212685
OLD_1M,ANALYSIS,EFFECTIVE_CONTINUATION,SELL_EFFECTIVE,30,60,STALE,12,58.333333333333336,2.977986806666666,1.8216408450000001
OLD_1M,ANALYSIS,EFFECTIVE_CONTINUATION,SELL_EFFECTIVE,30,60,UNWINDING,290,50.3448275862069,0.286110041724138,0.03794997
OLD_1M,ANALYSIS,EFFECTIVE_CONTINUATION,SELL_EFFECTIVE,30,180,BUILDING,284,55.985915492957744,0.22786843088028202,1.22671601
OLD_1M,ANALYSIS,EFFECTIVE_CONTINUATION,SELL_EFFECTIVE,30,180,MISSING,689,50.653120464441216,0.026191396806966877,0.12041972
OLD_1M,ANALYSIS,EFFECTIVE_CONTINUATION,SELL_EFFECTIVE,30,180,STALE,12,66.66666666666667,4.4617022275,2.649178105
OLD_1M,ANALYSIS,EFFECTIVE_CONTINUATION,SELL_EFFECTIVE,30,180,UNWINDING,282,45.744680851063826,-0.45120745113475247,-0.7038705599999999
OLD_1M,ANALYSIS,EFFECTIVE_CONTINUATION,SELL_EFFECTIVE,30,300,BUILDING,282,50.0,-0.1928826265248229,-0.007561099999999999
OLD_1M,ANALYSIS,EFFECTIVE_CONTINUATION,SELL_EFFECTIVE,30,300,MISSING,676,52.514792899408285,0.20715463217455604,0.39146084999999997
OLD_1M,ANALYSIS,EFFECTIVE_CONTINUATION,SELL_EFFECTIVE,30,300,STALE,12,75.0,6.8484114275,6.10942148
OLD_1M,ANALYSIS,EFFECTIVE_CONTINUATION,SELL_EFFECTIVE,30,300,UNWINDING,278,50.0,-0.09888612187050355,-0.045933855
OLD_1M,ANALYSIS,EFFECTIVE_CONTINUATION,SELL_EFFECTIVE,30,600,BUILDING,267,46.441947565543074,-0.13572530059925061,-0.80489009
OLD_1M,ANALYSIS,EFFECTIVE_CONTINUATION,SELL_EFFECTIVE,30,600,MISSING,672,51.19047619047619,0.11556261507440406,0.24811614999999998
OLD_1M,ANALYSIS,EFFECTIVE_CONTINUATION,SELL_EFFECTIVE,30,600,STALE,12,91.66666666666667,16.89618123083333,14.7678034
OLD_1M,ANALYSIS,EFFECTIVE_CONTINUATION,SELL_EFFECTIVE,30,600,UNWINDING,271,49.07749077490775,-0.05038932767527694,-0.56336227
OLD_1M,ANALYSIS,EFFECTIVE_CONTINUATION,SELL_EFFECTIVE,60,60,BUILDING,154,54.54545454545455,0.3374484795454547,0.37688822499999997
OLD_1M,ANALYSIS,EFFECTIVE_CONTINUATION,SELL_EFFECTIVE,60,60,MISSING,537,48.4171322160149,0.2521295152700184,-0.01516774
OLD_1M,ANALYSIS,EFFECTIVE_CONTINUATION,SELL_EFFECTIVE,60,60,STALE,5,60.0,1.6699867679999998,1.76114875
OLD_1M,ANALYSIS,EFFECTIVE_CONTINUATION,SELL_EFFECTIVE,60,60,UNWINDING,244,47.131147540983605,-0.07544216217213122,-0.092045495
OLD_1M,ANALYSIS,EFFECTIVE_CONTINUATION,SELL_EFFECTIVE,60,180,BUILDING,151,52.980132450331126,-0.08131278317880809,0.66644957
OLD_1M,ANALYSIS,EFFECTIVE_CONTINUATION,SELL_EFFECTIVE,60,180,MISSING,534,45.3183520599251,-0.38365669265917585,-0.588405235
OLD_1M,ANALYSIS,EFFECTIVE_CONTINUATION,SELL_EFFECTIVE,60,180,STALE,5,60.0,-1.3782922300000005,0.47088703
OLD_1M,ANALYSIS,EFFECTIVE_CONTINUATION,SELL_EFFECTIVE,60,180,UNWINDING,238,44.53781512605042,-0.17833432630252105,-1.115998045
OLD_1M,ANALYSIS,EFFECTIVE_CONTINUATION,SELL_EFFECTIVE,60,300,BUILDING,150,53.333333333333336,-0.4459931939333333,1.7001040550000002
OLD_1M,ANALYSIS,EFFECTIVE_CONTINUATION,SELL_EFFECTIVE,60,300,MISSING,529,47.06994328922495,-0.37114849996219246,-0.66384432
OLD_1M,ANALYSIS,EFFECTIVE_CONTINUATION,SELL_EFFECTIVE,60,300,STALE,5,60.0,0.4646865460000001,0.3493678
OLD_1M,ANALYSIS,EFFECTIVE_CONTINUATION,SELL_EFFECTIVE,60,300,UNWINDING,236,50.42372881355932,-0.3778231874999998,0.356639655
OLD_1M,ANALYSIS,EFFECTIVE_CONTINUATION,SELL_EFFECTIVE,60,600,BUILDING,142,54.225352112676056,0.48811803866197195,1.093802375
OLD_1M,ANALYSIS,EFFECTIVE_CONTINUATION,SELL_EFFECTIVE,60,600,MISSING,524,50.57251908396947,0.1364263728053435,0.37715213000000003
OLD_1M,ANALYSIS,EFFECTIVE_CONTINUATION,SELL_EFFECTIVE,60,600,STALE,5,60.0,7.413528340000001,7.57572307
OLD_1M,ANALYSIS,EFFECTIVE_CONTINUATION,SELL_EFFECTIVE,60,600,UNWINDING,235,45.95744680851064,-1.068942692723404,-0.5160272
OLD_1M,ANALYSIS,EFFECTIVE_CONTINUATION,SELL_EFFECTIVE,180,60,BUILDING,59,47.45762711864407,-0.44835736322033903,-0.07595414
OLD_1M,ANALYSIS,EFFECTIVE_CONTINUATION,SELL_EFFECTIVE,180,60,MISSING,244,49.59016393442623,0.22958835942622954,-0.0
OLD_1M,ANALYSIS,EFFECTIVE_CONTINUATION,SELL_EFFECTIVE,180,60,STALE,5,60.0,-0.30776386800000005,0.43989182
OLD_1M,ANALYSIS,EFFECTIVE_CONTINUATION,SELL_EFFECTIVE,180,60,UNWINDING,76,59.21052631578947,0.6784863032894735,1.001748845
OLD_1M,ANALYSIS,EFFECTIVE_CONTINUATION,SELL_EFFECTIVE,180,180,BUILDING,58,55.172413793103445,0.9082549029310347,1.22267358
OLD_1M,ANALYSIS,EFFECTIVE_CONTINUATION,SELL_EFFECTIVE,180,180,MISSING,240,50.0,0.03447836258333335,0.015133234999999998
OLD_1M,ANALYSIS,EFFECTIVE_CONTINUATION,SELL_EFFECTIVE,180,180,STALE,4,25.0,-3.0828991450000003,-2.837174165
OLD_1M,ANALYSIS,EFFECTIVE_CONTINUATION,SELL_EFFECTIVE,180,180,UNWINDING,76,57.89473684210526,1.749222673289474,1.4011589
OLD_1M,ANALYSIS,EFFECTIVE_CONTINUATION,SELL_EFFECTIVE,180,300,BUILDING,54,64.81481481481481,1.6669171492592596,2.39077229
OLD_1M,ANALYSIS,EFFECTIVE_CONTINUATION,SELL_EFFECTIVE,180,300,MISSING,238,46.63865546218487,-0.5336091073109244,-0.32497374
OLD_1M,ANALYSIS,EFFECTIVE_CONTINUATION,SELL_EFFECTIVE,180,300,STALE,4,75.0,0.19651757249999968,2.33933584
OLD_1M,ANALYSIS,EFFECTIVE_CONTINUATION,SELL_EFFECTIVE,180,300,UNWINDING,76,50.0,-0.10560332315789438,0.121579995
OLD_1M,ANALYSIS,EFFECTIVE_CONTINUATION,SELL_EFFECTIVE,180,600,BUILDING,51,58.8235294117647,3.0683960411764706,2.23692006
OLD_1M,ANALYSIS,EFFECTIVE_CONTINUATION,SELL_EFFECTIVE,180,600,MISSING,234,47.00854700854701,-0.6596477920940158,-0.5272763
OLD_1M,ANALYSIS,EFFECTIVE_CONTINUATION,SELL_EFFECTIVE,180,600,STALE,4,75.0,14.435537055000001,19.92022087
OLD_1M,ANALYSIS,EFFECTIVE_CONTINUATION,SELL_EFFECTIVE,180,600,UNWINDING,75,37.333333333333336,-3.605638972000001,-2.23463347
OLD_1M,ANALYSIS,EFFECTIVE_CONTINUATION,SELL_EFFECTIVE,300,60,BUILDING,46,65.21739130434783,0.5874853076086961,1.30377454
OLD_1M,ANALYSIS,EFFECTIVE_CONTINUATION,SELL_EFFECTIVE,300,60,MISSING,147,55.10204081632653,1.061651700612245,0.7267794
OLD_1M,ANALYSIS,EFFECTIVE_CONTINUATION,SELL_EFFECTIVE,300,60,STALE,4,75.0,4.646924852500001,1.86791156
OLD_1M,ANALYSIS,EFFECTIVE_CONTINUATION,SELL_EFFECTIVE,300,60,UNWINDING,34,38.23529411764706,-1.1264040173529406,-0.561501495
OLD_1M,ANALYSIS,EFFECTIVE_CONTINUATION,SELL_EFFECTIVE,300,180,BUILDING,46,63.04347826086956,0.5288729676086953,1.49312442
OLD_1M,ANALYSIS,EFFECTIVE_CONTINUATION,SELL_EFFECTIVE,300,180,MISSING,146,41.0958904109589,-0.9179372777397261,-1.2386549050000002
OLD_1M,ANALYSIS,EFFECTIVE_CONTINUATION,SELL_EFFECTIVE,300,180,STALE,4,75.0,3.25598148,4.9980332999999995
OLD_1M,ANALYSIS,EFFECTIVE_CONTINUATION,SELL_EFFECTIVE,300,180,UNWINDING,34,41.1764705882353,-0.3044257464705882,-0.3267396
OLD_1M,ANALYSIS,EFFECTIVE_CONTINUATION,SELL_EFFECTIVE,300,300,BUILDING,43,65.11627906976744,0.6940713465116285,1.94884655
OLD_1M,ANALYSIS,EFFECTIVE_CONTINUATION,SELL_EFFECTIVE,300,300,MISSING,145,44.13793103448276,0.26997888441379303,-0.63263207
OLD_1M,ANALYSIS,EFFECTIVE_CONTINUATION,SELL_EFFECTIVE,300,300,STALE,4,25.0,-1.7143382975,-4.388901349999999
OLD_1M,ANALYSIS,EFFECTIVE_CONTINUATION,SELL_EFFECTIVE,300,300,UNWINDING,34,55.88235294117647,-0.8490892341176469,0.97774234
OLD_1M,ANALYSIS,EFFECTIVE_CONTINUATION,SELL_EFFECTIVE,300,600,BUILDING,43,65.11627906976744,2.791331773023256,4.55194451
OLD_1M,ANALYSIS,EFFECTIVE_CONTINUATION,SELL_EFFECTIVE,300,600,MISSING,143,53.84615384615385,2.4574362665734286,1.38198937
OLD_1M,ANALYSIS,EFFECTIVE_CONTINUATION,SELL_EFFECTIVE,300,600,STALE,4,25.0,-3.1366866024999993,-8.79497398
OLD_1M,ANALYSIS,EFFECTIVE_CONTINUATION,SELL_EFFECTIVE,300,600,UNWINDING,34,26.470588235294116,-7.306583677647058,-7.41548905
OLD_1M,ANALYSIS,EFFECTIVE_CONTINUATION,SELL_EFFECTIVE,900,60,MISSING,30,60.0,1.1869273390000001,1.41163825
OLD_1M,ANALYSIS,EFFECTIVE_CONTINUATION,SELL_EFFECTIVE,900,60,UNWINDING,3,33.333333333333336,-1.7751088333333334,-1.77578647
OLD_1M,ANALYSIS,EFFECTIVE_CONTINUATION,SELL_EFFECTIVE,900,180,MISSING,30,50.0,0.7532533349999999,0.231682615
OLD_1M,ANALYSIS,EFFECTIVE_CONTINUATION,SELL_EFFECTIVE,900,180,UNWINDING,3,0.0,-14.438972773333333,-15.587459
OLD_1M,ANALYSIS,EFFECTIVE_CONTINUATION,SELL_EFFECTIVE,900,300,MISSING,30,53.333333333333336,0.24424733099999985,1.409829
OLD_1M,ANALYSIS,EFFECTIVE_CONTINUATION,SELL_EFFECTIVE,900,300,UNWINDING,3,0.0,-27.688945253333333,-27.0465939
OLD_1M,ANALYSIS,EFFECTIVE_CONTINUATION,SELL_EFFECTIVE,900,600,MISSING,29,37.93103448275862,-2.361991702413794,-2.50338183
OLD_1M,ANALYSIS,EFFECTIVE_CONTINUATION,SELL_EFFECTIVE,900,600,UNWINDING,3,0.0,-45.116808230000004,-45.48745339
OLD_1M,ANALYSIS,EFFECTIVE_CONTINUATION,SELL_EFFECTIVE,1800,60,MISSING,8,62.5,1.2827807049999997,1.971386135
OLD_1M,ANALYSIS,EFFECTIVE_CONTINUATION,SELL_EFFECTIVE,1800,180,MISSING,8,87.5,3.30256007125,4.396171170000001
OLD_1M,ANALYSIS,EFFECTIVE_CONTINUATION,SELL_EFFECTIVE,1800,300,MISSING,8,62.5,0.7770211000000002,0.35548473999999997
OLD_1M,ANALYSIS,EFFECTIVE_CONTINUATION,SELL_EFFECTIVE,1800,600,MISSING,8,62.5,-0.19599967125000012,1.94856464
OLD_1M,ANALYSIS,TRAPPED_REVERSAL,SELL_TRAPPED,30,60,BUILDING,46,41.30434782608695,-1.052997511739131,-0.7117852600000001
OLD_1M,ANALYSIS,TRAPPED_REVERSAL,SELL_TRAPPED,30,60,MISSING,138,56.52173913043478,0.6454183987681159,0.5783157800000001
OLD_1M,ANALYSIS,TRAPPED_REVERSAL,SELL_TRAPPED,30,60,STALE,3,100.0,4.2379997000000005,1.84037696
OLD_1M,ANALYSIS,TRAPPED_REVERSAL,SELL_TRAPPED,30,60,UNWINDING,38,68.42105263157895,1.453244147631579,1.098177945
OLD_1M,ANALYSIS,TRAPPED_REVERSAL,SELL_TRAPPED,30,180,BUILDING,46,39.130434782608695,-2.4837175319565215,-1.4538592650000002
OLD_1M,ANALYSIS,TRAPPED_REVERSAL,SELL_TRAPPED,30,180,MISSING,138,52.17391304347826,0.9973670002173911,0.18066275999999998
OLD_1M,ANALYSIS,TRAPPED_REVERSAL,SELL_TRAPPED,30,180,STALE,3,66.66666666666667,0.20693807000000009,1.99595933
OLD_1M,ANALYSIS,TRAPPED_REVERSAL,SELL_TRAPPED,30,180,UNWINDING,38,44.73684210526316,0.5128640176315787,-0.372046435
OLD_1M,ANALYSIS,TRAPPED_REVERSAL,SELL_TRAPPED,30,300,BUILDING,45,57.77777777777778,-2.335555987111111,2.00648154
OLD_1M,ANALYSIS,TRAPPED_REVERSAL,SELL_TRAPPED,30,300,MISSING,138,54.34782608695652,1.1791782980434788,0.9205147549999999
OLD_1M,ANALYSIS,TRAPPED_REVERSAL,SELL_TRAPPED,30,300,STALE,3,0.0,-8.04321185,-5.16511612
OLD_1M,ANALYSIS,TRAPPED_REVERSAL,SELL_TRAPPED,30,300,UNWINDING,38,47.36842105263158,2.134739054736842,-0.34178764
OLD_1M,ANALYSIS,TRAPPED_REVERSAL,SELL_TRAPPED,30,600,BUILDING,44,50.0,-2.515600212727272,0.51565471
OLD_1M,ANALYSIS,TRAPPED_REVERSAL,SELL_TRAPPED,30,600,MISSING,138,51.44927536231884,0.7875158057246366,0.89299408
OLD_1M,ANALYSIS,TRAPPED_REVERSAL,SELL_TRAPPED,30,600,STALE,3,33.333333333333336,-2.6763676566666663,-1.42971433
OLD_1M,ANALYSIS,TRAPPED_REVERSAL,SELL_TRAPPED,30,600,UNWINDING,38,65.78947368421052,4.776562280789474,5.374747214999999
OLD_1M,ANALYSIS,TRAPPED_REVERSAL,SELL_TRAPPED,60,60,BUILDING,14,42.857142857142854,-0.46514696071428546,-2.24777676
OLD_1M,ANALYSIS,TRAPPED_REVERSAL,SELL_TRAPPED,60,60,MISSING,105,53.333333333333336,0.8199805324761907,0.21098064
OLD_1M,ANALYSIS,TRAPPED_REVERSAL,SELL_TRAPPED,60,60,UNWINDING,26,73.07692307692308,0.5203190953846154,2.0984205200000003
OLD_1M,ANALYSIS,TRAPPED_REVERSAL,SELL_TRAPPED,60,180,BUILDING,14,64.28571428571429,1.6040238028571427,1.005320225
OLD_1M,ANALYSIS,TRAPPED_REVERSAL,SELL_TRAPPED,60,180,MISSING,104,60.57692307692308,1.249049600192308,1.3356539600000001
OLD_1M,ANALYSIS,TRAPPED_REVERSAL,SELL_TRAPPED,60,180,UNWINDING,26,50.0,0.7705761984615385,-0.25793180499999996
OLD_1M,ANALYSIS,TRAPPED_REVERSAL,SELL_TRAPPED,60,300,BUILDING,9,55.55555555555556,-0.4656798322222223,0.89194738
OLD_1M,ANALYSIS,TRAPPED_REVERSAL,SELL_TRAPPED,60,300,MISSING,104,54.80769230769231,1.4380062467307693,1.27101066
OLD_1M,ANALYSIS,TRAPPED_REVERSAL,SELL_TRAPPED,60,300,UNWINDING,26,50.0,2.265720836153846,0.26537246
OLD_1M,ANALYSIS,TRAPPED_REVERSAL,SELL_TRAPPED,60,600,BUILDING,9,22.22222222222222,-8.879872155555555,-9.16135782
OLD_1M,ANALYSIS,TRAPPED_REVERSAL,SELL_TRAPPED,60,600,MISSING,101,53.46534653465346,-0.598768962178218,0.95209453
OLD_1M,ANALYSIS,TRAPPED_REVERSAL,SELL_TRAPPED,60,600,UNWINDING,26,69.23076923076923,4.11578457076923,3.0048131
OLD_1M,ANALYSIS,TRAPPED_REVERSAL,SELL_TRAPPED,180,60,BUILDING,12,25.0,-1.1265555216666667,-1.7451055750000002
OLD_1M,ANALYSIS,TRAPPED_REVERSAL,SELL_TRAPPED,180,60,MISSING,31,41.935483870967744,-0.5292646722580647,-0.39223436
OLD_1M,ANALYSIS,TRAPPED_REVERSAL,SELL_TRAPPED,180,60,UNWINDING,4,100.0,5.4555530125,5.4675335050000005
OLD_1M,ANALYSIS,TRAPPED_REVERSAL,SELL_TRAPPED,180,180,BUILDING,12,83.33333333333333,3.7597522733333335,3.988210595
OLD_1M,ANALYSIS,TRAPPED_REVERSAL,SELL_TRAPPED,180,180,MISSING,29,51.724137931034484,0.9665853413793098,0.55531625
OLD_1M,ANALYSIS,TRAPPED_REVERSAL,SELL_TRAPPED,180,180,UNWINDING,4,0.0,-2.7899293975,-2.999920735
OLD_1M,ANALYSIS,TRAPPED_REVERSAL,SELL_TRAPPED,180,300,BUILDING,7,42.857142857142854,2.22919323,-0.46996257
OLD_1M,ANALYSIS,TRAPPED_REVERSAL,SELL_TRAPPED,180,300,MISSING,28,42.857142857142854,3.8182882553571416,-1.822234725
OLD_1M,ANALYSIS,TRAPPED_REVERSAL,SELL_TRAPPED,180,300,UNWINDING,4,75.0,3.4426659924999994,4.827967599999999
OLD_1M,ANALYSIS,TRAPPED_REVERSAL,SELL_TRAPPED,180,600,BUILDING,7,71.42857142857143,1.9610099228571423,5.3289204
OLD_1M,ANALYSIS,TRAPPED_REVERSAL,SELL_TRAPPED,180,600,MISSING,28,39.285714285714285,5.825570505714283,-3.8629983699999997
OLD_1M,ANALYSIS,TRAPPED_REVERSAL,SELL_TRAPPED,180,600,UNWINDING,4,75.0,8.146284784999999,17.019686524999997
OLD_1M,ANALYSIS,TRAPPED_REVERSAL,SELL_TRAPPED,300,60,BUILDING,7,100.0,2.428513221428571,2.10621148
OLD_1M,ANALYSIS,TRAPPED_REVERSAL,SELL_TRAPPED,300,60,MISSING,10,40.0,-1.262531887,-0.46227486500000003
OLD_1M,ANALYSIS,TRAPPED_REVERSAL,SELL_TRAPPED,300,60,UNWINDING,2,0.0,-7.16040494,-7.16040494
OLD_1M,ANALYSIS,TRAPPED_REVERSAL,SELL_TRAPPED,300,180,BUILDING,7,57.142857142857146,5.181768102857142,11.57857671
OLD_1M,ANALYSIS,TRAPPED_REVERSAL,SELL_TRAPPED,300,180,MISSING,9,44.44444444444444,-4.209424646666666,-3.09398505
OLD_1M,ANALYSIS,TRAPPED_REVERSAL,SELL_TRAPPED,300,180,UNWINDING,2,0.0,-3.06803468,-3.06803468
OLD_1M,ANALYSIS,TRAPPED_REVERSAL,SELL_TRAPPED,300,300,BUILDING,4,100.0,7.8271781725,4.554411555
OLD_1M,ANALYSIS,TRAPPED_REVERSAL,SELL_TRAPPED,300,300,MISSING,9,0.0,-6.767951694444444,-3.10850962
OLD_1M,ANALYSIS,TRAPPED_REVERSAL,SELL_TRAPPED,300,300,UNWINDING,2,100.0,2.909226395,2.909226395
OLD_1M,ANALYSIS,TRAPPED_REVERSAL,SELL_TRAPPED,300,600,BUILDING,4,100.0,17.898809009999997,20.396173079999997
OLD_1M,ANALYSIS,TRAPPED_REVERSAL,SELL_TRAPPED,300,600,MISSING,9,33.333333333333336,-3.975630117777778,-6.98399539
OLD_1M,ANALYSIS,TRAPPED_REVERSAL,SELL_TRAPPED,300,600,UNWINDING,2,100.0,11.385515909999999,11.385515909999999
OLD_1M,ENTRY_PROBE,STALLED_PRESSURE_PROBE,BUY_STALLED,30,60,BUILDING,371,42.857142857142854,-0.4633869836927225,-0.39513017
OLD_1M,ENTRY_PROBE,STALLED_PRESSURE_PROBE,BUY_STALLED,30,60,MISSING,761,48.48883048620237,-0.1338826538370566,-0.01519157
OLD_1M,ENTRY_PROBE,STALLED_PRESSURE_PROBE,BUY_STALLED,30,60,STALE,14,71.42857142857143,2.3406912235714286,3.1829749400000003
OLD_1M,ENTRY_PROBE,STALLED_PRESSURE_PROBE,BUY_STALLED,30,60,UNWINDING,431,48.02784222737819,-0.15114550596287704,0.0
OLD_1M,ENTRY_PROBE,STALLED_PRESSURE_PROBE,BUY_STALLED,30,180,BUILDING,359,48.74651810584958,-0.7183773506128136,-0.32380773
OLD_1M,ENTRY_PROBE,STALLED_PRESSURE_PROBE,BUY_STALLED,30,180,MISSING,760,46.973684210526315,-0.21456520518421057,-0.294255265
OLD_1M,ENTRY_PROBE,STALLED_PRESSURE_PROBE,BUY_STALLED,30,180,STALE,14,78.57142857142857,4.668137957142856,7.14096086
OLD_1M,ENTRY_PROBE,STALLED_PRESSURE_PROBE,BUY_STALLED,30,180,UNWINDING,425,51.529411764705884,-0.23300722381176484,0.19728925
OLD_1M,ENTRY_PROBE,STALLED_PRESSURE_PROBE,BUY_STALLED,30,300,BUILDING,354,46.89265536723164,-0.5466931789265533,-0.409817035
OLD_1M,ENTRY_PROBE,STALLED_PRESSURE_PROBE,BUY_STALLED,30,300,MISSING,758,51.05540897097625,0.035493650435356155,0.135643395
OLD_1M,ENTRY_PROBE,STALLED_PRESSURE_PROBE,BUY_STALLED,30,300,STALE,14,64.28571428571429,4.915915800714286,5.560293215
OLD_1M,ENTRY_PROBE,STALLED_PRESSURE_PROBE,BUY_STALLED,30,300,UNWINDING,412,47.33009708737864,-0.7815409050728154,-0.62156267
OLD_1M,ENTRY_PROBE,STALLED_PRESSURE_PROBE,BUY_STALLED,30,600,BUILDING,338,46.74556213017752,-0.7798305384615384,-0.6891197250000001
OLD_1M,ENTRY_PROBE,STALLED_PRESSURE_PROBE,BUY_STALLED,30,600,MISSING,744,50.53763440860215,0.3431292126344079,0.210922885
OLD_1M,ENTRY_PROBE,STALLED_PRESSURE_PROBE,BUY_STALLED,30,600,STALE,14,71.42857142857143,6.868993852857143,6.8403824449999995
OLD_1M,ENTRY_PROBE,STALLED_PRESSURE_PROBE,BUY_STALLED,30,600,UNWINDING,391,49.87212276214834,-0.22194019506393892,0.0
OLD_1M,ENTRY_PROBE,STALLED_PRESSURE_PROBE,BUY_STALLED,60,60,BUILDING,183,46.44808743169399,-0.3264123911475409,-0.01516588
OLD_1M,ENTRY_PROBE,STALLED_PRESSURE_PROBE,BUY_STALLED,60,60,MISSING,347,46.10951008645533,-0.035016122536022834,-0.21211318
OLD_1M,ENTRY_PROBE,STALLED_PRESSURE_PROBE,BUY_STALLED,60,60,STALE,1,100.0,10.92672995,10.92672995
OLD_1M,ENTRY_PROBE,STALLED_PRESSURE_PROBE,BUY_STALLED,60,60,UNWINDING,216,47.68518518518518,-0.3765744381944447,0.0
OLD_1M,ENTRY_PROBE,STALLED_PRESSURE_PROBE,BUY_STALLED,60,180,BUILDING,173,45.664739884393065,-0.4083918341040461,-0.28911497
OLD_1M,ENTRY_PROBE,STALLED_PRESSURE_PROBE,BUY_STALLED,60,180,MISSING,345,52.17391304347826,0.32698400933333316,0.13558076
OLD_1M,ENTRY_PROBE,STALLED_PRESSURE_PROBE,BUY_STALLED,60,180,STALE,1,100.0,11.55154993,11.55154993
OLD_1M,ENTRY_PROBE,STALLED_PRESSURE_PROBE,BUY_STALLED,60,180,UNWINDING,214,54.205607476635514,-0.7500286243925235,0.303618485
OLD_1M,ENTRY_PROBE,STALLED_PRESSURE_PROBE,BUY_STALLED,60,300,BUILDING,171,45.02923976608187,-0.9446338493567252,-0.89535161
OLD_1M,ENTRY_PROBE,STALLED_PRESSURE_PROBE,BUY_STALLED,60,300,MISSING,342,54.67836257309941,0.9247159457894739,0.683262475
OLD_1M,ENTRY_PROBE,STALLED_PRESSURE_PROBE,BUY_STALLED,60,300,STALE,1,100.0,26.59294807,26.59294807
OLD_1M,ENTRY_PROBE,STALLED_PRESSURE_PROBE,BUY_STALLED,60,300,UNWINDING,213,48.82629107981221,-1.1494582234272297,-0.53115207
OLD_1M,ENTRY_PROBE,STALLED_PRESSURE_PROBE,BUY_STALLED,60,600,BUILDING,162,40.123456790123456,-1.6708011770370368,-0.91015073
OLD_1M,ENTRY_PROBE,STALLED_PRESSURE_PROBE,BUY_STALLED,60,600,MISSING,337,55.489614243323444,2.1146195002670622,2.13704477
OLD_1M,ENTRY_PROBE,STALLED_PRESSURE_PROBE,BUY_STALLED,60,600,STALE,1,100.0,4.61757207,4.61757207
OLD_1M,ENTRY_PROBE,STALLED_PRESSURE_PROBE,BUY_STALLED,60,600,UNWINDING,205,52.19512195121951,-0.14472981897560966,0.64956841
OLD_1M,ENTRY_PROBE,STALLED_PRESSURE_PROBE,BUY_STALLED,180,60,BUILDING,52,59.61538461538461,0.7133629724999998,0.7660985499999999
OLD_1M,ENTRY_PROBE,STALLED_PRESSURE_PROBE,BUY_STALLED,180,60,MISSING,128,50.78125,-0.270141785078125,0.015079285
OLD_1M,ENTRY_PROBE,STALLED_PRESSURE_PROBE,BUY_STALLED,180,60,STALE,1,0.0,-11.65346702,-11.65346702
OLD_1M,ENTRY_PROBE,STALLED_PRESSURE_PROBE,BUY_STALLED,180,60,UNWINDING,59,37.28813559322034,-1.0898849523728813,-0.53075417
OLD_1M,ENTRY_PROBE,STALLED_PRESSURE_PROBE,BUY_STALLED,180,180,BUILDING,52,44.23076923076923,-0.15941653730769234,-1.01208653
OLD_1M,ENTRY_PROBE,STALLED_PRESSURE_PROBE,BUY_STALLED,180,180,MISSING,128,51.5625,0.5223796649218749,0.17328554000000002
OLD_1M,ENTRY_PROBE,STALLED_PRESSURE_PROBE,BUY_STALLED,180,180,STALE,1,0.0,-2.31546011,-2.31546011
OLD_1M,ENTRY_PROBE,STALLED_PRESSURE_PROBE,BUY_STALLED,180,180,UNWINDING,59,47.45762711864407,-0.16789030593220342,-0.18200929
OLD_1M,ENTRY_PROBE,STALLED_PRESSURE_PROBE,BUY_STALLED,180,300,BUILDING,52,44.23076923076923,-1.6100229957692311,-0.523411815
OLD_1M,ENTRY_PROBE,STALLED_PRESSURE_PROBE,BUY_STALLED,180,300,MISSING,127,54.330708661417326,1.3212497399999994,1.58413093
OLD_1M,ENTRY_PROBE,STALLED_PRESSURE_PROBE,BUY_STALLED,180,300,STALE,1,100.0,4.85941958,4.85941958
OLD_1M,ENTRY_PROBE,STALLED_PRESSURE_PROBE,BUY_STALLED,180,300,UNWINDING,59,52.54237288135593,-1.1248843657627123,0.25849655
OLD_1M,ENTRY_PROBE,STALLED_PRESSURE_PROBE,BUY_STALLED,180,600,BUILDING,50,58.0,0.40488053660000056,1.428191645
OLD_1M,ENTRY_PROBE,STALLED_PRESSURE_PROBE,BUY_STALLED,180,600,MISSING,127,62.99212598425197,3.3992709318897645,2.28771302
OLD_1M,ENTRY_PROBE,STALLED_PRESSURE_PROBE,BUY_STALLED,180,600,STALE,1,100.0,18.81311343,18.81311343
OLD_1M,ENTRY_PROBE,STALLED_PRESSURE_PROBE,BUY_STALLED,180,600,UNWINDING,56,44.642857142857146,-1.8726766778571429,-1.0628298649999999
OLD_1M,ENTRY_PROBE,STALLED_PRESSURE_PROBE,BUY_STALLED,300,60,BUILDING,37,35.13513513513514,-0.5807795554054054,-0.81707659
OLD_1M,ENTRY_PROBE,STALLED_PRESSURE_PROBE,BUY_STALLED,300,60,MISSING,74,55.4054054054054,0.4362917543243243,0.24950187
OLD_1M,ENTRY_PROBE,STALLED_PRESSURE_PROBE,BUY_STALLED,300,60,STALE,1,100.0,6.30863249,6.30863249
OLD_1M,ENTRY_PROBE,STALLED_PRESSURE_PROBE,BUY_STALLED,300,60,UNWINDING,25,60.0,-0.49685813040000015,0.1368482
OLD_1M,ENTRY_PROBE,STALLED_PRESSURE_PROBE,BUY_STALLED,300,180,BUILDING,37,24.324324324324323,-1.6911318962162163,-1.86951684
OLD_1M,ENTRY_PROBE,STALLED_PRESSURE_PROBE,BUY_STALLED,300,180,MISSING,74,60.810810810810814,1.5102708416216213,1.56316339
OLD_1M,ENTRY_PROBE,STALLED_PRESSURE_PROBE,BUY_STALLED,300,180,STALE,1,100.0,11.01311393,11.01311393
OLD_1M,ENTRY_PROBE,STALLED_PRESSURE_PROBE,BUY_STALLED,300,180,UNWINDING,25,60.0,0.16816658559999986,0.0303318
OLD_1M,ENTRY_PROBE,STALLED_PRESSURE_PROBE,BUY_STALLED,300,300,BUILDING,37,27.027027027027028,-4.4605445748648656,-4.97669173
OLD_1M,ENTRY_PROBE,STALLED_PRESSURE_PROBE,BUY_STALLED,300,300,MISSING,71,54.929577464788736,1.5102843638028174,0.69016426
OLD_1M,ENTRY_PROBE,STALLED_PRESSURE_PROBE,BUY_STALLED,300,300,STALE,1,100.0,5.72250038,5.72250038
OLD_1M,ENTRY_PROBE,STALLED_PRESSURE_PROBE,BUY_STALLED,300,300,UNWINDING,24,66.66666666666667,0.8085893429166666,1.2515875200000002
OLD_1M,ENTRY_PROBE,STALLED_PRESSURE_PROBE,BUY_STALLED,300,600,BUILDING,33,39.39393939393939,-3.236247692121212,-1.50662
OLD_1M,ENTRY_PROBE,STALLED_PRESSURE_PROBE,BUY_STALLED,300,600,MISSING,71,57.74647887323944,4.128418799577465,4.15776699
OLD_1M,ENTRY_PROBE,STALLED_PRESSURE_PROBE,BUY_STALLED,300,600,STALE,1,100.0,8.23669866,8.23669866
OLD_1M,ENTRY_PROBE,STALLED_PRESSURE_PROBE,BUY_STALLED,300,600,UNWINDING,24,62.5,0.8373976908333335,0.93395612
OLD_1M,ENTRY_PROBE,STALLED_PRESSURE_PROBE,BUY_STALLED,900,60,MISSING,1,0.0,-1.58107528,-1.58107528
OLD_1M,ENTRY_PROBE,STALLED_PRESSURE_PROBE,BUY_STALLED,900,60,UNWINDING,2,0.0,-2.00521791,-2.00521791
OLD_1M,ENTRY_PROBE,STALLED_PRESSURE_PROBE,BUY_STALLED,900,180,MISSING,1,0.0,-3.222382,-3.222382
OLD_1M,ENTRY_PROBE,STALLED_PRESSURE_PROBE,BUY_STALLED,900,180,UNWINDING,2,0.0,-0.68303503,-0.68303503
OLD_1M,ENTRY_PROBE,STALLED_PRESSURE_PROBE,BUY_STALLED,900,300,MISSING,1,0.0,-2.71041477,-2.71041477
OLD_1M,ENTRY_PROBE,STALLED_PRESSURE_PROBE,BUY_STALLED,900,300,UNWINDING,2,50.0,-3.749484295,-3.749484295
OLD_1M,ENTRY_PROBE,STALLED_PRESSURE_PROBE,BUY_STALLED,900,600,MISSING,1,0.0,-5.52623456,-5.52623456
OLD_1M,ENTRY_PROBE,STALLED_PRESSURE_PROBE,BUY_STALLED,900,600,UNWINDING,1,100.0,18.26043567,18.26043567
OLD_1M,ENTRY_PROBE,STALLED_PRESSURE_PROBE,BUY_STALLED,1800,60,MISSING,1,100.0,7.84118583,7.84118583
OLD_1M,ENTRY_PROBE,STALLED_PRESSURE_PROBE,BUY_STALLED,1800,180,MISSING,1,100.0,11.50543228,11.50543228
OLD_1M,ENTRY_PROBE,STALLED_PRESSURE_PROBE,BUY_STALLED,1800,300,MISSING,1,100.0,14.05381768,14.05381768
OLD_1M,ENTRY_PROBE,STALLED_PRESSURE_PROBE,BUY_STALLED,1800,600,MISSING,1,100.0,18.74344997,18.74344997
OLD_1M,ENTRY_PROBE,STALLED_REVERSAL_PROBE,BUY_STALLED,30,60,BUILDING,371,55.79514824797844,0.4633869836927225,0.39513017
OLD_1M,ENTRY_PROBE,STALLED_REVERSAL_PROBE,BUY_STALLED,30,60,MISSING,761,50.32851511169514,0.1338826538370566,0.01519157
OLD_1M,ENTRY_PROBE,STALLED_REVERSAL_PROBE,BUY_STALLED,30,60,STALE,14,28.571428571428573,-2.3406912235714286,-3.1829749400000003
OLD_1M,ENTRY_PROBE,STALLED_REVERSAL_PROBE,BUY_STALLED,30,60,UNWINDING,431,49.88399071925754,0.15114550596287704,-0.0
OLD_1M,ENTRY_PROBE,STALLED_REVERSAL_PROBE,BUY_STALLED,30,180,BUILDING,359,51.25348189415042,0.7183773506128136,0.32380773
OLD_1M,ENTRY_PROBE,STALLED_REVERSAL_PROBE,BUY_STALLED,30,180,MISSING,760,52.76315789473684,0.21456520518421057,0.294255265
OLD_1M,ENTRY_PROBE,STALLED_REVERSAL_PROBE,BUY_STALLED,30,180,STALE,14,21.428571428571427,-4.668137957142856,-7.14096086
OLD_1M,ENTRY_PROBE,STALLED_REVERSAL_PROBE,BUY_STALLED,30,180,UNWINDING,425,48.23529411764706,0.23300722381176484,-0.19728925
OLD_1M,ENTRY_PROBE,STALLED_REVERSAL_PROBE,BUY_STALLED,30,300,BUILDING,354,53.10734463276836,0.5466931789265533,0.409817035
OLD_1M,ENTRY_PROBE,STALLED_REVERSAL_PROBE,BUY_STALLED,30,300,MISSING,758,48.812664907651715,-0.035493650435356155,-0.135643395
OLD_1M,ENTRY_PROBE,STALLED_REVERSAL_PROBE,BUY_STALLED,30,300,STALE,14,35.714285714285715,-4.915915800714286,-5.560293215
OLD_1M,ENTRY_PROBE,STALLED_REVERSAL_PROBE,BUY_STALLED,30,300,UNWINDING,412,52.42718446601942,0.7815409050728154,0.62156267
OLD_1M,ENTRY_PROBE,STALLED_REVERSAL_PROBE,BUY_STALLED,30,600,BUILDING,338,52.662721893491124,0.7798305384615384,0.6891197250000001
OLD_1M,ENTRY_PROBE,STALLED_REVERSAL_PROBE,BUY_STALLED,30,600,MISSING,744,49.193548387096776,-0.3431292126344079,-0.210922885
OLD_1M,ENTRY_PROBE,STALLED_REVERSAL_PROBE,BUY_STALLED,30,600,STALE,14,28.571428571428573,-6.868993852857143,-6.8403824449999995
OLD_1M,ENTRY_PROBE,STALLED_REVERSAL_PROBE,BUY_STALLED,30,600,UNWINDING,391,49.87212276214834,0.22194019506393892,-0.0
OLD_1M,ENTRY_PROBE,STALLED_REVERSAL_PROBE,BUY_STALLED,60,60,BUILDING,183,50.27322404371585,0.3264123911475409,0.01516588
OLD_1M,ENTRY_PROBE,STALLED_REVERSAL_PROBE,BUY_STALLED,60,60,MISSING,347,53.31412103746398,0.035016122536022834,0.21211318
OLD_1M,ENTRY_PROBE,STALLED_REVERSAL_PROBE,BUY_STALLED,60,60,STALE,1,0.0,-10.92672995,-10.92672995
OLD_1M,ENTRY_PROBE,STALLED_REVERSAL_PROBE,BUY_STALLED,60,60,UNWINDING,216,49.53703703703704,0.3765744381944447,-0.0
OLD_1M,ENTRY_PROBE,STALLED_REVERSAL_PROBE,BUY_STALLED,60,180,BUILDING,173,53.179190751445084,0.4083918341040461,0.28911497
OLD_1M,ENTRY_PROBE,STALLED_REVERSAL_PROBE,BUY_STALLED,60,180,MISSING,345,46.95652173913044,-0.32698400933333316,-0.13558076
OLD_1M,ENTRY_PROBE,STALLED_REVERSAL_PROBE,BUY_STALLED,60,180,STALE,1,0.0,-11.55154993,-11.55154993
OLD_1M,ENTRY_PROBE,STALLED_REVERSAL_PROBE,BUY_STALLED,60,180,UNWINDING,214,45.32710280373832,0.7500286243925235,-0.303618485
OLD_1M,ENTRY_PROBE,STALLED_REVERSAL_PROBE,BUY_STALLED,60,300,BUILDING,171,54.3859649122807,0.9446338493567252,0.89535161
OLD_1M,ENTRY_PROBE,STALLED_REVERSAL_PROBE,BUY_STALLED,60,300,MISSING,342,45.02923976608187,-0.9247159457894739,-0.683262475
OLD_1M,ENTRY_PROBE,STALLED_REVERSAL_PROBE,BUY_STALLED,60,300,STALE,1,0.0,-26.59294807,-26.59294807
OLD_1M,ENTRY_PROBE,STALLED_REVERSAL_PROBE,BUY_STALLED,60,300,UNWINDING,213,51.17370892018779,1.1494582234272297,0.53115207
OLD_1M,ENTRY_PROBE,STALLED_REVERSAL_PROBE,BUY_STALLED,60,600,BUILDING,162,59.25925925925926,1.6708011770370368,0.91015073
OLD_1M,ENTRY_PROBE,STALLED_REVERSAL_PROBE,BUY_STALLED,60,600,MISSING,337,44.510385756676556,-2.1146195002670622,-2.13704477
OLD_1M,ENTRY_PROBE,STALLED_REVERSAL_PROBE,BUY_STALLED,60,600,STALE,1,0.0,-4.61757207,-4.61757207
OLD_1M,ENTRY_PROBE,STALLED_REVERSAL_PROBE,BUY_STALLED,60,600,UNWINDING,205,47.31707317073171,0.14472981897560966,-0.64956841
OLD_1M,ENTRY_PROBE,STALLED_REVERSAL_PROBE,BUY_STALLED,180,60,BUILDING,52,40.38461538461539,-0.7133629724999998,-0.7660985499999999
OLD_1M,ENTRY_PROBE,STALLED_REVERSAL_PROBE,BUY_STALLED,180,60,MISSING,128,48.4375,0.270141785078125,-0.015079285
OLD_1M,ENTRY_PROBE,STALLED_REVERSAL_PROBE,BUY_STALLED,180,60,STALE,1,100.0,11.65346702,11.65346702
OLD_1M,ENTRY_PROBE,STALLED_REVERSAL_PROBE,BUY_STALLED,180,60,UNWINDING,59,62.71186440677966,1.0898849523728813,0.53075417
OLD_1M,ENTRY_PROBE,STALLED_REVERSAL_PROBE,BUY_STALLED,180,180,BUILDING,52,55.76923076923077,0.15941653730769234,1.01208653
OLD_1M,ENTRY_PROBE,STALLED_REVERSAL_PROBE,BUY_STALLED,180,180,MISSING,128,48.4375,-0.5223796649218749,-0.17328554000000002
OLD_1M,ENTRY_PROBE,STALLED_REVERSAL_PROBE,BUY_STALLED,180,180,STALE,1,100.0,2.31546011,2.31546011
OLD_1M,ENTRY_PROBE,STALLED_REVERSAL_PROBE,BUY_STALLED,180,180,UNWINDING,59,52.54237288135593,0.16789030593220342,0.18200929
OLD_1M,ENTRY_PROBE,STALLED_REVERSAL_PROBE,BUY_STALLED,180,300,BUILDING,52,55.76923076923077,1.6100229957692311,0.523411815
OLD_1M,ENTRY_PROBE,STALLED_REVERSAL_PROBE,BUY_STALLED,180,300,MISSING,127,45.669291338582674,-1.3212497399999994,-1.58413093
OLD_1M,ENTRY_PROBE,STALLED_REVERSAL_PROBE,BUY_STALLED,180,300,STALE,1,0.0,-4.85941958,-4.85941958
OLD_1M,ENTRY_PROBE,STALLED_REVERSAL_PROBE,BUY_STALLED,180,300,UNWINDING,59,47.45762711864407,1.1248843657627123,-0.25849655
OLD_1M,ENTRY_PROBE,STALLED_REVERSAL_PROBE,BUY_STALLED,180,600,BUILDING,50,42.0,-0.40488053660000056,-1.428191645
OLD_1M,ENTRY_PROBE,STALLED_REVERSAL_PROBE,BUY_STALLED,180,600,MISSING,127,37.00787401574803,-3.3992709318897645,-2.28771302
OLD_1M,ENTRY_PROBE,STALLED_REVERSAL_PROBE,BUY_STALLED,180,600,STALE,1,0.0,-18.81311343,-18.81311343
OLD_1M,ENTRY_PROBE,STALLED_REVERSAL_PROBE,BUY_STALLED,180,600,UNWINDING,56,55.357142857142854,1.8726766778571429,1.0628298649999999
OLD_1M,ENTRY_PROBE,STALLED_REVERSAL_PROBE,BUY_STALLED,300,60,BUILDING,37,62.16216216216216,0.5807795554054054,0.81707659
OLD_1M,ENTRY_PROBE,STALLED_REVERSAL_PROBE,BUY_STALLED,300,60,MISSING,74,40.54054054054054,-0.4362917543243243,-0.24950187
OLD_1M,ENTRY_PROBE,STALLED_REVERSAL_PROBE,BUY_STALLED,300,60,STALE,1,0.0,-6.30863249,-6.30863249
OLD_1M,ENTRY_PROBE,STALLED_REVERSAL_PROBE,BUY_STALLED,300,60,UNWINDING,25,40.0,0.49685813040000015,-0.1368482
OLD_1M,ENTRY_PROBE,STALLED_REVERSAL_PROBE,BUY_STALLED,300,180,BUILDING,37,75.67567567567568,1.6911318962162163,1.86951684
OLD_1M,ENTRY_PROBE,STALLED_REVERSAL_PROBE,BUY_STALLED,300,180,MISSING,74,39.189189189189186,-1.5102708416216213,-1.56316339
OLD_1M,ENTRY_PROBE,STALLED_REVERSAL_PROBE,BUY_STALLED,300,180,STALE,1,0.0,-11.01311393,-11.01311393
OLD_1M,ENTRY_PROBE,STALLED_REVERSAL_PROBE,BUY_STALLED,300,180,UNWINDING,25,40.0,-0.16816658559999986,-0.0303318
OLD_1M,ENTRY_PROBE,STALLED_REVERSAL_PROBE,BUY_STALLED,300,300,BUILDING,37,70.27027027027027,4.4605445748648656,4.97669173
OLD_1M,ENTRY_PROBE,STALLED_REVERSAL_PROBE,BUY_STALLED,300,300,MISSING,71,45.070422535211264,-1.5102843638028174,-0.69016426
OLD_1M,ENTRY_PROBE,STALLED_REVERSAL_PROBE,BUY_STALLED,300,300,STALE,1,0.0,-5.72250038,-5.72250038
OLD_1M,ENTRY_PROBE,STALLED_REVERSAL_PROBE,BUY_STALLED,300,300,UNWINDING,24,33.333333333333336,-0.8085893429166666,-1.2515875200000002
OLD_1M,ENTRY_PROBE,STALLED_REVERSAL_PROBE,BUY_STALLED,300,600,BUILDING,33,60.60606060606061,3.236247692121212,1.50662
OLD_1M,ENTRY_PROBE,STALLED_REVERSAL_PROBE,BUY_STALLED,300,600,MISSING,71,42.25352112676056,-4.128418799577465,-4.15776699
OLD_1M,ENTRY_PROBE,STALLED_REVERSAL_PROBE,BUY_STALLED,300,600,STALE,1,0.0,-8.23669866,-8.23669866
OLD_1M,ENTRY_PROBE,STALLED_REVERSAL_PROBE,BUY_STALLED,300,600,UNWINDING,24,37.5,-0.8373976908333335,-0.93395612
OLD_1M,ENTRY_PROBE,STALLED_REVERSAL_PROBE,BUY_STALLED,900,60,MISSING,1,100.0,1.58107528,1.58107528
OLD_1M,ENTRY_PROBE,STALLED_REVERSAL_PROBE,BUY_STALLED,900,60,UNWINDING,2,100.0,2.00521791,2.00521791
OLD_1M,ENTRY_PROBE,STALLED_REVERSAL_PROBE,BUY_STALLED,900,180,MISSING,1,100.0,3.222382,3.222382
OLD_1M,ENTRY_PROBE,STALLED_REVERSAL_PROBE,BUY_STALLED,900,180,UNWINDING,2,100.0,0.68303503,0.68303503
OLD_1M,ENTRY_PROBE,STALLED_REVERSAL_PROBE,BUY_STALLED,900,300,MISSING,1,100.0,2.71041477,2.71041477
OLD_1M,ENTRY_PROBE,STALLED_REVERSAL_PROBE,BUY_STALLED,900,300,UNWINDING,2,50.0,3.749484295,3.749484295
OLD_1M,ENTRY_PROBE,STALLED_REVERSAL_PROBE,BUY_STALLED,900,600,MISSING,1,100.0,5.52623456,5.52623456
OLD_1M,ENTRY_PROBE,STALLED_REVERSAL_PROBE,BUY_STALLED,900,600,UNWINDING,1,0.0,-18.26043567,-18.26043567
OLD_1M,ENTRY_PROBE,STALLED_REVERSAL_PROBE,BUY_STALLED,1800,60,MISSING,1,0.0,-7.84118583,-7.84118583
OLD_1M,ENTRY_PROBE,STALLED_REVERSAL_PROBE,BUY_STALLED,1800,180,MISSING,1,0.0,-11.50543228,-11.50543228
OLD_1M,ENTRY_PROBE,STALLED_REVERSAL_PROBE,BUY_STALLED,1800,300,MISSING,1,0.0,-14.05381768,-14.05381768
OLD_1M,ENTRY_PROBE,STALLED_REVERSAL_PROBE,BUY_STALLED,1800,600,MISSING,1,0.0,-18.74344997,-18.74344997
OLD_1M,ENTRY_PROBE,STALLED_PRESSURE_PROBE,SELL_STALLED,30,60,BUILDING,233,55.36480686695279,0.9878146548068671,0.28723512
OLD_1M,ENTRY_PROBE,STALLED_PRESSURE_PROBE,SELL_STALLED,30,60,MISSING,732,49.86338797814208,0.03899336408469936,-0.0
OLD_1M,ENTRY_PROBE,STALLED_PRESSURE_PROBE,SELL_STALLED,30,60,STALE,7,14.285714285714286,-3.5275607914285714,-3.64104257
OLD_1M,ENTRY_PROBE,STALLED_PRESSURE_PROBE,SELL_STALLED,30,60,UNWINDING,205,46.829268292682926,0.46392798707317107,-0.36432582
OLD_1M,ENTRY_PROBE,STALLED_PRESSURE_PROBE,SELL_STALLED,30,180,BUILDING,227,59.030837004405285,2.126041668722466,1.47316337
OLD_1M,ENTRY_PROBE,STALLED_PRESSURE_PROBE,SELL_STALLED,30,180,MISSING,723,51.45228215767635,0.3474769391562932,0.13601165
OLD_1M,ENTRY_PROBE,STALLED_PRESSURE_PROBE,SELL_STALLED,30,180,STALE,7,42.857142857142854,-1.0068859642857144,-0.81769176
OLD_1M,ENTRY_PROBE,STALLED_PRESSURE_PROBE,SELL_STALLED,30,180,UNWINDING,201,49.25373134328358,-0.03471585263681601,-0.10637199
OLD_1M,ENTRY_PROBE,STALLED_PRESSURE_PROBE,SELL_STALLED,30,300,BUILDING,220,55.45454545454545,1.8183435147272724,1.95986153
OLD_1M,ENTRY_PROBE,STALLED_PRESSURE_PROBE,SELL_STALLED,30,300,MISSING,718,48.32869080779944,0.34671743860724247,-0.30888921
OLD_1M,ENTRY_PROBE,STALLED_PRESSURE_PROBE,SELL_STALLED,30,300,STALE,7,71.42857142857143,5.335406085714285,4.68470277
OLD_1M,ENTRY_PROBE,STALLED_PRESSURE_PROBE,SELL_STALLED,30,300,UNWINDING,198,52.02020202020202,-0.4907690810606061,0.235427665
OLD_1M,ENTRY_PROBE,STALLED_PRESSURE_PROBE,SELL_STALLED,30,600,BUILDING,209,52.63157894736842,1.7565905981818175,0.98494847
OLD_1M,ENTRY_PROBE,STALLED_PRESSURE_PROBE,SELL_STALLED,30,600,MISSING,703,50.497866287339974,1.1937368082645803,0.27328751
OLD_1M,ENTRY_PROBE,STALLED_PRESSURE_PROBE,SELL_STALLED,30,600,STALE,6,83.33333333333333,8.477616878333334,14.15212717
OLD_1M,ENTRY_PROBE,STALLED_PRESSURE_PROBE,SELL_STALLED,30,600,UNWINDING,195,43.07692307692308,-1.4658694480512824,-1.37485911
OLD_1M,ENTRY_PROBE,STALLED_PRESSURE_PROBE,SELL_STALLED,60,60,BUILDING,73,68.4931506849315,1.4371418094520545,1.72247273
OLD_1M,ENTRY_PROBE,STALLED_PRESSURE_PROBE,SELL_STALLED,60,60,MISSING,341,47.21407624633431,-0.29348390434017624,-0.01517446
OLD_1M,ENTRY_PROBE,STALLED_PRESSURE_PROBE,SELL_STALLED,60,60,STALE,1,0.0,-1.22388849,-1.22388849
OLD_1M,ENTRY_PROBE,STALLED_PRESSURE_PROBE,SELL_STALLED,60,60,UNWINDING,93,34.40860215053763,-1.0432750260215051,-1.09436463
OLD_1M,ENTRY_PROBE,STALLED_PRESSURE_PROBE,SELL_STALLED,60,180,BUILDING,70,55.714285714285715,-0.4086926278571432,0.7588381200000001
OLD_1M,ENTRY_PROBE,STALLED_PRESSURE_PROBE,SELL_STALLED,60,180,MISSING,338,45.26627218934911,-0.3050500402958581,-0.73819804
OLD_1M,ENTRY_PROBE,STALLED_PRESSURE_PROBE,SELL_STALLED,60,180,STALE,1,0.0,-12.31443357,-12.31443357
OLD_1M,ENTRY_PROBE,STALLED_PRESSURE_PROBE,SELL_STALLED,60,180,UNWINDING,91,46.15384615384615,-1.093699928461538,-0.3799317
OLD_1M,ENTRY_PROBE,STALLED_PRESSURE_PROBE,SELL_STALLED,60,300,BUILDING,67,47.76119402985075,-0.40843907149253794,-0.27193577
OLD_1M,ENTRY_PROBE,STALLED_PRESSURE_PROBE,SELL_STALLED,60,300,MISSING,329,53.191489361702125,0.2522908607598786,0.37781529
OLD_1M,ENTRY_PROBE,STALLED_PRESSURE_PROBE,SELL_STALLED,60,300,STALE,1,0.0,-21.28961584,-21.28961584
OLD_1M,ENTRY_PROBE,STALLED_PRESSURE_PROBE,SELL_STALLED,60,300,UNWINDING,90,38.888888888888886,-3.164040823222221,-2.385457335
OLD_1M,ENTRY_PROBE,STALLED_PRESSURE_PROBE,SELL_STALLED,60,600,BUILDING,62,53.225806451612904,1.9452892841935483,3.02215694
OLD_1M,ENTRY_PROBE,STALLED_PRESSURE_PROBE,SELL_STALLED,60,600,MISSING,324,49.074074074074076,0.7491647954938271,-0.591821855
OLD_1M,ENTRY_PROBE,STALLED_PRESSURE_PROBE,SELL_STALLED,60,600,STALE,1,0.0,-9.35292562,-9.35292562
OLD_1M,ENTRY_PROBE,STALLED_PRESSURE_PROBE,SELL_STALLED,60,600,UNWINDING,90,24.444444444444443,-7.0957249484444445,-6.31762204
OLD_1M,ENTRY_PROBE,STALLED_PRESSURE_PROBE,SELL_STALLED,180,60,BUILDING,30,56.666666666666664,-0.4868101796666668,0.053815545
OLD_1M,ENTRY_PROBE,STALLED_PRESSURE_PROBE,SELL_STALLED,180,60,MISSING,88,55.68181818181818,0.4442212754545453,0.6026172999999999
OLD_1M,ENTRY_PROBE,STALLED_PRESSURE_PROBE,SELL_STALLED,180,60,UNWINDING,10,30.0,-3.1522237669999997,-4.643761195
OLD_1M,ENTRY_PROBE,STALLED_PRESSURE_PROBE,SELL_STALLED,180,180,BUILDING,30,20.0,-4.779752414,-4.305134575
OLD_1M,ENTRY_PROBE,STALLED_PRESSURE_PROBE,SELL_STALLED,180,180,MISSING,88,55.68181818181818,0.05121934875000053,0.46849521
OLD_1M,ENTRY_PROBE,STALLED_PRESSURE_PROBE,SELL_STALLED,180,180,UNWINDING,10,50.0,-0.25338530200000003,0.615051915
OLD_1M,ENTRY_PROBE,STALLED_PRESSURE_PROBE,SELL_STALLED,180,300,BUILDING,16,50.0,-0.6768250368750002,0.334167
OLD_1M,ENTRY_PROBE,STALLED_PRESSURE_PROBE,SELL_STALLED,180,300,MISSING,86,52.325581395348834,-0.5721850448837219,0.5137418300000001
OLD_1M,ENTRY_PROBE,STALLED_PRESSURE_PROBE,SELL_STALLED,180,300,UNWINDING,10,30.0,-4.598376132,-6.09281202
OLD_1M,ENTRY_PROBE,STALLED_PRESSURE_PROBE,SELL_STALLED,180,600,BUILDING,15,66.66666666666667,4.536905354000001,11.65848355
OLD_1M,ENTRY_PROBE,STALLED_PRESSURE_PROBE,SELL_STALLED,180,600,MISSING,85,49.411764705882355,-2.3597018804705865,-0.10609404
OLD_1M,ENTRY_PROBE,STALLED_PRESSURE_PROBE,SELL_STALLED,180,600,UNWINDING,10,30.0,-7.287929896,-12.006179815
OLD_1M,ENTRY_PROBE,STALLED_PRESSURE_PROBE,SELL_STALLED,300,60,BUILDING,10,30.0,-0.774506966,-1.67610358
OLD_1M,ENTRY_PROBE,STALLED_PRESSURE_PROBE,SELL_STALLED,300,60,MISSING,37,56.75675675675676,0.5197327227027028,0.89453575
OLD_1M,ENTRY_PROBE,STALLED_PRESSURE_PROBE,SELL_STALLED,300,60,UNWINDING,7,71.42857142857143,2.7945276142857147,3.68775589
OLD_1M,ENTRY_PROBE,STALLED_PRESSURE_PROBE,SELL_STALLED,300,180,BUILDING,10,20.0,-7.031396355,-8.38528678
OLD_1M,ENTRY_PROBE,STALLED_PRESSURE_PROBE,SELL_STALLED,300,180,MISSING,35,57.142857142857146,1.5472446825714292,0.6309679
OLD_1M,ENTRY_PROBE,STALLED_PRESSURE_PROBE,SELL_STALLED,300,180,UNWINDING,7,71.42857142857143,1.052512055714286,1.03267662
OLD_1M,ENTRY_PROBE,STALLED_PRESSURE_PROBE,SELL_STALLED,300,300,BUILDING,5,0.0,-8.613594286,-6.042186
OLD_1M,ENTRY_PROBE,STALLED_PRESSURE_PROBE,SELL_STALLED,300,300,MISSING,35,65.71428571428571,3.9763914545714294,2.71616936
OLD_1M,ENTRY_PROBE,STALLED_PRESSURE_PROBE,SELL_STALLED,300,300,UNWINDING,7,0.0,-6.593817474285714,-6.89306974
OLD_1M,ENTRY_PROBE,STALLED_PRESSURE_PROBE,SELL_STALLED,300,600,BUILDING,5,20.0,-9.981909186,-15.04450603
OLD_1M,ENTRY_PROBE,STALLED_PRESSURE_PROBE,SELL_STALLED,300,600,MISSING,34,73.52941176470588,6.0188225238235304,7.00053235
OLD_1M,ENTRY_PROBE,STALLED_PRESSURE_PROBE,SELL_STALLED,300,600,UNWINDING,7,0.0,-13.411957,-13.43846272
OLD_1M,ENTRY_PROBE,STALLED_REVERSAL_PROBE,SELL_STALLED,30,60,BUILDING,233,42.918454935622314,-0.9878146548068671,-0.28723512
OLD_1M,ENTRY_PROBE,STALLED_REVERSAL_PROBE,SELL_STALLED,30,60,MISSING,732,48.63387978142077,-0.03899336408469936,0.0
OLD_1M,ENTRY_PROBE,STALLED_REVERSAL_PROBE,SELL_STALLED,30,60,STALE,7,85.71428571428571,3.5275607914285714,3.64104257
OLD_1M,ENTRY_PROBE,STALLED_REVERSAL_PROBE,SELL_STALLED,30,60,UNWINDING,205,52.68292682926829,-0.46392798707317107,0.36432582
OLD_1M,ENTRY_PROBE,STALLED_REVERSAL_PROBE,SELL_STALLED,30,180,BUILDING,227,40.52863436123348,-2.126041668722466,-1.47316337
OLD_1M,ENTRY_PROBE,STALLED_REVERSAL_PROBE,SELL_STALLED,30,180,MISSING,723,48.54771784232365,-0.3474769391562932,-0.13601165
OLD_1M,ENTRY_PROBE,STALLED_REVERSAL_PROBE,SELL_STALLED,30,180,STALE,7,57.142857142857146,1.0068859642857144,0.81769176
OLD_1M,ENTRY_PROBE,STALLED_REVERSAL_PROBE,SELL_STALLED,30,180,UNWINDING,201,50.74626865671642,0.03471585263681601,0.10637199
OLD_1M,ENTRY_PROBE,STALLED_REVERSAL_PROBE,SELL_STALLED,30,300,BUILDING,220,44.09090909090909,-1.8183435147272724,-1.95986153
OLD_1M,ENTRY_PROBE,STALLED_REVERSAL_PROBE,SELL_STALLED,30,300,MISSING,718,51.67130919220056,-0.34671743860724247,0.30888921
OLD_1M,ENTRY_PROBE,STALLED_REVERSAL_PROBE,SELL_STALLED,30,300,STALE,7,28.571428571428573,-5.335406085714285,-4.68470277
OLD_1M,ENTRY_PROBE,STALLED_REVERSAL_PROBE,SELL_STALLED,30,300,UNWINDING,198,47.97979797979798,0.4907690810606061,-0.235427665
OLD_1M,ENTRY_PROBE,STALLED_REVERSAL_PROBE,SELL_STALLED,30,600,BUILDING,209,47.36842105263158,-1.7565905981818175,-0.98494847
OLD_1M,ENTRY_PROBE,STALLED_REVERSAL_PROBE,SELL_STALLED,30,600,MISSING,703,49.502133712660026,-1.1937368082645803,-0.27328751
OLD_1M,ENTRY_PROBE,STALLED_REVERSAL_PROBE,SELL_STALLED,30,600,STALE,6,16.666666666666668,-8.477616878333334,-14.15212717
OLD_1M,ENTRY_PROBE,STALLED_REVERSAL_PROBE,SELL_STALLED,30,600,UNWINDING,195,56.92307692307692,1.4658694480512824,1.37485911
OLD_1M,ENTRY_PROBE,STALLED_REVERSAL_PROBE,SELL_STALLED,60,60,BUILDING,73,30.136986301369863,-1.4371418094520545,-1.72247273
OLD_1M,ENTRY_PROBE,STALLED_REVERSAL_PROBE,SELL_STALLED,60,60,MISSING,341,51.02639296187683,0.29348390434017624,0.01517446
OLD_1M,ENTRY_PROBE,STALLED_REVERSAL_PROBE,SELL_STALLED,60,60,STALE,1,100.0,1.22388849,1.22388849
OLD_1M,ENTRY_PROBE,STALLED_REVERSAL_PROBE,SELL_STALLED,60,60,UNWINDING,93,64.51612903225806,1.0432750260215051,1.09436463
OLD_1M,ENTRY_PROBE,STALLED_REVERSAL_PROBE,SELL_STALLED,60,180,BUILDING,70,44.285714285714285,0.4086926278571432,-0.7588381200000001
OLD_1M,ENTRY_PROBE,STALLED_REVERSAL_PROBE,SELL_STALLED,60,180,MISSING,338,54.73372781065089,0.3050500402958581,0.73819804
OLD_1M,ENTRY_PROBE,STALLED_REVERSAL_PROBE,SELL_STALLED,60,180,STALE,1,100.0,12.31443357,12.31443357
OLD_1M,ENTRY_PROBE,STALLED_REVERSAL_PROBE,SELL_STALLED,60,180,UNWINDING,91,53.84615384615385,1.093699928461538,0.3799317
OLD_1M,ENTRY_PROBE,STALLED_REVERSAL_PROBE,SELL_STALLED,60,300,BUILDING,67,50.74626865671642,0.40843907149253794,0.27193577
OLD_1M,ENTRY_PROBE,STALLED_REVERSAL_PROBE,SELL_STALLED,60,300,MISSING,329,46.504559270516715,-0.2522908607598786,-0.37781529
OLD_1M,ENTRY_PROBE,STALLED_REVERSAL_PROBE,SELL_STALLED,60,300,STALE,1,100.0,21.28961584,21.28961584
OLD_1M,ENTRY_PROBE,STALLED_REVERSAL_PROBE,SELL_STALLED,60,300,UNWINDING,90,61.111111111111114,3.164040823222221,2.385457335
OLD_1M,ENTRY_PROBE,STALLED_REVERSAL_PROBE,SELL_STALLED,60,600,BUILDING,62,46.774193548387096,-1.9452892841935483,-3.02215694
OLD_1M,ENTRY_PROBE,STALLED_REVERSAL_PROBE,SELL_STALLED,60,600,MISSING,324,50.925925925925924,-0.7491647954938271,0.591821855
OLD_1M,ENTRY_PROBE,STALLED_REVERSAL_PROBE,SELL_STALLED,60,600,STALE,1,100.0,9.35292562,9.35292562
OLD_1M,ENTRY_PROBE,STALLED_REVERSAL_PROBE,SELL_STALLED,60,600,UNWINDING,90,75.55555555555556,7.0957249484444445,6.31762204
OLD_1M,ENTRY_PROBE,STALLED_REVERSAL_PROBE,SELL_STALLED,180,60,BUILDING,30,43.333333333333336,0.4868101796666668,-0.053815545
OLD_1M,ENTRY_PROBE,STALLED_REVERSAL_PROBE,SELL_STALLED,180,60,MISSING,88,42.04545454545455,-0.4442212754545453,-0.6026172999999999
OLD_1M,ENTRY_PROBE,STALLED_REVERSAL_PROBE,SELL_STALLED,180,60,UNWINDING,10,70.0,3.1522237669999997,4.643761195
OLD_1M,ENTRY_PROBE,STALLED_REVERSAL_PROBE,SELL_STALLED,180,180,BUILDING,30,80.0,4.779752414,4.305134575
OLD_1M,ENTRY_PROBE,STALLED_REVERSAL_PROBE,SELL_STALLED,180,180,MISSING,88,44.31818181818182,-0.05121934875000053,-0.46849521
OLD_1M,ENTRY_PROBE,STALLED_REVERSAL_PROBE,SELL_STALLED,180,180,UNWINDING,10,40.0,0.25338530200000003,-0.615051915
OLD_1M,ENTRY_PROBE,STALLED_REVERSAL_PROBE,SELL_STALLED,180,300,BUILDING,16,50.0,0.6768250368750002,-0.334167
OLD_1M,ENTRY_PROBE,STALLED_REVERSAL_PROBE,SELL_STALLED,180,300,MISSING,86,47.674418604651166,0.5721850448837219,-0.5137418300000001
OLD_1M,ENTRY_PROBE,STALLED_REVERSAL_PROBE,SELL_STALLED,180,300,UNWINDING,10,70.0,4.598376132,6.09281202
OLD_1M,ENTRY_PROBE,STALLED_REVERSAL_PROBE,SELL_STALLED,180,600,BUILDING,15,33.333333333333336,-4.536905354000001,-11.65848355
OLD_1M,ENTRY_PROBE,STALLED_REVERSAL_PROBE,SELL_STALLED,180,600,MISSING,85,50.588235294117645,2.3597018804705865,0.10609404
OLD_1M,ENTRY_PROBE,STALLED_REVERSAL_PROBE,SELL_STALLED,180,600,UNWINDING,10,70.0,7.287929896,12.006179815
OLD_1M,ENTRY_PROBE,STALLED_REVERSAL_PROBE,SELL_STALLED,300,60,BUILDING,10,70.0,0.774506966,1.67610358
OLD_1M,ENTRY_PROBE,STALLED_REVERSAL_PROBE,SELL_STALLED,300,60,MISSING,37,43.24324324324324,-0.5197327227027028,-0.89453575
OLD_1M,ENTRY_PROBE,STALLED_REVERSAL_PROBE,SELL_STALLED,300,60,UNWINDING,7,28.571428571428573,-2.7945276142857147,-3.68775589
OLD_1M,ENTRY_PROBE,STALLED_REVERSAL_PROBE,SELL_STALLED,300,180,BUILDING,10,80.0,7.031396355,8.38528678
OLD_1M,ENTRY_PROBE,STALLED_REVERSAL_PROBE,SELL_STALLED,300,180,MISSING,35,42.857142857142854,-1.5472446825714292,-0.6309679
OLD_1M,ENTRY_PROBE,STALLED_REVERSAL_PROBE,SELL_STALLED,300,180,UNWINDING,7,28.571428571428573,-1.052512055714286,-1.03267662
OLD_1M,ENTRY_PROBE,STALLED_REVERSAL_PROBE,SELL_STALLED,300,300,BUILDING,5,100.0,8.613594286,6.042186
OLD_1M,ENTRY_PROBE,STALLED_REVERSAL_PROBE,SELL_STALLED,300,300,MISSING,35,34.285714285714285,-3.9763914545714294,-2.71616936
OLD_1M,ENTRY_PROBE,STALLED_REVERSAL_PROBE,SELL_STALLED,300,300,UNWINDING,7,100.0,6.593817474285714,6.89306974
OLD_1M,ENTRY_PROBE,STALLED_REVERSAL_PROBE,SELL_STALLED,300,600,BUILDING,5,80.0,9.981909186,15.04450603
OLD_1M,ENTRY_PROBE,STALLED_REVERSAL_PROBE,SELL_STALLED,300,600,MISSING,34,26.470588235294116,-6.0188225238235304,-7.00053235
OLD_1M,ENTRY_PROBE,STALLED_REVERSAL_PROBE,SELL_STALLED,300,600,UNWINDING,7,100.0,13.411957,13.43846272
