native_timeframe,direction_class,hypothesis,state,window_sec,horizon_sec,native_agreement,n,match_pct,signed_mean_bps,signed_median_bps
10m,ANALYSIS,EFFECTIVE_CONTINUATION,BUY_EFFECTIVE,30,60,MISSING,399,56.64160401002506,0.5998215891729322,0.35338458
10m,ANALYSIS,EFFECTIVE_CONTINUATION,BUY_EFFECTIVE,30,60,NATIVE_STALLED,17,35.294117647058826,-0.25545439705882383,-0.29535852
10m,ANALYSIS,EFFECTIVE_CONTINUATION,BUY_EFFECTIVE,30,60,OPPOSITE_DIRECTION,205,51.707317073170735,0.08755976126829268,0.03117839
10m,ANALYSIS,EFFECTIVE_CONTINUATION,BUY_EFFECTIVE,30,60,SAME_DIRECTION,231,55.41125541125541,0.3206227372294374,0.38993773
10m,ANALYSIS,EFFECTIVE_CONTINUATION,BUY_EFFECTIVE,30,60,STALE,84,48.80952380952381,-0.40117895011904786,0.0
10m,ANALYSIS,EFFECTIVE_CONTINUATION,BUY_EFFECTIVE,30,180,MISSING,394,59.64467005076142,1.2819796501776637,1.126761225
10m,ANALYSIS,EFFECTIVE_CONTINUATION,BUY_EFFECTIVE,30,180,NATIVE_STALLED,17,58.8235294117647,0.45072680529411746,0.24876047
10m,ANALYSIS,EFFECTIVE_CONTINUATION,BUY_EFFECTIVE,30,180,OPPOSITE_DIRECTION,196,42.857142857142854,-1.7399182922959189,-1.000738195
10m,ANALYSIS,EFFECTIVE_CONTINUATION,BUY_EFFECTIVE,30,180,SAME_DIRECTION,220,45.0,-0.2092570147727273,-0.30460492
10m,ANALYSIS,EFFECTIVE_CONTINUATION,BUY_EFFECTIVE,30,180,STALE,83,45.78313253012048,-1.5279373744578315,-0.82376292
10m,ANALYSIS,EFFECTIVE_CONTINUATION,BUY_EFFECTIVE,30,300,MISSING,390,57.69230769230769,2.1555865238205105,1.4771130499999998
10m,ANALYSIS,EFFECTIVE_CONTINUATION,BUY_EFFECTIVE,30,300,NATIVE_STALLED,15,73.33333333333333,1.9821439273333334,2.87585926
10m,ANALYSIS,EFFECTIVE_CONTINUATION,BUY_EFFECTIVE,30,300,OPPOSITE_DIRECTION,192,43.229166666666664,-3.327134676510418,-1.878571115
10m,ANALYSIS,EFFECTIVE_CONTINUATION,BUY_EFFECTIVE,30,300,SAME_DIRECTION,213,42.72300469483568,-1.5678393004225346,-0.94031802
10m,ANALYSIS,EFFECTIVE_CONTINUATION,BUY_EFFECTIVE,30,300,STALE,79,45.56962025316456,-0.6202258965822788,-0.95057182
10m,ANALYSIS,EFFECTIVE_CONTINUATION,BUY_EFFECTIVE,30,600,MISSING,384,61.197916666666664,3.905521274687498,2.8331929899999997
10m,ANALYSIS,EFFECTIVE_CONTINUATION,BUY_EFFECTIVE,30,600,NATIVE_STALLED,11,54.54545454545455,1.3277218063636362,1.7928998
10m,ANALYSIS,EFFECTIVE_CONTINUATION,BUY_EFFECTIVE,30,600,OPPOSITE_DIRECTION,183,44.80874316939891,-5.924345324754099,-1.37159673
10m,ANALYSIS,EFFECTIVE_CONTINUATION,BUY_EFFECTIVE,30,600,SAME_DIRECTION,201,43.78109452736319,-2.8295596060696515,-1.30077325
10m,ANALYSIS,EFFECTIVE_CONTINUATION,BUY_EFFECTIVE,30,600,STALE,75,42.666666666666664,-1.9624404283999999,-1.27795328
10m,ANALYSIS,EFFECTIVE_CONTINUATION,BUY_EFFECTIVE,60,60,MISSING,328,57.6219512195122,0.6268869509756095,0.454756905
10m,ANALYSIS,EFFECTIVE_CONTINUATION,BUY_EFFECTIVE,60,60,NATIVE_STALLED,9,44.44444444444444,1.6324120522222225,-0.12471938
10m,ANALYSIS,EFFECTIVE_CONTINUATION,BUY_EFFECTIVE,60,60,OPPOSITE_DIRECTION,159,54.716981132075475,0.4565850428301885,0.31168621
10m,ANALYSIS,EFFECTIVE_CONTINUATION,BUY_EFFECTIVE,60,60,SAME_DIRECTION,187,52.406417112299465,0.2104551063101605,0.18693511
10m,ANALYSIS,EFFECTIVE_CONTINUATION,BUY_EFFECTIVE,60,60,STALE,73,46.57534246575342,-0.420177874520548,-0.21880675
10m,ANALYSIS,EFFECTIVE_CONTINUATION,BUY_EFFECTIVE,60,180,MISSING,322,55.900621118012424,1.352063872111801,0.839781895
10m,ANALYSIS,EFFECTIVE_CONTINUATION,BUY_EFFECTIVE,60,180,NATIVE_STALLED,9,44.44444444444444,3.1827234511111104,-0.12470441
10m,ANALYSIS,EFFECTIVE_CONTINUATION,BUY_EFFECTIVE,60,180,OPPOSITE_DIRECTION,154,44.8051948051948,-0.7810951311038964,-0.68771085
10m,ANALYSIS,EFFECTIVE_CONTINUATION,BUY_EFFECTIVE,60,180,SAME_DIRECTION,181,46.96132596685083,-0.05111263027624323,-0.1092659
10m,ANALYSIS,EFFECTIVE_CONTINUATION,BUY_EFFECTIVE,60,180,STALE,73,49.31506849315068,-0.19680021054794505,-0.01564204
10m,ANALYSIS,EFFECTIVE_CONTINUATION,BUY_EFFECTIVE,60,300,MISSING,319,53.291536050156736,1.5748514577742967,0.75593136
10m,ANALYSIS,EFFECTIVE_CONTINUATION,BUY_EFFECTIVE,60,300,NATIVE_STALLED,9,88.88888888888889,4.084003804444445,4.01752763
10m,ANALYSIS,EFFECTIVE_CONTINUATION,BUY_EFFECTIVE,60,300,OPPOSITE_DIRECTION,150,50.0,-1.1836311021333334,0.007811525
10m,ANALYSIS,EFFECTIVE_CONTINUATION,BUY_EFFECTIVE,60,300,SAME_DIRECTION,177,41.24293785310734,-1.013929794350282,-1.07589085
10m,ANALYSIS,EFFECTIVE_CONTINUATION,BUY_EFFECTIVE,60,300,STALE,69,55.072463768115945,0.9687682834782607,0.56256241
10m,ANALYSIS,EFFECTIVE_CONTINUATION,BUY_EFFECTIVE,60,600,MISSING,315,54.92063492063492,3.0570307068888893,1.30558529
10m,ANALYSIS,EFFECTIVE_CONTINUATION,BUY_EFFECTIVE,60,600,NATIVE_STALLED,7,57.142857142857146,3.6090706914285713,1.90174228
10m,ANALYSIS,EFFECTIVE_CONTINUATION,BUY_EFFECTIVE,60,600,OPPOSITE_DIRECTION,145,51.03448275862069,-1.7944973747586197,0.04695299
10m,ANALYSIS,EFFECTIVE_CONTINUATION,BUY_EFFECTIVE,60,600,SAME_DIRECTION,168,39.285714285714285,-2.370739936428571,-1.364030665
10m,ANALYSIS,EFFECTIVE_CONTINUATION,BUY_EFFECTIVE,60,600,STALE,64,48.4375,-1.2207528396874998,-0.569371385
10m,ANALYSIS,EFFECTIVE_CONTINUATION,BUY_EFFECTIVE,180,60,MISSING,148,60.13513513513514,0.699527202432432,0.5658478849999999
10m,ANALYSIS,EFFECTIVE_CONTINUATION,BUY_EFFECTIVE,180,60,NATIVE_STALLED,9,11.11111111111111,0.10108393333333338,-1.49238186
10m,ANALYSIS,EFFECTIVE_CONTINUATION,BUY_EFFECTIVE,180,60,OPPOSITE_DIRECTION,68,51.470588235294116,0.005478670588235231,0.054645294999999997
10m,ANALYSIS,EFFECTIVE_CONTINUATION,BUY_EFFECTIVE,180,60,SAME_DIRECTION,116,52.58620689655172,-0.1988958269827586,0.093570915
10m,ANALYSIS,EFFECTIVE_CONTINUATION,BUY_EFFECTIVE,180,60,STALE,49,46.93877551020408,0.08449477857142852,0.0
10m,ANALYSIS,EFFECTIVE_CONTINUATION,BUY_EFFECTIVE,180,180,MISSING,146,60.95890410958904,1.6512433435616434,1.39845977
10m,ANALYSIS,EFFECTIVE_CONTINUATION,BUY_EFFECTIVE,180,180,NATIVE_STALLED,8,37.5,-0.20526376875000008,-2.418177085
10m,ANALYSIS,EFFECTIVE_CONTINUATION,BUY_EFFECTIVE,180,180,OPPOSITE_DIRECTION,68,42.64705882352941,-2.3517503988235298,-0.257455495
10m,ANALYSIS,EFFECTIVE_CONTINUATION,BUY_EFFECTIVE,180,180,SAME_DIRECTION,113,48.67256637168141,-0.6114399922123893,-0.09365254
10m,ANALYSIS,EFFECTIVE_CONTINUATION,BUY_EFFECTIVE,180,180,STALE,49,53.06122448979592,0.8853678834693876,0.46887161
10m,ANALYSIS,EFFECTIVE_CONTINUATION,BUY_EFFECTIVE,180,300,MISSING,146,54.10958904109589,1.6788659569178077,0.8963892099999999
10m,ANALYSIS,EFFECTIVE_CONTINUATION,BUY_EFFECTIVE,180,300,NATIVE_STALLED,7,100.0,1.8348006571428572,0.57501364
10m,ANALYSIS,EFFECTIVE_CONTINUATION,BUY_EFFECTIVE,180,300,OPPOSITE_DIRECTION,65,44.61538461538461,-2.7884244907692315,-1.31027867
10m,ANALYSIS,EFFECTIVE_CONTINUATION,BUY_EFFECTIVE,180,300,SAME_DIRECTION,112,38.392857142857146,-1.5773476836607139,-1.4681166650000002
10m,ANALYSIS,EFFECTIVE_CONTINUATION,BUY_EFFECTIVE,180,300,STALE,46,52.17391304347826,-0.22578837804347818,0.124717145
10m,ANALYSIS,EFFECTIVE_CONTINUATION,BUY_EFFECTIVE,180,600,MISSING,143,61.53846153846154,3.622414771958041,2.02362857
10m,ANALYSIS,EFFECTIVE_CONTINUATION,BUY_EFFECTIVE,180,600,NATIVE_STALLED,7,42.857142857142854,-0.9021472700000001,-4.44445135
10m,ANALYSIS,EFFECTIVE_CONTINUATION,BUY_EFFECTIVE,180,600,OPPOSITE_DIRECTION,64,48.4375,-5.277893973593751,-0.64776382
10m,ANALYSIS,EFFECTIVE_CONTINUATION,BUY_EFFECTIVE,180,600,SAME_DIRECTION,111,42.34234234234234,-1.9859877622522515,-1.09686063
10m,ANALYSIS,EFFECTIVE_CONTINUATION,BUY_EFFECTIVE,180,600,STALE,41,51.21951219512195,-2.1396669217073168,0.23401447
10m,ANALYSIS,EFFECTIVE_CONTINUATION,BUY_EFFECTIVE,300,60,MISSING,122,47.540983606557376,0.2768232902459014,-0.038561780000000004
10m,ANALYSIS,EFFECTIVE_CONTINUATION,BUY_EFFECTIVE,300,60,NATIVE_STALLED,2,0.0,-5.965500755,-5.965500755
10m,ANALYSIS,EFFECTIVE_CONTINUATION,BUY_EFFECTIVE,300,60,OPPOSITE_DIRECTION,38,50.0,-0.10237490973684214,0.101256675
10m,ANALYSIS,EFFECTIVE_CONTINUATION,BUY_EFFECTIVE,300,60,SAME_DIRECTION,88,44.31818181818182,-0.12112978056818179,-0.18548158
10m,ANALYSIS,EFFECTIVE_CONTINUATION,BUY_EFFECTIVE,300,60,STALE,35,42.857142857142854,0.12537786228571424,0.0
10m,ANALYSIS,EFFECTIVE_CONTINUATION,BUY_EFFECTIVE,300,180,MISSING,122,55.73770491803279,1.0727473408196722,0.792783615
10m,ANALYSIS,EFFECTIVE_CONTINUATION,BUY_EFFECTIVE,300,180,NATIVE_STALLED,2,50.0,-5.295618785,-5.295618785
10m,ANALYSIS,EFFECTIVE_CONTINUATION,BUY_EFFECTIVE,300,180,OPPOSITE_DIRECTION,38,44.73684210526316,-2.034478832631579,-0.40548589999999995
10m,ANALYSIS,EFFECTIVE_CONTINUATION,BUY_EFFECTIVE,300,180,SAME_DIRECTION,86,52.325581395348834,0.11673712906976721,0.25724280499999996
10m,ANALYSIS,EFFECTIVE_CONTINUATION,BUY_EFFECTIVE,300,180,STALE,35,40.0,-0.07113641314285712,-0.42231645
10m,ANALYSIS,EFFECTIVE_CONTINUATION,BUY_EFFECTIVE,300,300,MISSING,122,58.19672131147541,1.5534390206557371,0.921330655
10m,ANALYSIS,EFFECTIVE_CONTINUATION,BUY_EFFECTIVE,300,300,NATIVE_STALLED,2,50.0,-2.91967844,-2.91967844
10m,ANALYSIS,EFFECTIVE_CONTINUATION,BUY_EFFECTIVE,300,300,OPPOSITE_DIRECTION,38,47.36842105263158,-3.7828099642105273,-0.600352895
10m,ANALYSIS,EFFECTIVE_CONTINUATION,BUY_EFFECTIVE,300,300,SAME_DIRECTION,80,41.25,-1.331884256375,-0.8841851550000001
10m,ANALYSIS,EFFECTIVE_CONTINUATION,BUY_EFFECTIVE,300,300,STALE,35,34.285714285714285,-0.3250935208571429,-0.46798076
10m,ANALYSIS,EFFECTIVE_CONTINUATION,BUY_EFFECTIVE,300,600,MISSING,120,50.833333333333336,1.6417726409166662,0.130488625
10m,ANALYSIS,EFFECTIVE_CONTINUATION,BUY_EFFECTIVE,300,600,NATIVE_STALLED,2,0.0,-3.1606744200000003,-3.1606744200000003
10m,ANALYSIS,EFFECTIVE_CONTINUATION,BUY_EFFECTIVE,300,600,OPPOSITE_DIRECTION,37,56.75675675675676,-4.232895067297297,0.07804318
10m,ANALYSIS,EFFECTIVE_CONTINUATION,BUY_EFFECTIVE,300,600,SAME_DIRECTION,79,45.56962025316456,-2.1953295077215187,-0.87052631
10m,ANALYSIS,EFFECTIVE_CONTINUATION,BUY_EFFECTIVE,300,600,STALE,34,47.05882352941177,-0.785881651470588,-0.63276447
10m,ANALYSIS,EFFECTIVE_CONTINUATION,BUY_EFFECTIVE,900,60,MISSING,34,29.41176470588235,-0.9938277902941176,-0.438413725
10m,ANALYSIS,EFFECTIVE_CONTINUATION,BUY_EFFECTIVE,900,60,OPPOSITE_DIRECTION,6,66.66666666666667,0.26919161499999983,1.0647726450000001
10m,ANALYSIS,EFFECTIVE_CONTINUATION,BUY_EFFECTIVE,900,60,SAME_DIRECTION,25,40.0,-0.21667502919999998,-0.01558171
10m,ANALYSIS,EFFECTIVE_CONTINUATION,BUY_EFFECTIVE,900,60,STALE,23,34.78260869565217,-0.24854332000000004,0.0
10m,ANALYSIS,EFFECTIVE_CONTINUATION,BUY_EFFECTIVE,900,180,MISSING,33,48.484848484848484,0.11384082545454512,0.0
10m,ANALYSIS,EFFECTIVE_CONTINUATION,BUY_EFFECTIVE,900,180,OPPOSITE_DIRECTION,6,50.0,1.8393744383333333,-0.11007549
10m,ANALYSIS,EFFECTIVE_CONTINUATION,BUY_EFFECTIVE,900,180,SAME_DIRECTION,23,47.82608695652174,0.3661470886956521,-0.01558171
10m,ANALYSIS,EFFECTIVE_CONTINUATION,BUY_EFFECTIVE,900,180,STALE,23,34.78260869565217,-0.6566688330434782,-1.00021255
10m,ANALYSIS,EFFECTIVE_CONTINUATION,BUY_EFFECTIVE,900,300,MISSING,33,66.66666666666667,1.836111863939394,0.75593836
10m,ANALYSIS,EFFECTIVE_CONTINUATION,BUY_EFFECTIVE,900,300,OPPOSITE_DIRECTION,6,50.0,-1.211589870000001,-2.265292085
10m,ANALYSIS,EFFECTIVE_CONTINUATION,BUY_EFFECTIVE,900,300,SAME_DIRECTION,23,56.52173913043478,0.22453061000000002,0.32644737
10m,ANALYSIS,EFFECTIVE_CONTINUATION,BUY_EFFECTIVE,900,300,STALE,23,65.21739130434783,1.5562646700000002,0.92179866
10m,ANALYSIS,EFFECTIVE_CONTINUATION,BUY_EFFECTIVE,900,600,MISSING,29,34.48275862068966,-0.8786731882758619,-3.45478834
10m,ANALYSIS,EFFECTIVE_CONTINUATION,BUY_EFFECTIVE,900,600,OPPOSITE_DIRECTION,6,100.0,9.650333336666668,10.14811995
10m,ANALYSIS,EFFECTIVE_CONTINUATION,BUY_EFFECTIVE,900,600,SAME_DIRECTION,23,65.21739130434783,0.4705434934782612,1.43419687
10m,ANALYSIS,EFFECTIVE_CONTINUATION,BUY_EFFECTIVE,900,600,STALE,23,43.47826086956522,0.17690439956521747,-0.28124912
10m,ANALYSIS,EFFECTIVE_CONTINUATION,BUY_EFFECTIVE,1800,60,MISSING,13,38.46153846153846,0.3846937838461538,-0.35330641
10m,ANALYSIS,EFFECTIVE_CONTINUATION,BUY_EFFECTIVE,1800,60,OPPOSITE_DIRECTION,3,33.333333333333336,-0.32716853333333334,-0.01558098
10m,ANALYSIS,EFFECTIVE_CONTINUATION,BUY_EFFECTIVE,1800,60,SAME_DIRECTION,1,0.0,-3.1398736,-3.1398736
10m,ANALYSIS,EFFECTIVE_CONTINUATION,BUY_EFFECTIVE,1800,60,STALE,16,43.75,0.213230673125,0.0
10m,ANALYSIS,EFFECTIVE_CONTINUATION,BUY_EFFECTIVE,1800,180,MISSING,12,25.0,0.05165081250000001,-0.913988325
10m,ANALYSIS,EFFECTIVE_CONTINUATION,BUY_EFFECTIVE,1800,180,OPPOSITE_DIRECTION,3,0.0,-3.24593804,-3.3031737
10m,ANALYSIS,EFFECTIVE_CONTINUATION,BUY_EFFECTIVE,1800,180,SAME_DIRECTION,1,100.0,0.94817965,0.94817965
10m,ANALYSIS,EFFECTIVE_CONTINUATION,BUY_EFFECTIVE,1800,180,STALE,16,50.0,-0.5475605124999998,0.05464083
10m,ANALYSIS,EFFECTIVE_CONTINUATION,BUY_EFFECTIVE,1800,300,MISSING,12,66.66666666666667,0.12034577000000024,1.382666795
10m,ANALYSIS,EFFECTIVE_CONTINUATION,BUY_EFFECTIVE,1800,300,OPPOSITE_DIRECTION,3,0.0,-4.575466,-4.54964725
10m,ANALYSIS,EFFECTIVE_CONTINUATION,BUY_EFFECTIVE,1800,300,SAME_DIRECTION,1,100.0,0.79274036,0.79274036
10m,ANALYSIS,EFFECTIVE_CONTINUATION,BUY_EFFECTIVE,1800,300,STALE,16,37.5,-0.8490124075000001,-0.62401024
10m,ANALYSIS,EFFECTIVE_CONTINUATION,BUY_EFFECTIVE,1800,600,MISSING,12,66.66666666666667,1.287060715,1.974237975
10m,ANALYSIS,EFFECTIVE_CONTINUATION,BUY_EFFECTIVE,1800,600,OPPOSITE_DIRECTION,1,0.0,-0.18695345,-0.18695345
10m,ANALYSIS,EFFECTIVE_CONTINUATION,BUY_EFFECTIVE,1800,600,SAME_DIRECTION,1,100.0,0.63730108,0.63730108
10m,ANALYSIS,EFFECTIVE_CONTINUATION,BUY_EFFECTIVE,1800,600,STALE,16,43.75,-1.16956260625,-0.562478585
10m,ANALYSIS,TRAPPED_REVERSAL,BUY_TRAPPED,30,60,MISSING,67,34.32835820895522,-1.5467590579104475,-1.18860544
10m,ANALYSIS,TRAPPED_REVERSAL,BUY_TRAPPED,30,60,NATIVE_STALLED,2,100.0,2.55694195,2.55694195
10m,ANALYSIS,TRAPPED_REVERSAL,BUY_TRAPPED,30,60,OPPOSITE_DIRECTION,46,41.30434782608695,-0.5485574363043478,-0.6260028200000001
10m,ANALYSIS,TRAPPED_REVERSAL,BUY_TRAPPED,30,60,SAME_DIRECTION,48,64.58333333333333,0.37504095333333326,1.7009483749999998
10m,ANALYSIS,TRAPPED_REVERSAL,BUY_TRAPPED,30,60,STALE,24,54.166666666666664,-0.6241130491666665,0.45969606999999996
10m,ANALYSIS,TRAPPED_REVERSAL,BUY_TRAPPED,30,180,MISSING,66,21.21212121212121,-3.4753891410606057,-3.29477243
10m,ANALYSIS,TRAPPED_REVERSAL,BUY_TRAPPED,30,180,NATIVE_STALLED,2,50.0,-0.746122155,-0.746122155
10m,ANALYSIS,TRAPPED_REVERSAL,BUY_TRAPPED,30,180,OPPOSITE_DIRECTION,43,48.83720930232558,0.9502464051162784,-0.1562151
10m,ANALYSIS,TRAPPED_REVERSAL,BUY_TRAPPED,30,180,SAME_DIRECTION,46,54.34782608695652,-0.2489333019565218,1.68793215
10m,ANALYSIS,TRAPPED_REVERSAL,BUY_TRAPPED,30,180,STALE,24,33.333333333333336,-3.7438761604166673,-1.10330926
10m,ANALYSIS,TRAPPED_REVERSAL,BUY_TRAPPED,30,300,MISSING,66,30.303030303030305,-4.233455340606059,-3.940680455
10m,ANALYSIS,TRAPPED_REVERSAL,BUY_TRAPPED,30,300,NATIVE_STALLED,2,50.0,-1.00254386,-1.00254386
10m,ANALYSIS,TRAPPED_REVERSAL,BUY_TRAPPED,30,300,OPPOSITE_DIRECTION,43,48.83720930232558,0.7237171416279078,-0.50127512
10m,ANALYSIS,TRAPPED_REVERSAL,BUY_TRAPPED,30,300,SAME_DIRECTION,45,51.111111111111114,2.3001456606666673,0.21826913
10m,ANALYSIS,TRAPPED_REVERSAL,BUY_TRAPPED,30,300,STALE,20,30.0,-9.516818510000004,-6.518765625
10m,ANALYSIS,TRAPPED_REVERSAL,BUY_TRAPPED,30,600,MISSING,66,39.39393939393939,-5.883259247878788,-3.310345195
10m,ANALYSIS,TRAPPED_REVERSAL,BUY_TRAPPED,30,600,NATIVE_STALLED,2,50.0,-0.16319843,-0.16319843
10m,ANALYSIS,TRAPPED_REVERSAL,BUY_TRAPPED,30,600,OPPOSITE_DIRECTION,35,74.28571428571429,7.423241444571427,5.57976571
10m,ANALYSIS,TRAPPED_REVERSAL,BUY_TRAPPED,30,600,SAME_DIRECTION,37,64.86486486486487,15.154817375405404,15.65799447
10m,ANALYSIS,TRAPPED_REVERSAL,BUY_TRAPPED,30,600,STALE,20,25.0,-6.211685456,-4.61924014
10m,ANALYSIS,TRAPPED_REVERSAL,BUY_TRAPPED,60,60,MISSING,36,30.555555555555557,-1.5275041488888885,-1.82594419
10m,ANALYSIS,TRAPPED_REVERSAL,BUY_TRAPPED,60,60,NATIVE_STALLED,5,80.0,0.854802808,1.49238186
10m,ANALYSIS,TRAPPED_REVERSAL,BUY_TRAPPED,60,60,OPPOSITE_DIRECTION,35,40.0,0.15716880628571445,-0.54530299
10m,ANALYSIS,TRAPPED_REVERSAL,BUY_TRAPPED,60,60,SAME_DIRECTION,34,64.70588235294117,2.9335596838235287,2.886312715
10m,ANALYSIS,TRAPPED_REVERSAL,BUY_TRAPPED,60,60,STALE,14,92.85714285714286,3.2679397407142856,2.706712035
10m,ANALYSIS,TRAPPED_REVERSAL,BUY_TRAPPED,60,180,MISSING,36,30.555555555555557,-2.6194530775,-3.39767358
10m,ANALYSIS,TRAPPED_REVERSAL,BUY_TRAPPED,60,180,NATIVE_STALLED,5,20.0,-1.716286414,-2.70494212
10m,ANALYSIS,TRAPPED_REVERSAL,BUY_TRAPPED,60,180,OPPOSITE_DIRECTION,34,50.0,1.433734562647059,0.38079887
10m,ANALYSIS,TRAPPED_REVERSAL,BUY_TRAPPED,60,180,SAME_DIRECTION,32,68.75,4.499553169999999,5.724408385
10m,ANALYSIS,TRAPPED_REVERSAL,BUY_TRAPPED,60,180,STALE,14,78.57142857142857,4.6386173771428565,6.21877276
10m,ANALYSIS,TRAPPED_REVERSAL,BUY_TRAPPED,60,300,MISSING,36,33.333333333333336,-3.0399843536111124,-2.5806899100000003
10m,ANALYSIS,TRAPPED_REVERSAL,BUY_TRAPPED,60,300,NATIVE_STALLED,5,20.0,-1.1876832780000002,-1.321577
10m,ANALYSIS,TRAPPED_REVERSAL,BUY_TRAPPED,60,300,OPPOSITE_DIRECTION,34,73.52941176470588,2.8277034249999997,2.38424449
10m,ANALYSIS,TRAPPED_REVERSAL,BUY_TRAPPED,60,300,SAME_DIRECTION,30,56.666666666666664,6.776251760666664,3.858789215
10m,ANALYSIS,TRAPPED_REVERSAL,BUY_TRAPPED,60,300,STALE,10,60.0,1.7120947430000002,6.231382545000001
10m,ANALYSIS,TRAPPED_REVERSAL,BUY_TRAPPED,60,600,MISSING,36,41.666666666666664,-4.606419683055556,-1.54491712
10m,ANALYSIS,TRAPPED_REVERSAL,BUY_TRAPPED,60,600,NATIVE_STALLED,5,20.0,-1.290375016,-1.33682774
10m,ANALYSIS,TRAPPED_REVERSAL,BUY_TRAPPED,60,600,OPPOSITE_DIRECTION,30,76.66666666666667,7.620876979333334,6.833692790000001
10m,ANALYSIS,TRAPPED_REVERSAL,BUY_TRAPPED,60,600,SAME_DIRECTION,25,52.0,12.7310014544,5.15143828
10m,ANALYSIS,TRAPPED_REVERSAL,BUY_TRAPPED,60,600,STALE,10,60.0,8.351052369000001,10.952142215
10m,ANALYSIS,TRAPPED_REVERSAL,BUY_TRAPPED,180,60,MISSING,25,40.0,-0.4921273844000001,-0.84465296
10m,ANALYSIS,TRAPPED_REVERSAL,BUY_TRAPPED,180,60,NATIVE_STALLED,2,0.0,-2.56560166,-2.56560166
10m,ANALYSIS,TRAPPED_REVERSAL,BUY_TRAPPED,180,60,OPPOSITE_DIRECTION,21,47.61904761904762,0.023198339047619088,-0.19988653
10m,ANALYSIS,TRAPPED_REVERSAL,BUY_TRAPPED,180,60,SAME_DIRECTION,9,66.66666666666667,2.342495905555556,2.3656888
10m,ANALYSIS,TRAPPED_REVERSAL,BUY_TRAPPED,180,60,STALE,6,33.333333333333336,1.7419711850000004,-0.054695284999999996
10m,ANALYSIS,TRAPPED_REVERSAL,BUY_TRAPPED,180,180,MISSING,25,36.0,-0.9814698568000003,-1.52067192
10m,ANALYSIS,TRAPPED_REVERSAL,BUY_TRAPPED,180,180,NATIVE_STALLED,2,0.0,-5.84646196,-5.84646196
10m,ANALYSIS,TRAPPED_REVERSAL,BUY_TRAPPED,180,180,OPPOSITE_DIRECTION,19,57.89473684210526,0.13202757736842088,0.31344376
10m,ANALYSIS,TRAPPED_REVERSAL,BUY_TRAPPED,180,180,SAME_DIRECTION,9,66.66666666666667,5.596212380000001,0.50070255
10m,ANALYSIS,TRAPPED_REVERSAL,BUY_TRAPPED,180,180,STALE,4,75.0,6.770272545,8.181026885
10m,ANALYSIS,TRAPPED_REVERSAL,BUY_TRAPPED,180,300,MISSING,25,52.0,0.4019920644000001,0.26110503
10m,ANALYSIS,TRAPPED_REVERSAL,BUY_TRAPPED,180,300,NATIVE_STALLED,2,0.0,-2.05248133,-2.05248133
10m,ANALYSIS,TRAPPED_REVERSAL,BUY_TRAPPED,180,300,OPPOSITE_DIRECTION,17,52.94117647058823,0.21279282705882357,1.01480852
10m,ANALYSIS,TRAPPED_REVERSAL,BUY_TRAPPED,180,300,SAME_DIRECTION,9,44.44444444444444,2.224133425555555,-1.40822592
10m,ANALYSIS,TRAPPED_REVERSAL,BUY_TRAPPED,180,300,STALE,4,75.0,10.8561832675,14.41496933
10m,ANALYSIS,TRAPPED_REVERSAL,BUY_TRAPPED,180,600,MISSING,25,36.0,0.02143389759999998,-0.86504389
10m,ANALYSIS,TRAPPED_REVERSAL,BUY_TRAPPED,180,600,NATIVE_STALLED,2,0.0,-4.28377731,-4.28377731
10m,ANALYSIS,TRAPPED_REVERSAL,BUY_TRAPPED,180,600,OPPOSITE_DIRECTION,14,78.57142857142857,4.2619091749999995,5.413388055
10m,ANALYSIS,TRAPPED_REVERSAL,BUY_TRAPPED,180,600,SAME_DIRECTION,9,44.44444444444444,1.3490699322222226,-7.2167166
10m,ANALYSIS,TRAPPED_REVERSAL,BUY_TRAPPED,180,600,STALE,4,75.0,12.0177636175,16.34662499
10m,ANALYSIS,TRAPPED_REVERSAL,BUY_TRAPPED,300,60,MISSING,17,58.8235294117647,0.4847482841176472,0.50686495
10m,ANALYSIS,TRAPPED_REVERSAL,BUY_TRAPPED,300,60,NATIVE_STALLED,4,50.0,-0.6108614125,0.33397188999999994
10m,ANALYSIS,TRAPPED_REVERSAL,BUY_TRAPPED,300,60,OPPOSITE_DIRECTION,15,33.333333333333336,-0.25255431666666667,-0.54530299
10m,ANALYSIS,TRAPPED_REVERSAL,BUY_TRAPPED,300,60,SAME_DIRECTION,12,83.33333333333333,4.604317979166667,4.40238147
10m,ANALYSIS,TRAPPED_REVERSAL,BUY_TRAPPED,300,60,STALE,5,60.0,-0.1590768959999999,0.82766849
10m,ANALYSIS,TRAPPED_REVERSAL,BUY_TRAPPED,300,180,MISSING,17,47.05882352941177,-0.5431224747058825,-0.89622488
10m,ANALYSIS,TRAPPED_REVERSAL,BUY_TRAPPED,300,180,NATIVE_STALLED,4,0.0,-1.6791291225,-0.831771375
10m,ANALYSIS,TRAPPED_REVERSAL,BUY_TRAPPED,300,180,OPPOSITE_DIRECTION,12,33.333333333333336,-1.8802832416666664,-1.38374364
10m,ANALYSIS,TRAPPED_REVERSAL,BUY_TRAPPED,300,180,SAME_DIRECTION,12,100.0,11.534774125833332,6.254570645
10m,ANALYSIS,TRAPPED_REVERSAL,BUY_TRAPPED,300,180,STALE,5,80.0,1.2077814500000001,1.38735604
10m,ANALYSIS,TRAPPED_REVERSAL,BUY_TRAPPED,300,300,MISSING,17,29.41176470588235,-0.377096131764706,-1.56676011
10m,ANALYSIS,TRAPPED_REVERSAL,BUY_TRAPPED,300,300,NATIVE_STALLED,4,0.0,-3.18726276,-2.39374069
10m,ANALYSIS,TRAPPED_REVERSAL,BUY_TRAPPED,300,300,OPPOSITE_DIRECTION,12,66.66666666666667,-0.4801118433333332,1.88505783
10m,ANALYSIS,TRAPPED_REVERSAL,BUY_TRAPPED,300,300,SAME_DIRECTION,9,100.0,21.536902246666664,14.00597359
10m,ANALYSIS,TRAPPED_REVERSAL,BUY_TRAPPED,300,300,STALE,5,100.0,2.842176102,1.93643194
10m,ANALYSIS,TRAPPED_REVERSAL,BUY_TRAPPED,300,600,MISSING,17,5.882352941176471,-4.024612683529411,-3.80971108
10m,ANALYSIS,TRAPPED_REVERSAL,BUY_TRAPPED,300,600,NATIVE_STALLED,4,0.0,-1.6324745775,-1.189385405
10m,ANALYSIS,TRAPPED_REVERSAL,BUY_TRAPPED,300,600,OPPOSITE_DIRECTION,10,50.0,0.06255272699999966,1.3875271949999997
10m,ANALYSIS,TRAPPED_REVERSAL,BUY_TRAPPED,300,600,SAME_DIRECTION,8,100.0,23.146390240000002,19.324141824999998
10m,ANALYSIS,TRAPPED_REVERSAL,BUY_TRAPPED,300,600,STALE,5,80.0,2.070202334,0.7027374
10m,ANALYSIS,TRAPPED_REVERSAL,BUY_TRAPPED,900,60,MISSING,2,0.0,-1.4980328699999998,-1.4980328699999998
10m,ANALYSIS,TRAPPED_REVERSAL,BUY_TRAPPED,900,60,OPPOSITE_DIRECTION,1,0.0,-3.82500152,-3.82500152
10m,ANALYSIS,TRAPPED_REVERSAL,BUY_TRAPPED,900,180,MISSING,2,0.0,-9.58230608,-9.58230608
10m,ANALYSIS,TRAPPED_REVERSAL,BUY_TRAPPED,900,180,OPPOSITE_DIRECTION,1,0.0,-4.08933089,-4.08933089
10m,ANALYSIS,TRAPPED_REVERSAL,BUY_TRAPPED,900,300,MISSING,2,0.0,-16.563051955,-16.563051955
10m,ANALYSIS,TRAPPED_REVERSAL,BUY_TRAPPED,900,300,OPPOSITE_DIRECTION,1,0.0,-3.07865976,-3.07865976
10m,ANALYSIS,TRAPPED_REVERSAL,BUY_TRAPPED,900,600,MISSING,2,0.0,-32.59291762,-32.59291762
10m,ANALYSIS,TRAPPED_REVERSAL,BUY_TRAPPED,900,600,OPPOSITE_DIRECTION,1,0.0,-4.36920905,-4.36920905
10m,ANALYSIS,EFFECTIVE_CONTINUATION,SELL_EFFECTIVE,30,60,MISSING,308,52.5974025974026,0.29693896840909073,0.08477955
10m,ANALYSIS,EFFECTIVE_CONTINUATION,SELL_EFFECTIVE,30,60,NATIVE_STALLED,6,33.333333333333336,-1.3818351266666669,-0.58308424
10m,ANALYSIS,EFFECTIVE_CONTINUATION,SELL_EFFECTIVE,30,60,OPPOSITE_DIRECTION,190,60.0,0.7415375635789478,0.476324015
10m,ANALYSIS,EFFECTIVE_CONTINUATION,SELL_EFFECTIVE,30,60,SAME_DIRECTION,184,54.34782608695652,0.26611077494565216,0.187401535
10m,ANALYSIS,EFFECTIVE_CONTINUATION,SELL_EFFECTIVE,30,60,STALE,118,53.389830508474574,0.35708393533898264,0.46760755
10m,ANALYSIS,EFFECTIVE_CONTINUATION,SELL_EFFECTIVE,30,180,MISSING,301,52.82392026578073,0.5100475682059805,0.38442081
10m,ANALYSIS,EFFECTIVE_CONTINUATION,SELL_EFFECTIVE,30,180,NATIVE_STALLED,5,0.0,-3.03192452,-2.88462138
10m,ANALYSIS,EFFECTIVE_CONTINUATION,SELL_EFFECTIVE,30,180,OPPOSITE_DIRECTION,183,58.46994535519126,2.120360025519125,0.50044258
10m,ANALYSIS,EFFECTIVE_CONTINUATION,SELL_EFFECTIVE,30,180,SAME_DIRECTION,174,56.32183908045977,0.9187710367241376,0.641555835
10m,ANALYSIS,EFFECTIVE_CONTINUATION,SELL_EFFECTIVE,30,180,STALE,113,61.06194690265487,1.7276378405309731,1.48148841
10m,ANALYSIS,EFFECTIVE_CONTINUATION,SELL_EFFECTIVE,30,300,MISSING,292,52.397260273972606,0.26397187760273977,0.345738195
10m,ANALYSIS,EFFECTIVE_CONTINUATION,SELL_EFFECTIVE,30,300,NATIVE_STALLED,5,0.0,-3.2832299419999997,-2.56560166
10m,ANALYSIS,EFFECTIVE_CONTINUATION,SELL_EFFECTIVE,30,300,OPPOSITE_DIRECTION,175,62.285714285714285,2.980773563314286,1.93373827
10m,ANALYSIS,EFFECTIVE_CONTINUATION,SELL_EFFECTIVE,30,300,SAME_DIRECTION,166,51.204819277108435,-0.031618814638554815,0.078060625
10m,ANALYSIS,EFFECTIVE_CONTINUATION,SELL_EFFECTIVE,30,300,STALE,111,59.45945945945946,4.166296927837839,1.92081855
10m,ANALYSIS,EFFECTIVE_CONTINUATION,SELL_EFFECTIVE,30,600,MISSING,272,45.588235294117645,-1.276415140073529,-1.5672370249999998
10m,ANALYSIS,EFFECTIVE_CONTINUATION,SELL_EFFECTIVE,30,600,NATIVE_STALLED,5,0.0,-5.150193668000001,-3.3275076
10m,ANALYSIS,EFFECTIVE_CONTINUATION,SELL_EFFECTIVE,30,600,OPPOSITE_DIRECTION,168,60.714285714285715,2.868579644940477,1.41933027
10m,ANALYSIS,EFFECTIVE_CONTINUATION,SELL_EFFECTIVE,30,600,SAME_DIRECTION,162,56.17283950617284,2.142788123086421,0.7179787550000001
10m,ANALYSIS,EFFECTIVE_CONTINUATION,SELL_EFFECTIVE,30,600,STALE,107,54.205607476635514,2.9251752457009355,0.46780416
10m,ANALYSIS,EFFECTIVE_CONTINUATION,SELL_EFFECTIVE,60,60,MISSING,225,52.44444444444444,0.29648666639999993,0.07693906
10m,ANALYSIS,EFFECTIVE_CONTINUATION,SELL_EFFECTIVE,60,60,NATIVE_STALLED,4,25.0,-1.9722431974999999,-2.33783546
10m,ANALYSIS,EFFECTIVE_CONTINUATION,SELL_EFFECTIVE,60,60,OPPOSITE_DIRECTION,154,53.896103896103895,0.03684401389610383,0.14049263499999998
10m,ANALYSIS,EFFECTIVE_CONTINUATION,SELL_EFFECTIVE,60,60,SAME_DIRECTION,139,47.48201438848921,-0.0012227802877697038,-0.0
10m,ANALYSIS,EFFECTIVE_CONTINUATION,SELL_EFFECTIVE,60,60,STALE,102,54.90196078431372,0.09723026343137249,0.24047491
10m,ANALYSIS,EFFECTIVE_CONTINUATION,SELL_EFFECTIVE,60,180,MISSING,221,53.84615384615385,0.009462214298642694,0.29368621
10m,ANALYSIS,EFFECTIVE_CONTINUATION,SELL_EFFECTIVE,60,180,NATIVE_STALLED,3,0.0,-5.468739243333334,-7.07991099
10m,ANALYSIS,EFFECTIVE_CONTINUATION,SELL_EFFECTIVE,60,180,OPPOSITE_DIRECTION,145,50.3448275862069,0.3376042852413792,0.13982277
10m,ANALYSIS,EFFECTIVE_CONTINUATION,SELL_EFFECTIVE,60,180,SAME_DIRECTION,132,42.42424242424242,-1.2736222416666665,-0.5626435
10m,ANALYSIS,EFFECTIVE_CONTINUATION,SELL_EFFECTIVE,60,180,STALE,100,61.0,2.0131568587999995,1.327221485
10m,ANALYSIS,EFFECTIVE_CONTINUATION,SELL_EFFECTIVE,60,300,MISSING,215,57.2093023255814,0.5534009064651159,1.16750286
10m,ANALYSIS,EFFECTIVE_CONTINUATION,SELL_EFFECTIVE,60,300,NATIVE_STALLED,3,0.0,-5.510094323333334,-4.97401506
10m,ANALYSIS,EFFECTIVE_CONTINUATION,SELL_EFFECTIVE,60,300,OPPOSITE_DIRECTION,140,50.0,0.3488856932857141,0.015535865
10m,ANALYSIS,EFFECTIVE_CONTINUATION,SELL_EFFECTIVE,60,300,SAME_DIRECTION,130,37.69230769230769,-2.276797544538462,-1.052519925
10m,ANALYSIS,EFFECTIVE_CONTINUATION,SELL_EFFECTIVE,60,300,STALE,100,60.0,5.183799215699999,1.8395898
10m,ANALYSIS,EFFECTIVE_CONTINUATION,SELL_EFFECTIVE,60,600,MISSING,205,51.21951219512195,-0.6042143032682925,1.01374235
10m,ANALYSIS,EFFECTIVE_CONTINUATION,SELL_EFFECTIVE,60,600,NATIVE_STALLED,3,0.0,-7.495753883333333,-7.31382875
10m,ANALYSIS,EFFECTIVE_CONTINUATION,SELL_EFFECTIVE,60,600,OPPOSITE_DIRECTION,135,51.111111111111114,0.46685509140740705,0.15565268
10m,ANALYSIS,EFFECTIVE_CONTINUATION,SELL_EFFECTIVE,60,600,SAME_DIRECTION,127,44.09448818897638,-1.2678613529133862,-0.7948085
10m,ANALYSIS,EFFECTIVE_CONTINUATION,SELL_EFFECTIVE,60,600,STALE,98,47.95918367346939,3.4282653802040817,-0.718287515
10m,ANALYSIS,EFFECTIVE_CONTINUATION,SELL_EFFECTIVE,180,60,MISSING,108,53.7037037037037,0.3247815561111111,0.390222495
10m,ANALYSIS,EFFECTIVE_CONTINUATION,SELL_EFFECTIVE,180,60,NATIVE_STALLED,1,0.0,-5.24032995,-5.24032995
10m,ANALYSIS,EFFECTIVE_CONTINUATION,SELL_EFFECTIVE,180,60,OPPOSITE_DIRECTION,96,44.791666666666664,0.002015460000000006,-0.0
10m,ANALYSIS,EFFECTIVE_CONTINUATION,SELL_EFFECTIVE,180,60,SAME_DIRECTION,103,45.63106796116505,-0.28328065009708725,-0.0
10m,ANALYSIS,EFFECTIVE_CONTINUATION,SELL_EFFECTIVE,180,60,STALE,49,59.183673469387756,0.11158296571428568,0.2962658
10m,ANALYSIS,EFFECTIVE_CONTINUATION,SELL_EFFECTIVE,180,180,MISSING,103,56.310679611650485,0.2653680502912622,0.49366413
10m,ANALYSIS,EFFECTIVE_CONTINUATION,SELL_EFFECTIVE,180,180,NATIVE_STALLED,1,0.0,-8.34397775,-8.34397775
10m,ANALYSIS,EFFECTIVE_CONTINUATION,SELL_EFFECTIVE,180,180,OPPOSITE_DIRECTION,91,45.05494505494506,-0.6520262110989012,-0.04674878
10m,ANALYSIS,EFFECTIVE_CONTINUATION,SELL_EFFECTIVE,180,180,SAME_DIRECTION,101,36.633663366336634,-0.9397427884158419,-1.04495815
10m,ANALYSIS,EFFECTIVE_CONTINUATION,SELL_EFFECTIVE,180,180,STALE,49,59.183673469387756,0.575843919387755,0.63689518
10m,ANALYSIS,EFFECTIVE_CONTINUATION,SELL_EFFECTIVE,180,300,MISSING,98,53.06122448979592,0.4906713116326526,0.58119398
10m,ANALYSIS,EFFECTIVE_CONTINUATION,SELL_EFFECTIVE,180,300,NATIVE_STALLED,1,0.0,-6.69077842,-6.69077842
10m,ANALYSIS,EFFECTIVE_CONTINUATION,SELL_EFFECTIVE,180,300,OPPOSITE_DIRECTION,85,49.411764705882355,-0.3833117440000002,-0.0155361
10m,ANALYSIS,EFFECTIVE_CONTINUATION,SELL_EFFECTIVE,180,300,SAME_DIRECTION,101,39.603960396039604,-0.8551458755445545,-1.35998699
10m,ANALYSIS,EFFECTIVE_CONTINUATION,SELL_EFFECTIVE,180,300,STALE,49,53.06122448979592,1.2781289904081634,0.09357601
10m,ANALYSIS,EFFECTIVE_CONTINUATION,SELL_EFFECTIVE,180,600,MISSING,89,34.831460674157306,-2.3717377187640443,-2.43170205
10m,ANALYSIS,EFFECTIVE_CONTINUATION,SELL_EFFECTIVE,180,600,NATIVE_STALLED,1,0.0,-8.04764957,-8.04764957
10m,ANALYSIS,EFFECTIVE_CONTINUATION,SELL_EFFECTIVE,180,600,OPPOSITE_DIRECTION,81,54.32098765432099,-0.4696866490123462,0.63959665
10m,ANALYSIS,EFFECTIVE_CONTINUATION,SELL_EFFECTIVE,180,600,SAME_DIRECTION,92,51.08695652173913,0.09305392771739145,0.07023800499999999
10m,ANALYSIS,EFFECTIVE_CONTINUATION,SELL_EFFECTIVE,180,600,STALE,46,43.47826086956522,1.089468105869565,-0.84230129
10m,ANALYSIS,EFFECTIVE_CONTINUATION,SELL_EFFECTIVE,300,60,MISSING,74,50.0,0.37535474918918926,0.030598915
10m,ANALYSIS,EFFECTIVE_CONTINUATION,SELL_EFFECTIVE,300,60,OPPOSITE_DIRECTION,71,56.33802816901409,-0.11497145521126764,0.06240055
10m,ANALYSIS,EFFECTIVE_CONTINUATION,SELL_EFFECTIVE,300,60,SAME_DIRECTION,87,45.97701149425287,-0.351108028045977,-0.0
10m,ANALYSIS,EFFECTIVE_CONTINUATION,SELL_EFFECTIVE,300,60,STALE,37,59.45945945945946,0.5583015186486487,0.60582901
10m,ANALYSIS,EFFECTIVE_CONTINUATION,SELL_EFFECTIVE,300,180,MISSING,71,45.070422535211264,-0.5303797699999996,-1.1076054
10m,ANALYSIS,EFFECTIVE_CONTINUATION,SELL_EFFECTIVE,300,180,OPPOSITE_DIRECTION,67,49.25373134328358,0.1900067128358209,-0.17203575
10m,ANALYSIS,EFFECTIVE_CONTINUATION,SELL_EFFECTIVE,300,180,SAME_DIRECTION,86,31.3953488372093,-1.1785479849999998,-1.12327914
10m,ANALYSIS,EFFECTIVE_CONTINUATION,SELL_EFFECTIVE,300,180,STALE,37,56.75675675675676,1.2010815456756756,0.32798304
10m,ANALYSIS,EFFECTIVE_CONTINUATION,SELL_EFFECTIVE,300,300,MISSING,71,59.15492957746479,-0.40007139774647893,1.4769208
10m,ANALYSIS,EFFECTIVE_CONTINUATION,SELL_EFFECTIVE,300,300,OPPOSITE_DIRECTION,65,49.23076923076923,0.08030593476923095,-0.12470947
10m,ANALYSIS,EFFECTIVE_CONTINUATION,SELL_EFFECTIVE,300,300,SAME_DIRECTION,85,42.35294117647059,-0.7655909292941177,-0.7797806
10m,ANALYSIS,EFFECTIVE_CONTINUATION,SELL_EFFECTIVE,300,300,STALE,37,54.054054054054056,1.284806935135135,0.09357601
10m,ANALYSIS,EFFECTIVE_CONTINUATION,SELL_EFFECTIVE,300,600,MISSING,63,23.80952380952381,-5.123479958888889,-5.89468772
10m,ANALYSIS,EFFECTIVE_CONTINUATION,SELL_EFFECTIVE,300,600,OPPOSITE_DIRECTION,60,50.0,-0.33948745883333314,-4.6400000000001995e-06
10m,ANALYSIS,EFFECTIVE_CONTINUATION,SELL_EFFECTIVE,300,600,SAME_DIRECTION,81,51.851851851851855,-0.08718412024691359,0.09375923
10m,ANALYSIS,EFFECTIVE_CONTINUATION,SELL_EFFECTIVE,300,600,STALE,36,47.22222222222222,1.159796097777778,-1.005687245
10m,ANALYSIS,EFFECTIVE_CONTINUATION,SELL_EFFECTIVE,900,60,MISSING,25,60.0,-0.0012750979999998368,0.3844214
10m,ANALYSIS,EFFECTIVE_CONTINUATION,SELL_EFFECTIVE,900,60,OPPOSITE_DIRECTION,12,58.333333333333336,0.12169872750000003,0.14813016
10m,ANALYSIS,EFFECTIVE_CONTINUATION,SELL_EFFECTIVE,900,60,SAME_DIRECTION,48,43.75,0.20302646208333341,-0.0
10m,ANALYSIS,EFFECTIVE_CONTINUATION,SELL_EFFECTIVE,900,60,STALE,24,45.833333333333336,-0.35930143875,-0.007797185
10m,ANALYSIS,EFFECTIVE_CONTINUATION,SELL_EFFECTIVE,900,180,MISSING,23,39.130434782608695,-1.8212107282608696,-4.38177734
10m,ANALYSIS,EFFECTIVE_CONTINUATION,SELL_EFFECTIVE,900,180,OPPOSITE_DIRECTION,12,50.0,1.4585304725000003,0.272796275
10m,ANALYSIS,EFFECTIVE_CONTINUATION,SELL_EFFECTIVE,900,180,SAME_DIRECTION,46,56.52173913043478,1.486203362173913,0.21084564500000003
10m,ANALYSIS,EFFECTIVE_CONTINUATION,SELL_EFFECTIVE,900,180,STALE,24,29.166666666666668,-2.0469290870833334,-1.443637175
10m,ANALYSIS,EFFECTIVE_CONTINUATION,SELL_EFFECTIVE,900,300,MISSING,23,39.130434782608695,0.17689551739130435,-0.72260889
10m,ANALYSIS,EFFECTIVE_CONTINUATION,SELL_EFFECTIVE,900,300,OPPOSITE_DIRECTION,12,50.0,1.6704820133333333,0.226205175
10m,ANALYSIS,EFFECTIVE_CONTINUATION,SELL_EFFECTIVE,900,300,SAME_DIRECTION,45,44.44444444444444,1.724350218222222,-0.57703135
10m,ANALYSIS,EFFECTIVE_CONTINUATION,SELL_EFFECTIVE,900,300,STALE,24,16.666666666666668,-1.9362283416666666,-2.0221772099999997
10m,ANALYSIS,EFFECTIVE_CONTINUATION,SELL_EFFECTIVE,900,600,MISSING,22,95.45454545454545,9.72803851090909,7.6040061649999995
10m,ANALYSIS,EFFECTIVE_CONTINUATION,SELL_EFFECTIVE,900,600,OPPOSITE_DIRECTION,12,50.0,1.5051281650000001,-0.741012555
10m,ANALYSIS,EFFECTIVE_CONTINUATION,SELL_EFFECTIVE,900,600,SAME_DIRECTION,44,47.72727272727273,0.21077090749999988,-0.14817250999999998
10m,ANALYSIS,EFFECTIVE_CONTINUATION,SELL_EFFECTIVE,900,600,STALE,24,29.166666666666668,-2.6978206933333326,-2.13017533
10m,ANALYSIS,EFFECTIVE_CONTINUATION,SELL_EFFECTIVE,1800,60,OPPOSITE_DIRECTION,20,65.0,0.218382202,0.29715485
10m,ANALYSIS,EFFECTIVE_CONTINUATION,SELL_EFFECTIVE,1800,60,SAME_DIRECTION,10,30.0,-0.8038334200000001,-0.8657241149999999
10m,ANALYSIS,EFFECTIVE_CONTINUATION,SELL_EFFECTIVE,1800,60,STALE,4,0.0,-1.0957535125,-0.670498385
10m,ANALYSIS,EFFECTIVE_CONTINUATION,SELL_EFFECTIVE,1800,180,OPPOSITE_DIRECTION,20,65.0,1.1829686395,0.96055627
10m,ANALYSIS,EFFECTIVE_CONTINUATION,SELL_EFFECTIVE,1800,180,SAME_DIRECTION,10,30.0,-2.474488952,-2.891555445
10m,ANALYSIS,EFFECTIVE_CONTINUATION,SELL_EFFECTIVE,1800,180,STALE,4,25.0,-0.6668215275,-1.637251485
10m,ANALYSIS,EFFECTIVE_CONTINUATION,SELL_EFFECTIVE,1800,300,OPPOSITE_DIRECTION,20,55.0,1.0747520979999998,1.024330355
10m,ANALYSIS,EFFECTIVE_CONTINUATION,SELL_EFFECTIVE,1800,300,SAME_DIRECTION,10,30.0,-2.977378395,-1.647759795
10m,ANALYSIS,EFFECTIVE_CONTINUATION,SELL_EFFECTIVE,1800,300,STALE,4,50.0,1.1656972574999998,-0.79524748
10m,ANALYSIS,EFFECTIVE_CONTINUATION,SELL_EFFECTIVE,1800,600,OPPOSITE_DIRECTION,20,40.0,0.5063990015000001,-0.74929365
10m,ANALYSIS,EFFECTIVE_CONTINUATION,SELL_EFFECTIVE,1800,600,SAME_DIRECTION,10,40.0,-0.782323791,-0.40556626500000004
10m,ANALYSIS,EFFECTIVE_CONTINUATION,SELL_EFFECTIVE,1800,600,STALE,4,75.0,3.270803325,0.32745064
10m,ANALYSIS,TRAPPED_REVERSAL,SELL_TRAPPED,30,60,MISSING,44,56.81818181818182,0.15590899795454546,0.92591389
10m,ANALYSIS,TRAPPED_REVERSAL,SELL_TRAPPED,30,60,NATIVE_STALLED,1,100.0,0.37361064,0.37361064
10m,ANALYSIS,TRAPPED_REVERSAL,SELL_TRAPPED,30,60,OPPOSITE_DIRECTION,46,63.04347826086956,0.7816484893478264,0.6704146099999999
10m,ANALYSIS,TRAPPED_REVERSAL,SELL_TRAPPED,30,60,SAME_DIRECTION,21,42.857142857142854,0.32112528571428567,-0.18709599
10m,ANALYSIS,TRAPPED_REVERSAL,SELL_TRAPPED,30,60,STALE,5,40.0,1.8132110140000002,0.0
10m,ANALYSIS,TRAPPED_REVERSAL,SELL_TRAPPED,30,180,MISSING,40,55.0,2.717963889499999,1.830003805
10m,ANALYSIS,TRAPPED_REVERSAL,SELL_TRAPPED,30,180,OPPOSITE_DIRECTION,45,42.22222222222222,0.16339929822222246,-1.68413962
10m,ANALYSIS,TRAPPED_REVERSAL,SELL_TRAPPED,30,180,SAME_DIRECTION,20,50.0,0.3980644489999999,-0.038968550000000005
10m,ANALYSIS,TRAPPED_REVERSAL,SELL_TRAPPED,30,180,STALE,5,40.0,0.919635474,-2.24514487
10m,ANALYSIS,TRAPPED_REVERSAL,SELL_TRAPPED,30,300,MISSING,40,55.0,3.517779409250001,1.75123877
10m,ANALYSIS,TRAPPED_REVERSAL,SELL_TRAPPED,30,300,OPPOSITE_DIRECTION,39,51.282051282051285,1.2612732771794875,0.17151081
10m,ANALYSIS,TRAPPED_REVERSAL,SELL_TRAPPED,30,300,SAME_DIRECTION,19,36.8421052631579,0.1792900642105263,-1.24750499
10m,ANALYSIS,TRAPPED_REVERSAL,SELL_TRAPPED,30,300,STALE,5,40.0,3.114912068,-1.6370848
10m,ANALYSIS,TRAPPED_REVERSAL,SELL_TRAPPED,30,600,MISSING,34,79.41176470588235,8.721933027058824,9.450423624999999
10m,ANALYSIS,TRAPPED_REVERSAL,SELL_TRAPPED,30,600,OPPOSITE_DIRECTION,36,38.888888888888886,-1.598704168611111,-2.559208705
10m,ANALYSIS,TRAPPED_REVERSAL,SELL_TRAPPED,30,600,SAME_DIRECTION,17,64.70588235294117,0.6986275894117648,0.73290918
10m,ANALYSIS,TRAPPED_REVERSAL,SELL_TRAPPED,30,600,STALE,5,80.0,8.306009662,1.83977149
10m,ANALYSIS,TRAPPED_REVERSAL,SELL_TRAPPED,60,60,MISSING,40,55.0,1.1494407194999998,0.09998598
10m,ANALYSIS,TRAPPED_REVERSAL,SELL_TRAPPED,60,60,NATIVE_STALLED,1,100.0,0.12452583,0.12452583
10m,ANALYSIS,TRAPPED_REVERSAL,SELL_TRAPPED,60,60,OPPOSITE_DIRECTION,48,54.166666666666664,-0.34711768104166657,0.078144665
10m,ANALYSIS,TRAPPED_REVERSAL,SELL_TRAPPED,60,60,SAME_DIRECTION,27,51.851851851851855,0.25284503555555554,0.01558501
10m,ANALYSIS,TRAPPED_REVERSAL,SELL_TRAPPED,60,60,STALE,7,42.857142857142854,-0.66219789,-0.7328749
10m,ANALYSIS,TRAPPED_REVERSAL,SELL_TRAPPED,60,180,MISSING,38,55.26315789473684,3.7604178760526317,2.30891518
10m,ANALYSIS,TRAPPED_REVERSAL,SELL_TRAPPED,60,180,OPPOSITE_DIRECTION,44,47.72727272727273,-0.4516782043181818,-0.37444833
10m,ANALYSIS,TRAPPED_REVERSAL,SELL_TRAPPED,60,180,SAME_DIRECTION,25,20.0,-1.9751609964000005,-1.79859772
10m,ANALYSIS,TRAPPED_REVERSAL,SELL_TRAPPED,60,180,STALE,7,28.571428571428573,-2.153692641428571,-2.26073263
10m,ANALYSIS,TRAPPED_REVERSAL,SELL_TRAPPED,60,300,MISSING,38,60.526315789473685,4.1652441115789465,1.68167517
10m,ANALYSIS,TRAPPED_REVERSAL,SELL_TRAPPED,60,300,OPPOSITE_DIRECTION,43,48.83720930232558,0.18463445604651174,-0.0311726
10m,ANALYSIS,TRAPPED_REVERSAL,SELL_TRAPPED,60,300,SAME_DIRECTION,25,16.0,-2.8661451856,-3.20678468
10m,ANALYSIS,TRAPPED_REVERSAL,SELL_TRAPPED,60,300,STALE,7,28.571428571428573,-1.6016973885714287,-1.26303972
10m,ANALYSIS,TRAPPED_REVERSAL,SELL_TRAPPED,60,600,MISSING,33,84.84848484848484,9.548362635454545,11.74555199
10m,ANALYSIS,TRAPPED_REVERSAL,SELL_TRAPPED,60,600,OPPOSITE_DIRECTION,39,35.8974358974359,-2.1553471364102563,-1.64680403
10m,ANALYSIS,TRAPPED_REVERSAL,SELL_TRAPPED,60,600,SAME_DIRECTION,23,39.130434782608695,-1.3290557504347826,-0.74865943
10m,ANALYSIS,TRAPPED_REVERSAL,SELL_TRAPPED,60,600,STALE,7,100.0,1.9808864,1.32525706
10m,ANALYSIS,TRAPPED_REVERSAL,SELL_TRAPPED,180,60,MISSING,17,58.8235294117647,2.019030554705882,0.85963536
10m,ANALYSIS,TRAPPED_REVERSAL,SELL_TRAPPED,180,60,OPPOSITE_DIRECTION,44,36.36363636363637,-0.5192542468181819,0.0
10m,ANALYSIS,TRAPPED_REVERSAL,SELL_TRAPPED,180,60,SAME_DIRECTION,17,35.294117647058826,-0.5856333252941177,0.0
10m,ANALYSIS,TRAPPED_REVERSAL,SELL_TRAPPED,180,60,STALE,13,46.15384615384615,-1.3081440153846156,-0.26504397
10m,ANALYSIS,TRAPPED_REVERSAL,SELL_TRAPPED,180,180,MISSING,17,47.05882352941177,0.6472894370588234,-1.12208948
10m,ANALYSIS,TRAPPED_REVERSAL,SELL_TRAPPED,180,180,OPPOSITE_DIRECTION,44,50.0,-0.9975642620454543,-0.2493271
10m,ANALYSIS,TRAPPED_REVERSAL,SELL_TRAPPED,180,180,SAME_DIRECTION,17,17.647058823529413,-2.136098787647059,-2.462939
10m,ANALYSIS,TRAPPED_REVERSAL,SELL_TRAPPED,180,180,STALE,13,30.76923076923077,-1.9460157984615383,-2.24514487
10m,ANALYSIS,TRAPPED_REVERSAL,SELL_TRAPPED,180,300,MISSING,17,64.70588235294117,2.929847116470588,1.6154716
10m,ANALYSIS,TRAPPED_REVERSAL,SELL_TRAPPED,180,300,OPPOSITE_DIRECTION,43,51.16279069767442,-0.3612773048837209,0.17151081
10m,ANALYSIS,TRAPPED_REVERSAL,SELL_TRAPPED,180,300,SAME_DIRECTION,16,31.25,-3.6009379431250004,-3.27379386
10m,ANALYSIS,TRAPPED_REVERSAL,SELL_TRAPPED,180,300,STALE,13,30.76923076923077,-2.179927926923077,-1.6370848
10m,ANALYSIS,TRAPPED_REVERSAL,SELL_TRAPPED,180,600,MISSING,16,93.75,9.033469918125,10.498747965
10m,ANALYSIS,TRAPPED_REVERSAL,SELL_TRAPPED,180,600,OPPOSITE_DIRECTION,40,32.5,-1.81696346325,-1.57133617
10m,ANALYSIS,TRAPPED_REVERSAL,SELL_TRAPPED,180,600,SAME_DIRECTION,12,16.666666666666668,-2.3196420908333333,-0.991625695
10m,ANALYSIS,TRAPPED_REVERSAL,SELL_TRAPPED,180,600,STALE,13,46.15384615384615,-0.9238886330769229,-0.31181644
10m,ANALYSIS,TRAPPED_REVERSAL,SELL_TRAPPED,300,60,MISSING,7,42.857142857142854,-0.2396233371428571,-0.1230951
10m,ANALYSIS,TRAPPED_REVERSAL,SELL_TRAPPED,300,60,OPPOSITE_DIRECTION,26,57.69230769230769,0.18423841846153846,0.015604554999999999
10m,ANALYSIS,TRAPPED_REVERSAL,SELL_TRAPPED,300,60,SAME_DIRECTION,6,66.66666666666667,1.1130436866666666,1.143090615
10m,ANALYSIS,TRAPPED_REVERSAL,SELL_TRAPPED,300,60,STALE,10,70.0,0.37191973999999994,0.7326870249999999
10m,ANALYSIS,TRAPPED_REVERSAL,SELL_TRAPPED,300,180,MISSING,7,28.571428571428573,-1.3711183285714286,-1.49239724
10m,ANALYSIS,TRAPPED_REVERSAL,SELL_TRAPPED,300,180,OPPOSITE_DIRECTION,25,44.0,0.6223108583999998,-0.01558504
10m,ANALYSIS,TRAPPED_REVERSAL,SELL_TRAPPED,300,180,SAME_DIRECTION,6,50.0,1.0133928666666667,0.770901445
10m,ANALYSIS,TRAPPED_REVERSAL,SELL_TRAPPED,300,180,STALE,10,70.0,0.755088118,0.46795091
10m,ANALYSIS,TRAPPED_REVERSAL,SELL_TRAPPED,300,300,MISSING,7,85.71428571428571,2.089632337142857,2.63092709
10m,ANALYSIS,TRAPPED_REVERSAL,SELL_TRAPPED,300,300,OPPOSITE_DIRECTION,22,68.18181818181819,1.6413958086363634,2.966252025
10m,ANALYSIS,TRAPPED_REVERSAL,SELL_TRAPPED,300,300,SAME_DIRECTION,6,50.0,0.23228197833333333,0.26480201999999997
10m,ANALYSIS,TRAPPED_REVERSAL,SELL_TRAPPED,300,300,STALE,10,50.0,0.3759040319999999,-0.0077985
10m,ANALYSIS,TRAPPED_REVERSAL,SELL_TRAPPED,300,600,MISSING,6,66.66666666666667,4.785747913333334,1.4592017549999998
10m,ANALYSIS,TRAPPED_REVERSAL,SELL_TRAPPED,300,600,OPPOSITE_DIRECTION,22,40.90909090909091,-0.1581636868181817,-0.9281969350000001
10m,ANALYSIS,TRAPPED_REVERSAL,SELL_TRAPPED,300,600,SAME_DIRECTION,6,16.666666666666668,-3.002641926666667,-4.32920625
10m,ANALYSIS,TRAPPED_REVERSAL,SELL_TRAPPED,300,600,STALE,10,40.0,-1.6296933230000001,-2.042450225
10m,ANALYSIS,TRAPPED_REVERSAL,SELL_TRAPPED,900,60,OPPOSITE_DIRECTION,13,46.15384615384615,-0.8406608261538462,-1.85553057
10m,ANALYSIS,TRAPPED_REVERSAL,SELL_TRAPPED,900,60,SAME_DIRECTION,9,55.55555555555556,-0.1178810711111111,0.21806888
10m,ANALYSIS,TRAPPED_REVERSAL,SELL_TRAPPED,900,60,STALE,4,75.0,1.158703415,0.421009955
10m,ANALYSIS,TRAPPED_REVERSAL,SELL_TRAPPED,900,180,OPPOSITE_DIRECTION,13,46.15384615384615,-1.4126595723076922,-1.91746782
10m,ANALYSIS,TRAPPED_REVERSAL,SELL_TRAPPED,900,180,SAME_DIRECTION,9,11.11111111111111,-3.1622063133333334,-1.73034384
10m,ANALYSIS,TRAPPED_REVERSAL,SELL_TRAPPED,900,180,STALE,4,100.0,2.1569752525,1.161638245
10m,ANALYSIS,TRAPPED_REVERSAL,SELL_TRAPPED,900,300,OPPOSITE_DIRECTION,13,61.53846153846154,0.9334333330769231,0.34303927
10m,ANALYSIS,TRAPPED_REVERSAL,SELL_TRAPPED,900,300,SAME_DIRECTION,9,22.22222222222222,-2.4691110755555554,-1.43389063
10m,ANALYSIS,TRAPPED_REVERSAL,SELL_TRAPPED,900,300,STALE,4,100.0,0.986701845,0.66262369
10m,ANALYSIS,TRAPPED_REVERSAL,SELL_TRAPPED,900,600,OPPOSITE_DIRECTION,13,53.84615384615385,-0.06426730153846148,0.74828012
10m,ANALYSIS,TRAPPED_REVERSAL,SELL_TRAPPED,900,600,SAME_DIRECTION,9,11.11111111111111,-3.8695930411111115,-5.75218825
10m,ANALYSIS,TRAPPED_REVERSAL,SELL_TRAPPED,900,600,STALE,4,50.0,-2.5473252925,-1.5824997049999998
10m,ANALYSIS,TRAPPED_REVERSAL,SELL_TRAPPED,1800,60,OPPOSITE_DIRECTION,17,23.529411764705884,-1.458101087647059,-2.12067581
10m,ANALYSIS,TRAPPED_REVERSAL,SELL_TRAPPED,1800,60,SAME_DIRECTION,7,42.857142857142854,-1.0064601785714287,0.0
10m,ANALYSIS,TRAPPED_REVERSAL,SELL_TRAPPED,1800,60,STALE,1,100.0,0.49889619,0.49889619
10m,ANALYSIS,TRAPPED_REVERSAL,SELL_TRAPPED,1800,180,OPPOSITE_DIRECTION,17,11.764705882352942,-3.396167731764706,-4.0850756
10m,ANALYSIS,TRAPPED_REVERSAL,SELL_TRAPPED,1800,180,SAME_DIRECTION,7,14.285714285714286,-2.434203817142857,-2.99293387
10m,ANALYSIS,TRAPPED_REVERSAL,SELL_TRAPPED,1800,180,STALE,1,100.0,0.5144867,0.5144867
10m,ANALYSIS,TRAPPED_REVERSAL,SELL_TRAPPED,1800,300,OPPOSITE_DIRECTION,17,29.41176470588235,-1.2868448294117645,-0.70157386
10m,ANALYSIS,TRAPPED_REVERSAL,SELL_TRAPPED,1800,300,SAME_DIRECTION,7,28.571428571428573,-2.1532853785714283,-0.91976529
10m,ANALYSIS,TRAPPED_REVERSAL,SELL_TRAPPED,1800,300,STALE,1,100.0,0.60802973,0.60802973
10m,ANALYSIS,TRAPPED_REVERSAL,SELL_TRAPPED,1800,600,OPPOSITE_DIRECTION,17,11.764705882352942,-3.5959664499999993,-4.05392974
10m,ANALYSIS,TRAPPED_REVERSAL,SELL_TRAPPED,1800,600,SAME_DIRECTION,7,28.571428571428573,-2.8857001485714284,-2.82175401
10m,ANALYSIS,TRAPPED_REVERSAL,SELL_TRAPPED,1800,600,STALE,1,0.0,-5.23841002,-5.23841002
10m,ENTRY_PROBE,STALLED_PRESSURE_PROBE,BUY_STALLED,30,60,MISSING,493,52.73833671399594,0.5353606967342794,0.27630925
10m,ENTRY_PROBE,STALLED_PRESSURE_PROBE,BUY_STALLED,30,60,NATIVE_STALLED,21,38.095238095238095,-0.602611955714286,-1.13496966
10m,ENTRY_PROBE,STALLED_PRESSURE_PROBE,BUY_STALLED,30,60,OPPOSITE_DIRECTION,394,50.0,-0.31274240421319804,0.007767945
10m,ENTRY_PROBE,STALLED_PRESSURE_PROBE,BUY_STALLED,30,60,SAME_DIRECTION,520,48.65384615384615,-0.19626798950000007,0.0
10m,ENTRY_PROBE,STALLED_PRESSURE_PROBE,BUY_STALLED,30,60,STALE,267,43.445692883895134,-0.4870955676404494,0.0
10m,ENTRY_PROBE,STALLED_PRESSURE_PROBE,BUY_STALLED,30,180,MISSING,486,57.20164609053498,1.3032464963374477,1.07789573
10m,ENTRY_PROBE,STALLED_PRESSURE_PROBE,BUY_STALLED,30,180,NATIVE_STALLED,21,57.142857142857146,0.7606488685714284,0.96368613
10m,ENTRY_PROBE,STALLED_PRESSURE_PROBE,BUY_STALLED,30,180,OPPOSITE_DIRECTION,390,50.256410256410255,-0.31685053053846196,0.031200355
10m,ENTRY_PROBE,STALLED_PRESSURE_PROBE,BUY_STALLED,30,180,SAME_DIRECTION,513,47.36842105263158,-0.7603571145029241,-0.23372058
10m,ENTRY_PROBE,STALLED_PRESSURE_PROBE,BUY_STALLED,30,180,STALE,267,39.70037453183521,-0.7279137905992512,-0.34358304
10m,ENTRY_PROBE,STALLED_PRESSURE_PROBE,BUY_STALLED,30,300,MISSING,485,58.144329896907216,1.7845948051340201,1.32064085
10m,ENTRY_PROBE,STALLED_PRESSURE_PROBE,BUY_STALLED,30,300,NATIVE_STALLED,20,75.0,1.3319304784999997,1.834612125
10m,ENTRY_PROBE,STALLED_PRESSURE_PROBE,BUY_STALLED,30,300,OPPOSITE_DIRECTION,382,53.1413612565445,-0.8003384460994766,0.31237837
10m,ENTRY_PROBE,STALLED_PRESSURE_PROBE,BUY_STALLED,30,300,SAME_DIRECTION,502,46.81274900398407,-0.9613647666334669,-0.24185600499999999
10m,ENTRY_PROBE,STALLED_PRESSURE_PROBE,BUY_STALLED,30,300,STALE,263,53.99239543726236,0.004097424182509499,0.12480636
10m,ENTRY_PROBE,STALLED_PRESSURE_PROBE,BUY_STALLED,30,600,MISSING,482,54.149377593360995,2.00237399180498,0.63725267
10m,ENTRY_PROBE,STALLED_PRESSURE_PROBE,BUY_STALLED,30,600,NATIVE_STALLED,18,72.22222222222223,0.8953336411111111,0.536333585
10m,ENTRY_PROBE,STALLED_PRESSURE_PROBE,BUY_STALLED,30,600,OPPOSITE_DIRECTION,359,47.353760445682454,-2.8288591349582184,-0.39042796
10m,ENTRY_PROBE,STALLED_PRESSURE_PROBE,BUY_STALLED,30,600,SAME_DIRECTION,480,45.416666666666664,-1.248454710041669,-0.56211179
10m,ENTRY_PROBE,STALLED_PRESSURE_PROBE,BUY_STALLED,30,600,STALE,256,58.984375,-0.46614011757812507,0.991582725
10m,ENTRY_PROBE,STALLED_PRESSURE_PROBE,BUY_STALLED,60,60,MISSING,231,61.03896103896104,0.9431719219047613,1.04359783
10m,ENTRY_PROBE,STALLED_PRESSURE_PROBE,BUY_STALLED,60,60,NATIVE_STALLED,8,25.0,-0.35751260750000013,-1.080831705
10m,ENTRY_PROBE,STALLED_PRESSURE_PROBE,BUY_STALLED,60,60,OPPOSITE_DIRECTION,206,41.262135922330096,-1.140784826650485,0.0
10m,ENTRY_PROBE,STALLED_PRESSURE_PROBE,BUY_STALLED,60,60,SAME_DIRECTION,254,51.181102362204726,-0.15362738858267724,0.015615035
10m,ENTRY_PROBE,STALLED_PRESSURE_PROBE,BUY_STALLED,60,60,STALE,141,32.6241134751773,-0.6814375214184396,-0.0777194
10m,ENTRY_PROBE,STALLED_PRESSURE_PROBE,BUY_STALLED,60,180,MISSING,229,57.20524017467249,1.3917815416593886,1.27398312
10m,ENTRY_PROBE,STALLED_PRESSURE_PROBE,BUY_STALLED,60,180,NATIVE_STALLED,8,50.0,0.30835515625000004,0.41957539499999996
10m,ENTRY_PROBE,STALLED_PRESSURE_PROBE,BUY_STALLED,60,180,OPPOSITE_DIRECTION,201,42.78606965174129,-1.4507529923383076,-0.35769829
10m,ENTRY_PROBE,STALLED_PRESSURE_PROBE,BUY_STALLED,60,180,SAME_DIRECTION,250,55.2,-0.4491409027600001,0.561217115
10m,ENTRY_PROBE,STALLED_PRESSURE_PROBE,BUY_STALLED,60,180,STALE,141,39.716312056737586,-0.8022341568794324,-0.53196566
10m,ENTRY_PROBE,STALLED_PRESSURE_PROBE,BUY_STALLED,60,300,MISSING,227,56.82819383259912,1.7781511599559476,0.84929755
10m,ENTRY_PROBE,STALLED_PRESSURE_PROBE,BUY_STALLED,60,300,NATIVE_STALLED,6,100.0,2.5107784683333336,2.45627409
10m,ENTRY_PROBE,STALLED_PRESSURE_PROBE,BUY_STALLED,60,300,OPPOSITE_DIRECTION,198,46.464646464646464,-2.4500213738383807,-0.9514530299999999
10m,ENTRY_PROBE,STALLED_PRESSURE_PROBE,BUY_STALLED,60,300,SAME_DIRECTION,249,49.799196787148595,-0.7745578771887561,0.0
10m,ENTRY_PROBE,STALLED_PRESSURE_PROBE,BUY_STALLED,60,300,STALE,133,48.87218045112782,0.7575549183458645,-0.01562583
10m,ENTRY_PROBE,STALLED_PRESSURE_PROBE,BUY_STALLED,60,600,MISSING,225,52.888888888888886,2.0513288181333347,0.84897243
10m,ENTRY_PROBE,STALLED_PRESSURE_PROBE,BUY_STALLED,60,600,NATIVE_STALLED,6,50.0,0.4456625366666666,-0.054449675
10m,ENTRY_PROBE,STALLED_PRESSURE_PROBE,BUY_STALLED,60,600,OPPOSITE_DIRECTION,187,48.1283422459893,-4.258238233368982,-0.66971517
10m,ENTRY_PROBE,STALLED_PRESSURE_PROBE,BUY_STALLED,60,600,SAME_DIRECTION,237,46.413502109704645,-1.7349308863291133,-0.25006642
10m,ENTRY_PROBE,STALLED_PRESSURE_PROBE,BUY_STALLED,60,600,STALE,131,57.25190839694657,-0.014417729618320472,0.68802354
10m,ENTRY_PROBE,STALLED_PRESSURE_PROBE,BUY_STALLED,180,60,MISSING,49,57.142857142857146,0.6431499142857141,0.35319573
10m,ENTRY_PROBE,STALLED_PRESSURE_PROBE,BUY_STALLED,180,60,NATIVE_STALLED,7,28.571428571428573,-0.3837799385714286,-0.54393182
10m,ENTRY_PROBE,STALLED_PRESSURE_PROBE,BUY_STALLED,180,60,OPPOSITE_DIRECTION,42,45.23809523809524,-0.9315505138095238,0.0
10m,ENTRY_PROBE,STALLED_PRESSURE_PROBE,BUY_STALLED,180,60,SAME_DIRECTION,71,53.521126760563384,-0.2574396792957746,0.01562727
10m,ENTRY_PROBE,STALLED_PRESSURE_PROBE,BUY_STALLED,180,60,STALE,48,39.583333333333336,0.1399531689583333,0.0
10m,ENTRY_PROBE,STALLED_PRESSURE_PROBE,BUY_STALLED,180,180,MISSING,49,57.142857142857146,1.3033095106122443,2.02594126
10m,ENTRY_PROBE,STALLED_PRESSURE_PROBE,BUY_STALLED,180,180,NATIVE_STALLED,7,42.857142857142854,1.0777923114285715,-1.25888798
10m,ENTRY_PROBE,STALLED_PRESSURE_PROBE,BUY_STALLED,180,180,OPPOSITE_DIRECTION,42,35.714285714285715,-2.380212326904762,-0.65623201
10m,ENTRY_PROBE,STALLED_PRESSURE_PROBE,BUY_STALLED,180,180,SAME_DIRECTION,71,47.88732394366197,-0.3495727473239437,-0.21820517
10m,ENTRY_PROBE,STALLED_PRESSURE_PROBE,BUY_STALLED,180,180,STALE,47,61.702127659574465,0.855567835319149,0.84367222
10m,ENTRY_PROBE,STALLED_PRESSURE_PROBE,BUY_STALLED,180,300,MISSING,49,51.02040816326531,1.2067927330612243,0.01534597
10m,ENTRY_PROBE,STALLED_PRESSURE_PROBE,BUY_STALLED,180,300,NATIVE_STALLED,7,100.0,1.2947313085714285,1.16563702
10m,ENTRY_PROBE,STALLED_PRESSURE_PROBE,BUY_STALLED,180,300,OPPOSITE_DIRECTION,42,50.0,-4.363865511666667,-0.6315560649999999
10m,ENTRY_PROBE,STALLED_PRESSURE_PROBE,BUY_STALLED,180,300,SAME_DIRECTION,70,50.0,-0.3997558262857143,-0.078158285
10m,ENTRY_PROBE,STALLED_PRESSURE_PROBE,BUY_STALLED,180,300,STALE,44,47.72727272727273,0.44308734431818186,-0.007812915
10m,ENTRY_PROBE,STALLED_PRESSURE_PROBE,BUY_STALLED,180,600,MISSING,47,51.06382978723404,1.7631137414893614,0.74142839
10m,ENTRY_PROBE,STALLED_PRESSURE_PROBE,BUY_STALLED,180,600,NATIVE_STALLED,7,42.857142857142854,0.11840206571428588,-0.65275673
10m,ENTRY_PROBE,STALLED_PRESSURE_PROBE,BUY_STALLED,180,600,OPPOSITE_DIRECTION,38,42.10526315789474,-5.997968646578947,-0.6312807
10m,ENTRY_PROBE,STALLED_PRESSURE_PROBE,BUY_STALLED,180,600,SAME_DIRECTION,66,40.90909090909091,-2.5501392462121215,-1.94453163
10m,ENTRY_PROBE,STALLED_PRESSURE_PROBE,BUY_STALLED,180,600,STALE,44,59.09090909090909,0.40105615045454573,1.14216156
10m,ENTRY_PROBE,STALLED_PRESSURE_PROBE,BUY_STALLED,300,60,MISSING,57,49.12280701754386,0.06073193385964912,-0.01535822
10m,ENTRY_PROBE,STALLED_PRESSURE_PROBE,BUY_STALLED,300,60,NATIVE_STALLED,5,40.0,-0.3571812260000001,-1.29026441
10m,ENTRY_PROBE,STALLED_PRESSURE_PROBE,BUY_STALLED,300,60,OPPOSITE_DIRECTION,24,45.833333333333336,-1.6027169600000004,-0.10904327
10m,ENTRY_PROBE,STALLED_PRESSURE_PROBE,BUY_STALLED,300,60,SAME_DIRECTION,36,55.55555555555556,0.10848767333333334,0.03127462
10m,ENTRY_PROBE,STALLED_PRESSURE_PROBE,BUY_STALLED,300,60,STALE,19,47.36842105263158,0.15635103263157893,0.0
10m,ENTRY_PROBE,STALLED_PRESSURE_PROBE,BUY_STALLED,300,180,MISSING,57,52.63157894736842,1.120418480350877,0.72178548
10m,ENTRY_PROBE,STALLED_PRESSURE_PROBE,BUY_STALLED,300,180,NATIVE_STALLED,5,80.0,1.744264474,1.44550223
10m,ENTRY_PROBE,STALLED_PRESSURE_PROBE,BUY_STALLED,300,180,OPPOSITE_DIRECTION,23,21.73913043478261,-3.7608823004347833,-2.82015805
10m,ENTRY_PROBE,STALLED_PRESSURE_PROBE,BUY_STALLED,300,180,SAME_DIRECTION,34,52.94117647058823,0.6860473038235294,0.25694503
10m,ENTRY_PROBE,STALLED_PRESSURE_PROBE,BUY_STALLED,300,180,STALE,19,47.36842105263158,-0.2892747289473685,-0.01562583
10m,ENTRY_PROBE,STALLED_PRESSURE_PROBE,BUY_STALLED,300,300,MISSING,57,56.14035087719298,1.1344199775438595,0.52532613
10m,ENTRY_PROBE,STALLED_PRESSURE_PROBE,BUY_STALLED,300,300,NATIVE_STALLED,5,100.0,2.089370856,1.41462725
10m,ENTRY_PROBE,STALLED_PRESSURE_PROBE,BUY_STALLED,300,300,OPPOSITE_DIRECTION,21,38.095238095238095,-5.795230729047619,-4.53406626
10m,ENTRY_PROBE,STALLED_PRESSURE_PROBE,BUY_STALLED,300,300,SAME_DIRECTION,31,35.483870967741936,-0.6681194632258063,-0.37457626
10m,ENTRY_PROBE,STALLED_PRESSURE_PROBE,BUY_STALLED,300,300,STALE,19,31.57894736842105,-0.47494626473684215,-1.67099512
10m,ENTRY_PROBE,STALLED_PRESSURE_PROBE,BUY_STALLED,300,600,MISSING,56,60.714285714285715,1.6882902667857134,2.18138693
10m,ENTRY_PROBE,STALLED_PRESSURE_PROBE,BUY_STALLED,300,600,NATIVE_STALLED,5,80.0,1.193962026,0.62173589
10m,ENTRY_PROBE,STALLED_PRESSURE_PROBE,BUY_STALLED,300,600,OPPOSITE_DIRECTION,18,38.888888888888886,-7.2849347177777775,-2.58148226
10m,ENTRY_PROBE,STALLED_PRESSURE_PROBE,BUY_STALLED,300,600,SAME_DIRECTION,28,50.0,-1.569139925714286,0.33495597
10m,ENTRY_PROBE,STALLED_PRESSURE_PROBE,BUY_STALLED,300,600,STALE,19,42.10526315789474,0.5616975373684211,-0.20308914
10m,ENTRY_PROBE,STALLED_PRESSURE_PROBE,BUY_STALLED,900,60,MISSING,4,75.0,1.2044136475,0.6871541
10m,ENTRY_PROBE,STALLED_PRESSURE_PROBE,BUY_STALLED,900,60,OPPOSITE_DIRECTION,7,85.71428571428571,1.0742119114285715,0.93716467
10m,ENTRY_PROBE,STALLED_PRESSURE_PROBE,BUY_STALLED,900,60,SAME_DIRECTION,1,100.0,0.0155483,0.0155483
10m,ENTRY_PROBE,STALLED_PRESSURE_PROBE,BUY_STALLED,900,60,STALE,1,100.0,1.75277431,1.75277431
10m,ENTRY_PROBE,STALLED_PRESSURE_PROBE,BUY_STALLED,900,180,MISSING,4,100.0,8.0214284725,9.358700115
10m,ENTRY_PROBE,STALLED_PRESSURE_PROBE,BUY_STALLED,900,180,OPPOSITE_DIRECTION,7,100.0,2.2920138442857145,1.24955289
10m,ENTRY_PROBE,STALLED_PRESSURE_PROBE,BUY_STALLED,900,180,SAME_DIRECTION,1,100.0,3.76268936,3.76268936
10m,ENTRY_PROBE,STALLED_PRESSURE_PROBE,BUY_STALLED,900,180,STALE,1,100.0,3.53684817,3.53684817
10m,ENTRY_PROBE,STALLED_PRESSURE_PROBE,BUY_STALLED,900,300,MISSING,4,100.0,10.7268806175,12.72009742
10m,ENTRY_PROBE,STALLED_PRESSURE_PROBE,BUY_STALLED,900,300,OPPOSITE_DIRECTION,7,100.0,1.894383972857143,1.24955289
10m,ENTRY_PROBE,STALLED_PRESSURE_PROBE,BUY_STALLED,900,300,SAME_DIRECTION,1,100.0,2.76759796,2.76759796
10m,ENTRY_PROBE,STALLED_PRESSURE_PROBE,BUY_STALLED,900,300,STALE,1,100.0,1.8153734,1.8153734
10m,ENTRY_PROBE,STALLED_PRESSURE_PROBE,BUY_STALLED,900,600,MISSING,2,100.0,35.901817405,35.901817405
10m,ENTRY_PROBE,STALLED_PRESSURE_PROBE,BUY_STALLED,900,600,OPPOSITE_DIRECTION,7,100.0,5.637754198571429,4.70144277
10m,ENTRY_PROBE,STALLED_PRESSURE_PROBE,BUY_STALLED,900,600,SAME_DIRECTION,1,100.0,4.07365542,4.07365542
10m,ENTRY_PROBE,STALLED_PRESSURE_PROBE,BUY_STALLED,900,600,STALE,1,100.0,4.99227684,4.99227684
10m,ENTRY_PROBE,STALLED_REVERSAL_PROBE,BUY_STALLED,30,60,MISSING,493,44.827586206896555,-0.5353606967342794,-0.27630925
10m,ENTRY_PROBE,STALLED_REVERSAL_PROBE,BUY_STALLED,30,60,NATIVE_STALLED,21,61.904761904761905,0.602611955714286,1.13496966
10m,ENTRY_PROBE,STALLED_REVERSAL_PROBE,BUY_STALLED,30,60,OPPOSITE_DIRECTION,520,43.07692307692308,0.19626798950000007,-0.0
10m,ENTRY_PROBE,STALLED_REVERSAL_PROBE,BUY_STALLED,30,60,SAME_DIRECTION,394,42.38578680203046,0.31274240421319804,-0.007767945
10m,ENTRY_PROBE,STALLED_REVERSAL_PROBE,BUY_STALLED,30,60,STALE,267,46.81647940074907,0.4870955676404494,-0.0
10m,ENTRY_PROBE,STALLED_REVERSAL_PROBE,BUY_STALLED,30,180,MISSING,486,42.181069958847736,-1.3032464963374477,-1.07789573
10m,ENTRY_PROBE,STALLED_REVERSAL_PROBE,BUY_STALLED,30,180,NATIVE_STALLED,21,42.857142857142854,-0.7606488685714284,-0.96368613
10m,ENTRY_PROBE,STALLED_REVERSAL_PROBE,BUY_STALLED,30,180,OPPOSITE_DIRECTION,513,51.851851851851855,0.7603571145029241,0.23372058
10m,ENTRY_PROBE,STALLED_REVERSAL_PROBE,BUY_STALLED,30,180,SAME_DIRECTION,390,49.23076923076923,0.31685053053846196,-0.031200355
10m,ENTRY_PROBE,STALLED_REVERSAL_PROBE,BUY_STALLED,30,180,STALE,267,58.052434456928836,0.7279137905992512,0.34358304
10m,ENTRY_PROBE,STALLED_REVERSAL_PROBE,BUY_STALLED,30,300,MISSING,485,41.44329896907217,-1.7845948051340201,-1.32064085
10m,ENTRY_PROBE,STALLED_REVERSAL_PROBE,BUY_STALLED,30,300,NATIVE_STALLED,20,25.0,-1.3319304784999997,-1.834612125
10m,ENTRY_PROBE,STALLED_REVERSAL_PROBE,BUY_STALLED,30,300,OPPOSITE_DIRECTION,502,52.58964143426295,0.9613647666334669,0.24185600499999999
10m,ENTRY_PROBE,STALLED_REVERSAL_PROBE,BUY_STALLED,30,300,SAME_DIRECTION,382,46.8586387434555,0.8003384460994766,-0.31237837
10m,ENTRY_PROBE,STALLED_REVERSAL_PROBE,BUY_STALLED,30,300,STALE,263,45.627376425855516,-0.004097424182509499,-0.12480636
10m,ENTRY_PROBE,STALLED_REVERSAL_PROBE,BUY_STALLED,30,600,MISSING,482,45.850622406639005,-2.00237399180498,-0.63725267
10m,ENTRY_PROBE,STALLED_REVERSAL_PROBE,BUY_STALLED,30,600,NATIVE_STALLED,18,27.77777777777778,-0.8953336411111111,-0.536333585
10m,ENTRY_PROBE,STALLED_REVERSAL_PROBE,BUY_STALLED,30,600,OPPOSITE_DIRECTION,480,54.375,1.248454710041669,0.56211179
10m,ENTRY_PROBE,STALLED_REVERSAL_PROBE,BUY_STALLED,30,600,SAME_DIRECTION,359,52.646239554317546,2.8288591349582184,0.39042796
10m,ENTRY_PROBE,STALLED_REVERSAL_PROBE,BUY_STALLED,30,600,STALE,256,41.015625,0.46614011757812507,-0.991582725
10m,ENTRY_PROBE,STALLED_REVERSAL_PROBE,BUY_STALLED,60,60,MISSING,231,38.96103896103896,-0.9431719219047613,-1.04359783
10m,ENTRY_PROBE,STALLED_REVERSAL_PROBE,BUY_STALLED,60,60,NATIVE_STALLED,8,75.0,0.35751260750000013,1.080831705
10m,ENTRY_PROBE,STALLED_REVERSAL_PROBE,BUY_STALLED,60,60,OPPOSITE_DIRECTION,254,41.732283464566926,0.15362738858267724,-0.015615035
10m,ENTRY_PROBE,STALLED_REVERSAL_PROBE,BUY_STALLED,60,60,SAME_DIRECTION,206,47.57281553398058,1.140784826650485,-0.0
10m,ENTRY_PROBE,STALLED_REVERSAL_PROBE,BUY_STALLED,60,60,STALE,141,55.319148936170215,0.6814375214184396,0.0777194
10m,ENTRY_PROBE,STALLED_REVERSAL_PROBE,BUY_STALLED,60,180,MISSING,229,42.35807860262009,-1.3917815416593886,-1.27398312
10m,ENTRY_PROBE,STALLED_REVERSAL_PROBE,BUY_STALLED,60,180,NATIVE_STALLED,8,50.0,-0.30835515625000004,-0.41957539499999996
10m,ENTRY_PROBE,STALLED_REVERSAL_PROBE,BUY_STALLED,60,180,OPPOSITE_DIRECTION,250,44.4,0.4491409027600001,-0.561217115
10m,ENTRY_PROBE,STALLED_REVERSAL_PROBE,BUY_STALLED,60,180,SAME_DIRECTION,201,57.21393034825871,1.4507529923383076,0.35769829
10m,ENTRY_PROBE,STALLED_REVERSAL_PROBE,BUY_STALLED,60,180,STALE,141,58.156028368794324,0.8022341568794324,0.53196566
10m,ENTRY_PROBE,STALLED_REVERSAL_PROBE,BUY_STALLED,60,300,MISSING,227,42.731277533039645,-1.7781511599559476,-0.84929755
10m,ENTRY_PROBE,STALLED_REVERSAL_PROBE,BUY_STALLED,60,300,NATIVE_STALLED,6,0.0,-2.5107784683333336,-2.45627409
10m,ENTRY_PROBE,STALLED_REVERSAL_PROBE,BUY_STALLED,60,300,OPPOSITE_DIRECTION,249,48.19277108433735,0.7745578771887561,-0.0
10m,ENTRY_PROBE,STALLED_REVERSAL_PROBE,BUY_STALLED,60,300,SAME_DIRECTION,198,53.535353535353536,2.4500213738383807,0.9514530299999999
10m,ENTRY_PROBE,STALLED_REVERSAL_PROBE,BUY_STALLED,60,300,STALE,133,51.12781954887218,-0.7575549183458645,0.01562583
10m,ENTRY_PROBE,STALLED_REVERSAL_PROBE,BUY_STALLED,60,600,MISSING,225,47.111111111111114,-2.0513288181333347,-0.84897243
10m,ENTRY_PROBE,STALLED_REVERSAL_PROBE,BUY_STALLED,60,600,NATIVE_STALLED,6,50.0,-0.4456625366666666,0.054449675
10m,ENTRY_PROBE,STALLED_REVERSAL_PROBE,BUY_STALLED,60,600,OPPOSITE_DIRECTION,237,53.164556962025316,1.7349308863291133,0.25006642
10m,ENTRY_PROBE,STALLED_REVERSAL_PROBE,BUY_STALLED,60,600,SAME_DIRECTION,187,51.8716577540107,4.258238233368981,0.66971517
10m,ENTRY_PROBE,STALLED_REVERSAL_PROBE,BUY_STALLED,60,600,STALE,131,42.74809160305343,0.014417729618320472,-0.68802354
10m,ENTRY_PROBE,STALLED_REVERSAL_PROBE,BUY_STALLED,180,60,MISSING,49,40.816326530612244,-0.6431499142857141,-0.35319573
10m,ENTRY_PROBE,STALLED_REVERSAL_PROBE,BUY_STALLED,180,60,NATIVE_STALLED,7,71.42857142857143,0.3837799385714286,0.54393182
10m,ENTRY_PROBE,STALLED_REVERSAL_PROBE,BUY_STALLED,180,60,OPPOSITE_DIRECTION,71,39.436619718309856,0.2574396792957746,-0.01562727
10m,ENTRY_PROBE,STALLED_REVERSAL_PROBE,BUY_STALLED,180,60,SAME_DIRECTION,42,45.23809523809524,0.9315505138095238,-0.0
10m,ENTRY_PROBE,STALLED_REVERSAL_PROBE,BUY_STALLED,180,60,STALE,48,41.666666666666664,-0.1399531689583333,-0.0
10m,ENTRY_PROBE,STALLED_REVERSAL_PROBE,BUY_STALLED,180,180,MISSING,49,42.857142857142854,-1.3033095106122443,-2.02594126
10m,ENTRY_PROBE,STALLED_REVERSAL_PROBE,BUY_STALLED,180,180,NATIVE_STALLED,7,57.142857142857146,-1.0777923114285715,1.25888798
10m,ENTRY_PROBE,STALLED_REVERSAL_PROBE,BUY_STALLED,180,180,OPPOSITE_DIRECTION,71,52.11267605633803,0.3495727473239437,0.21820517
10m,ENTRY_PROBE,STALLED_REVERSAL_PROBE,BUY_STALLED,180,180,SAME_DIRECTION,42,64.28571428571429,2.380212326904762,0.65623201
10m,ENTRY_PROBE,STALLED_REVERSAL_PROBE,BUY_STALLED,180,180,STALE,47,38.297872340425535,-0.855567835319149,-0.84367222
10m,ENTRY_PROBE,STALLED_REVERSAL_PROBE,BUY_STALLED,180,300,MISSING,49,48.97959183673469,-1.2067927330612243,-0.01534597
10m,ENTRY_PROBE,STALLED_REVERSAL_PROBE,BUY_STALLED,180,300,NATIVE_STALLED,7,0.0,-1.2947313085714285,-1.16563702
10m,ENTRY_PROBE,STALLED_REVERSAL_PROBE,BUY_STALLED,180,300,OPPOSITE_DIRECTION,70,50.0,0.3997558262857143,0.078158285
10m,ENTRY_PROBE,STALLED_REVERSAL_PROBE,BUY_STALLED,180,300,SAME_DIRECTION,42,50.0,4.363865511666667,0.6315560649999999
10m,ENTRY_PROBE,STALLED_REVERSAL_PROBE,BUY_STALLED,180,300,STALE,44,50.0,-0.44308734431818186,0.007812915
10m,ENTRY_PROBE,STALLED_REVERSAL_PROBE,BUY_STALLED,180,600,MISSING,47,46.808510638297875,-1.7631137414893614,-0.74142839
10m,ENTRY_PROBE,STALLED_REVERSAL_PROBE,BUY_STALLED,180,600,NATIVE_STALLED,7,57.142857142857146,-0.11840206571428588,0.65275673
10m,ENTRY_PROBE,STALLED_REVERSAL_PROBE,BUY_STALLED,180,600,OPPOSITE_DIRECTION,66,59.09090909090909,2.5501392462121215,1.94453163
10m,ENTRY_PROBE,STALLED_REVERSAL_PROBE,BUY_STALLED,180,600,SAME_DIRECTION,38,57.89473684210526,5.997968646578947,0.6312807
10m,ENTRY_PROBE,STALLED_REVERSAL_PROBE,BUY_STALLED,180,600,STALE,44,40.90909090909091,-0.40105615045454573,-1.14216156
10m,ENTRY_PROBE,STALLED_REVERSAL_PROBE,BUY_STALLED,300,60,MISSING,57,50.87719298245614,-0.06073193385964912,0.01535822
10m,ENTRY_PROBE,STALLED_REVERSAL_PROBE,BUY_STALLED,300,60,NATIVE_STALLED,5,60.0,0.3571812260000001,1.29026441
10m,ENTRY_PROBE,STALLED_REVERSAL_PROBE,BUY_STALLED,300,60,OPPOSITE_DIRECTION,36,41.666666666666664,-0.10848767333333334,-0.03127462
10m,ENTRY_PROBE,STALLED_REVERSAL_PROBE,BUY_STALLED,300,60,SAME_DIRECTION,24,50.0,1.6027169600000004,0.10904327
10m,ENTRY_PROBE,STALLED_REVERSAL_PROBE,BUY_STALLED,300,60,STALE,19,47.36842105263158,-0.15635103263157893,-0.0
10m,ENTRY_PROBE,STALLED_REVERSAL_PROBE,BUY_STALLED,300,180,MISSING,57,45.6140350877193,-1.120418480350877,-0.72178548
10m,ENTRY_PROBE,STALLED_REVERSAL_PROBE,BUY_STALLED,300,180,NATIVE_STALLED,5,20.0,-1.744264474,-1.44550223
10m,ENTRY_PROBE,STALLED_REVERSAL_PROBE,BUY_STALLED,300,180,OPPOSITE_DIRECTION,34,44.11764705882353,-0.6860473038235294,-0.25694503
10m,ENTRY_PROBE,STALLED_REVERSAL_PROBE,BUY_STALLED,300,180,SAME_DIRECTION,23,69.56521739130434,3.7608823004347833,2.82015805
10m,ENTRY_PROBE,STALLED_REVERSAL_PROBE,BUY_STALLED,300,180,STALE,19,52.63157894736842,0.2892747289473685,0.01562583
10m,ENTRY_PROBE,STALLED_REVERSAL_PROBE,BUY_STALLED,300,300,MISSING,57,43.85964912280702,-1.1344199775438595,-0.52532613
10m,ENTRY_PROBE,STALLED_REVERSAL_PROBE,BUY_STALLED,300,300,NATIVE_STALLED,5,0.0,-2.089370856,-1.41462725
10m,ENTRY_PROBE,STALLED_REVERSAL_PROBE,BUY_STALLED,300,300,OPPOSITE_DIRECTION,31,61.29032258064516,0.6681194632258063,0.37457626
10m,ENTRY_PROBE,STALLED_REVERSAL_PROBE,BUY_STALLED,300,300,SAME_DIRECTION,21,57.142857142857146,5.795230729047619,4.53406626
10m,ENTRY_PROBE,STALLED_REVERSAL_PROBE,BUY_STALLED,300,300,STALE,19,68.42105263157895,0.47494626473684215,1.67099512
10m,ENTRY_PROBE,STALLED_REVERSAL_PROBE,BUY_STALLED,300,600,MISSING,56,39.285714285714285,-1.6882902667857134,-2.18138693
10m,ENTRY_PROBE,STALLED_REVERSAL_PROBE,BUY_STALLED,300,600,NATIVE_STALLED,5,20.0,-1.193962026,-0.62173589
10m,ENTRY_PROBE,STALLED_REVERSAL_PROBE,BUY_STALLED,300,600,OPPOSITE_DIRECTION,28,50.0,1.569139925714286,-0.33495597
10m,ENTRY_PROBE,STALLED_REVERSAL_PROBE,BUY_STALLED,300,600,SAME_DIRECTION,18,61.111111111111114,7.2849347177777775,2.58148226
10m,ENTRY_PROBE,STALLED_REVERSAL_PROBE,BUY_STALLED,300,600,STALE,19,57.89473684210526,-0.5616975373684211,0.20308914
10m,ENTRY_PROBE,STALLED_REVERSAL_PROBE,BUY_STALLED,900,60,MISSING,4,25.0,-1.2044136475,-0.6871541
10m,ENTRY_PROBE,STALLED_REVERSAL_PROBE,BUY_STALLED,900,60,OPPOSITE_DIRECTION,1,0.0,-0.0155483,-0.0155483
10m,ENTRY_PROBE,STALLED_REVERSAL_PROBE,BUY_STALLED,900,60,SAME_DIRECTION,7,14.285714285714286,-1.0742119114285715,-0.93716467
10m,ENTRY_PROBE,STALLED_REVERSAL_PROBE,BUY_STALLED,900,60,STALE,1,0.0,-1.75277431,-1.75277431
10m,ENTRY_PROBE,STALLED_REVERSAL_PROBE,BUY_STALLED,900,180,MISSING,4,0.0,-8.0214284725,-9.358700115
10m,ENTRY_PROBE,STALLED_REVERSAL_PROBE,BUY_STALLED,900,180,OPPOSITE_DIRECTION,1,0.0,-3.76268936,-3.76268936
10m,ENTRY_PROBE,STALLED_REVERSAL_PROBE,BUY_STALLED,900,180,SAME_DIRECTION,7,0.0,-2.2920138442857145,-1.24955289
10m,ENTRY_PROBE,STALLED_REVERSAL_PROBE,BUY_STALLED,900,180,STALE,1,0.0,-3.53684817,-3.53684817
10m,ENTRY_PROBE,STALLED_REVERSAL_PROBE,BUY_STALLED,900,300,MISSING,4,0.0,-10.7268806175,-12.72009742
10m,ENTRY_PROBE,STALLED_REVERSAL_PROBE,BUY_STALLED,900,300,OPPOSITE_DIRECTION,1,0.0,-2.76759796,-2.76759796
10m,ENTRY_PROBE,STALLED_REVERSAL_PROBE,BUY_STALLED,900,300,SAME_DIRECTION,7,0.0,-1.894383972857143,-1.24955289
10m,ENTRY_PROBE,STALLED_REVERSAL_PROBE,BUY_STALLED,900,300,STALE,1,0.0,-1.8153734,-1.8153734
10m,ENTRY_PROBE,STALLED_REVERSAL_PROBE,BUY_STALLED,900,600,MISSING,2,0.0,-35.901817405,-35.901817405
10m,ENTRY_PROBE,STALLED_REVERSAL_PROBE,BUY_STALLED,900,600,OPPOSITE_DIRECTION,1,0.0,-4.07365542,-4.07365542
10m,ENTRY_PROBE,STALLED_REVERSAL_PROBE,BUY_STALLED,900,600,SAME_DIRECTION,7,0.0,-5.637754198571429,-4.70144277
10m,ENTRY_PROBE,STALLED_REVERSAL_PROBE,BUY_STALLED,900,600,STALE,1,0.0,-4.99227684,-4.99227684
10m,ENTRY_PROBE,STALLED_PRESSURE_PROBE,SELL_STALLED,30,60,MISSING,388,52.06185567010309,0.1823589156958762,0.030664314999999998
10m,ENTRY_PROBE,STALLED_PRESSURE_PROBE,SELL_STALLED,30,60,NATIVE_STALLED,14,35.714285714285715,-1.3647074014285714,-1.23166757
10m,ENTRY_PROBE,STALLED_PRESSURE_PROBE,SELL_STALLED,30,60,OPPOSITE_DIRECTION,504,44.24603174603175,-0.04333055662698419,-0.0
10m,ENTRY_PROBE,STALLED_PRESSURE_PROBE,SELL_STALLED,30,60,SAME_DIRECTION,550,41.27272727272727,-0.004946629309090931,-0.0
10m,ENTRY_PROBE,STALLED_PRESSURE_PROBE,SELL_STALLED,30,60,STALE,285,45.96491228070175,0.14077927452631597,-0.0
10m,ENTRY_PROBE,STALLED_PRESSURE_PROBE,SELL_STALLED,30,180,MISSING,376,54.255319148936174,0.24838492662234082,0.5219270650000001
10m,ENTRY_PROBE,STALLED_PRESSURE_PROBE,SELL_STALLED,30,180,NATIVE_STALLED,10,0.0,-3.6738286470000006,-3.35958954
10m,ENTRY_PROBE,STALLED_PRESSURE_PROBE,SELL_STALLED,30,180,OPPOSITE_DIRECTION,492,49.59349593495935,0.15599204764227656,-0.0
10m,ENTRY_PROBE,STALLED_PRESSURE_PROBE,SELL_STALLED,30,180,SAME_DIRECTION,540,42.03703703703704,-0.4305713915370378,-0.203175635
10m,ENTRY_PROBE,STALLED_PRESSURE_PROBE,SELL_STALLED,30,180,STALE,285,56.8421052631579,0.6968860078596489,0.43655459
10m,ENTRY_PROBE,STALLED_PRESSURE_PROBE,SELL_STALLED,30,300,MISSING,370,52.16216216216216,0.014067355594594377,0.33704918
10m,ENTRY_PROBE,STALLED_PRESSURE_PROBE,SELL_STALLED,30,300,NATIVE_STALLED,9,0.0,-3.9733702877777777,-4.5681607
10m,ENTRY_PROBE,STALLED_PRESSURE_PROBE,SELL_STALLED,30,300,OPPOSITE_DIRECTION,480,49.375,0.007002095229166727,-0.0
10m,ENTRY_PROBE,STALLED_PRESSURE_PROBE,SELL_STALLED,30,300,SAME_DIRECTION,533,43.71482176360225,-0.39859689086303934,-0.42081442
10m,ENTRY_PROBE,STALLED_PRESSURE_PROBE,SELL_STALLED,30,300,STALE,282,49.290780141843975,0.8690031915957444,-0.0
10m,ENTRY_PROBE,STALLED_PRESSURE_PROBE,SELL_STALLED,30,600,MISSING,350,42.857142857142854,-1.8855897996571422,-2.195821605
10m,ENTRY_PROBE,STALLED_PRESSURE_PROBE,SELL_STALLED,30,600,NATIVE_STALLED,5,0.0,-5.654188668,-5.53480221
10m,ENTRY_PROBE,STALLED_PRESSURE_PROBE,SELL_STALLED,30,600,OPPOSITE_DIRECTION,447,47.20357941834452,-0.14653580371364677,-0.18753047
10m,ENTRY_PROBE,STALLED_PRESSURE_PROBE,SELL_STALLED,30,600,SAME_DIRECTION,514,46.69260700389105,-0.1404330200778213,-0.335352995
10m,ENTRY_PROBE,STALLED_PRESSURE_PROBE,SELL_STALLED,30,600,STALE,276,42.391304347826086,0.18230099543478204,-1.367066975
10m,ENTRY_PROBE,STALLED_PRESSURE_PROBE,SELL_STALLED,60,60,MISSING,160,48.75,-0.06184629350000008,-0.0
10m,ENTRY_PROBE,STALLED_PRESSURE_PROBE,SELL_STALLED,60,60,NATIVE_STALLED,4,75.0,0.8715973775,1.19845104
10m,ENTRY_PROBE,STALLED_PRESSURE_PROBE,SELL_STALLED,60,60,OPPOSITE_DIRECTION,253,45.45454545454545,0.10775704628458499,-0.0
10m,ENTRY_PROBE,STALLED_PRESSURE_PROBE,SELL_STALLED,60,60,SAME_DIRECTION,300,45.333333333333336,-0.06098398513333334,-0.0
10m,ENTRY_PROBE,STALLED_PRESSURE_PROBE,SELL_STALLED,60,60,STALE,135,45.18518518518518,0.3080235674074075,-0.0
10m,ENTRY_PROBE,STALLED_PRESSURE_PROBE,SELL_STALLED,60,180,MISSING,154,51.298701298701296,-0.2656291025974026,0.08439918
10m,ENTRY_PROBE,STALLED_PRESSURE_PROBE,SELL_STALLED,60,180,OPPOSITE_DIRECTION,250,53.6,0.26051136616000004,0.17176566999999998
10m,ENTRY_PROBE,STALLED_PRESSURE_PROBE,SELL_STALLED,60,180,SAME_DIRECTION,292,44.863013698630134,-0.27940960311643853,-0.179315315
10m,ENTRY_PROBE,STALLED_PRESSURE_PROBE,SELL_STALLED,60,180,STALE,135,52.592592592592595,0.5103627728148151,0.03121581
10m,ENTRY_PROBE,STALLED_PRESSURE_PROBE,SELL_STALLED,60,300,MISSING,152,51.31578947368421,-0.5027877599342104,0.23767178
10m,ENTRY_PROBE,STALLED_PRESSURE_PROBE,SELL_STALLED,60,300,OPPOSITE_DIRECTION,242,54.95867768595041,0.24860415483471077,0.156055695
10m,ENTRY_PROBE,STALLED_PRESSURE_PROBE,SELL_STALLED,60,300,SAME_DIRECTION,289,45.32871972318339,-0.32461376474048453,-0.25015674
10m,ENTRY_PROBE,STALLED_PRESSURE_PROBE,SELL_STALLED,60,300,STALE,135,49.629629629629626,0.5692493074814815,-0.0
10m,ENTRY_PROBE,STALLED_PRESSURE_PROBE,SELL_STALLED,60,600,MISSING,138,36.95652173913044,-3.3057112837681153,-3.046852555
10m,ENTRY_PROBE,STALLED_PRESSURE_PROBE,SELL_STALLED,60,600,OPPOSITE_DIRECTION,225,46.22222222222222,-0.19724126328888902,-0.43712844
10m,ENTRY_PROBE,STALLED_PRESSURE_PROBE,SELL_STALLED,60,600,SAME_DIRECTION,277,46.57039711191336,0.27100196223826695,-0.35960087
10m,ENTRY_PROBE,STALLED_PRESSURE_PROBE,SELL_STALLED,60,600,STALE,131,37.404580152671755,-0.3258135330534352,-1.43476945
10m,ENTRY_PROBE,STALLED_PRESSURE_PROBE,SELL_STALLED,180,60,MISSING,46,47.82608695652174,-1.0966095900000006,-0.66112875
10m,ENTRY_PROBE,STALLED_PRESSURE_PROBE,SELL_STALLED,180,60,OPPOSITE_DIRECTION,40,32.5,-0.5237190569999999,-0.18713913
10m,ENTRY_PROBE,STALLED_PRESSURE_PROBE,SELL_STALLED,180,60,SAME_DIRECTION,126,37.301587301587304,-0.11558004746031748,-0.007772255
10m,ENTRY_PROBE,STALLED_PRESSURE_PROBE,SELL_STALLED,180,60,STALE,60,36.666666666666664,0.03366447549999997,-0.038859674999999996
10m,ENTRY_PROBE,STALLED_PRESSURE_PROBE,SELL_STALLED,180,180,MISSING,46,60.869565217391305,0.26348467456521746,1.42607833
10m,ENTRY_PROBE,STALLED_PRESSURE_PROBE,SELL_STALLED,180,180,OPPOSITE_DIRECTION,38,39.473684210526315,-0.9909233305263158,-0.43631316
10m,ENTRY_PROBE,STALLED_PRESSURE_PROBE,SELL_STALLED,180,180,SAME_DIRECTION,126,45.23809523809524,-0.28000532103174575,-0.62344091
10m,ENTRY_PROBE,STALLED_PRESSURE_PROBE,SELL_STALLED,180,180,STALE,60,53.333333333333336,0.2891945106666666,0.27290837
10m,ENTRY_PROBE,STALLED_PRESSURE_PROBE,SELL_STALLED,180,300,MISSING,44,50.0,-0.854482517272728,-0.16907567
10m,ENTRY_PROBE,STALLED_PRESSURE_PROBE,SELL_STALLED,180,300,OPPOSITE_DIRECTION,37,43.24324324324324,-0.7800037745945947,-0.57483586
10m,ENTRY_PROBE,STALLED_PRESSURE_PROBE,SELL_STALLED,180,300,SAME_DIRECTION,125,35.2,-0.9953641419200003,-1.70000655
10m,ENTRY_PROBE,STALLED_PRESSURE_PROBE,SELL_STALLED,180,300,STALE,60,45.0,0.052591283666666655,-0.09353582
10m,ENTRY_PROBE,STALLED_PRESSURE_PROBE,SELL_STALLED,180,600,MISSING,38,26.31578947368421,-5.190120603421053,-4.078935945
10m,ENTRY_PROBE,STALLED_PRESSURE_PROBE,SELL_STALLED,180,600,OPPOSITE_DIRECTION,36,38.888888888888886,-0.7086724325000001,-0.33590493499999996
10m,ENTRY_PROBE,STALLED_PRESSURE_PROBE,SELL_STALLED,180,600,SAME_DIRECTION,120,45.833333333333336,-0.15706316049999985,-0.31950349
10m,ENTRY_PROBE,STALLED_PRESSURE_PROBE,SELL_STALLED,180,600,STALE,59,44.067796610169495,-0.29854754186440674,-0.85761822
10m,ENTRY_PROBE,STALLED_PRESSURE_PROBE,SELL_STALLED,300,60,MISSING,29,65.51724137931035,0.3916906437931035,0.66025047
10m,ENTRY_PROBE,STALLED_PRESSURE_PROBE,SELL_STALLED,300,60,OPPOSITE_DIRECTION,25,40.0,-0.567034762,-0.01553147
10m,ENTRY_PROBE,STALLED_PRESSURE_PROBE,SELL_STALLED,300,60,SAME_DIRECTION,79,37.9746835443038,-0.14643501202531645,-0.45054073
10m,ENTRY_PROBE,STALLED_PRESSURE_PROBE,SELL_STALLED,300,60,STALE,30,56.666666666666664,0.49028448966666666,0.09355892
10m,ENTRY_PROBE,STALLED_PRESSURE_PROBE,SELL_STALLED,300,180,MISSING,29,62.06896551724138,0.20526281655172376,1.78971328
10m,ENTRY_PROBE,STALLED_PRESSURE_PROBE,SELL_STALLED,300,180,OPPOSITE_DIRECTION,21,47.61904761904762,-0.3081023233333333,-0.18752432
10m,ENTRY_PROBE,STALLED_PRESSURE_PROBE,SELL_STALLED,300,180,SAME_DIRECTION,78,37.17948717948718,-0.7162195098717951,-0.65591948
10m,ENTRY_PROBE,STALLED_PRESSURE_PROBE,SELL_STALLED,300,180,STALE,30,66.66666666666667,0.401196526,0.31189132
10m,ENTRY_PROBE,STALLED_PRESSURE_PROBE,SELL_STALLED,300,300,MISSING,29,51.724137931034484,-0.7850078910344822,0.38420163
10m,ENTRY_PROBE,STALLED_PRESSURE_PROBE,SELL_STALLED,300,300,OPPOSITE_DIRECTION,21,57.142857142857146,-1.258957068095238,0.31195408
10m,ENTRY_PROBE,STALLED_PRESSURE_PROBE,SELL_STALLED,300,300,SAME_DIRECTION,76,31.57894736842105,-1.2384982535526317,-1.19945168
10m,ENTRY_PROBE,STALLED_PRESSURE_PROBE,SELL_STALLED,300,300,STALE,30,50.0,0.3536458783333333,0.436669645
10m,ENTRY_PROBE,STALLED_PRESSURE_PROBE,SELL_STALLED,300,600,MISSING,24,20.833333333333332,-4.910354782083332,-3.43154586
10m,ENTRY_PROBE,STALLED_PRESSURE_PROBE,SELL_STALLED,300,600,OPPOSITE_DIRECTION,21,57.142857142857146,-0.7628442104761907,0.53040301
10m,ENTRY_PROBE,STALLED_PRESSURE_PROBE,SELL_STALLED,300,600,SAME_DIRECTION,73,56.16438356164384,-0.09626212301369853,0.37481142
10m,ENTRY_PROBE,STALLED_PRESSURE_PROBE,SELL_STALLED,300,600,STALE,30,40.0,-0.6620179276666666,-1.091575075
10m,ENTRY_PROBE,STALLED_PRESSURE_PROBE,SELL_STALLED,900,60,OPPOSITE_DIRECTION,8,50.0,0.299634985,0.482721685
10m,ENTRY_PROBE,STALLED_PRESSURE_PROBE,SELL_STALLED,900,60,SAME_DIRECTION,27,51.851851851851855,0.25323773518518505,0.07798828
10m,ENTRY_PROBE,STALLED_PRESSURE_PROBE,SELL_STALLED,900,60,STALE,12,41.666666666666664,0.47692411333333334,-0.00779564
10m,ENTRY_PROBE,STALLED_PRESSURE_PROBE,SELL_STALLED,900,180,OPPOSITE_DIRECTION,8,50.0,2.83469147625,1.73772914
10m,ENTRY_PROBE,STALLED_PRESSURE_PROBE,SELL_STALLED,900,180,SAME_DIRECTION,26,57.69230769230769,0.9725479896153847,0.49897987
10m,ENTRY_PROBE,STALLED_PRESSURE_PROBE,SELL_STALLED,900,180,STALE,12,66.66666666666667,0.9337433466666666,0.5539852249999999
10m,ENTRY_PROBE,STALLED_PRESSURE_PROBE,SELL_STALLED,900,300,OPPOSITE_DIRECTION,8,62.5,1.8480629074999997,2.025923135
10m,ENTRY_PROBE,STALLED_PRESSURE_PROBE,SELL_STALLED,900,300,SAME_DIRECTION,26,34.61538461538461,-0.8980981961538461,-1.224418895
10m,ENTRY_PROBE,STALLED_PRESSURE_PROBE,SELL_STALLED,900,300,STALE,12,50.0,0.8270314916666667,0.1641066
10m,ENTRY_PROBE,STALLED_PRESSURE_PROBE,SELL_STALLED,900,600,OPPOSITE_DIRECTION,8,62.5,1.4478661662499999,2.976222705
10m,ENTRY_PROBE,STALLED_PRESSURE_PROBE,SELL_STALLED,900,600,SAME_DIRECTION,26,42.30769230769231,-0.5630588200000001,-0.966847315
10m,ENTRY_PROBE,STALLED_PRESSURE_PROBE,SELL_STALLED,900,600,STALE,12,33.333333333333336,0.5493679875000002,-1.138179715
10m,ENTRY_PROBE,STALLED_PRESSURE_PROBE,SELL_STALLED,1800,60,OPPOSITE_DIRECTION,13,69.23076923076923,0.5730662676923075,0.14029203
10m,ENTRY_PROBE,STALLED_PRESSURE_PROBE,SELL_STALLED,1800,60,SAME_DIRECTION,26,65.38461538461539,0.23922352692307694,0.20269969999999998
10m,ENTRY_PROBE,STALLED_PRESSURE_PROBE,SELL_STALLED,1800,60,STALE,3,66.66666666666667,0.61331595,0.01559172
10m,ENTRY_PROBE,STALLED_PRESSURE_PROBE,SELL_STALLED,1800,180,OPPOSITE_DIRECTION,13,92.3076923076923,2.179011122307692,2.58760847
10m,ENTRY_PROBE,STALLED_PRESSURE_PROBE,SELL_STALLED,1800,180,SAME_DIRECTION,26,73.07692307692308,1.088115353076923,2.237990385
10m,ENTRY_PROBE,STALLED_PRESSURE_PROBE,SELL_STALLED,1800,180,STALE,3,66.66666666666667,1.9023200066666668,0.77958607
10m,ENTRY_PROBE,STALLED_PRESSURE_PROBE,SELL_STALLED,1800,300,OPPOSITE_DIRECTION,13,76.92307692307692,1.98198392,2.63371561
10m,ENTRY_PROBE,STALLED_PRESSURE_PROBE,SELL_STALLED,1800,300,SAME_DIRECTION,26,38.46153846153846,-0.9902872561538463,-0.530258375
10m,ENTRY_PROBE,STALLED_PRESSURE_PROBE,SELL_STALLED,1800,300,STALE,3,33.333333333333336,3.014622823333333,-0.51452681
10m,ENTRY_PROBE,STALLED_PRESSURE_PROBE,SELL_STALLED,1800,600,OPPOSITE_DIRECTION,13,61.53846153846154,2.430102500769231,1.24720159
10m,ENTRY_PROBE,STALLED_PRESSURE_PROBE,SELL_STALLED,1800,600,SAME_DIRECTION,26,76.92307692307692,1.4856044596153843,1.23975465
10m,ENTRY_PROBE,STALLED_PRESSURE_PROBE,SELL_STALLED,1800,600,STALE,3,66.66666666666667,7.577926313333333,4.19401612
10m,ENTRY_PROBE,STALLED_REVERSAL_PROBE,SELL_STALLED,30,60,MISSING,388,46.649484536082475,-0.1823589156958762,-0.030664314999999998
10m,ENTRY_PROBE,STALLED_REVERSAL_PROBE,SELL_STALLED,30,60,NATIVE_STALLED,14,64.28571428571429,1.3647074014285714,1.23166757
10m,ENTRY_PROBE,STALLED_REVERSAL_PROBE,SELL_STALLED,30,60,OPPOSITE_DIRECTION,550,45.27272727272727,0.004946629309090931,0.0
10m,ENTRY_PROBE,STALLED_REVERSAL_PROBE,SELL_STALLED,30,60,SAME_DIRECTION,504,41.666666666666664,0.04333055662698419,0.0
10m,ENTRY_PROBE,STALLED_REVERSAL_PROBE,SELL_STALLED,30,60,STALE,285,41.05263157894737,-0.14077927452631597,0.0
10m,ENTRY_PROBE,STALLED_REVERSAL_PROBE,SELL_STALLED,30,180,MISSING,376,44.9468085106383,-0.24838492662234082,-0.5219270650000001
10m,ENTRY_PROBE,STALLED_REVERSAL_PROBE,SELL_STALLED,30,180,NATIVE_STALLED,10,90.0,3.6738286470000006,3.35958954
10m,ENTRY_PROBE,STALLED_REVERSAL_PROBE,SELL_STALLED,30,180,OPPOSITE_DIRECTION,540,53.7037037037037,0.4305713915370378,0.203175635
10m,ENTRY_PROBE,STALLED_REVERSAL_PROBE,SELL_STALLED,30,180,SAME_DIRECTION,492,48.983739837398375,-0.15599204764227656,0.0
10m,ENTRY_PROBE,STALLED_REVERSAL_PROBE,SELL_STALLED,30,180,STALE,285,41.05263157894737,-0.6968860078596489,-0.43655459
10m,ENTRY_PROBE,STALLED_REVERSAL_PROBE,SELL_STALLED,30,300,MISSING,370,47.83783783783784,-0.014067355594594377,-0.33704918
10m,ENTRY_PROBE,STALLED_REVERSAL_PROBE,SELL_STALLED,30,300,NATIVE_STALLED,9,100.0,3.9733702877777777,4.5681607
10m,ENTRY_PROBE,STALLED_REVERSAL_PROBE,SELL_STALLED,30,300,OPPOSITE_DIRECTION,533,55.53470919324578,0.39859689086303934,0.42081442
10m,ENTRY_PROBE,STALLED_REVERSAL_PROBE,SELL_STALLED,30,300,SAME_DIRECTION,480,49.791666666666664,-0.007002095229166727,0.0
10m,ENTRY_PROBE,STALLED_REVERSAL_PROBE,SELL_STALLED,30,300,STALE,282,49.290780141843975,-0.8690031915957444,0.0
10m,ENTRY_PROBE,STALLED_REVERSAL_PROBE,SELL_STALLED,30,600,MISSING,350,56.857142857142854,1.8855897996571422,2.195821605
10m,ENTRY_PROBE,STALLED_REVERSAL_PROBE,SELL_STALLED,30,600,NATIVE_STALLED,5,100.0,5.654188668,5.53480221
10m,ENTRY_PROBE,STALLED_REVERSAL_PROBE,SELL_STALLED,30,600,OPPOSITE_DIRECTION,514,52.14007782101167,0.1404330200778213,0.335352995
10m,ENTRY_PROBE,STALLED_REVERSAL_PROBE,SELL_STALLED,30,600,SAME_DIRECTION,447,52.348993288590606,0.14653580371364677,0.18753047
10m,ENTRY_PROBE,STALLED_REVERSAL_PROBE,SELL_STALLED,30,600,STALE,276,57.608695652173914,-0.18230099543478204,1.367066975
10m,ENTRY_PROBE,STALLED_REVERSAL_PROBE,SELL_STALLED,60,60,MISSING,160,48.75,0.06184629350000008,0.0
10m,ENTRY_PROBE,STALLED_REVERSAL_PROBE,SELL_STALLED,60,60,NATIVE_STALLED,4,25.0,-0.8715973775,-1.19845104
10m,ENTRY_PROBE,STALLED_REVERSAL_PROBE,SELL_STALLED,60,60,OPPOSITE_DIRECTION,300,44.666666666666664,0.06098398513333334,0.0
10m,ENTRY_PROBE,STALLED_REVERSAL_PROBE,SELL_STALLED,60,60,SAME_DIRECTION,253,41.89723320158103,-0.10775704628458499,0.0
10m,ENTRY_PROBE,STALLED_REVERSAL_PROBE,SELL_STALLED,60,60,STALE,135,43.7037037037037,-0.3080235674074075,0.0
10m,ENTRY_PROBE,STALLED_REVERSAL_PROBE,SELL_STALLED,60,180,MISSING,154,46.753246753246756,0.2656291025974026,-0.08439918
10m,ENTRY_PROBE,STALLED_REVERSAL_PROBE,SELL_STALLED,60,180,OPPOSITE_DIRECTION,292,53.42465753424658,0.27940960311643853,0.179315315
10m,ENTRY_PROBE,STALLED_REVERSAL_PROBE,SELL_STALLED,60,180,SAME_DIRECTION,250,44.8,-0.26051136616000004,-0.17176566999999998
10m,ENTRY_PROBE,STALLED_REVERSAL_PROBE,SELL_STALLED,60,180,STALE,135,45.925925925925924,-0.5103627728148151,-0.03121581
10m,ENTRY_PROBE,STALLED_REVERSAL_PROBE,SELL_STALLED,60,300,MISSING,152,47.36842105263158,0.5027877599342104,-0.23767178
10m,ENTRY_PROBE,STALLED_REVERSAL_PROBE,SELL_STALLED,60,300,OPPOSITE_DIRECTION,289,54.325259515570934,0.32461376474048453,0.25015674
10m,ENTRY_PROBE,STALLED_REVERSAL_PROBE,SELL_STALLED,60,300,SAME_DIRECTION,242,45.04132231404959,-0.24860415483471077,-0.156055695
10m,ENTRY_PROBE,STALLED_REVERSAL_PROBE,SELL_STALLED,60,300,STALE,135,49.629629629629626,-0.5692493074814815,0.0
10m,ENTRY_PROBE,STALLED_REVERSAL_PROBE,SELL_STALLED,60,600,MISSING,138,63.04347826086956,3.3057112837681153,3.046852555
10m,ENTRY_PROBE,STALLED_REVERSAL_PROBE,SELL_STALLED,60,600,OPPOSITE_DIRECTION,277,52.34657039711191,-0.27100196223826695,0.35960087
10m,ENTRY_PROBE,STALLED_REVERSAL_PROBE,SELL_STALLED,60,600,SAME_DIRECTION,225,53.77777777777778,0.19724126328888902,0.43712844
10m,ENTRY_PROBE,STALLED_REVERSAL_PROBE,SELL_STALLED,60,600,STALE,131,62.595419847328245,0.3258135330534352,1.43476945
10m,ENTRY_PROBE,STALLED_REVERSAL_PROBE,SELL_STALLED,180,60,MISSING,46,52.17391304347826,1.0966095900000006,0.66112875
10m,ENTRY_PROBE,STALLED_REVERSAL_PROBE,SELL_STALLED,180,60,OPPOSITE_DIRECTION,126,50.0,0.11558004746031748,0.007772255
10m,ENTRY_PROBE,STALLED_REVERSAL_PROBE,SELL_STALLED,180,60,SAME_DIRECTION,40,52.5,0.5237190569999999,0.18713913
10m,ENTRY_PROBE,STALLED_REVERSAL_PROBE,SELL_STALLED,180,60,STALE,60,51.666666666666664,-0.03366447549999997,0.038859674999999996
10m,ENTRY_PROBE,STALLED_REVERSAL_PROBE,SELL_STALLED,180,180,MISSING,46,39.130434782608695,-0.26348467456521746,-1.42607833
10m,ENTRY_PROBE,STALLED_REVERSAL_PROBE,SELL_STALLED,180,180,OPPOSITE_DIRECTION,126,54.76190476190476,0.28000532103174575,0.62344091
10m,ENTRY_PROBE,STALLED_REVERSAL_PROBE,SELL_STALLED,180,180,SAME_DIRECTION,38,60.526315789473685,0.9909233305263158,0.43631316
10m,ENTRY_PROBE,STALLED_REVERSAL_PROBE,SELL_STALLED,180,180,STALE,60,45.0,-0.2891945106666666,-0.27290837
10m,ENTRY_PROBE,STALLED_REVERSAL_PROBE,SELL_STALLED,180,300,MISSING,44,50.0,0.854482517272728,0.16907567
10m,ENTRY_PROBE,STALLED_REVERSAL_PROBE,SELL_STALLED,180,300,OPPOSITE_DIRECTION,125,64.8,0.9953641419200003,1.70000655
10m,ENTRY_PROBE,STALLED_REVERSAL_PROBE,SELL_STALLED,180,300,SAME_DIRECTION,37,56.75675675675676,0.7800037745945947,0.57483586
10m,ENTRY_PROBE,STALLED_REVERSAL_PROBE,SELL_STALLED,180,300,STALE,60,55.0,-0.052591283666666655,0.09353582
10m,ENTRY_PROBE,STALLED_REVERSAL_PROBE,SELL_STALLED,180,600,MISSING,38,73.6842105263158,5.190120603421053,4.078935945
10m,ENTRY_PROBE,STALLED_REVERSAL_PROBE,SELL_STALLED,180,600,OPPOSITE_DIRECTION,120,54.166666666666664,0.15706316049999985,0.31950349
10m,ENTRY_PROBE,STALLED_REVERSAL_PROBE,SELL_STALLED,180,600,SAME_DIRECTION,36,58.333333333333336,0.7086724325000001,0.33590493499999996
10m,ENTRY_PROBE,STALLED_REVERSAL_PROBE,SELL_STALLED,180,600,STALE,59,55.932203389830505,0.29854754186440674,0.85761822
10m,ENTRY_PROBE,STALLED_REVERSAL_PROBE,SELL_STALLED,300,60,MISSING,29,34.48275862068966,-0.3916906437931035,-0.66025047
10m,ENTRY_PROBE,STALLED_REVERSAL_PROBE,SELL_STALLED,300,60,OPPOSITE_DIRECTION,79,56.962025316455694,0.14643501202531645,0.45054073
10m,ENTRY_PROBE,STALLED_REVERSAL_PROBE,SELL_STALLED,300,60,SAME_DIRECTION,25,52.0,0.567034762,0.01553147
10m,ENTRY_PROBE,STALLED_REVERSAL_PROBE,SELL_STALLED,300,60,STALE,30,36.666666666666664,-0.49028448966666666,-0.09355892
10m,ENTRY_PROBE,STALLED_REVERSAL_PROBE,SELL_STALLED,300,180,MISSING,29,37.93103448275862,-0.20526281655172376,-1.78971328
10m,ENTRY_PROBE,STALLED_REVERSAL_PROBE,SELL_STALLED,300,180,OPPOSITE_DIRECTION,78,58.97435897435897,0.7162195098717951,0.65591948
10m,ENTRY_PROBE,STALLED_REVERSAL_PROBE,SELL_STALLED,300,180,SAME_DIRECTION,21,52.38095238095238,0.3081023233333333,0.18752432
10m,ENTRY_PROBE,STALLED_REVERSAL_PROBE,SELL_STALLED,300,180,STALE,30,30.0,-0.401196526,-0.31189132
10m,ENTRY_PROBE,STALLED_REVERSAL_PROBE,SELL_STALLED,300,300,MISSING,29,48.275862068965516,0.7850078910344822,-0.38420163
10m,ENTRY_PROBE,STALLED_REVERSAL_PROBE,SELL_STALLED,300,300,OPPOSITE_DIRECTION,76,68.42105263157895,1.2384982535526317,1.19945168
10m,ENTRY_PROBE,STALLED_REVERSAL_PROBE,SELL_STALLED,300,300,SAME_DIRECTION,21,42.857142857142854,1.258957068095238,-0.31195408
10m,ENTRY_PROBE,STALLED_REVERSAL_PROBE,SELL_STALLED,300,300,STALE,30,43.333333333333336,-0.3536458783333333,-0.436669645
10m,ENTRY_PROBE,STALLED_REVERSAL_PROBE,SELL_STALLED,300,600,MISSING,24,79.16666666666667,4.910354782083332,3.43154586
10m,ENTRY_PROBE,STALLED_REVERSAL_PROBE,SELL_STALLED,300,600,OPPOSITE_DIRECTION,73,43.83561643835616,0.09626212301369853,-0.37481142
10m,ENTRY_PROBE,STALLED_REVERSAL_PROBE,SELL_STALLED,300,600,SAME_DIRECTION,21,38.095238095238095,0.7628442104761907,-0.53040301
10m,ENTRY_PROBE,STALLED_REVERSAL_PROBE,SELL_STALLED,300,600,STALE,30,60.0,0.6620179276666666,1.091575075
10m,ENTRY_PROBE,STALLED_REVERSAL_PROBE,SELL_STALLED,900,60,OPPOSITE_DIRECTION,27,44.44444444444444,-0.25323773518518505,-0.07798828
10m,ENTRY_PROBE,STALLED_REVERSAL_PROBE,SELL_STALLED,900,60,SAME_DIRECTION,8,50.0,-0.299634985,-0.482721685
10m,ENTRY_PROBE,STALLED_REVERSAL_PROBE,SELL_STALLED,900,60,STALE,12,50.0,-0.47692411333333334,0.00779564
10m,ENTRY_PROBE,STALLED_REVERSAL_PROBE,SELL_STALLED,900,180,OPPOSITE_DIRECTION,26,42.30769230769231,-0.9725479896153847,-0.49897987
10m,ENTRY_PROBE,STALLED_REVERSAL_PROBE,SELL_STALLED,900,180,SAME_DIRECTION,8,37.5,-2.83469147625,-1.73772914
10m,ENTRY_PROBE,STALLED_REVERSAL_PROBE,SELL_STALLED,900,180,STALE,12,33.333333333333336,-0.9337433466666666,-0.5539852249999999
10m,ENTRY_PROBE,STALLED_REVERSAL_PROBE,SELL_STALLED,900,300,OPPOSITE_DIRECTION,26,61.53846153846154,0.8980981961538461,1.224418895
10m,ENTRY_PROBE,STALLED_REVERSAL_PROBE,SELL_STALLED,900,300,SAME_DIRECTION,8,37.5,-1.8480629074999997,-2.025923135
10m,ENTRY_PROBE,STALLED_REVERSAL_PROBE,SELL_STALLED,900,300,STALE,12,50.0,-0.8270314916666667,-0.1641066
10m,ENTRY_PROBE,STALLED_REVERSAL_PROBE,SELL_STALLED,900,600,OPPOSITE_DIRECTION,26,57.69230769230769,0.5630588200000001,0.966847315
10m,ENTRY_PROBE,STALLED_REVERSAL_PROBE,SELL_STALLED,900,600,SAME_DIRECTION,8,37.5,-1.4478661662499999,-2.976222705
10m,ENTRY_PROBE,STALLED_REVERSAL_PROBE,SELL_STALLED,900,600,STALE,12,66.66666666666667,-0.5493679875000002,1.138179715
10m,ENTRY_PROBE,STALLED_REVERSAL_PROBE,SELL_STALLED,1800,60,OPPOSITE_DIRECTION,26,30.76923076923077,-0.23922352692307694,-0.20269969999999998
10m,ENTRY_PROBE,STALLED_REVERSAL_PROBE,SELL_STALLED,1800,60,SAME_DIRECTION,13,30.76923076923077,-0.5730662676923075,-0.14029203
10m,ENTRY_PROBE,STALLED_REVERSAL_PROBE,SELL_STALLED,1800,60,STALE,3,33.333333333333336,-0.61331595,-0.01559172
10m,ENTRY_PROBE,STALLED_REVERSAL_PROBE,SELL_STALLED,1800,180,OPPOSITE_DIRECTION,26,26.923076923076923,-1.088115353076923,-2.237990385
10m,ENTRY_PROBE,STALLED_REVERSAL_PROBE,SELL_STALLED,1800,180,SAME_DIRECTION,13,7.6923076923076925,-2.179011122307692,-2.58760847
10m,ENTRY_PROBE,STALLED_REVERSAL_PROBE,SELL_STALLED,1800,180,STALE,3,33.333333333333336,-1.9023200066666668,-0.77958607
10m,ENTRY_PROBE,STALLED_REVERSAL_PROBE,SELL_STALLED,1800,300,OPPOSITE_DIRECTION,26,61.53846153846154,0.9902872561538463,0.530258375
10m,ENTRY_PROBE,STALLED_REVERSAL_PROBE,SELL_STALLED,1800,300,SAME_DIRECTION,13,23.076923076923077,-1.98198392,-2.63371561
10m,ENTRY_PROBE,STALLED_REVERSAL_PROBE,SELL_STALLED,1800,300,STALE,3,66.66666666666667,-3.014622823333333,0.51452681
10m,ENTRY_PROBE,STALLED_REVERSAL_PROBE,SELL_STALLED,1800,600,OPPOSITE_DIRECTION,26,23.076923076923077,-1.4856044596153843,-1.23975465
10m,ENTRY_PROBE,STALLED_REVERSAL_PROBE,SELL_STALLED,1800,600,SAME_DIRECTION,13,38.46153846153846,-2.430102500769231,-1.24720159
10m,ENTRY_PROBE,STALLED_REVERSAL_PROBE,SELL_STALLED,1800,600,STALE,3,33.333333333333336,-7.577926313333333,-4.19401612
5m,ANALYSIS,EFFECTIVE_CONTINUATION,BUY_EFFECTIVE,30,60,MISSING,399,56.64160401002506,0.5998215891729322,0.35338458
5m,ANALYSIS,EFFECTIVE_CONTINUATION,BUY_EFFECTIVE,30,60,NATIVE_STALLED,7,42.857142857142854,1.3771306142857145,0.0
5m,ANALYSIS,EFFECTIVE_CONTINUATION,BUY_EFFECTIVE,30,60,OPPOSITE_DIRECTION,192,56.25,0.5389819935937495,0.523897925
5m,ANALYSIS,EFFECTIVE_CONTINUATION,BUY_EFFECTIVE,30,60,SAME_DIRECTION,196,47.44897959183673,-0.5858098922448975,-0.030960385
5m,ANALYSIS,EFFECTIVE_CONTINUATION,BUY_EFFECTIVE,30,60,STALE,142,54.225352112676056,0.39201499021126784,0.29702016
5m,ANALYSIS,EFFECTIVE_CONTINUATION,BUY_EFFECTIVE,30,180,MISSING,394,59.64467005076142,1.2819796501776637,1.126761225
5m,ANALYSIS,EFFECTIVE_CONTINUATION,BUY_EFFECTIVE,30,180,NATIVE_STALLED,7,28.571428571428573,-0.12715537571428553,-1.77408988
5m,ANALYSIS,EFFECTIVE_CONTINUATION,BUY_EFFECTIVE,30,180,OPPOSITE_DIRECTION,184,50.0,0.4958510329891305,0.00779485
5m,ANALYSIS,EFFECTIVE_CONTINUATION,BUY_EFFECTIVE,30,180,SAME_DIRECTION,187,44.38502673796791,-2.1309136573796787,-0.76656524
5m,ANALYSIS,EFFECTIVE_CONTINUATION,BUY_EFFECTIVE,30,180,STALE,138,39.130434782608695,-1.4353813292753623,-1.012341995
5m,ANALYSIS,EFFECTIVE_CONTINUATION,BUY_EFFECTIVE,30,300,MISSING,390,57.69230769230769,2.1555865238205123,1.4771130499999998
5m,ANALYSIS,EFFECTIVE_CONTINUATION,BUY_EFFECTIVE,30,300,NATIVE_STALLED,5,100.0,1.872704028,1.0787048
5m,ANALYSIS,EFFECTIVE_CONTINUATION,BUY_EFFECTIVE,30,300,OPPOSITE_DIRECTION,180,49.44444444444444,-0.5800503986111114,-0.101359465
5m,ANALYSIS,EFFECTIVE_CONTINUATION,BUY_EFFECTIVE,30,300,SAME_DIRECTION,183,42.622950819672134,-3.074583424754099,-1.31987783
5m,ANALYSIS,EFFECTIVE_CONTINUATION,BUY_EFFECTIVE,30,300,STALE,131,37.404580152671755,-2.5521450187786257,-1.93082357
5m,ANALYSIS,EFFECTIVE_CONTINUATION,BUY_EFFECTIVE,30,600,MISSING,384,61.197916666666664,3.9055212746874974,2.8331929899999997
5m,ANALYSIS,EFFECTIVE_CONTINUATION,BUY_EFFECTIVE,30,600,NATIVE_STALLED,2,50.0,-0.10220535500000016,-0.10220535500000016
5m,ANALYSIS,EFFECTIVE_CONTINUATION,BUY_EFFECTIVE,30,600,OPPOSITE_DIRECTION,169,46.15384615384615,-3.660747218757396,-1.23164613
5m,ANALYSIS,EFFECTIVE_CONTINUATION,BUY_EFFECTIVE,30,600,SAME_DIRECTION,170,36.470588235294116,-6.70441617035294,-2.08834145
5m,ANALYSIS,EFFECTIVE_CONTINUATION,BUY_EFFECTIVE,30,600,STALE,129,51.93798449612403,-0.20816533232558107,0.21942232
5m,ANALYSIS,EFFECTIVE_CONTINUATION,BUY_EFFECTIVE,60,60,MISSING,328,57.6219512195122,0.6268869509756095,0.454756905
5m,ANALYSIS,EFFECTIVE_CONTINUATION,BUY_EFFECTIVE,60,60,NATIVE_STALLED,3,33.333333333333336,2.0139061266666665,0.0
5m,ANALYSIS,EFFECTIVE_CONTINUATION,BUY_EFFECTIVE,60,60,OPPOSITE_DIRECTION,122,60.65573770491803,0.8160441182786883,0.49030875
5m,ANALYSIS,EFFECTIVE_CONTINUATION,BUY_EFFECTIVE,60,60,SAME_DIRECTION,201,49.75124378109453,-0.08441995004975122,0.0
5m,ANALYSIS,EFFECTIVE_CONTINUATION,BUY_EFFECTIVE,60,60,STALE,102,47.05882352941177,0.07196234774509803,-0.00781267
5m,ANALYSIS,EFFECTIVE_CONTINUATION,BUY_EFFECTIVE,60,180,MISSING,322,55.900621118012424,1.3520638721118012,0.839781895
5m,ANALYSIS,EFFECTIVE_CONTINUATION,BUY_EFFECTIVE,60,180,NATIVE_STALLED,3,33.333333333333336,0.28331461333333313,-0.67223633
5m,ANALYSIS,EFFECTIVE_CONTINUATION,BUY_EFFECTIVE,60,180,OPPOSITE_DIRECTION,118,49.152542372881356,1.0206474208474576,-0.085791315
5m,ANALYSIS,EFFECTIVE_CONTINUATION,BUY_EFFECTIVE,60,180,SAME_DIRECTION,199,49.246231155778894,-0.7403834818090461,-0.01560082
5m,ANALYSIS,EFFECTIVE_CONTINUATION,BUY_EFFECTIVE,60,180,STALE,97,38.144329896907216,-0.9197110020618562,-0.70411626
5m,ANALYSIS,EFFECTIVE_CONTINUATION,BUY_EFFECTIVE,60,300,MISSING,319,53.291536050156736,1.5748514577742958,0.75593136
5m,ANALYSIS,EFFECTIVE_CONTINUATION,BUY_EFFECTIVE,60,300,NATIVE_STALLED,3,100.0,2.2443914366666666,1.63694188
5m,ANALYSIS,EFFECTIVE_CONTINUATION,BUY_EFFECTIVE,60,300,OPPOSITE_DIRECTION,114,47.36842105263158,-0.639688691578947,-0.342810685
5m,ANALYSIS,EFFECTIVE_CONTINUATION,BUY_EFFECTIVE,60,300,SAME_DIRECTION,198,47.97979797979798,-0.9821189540404031,-0.21830695
5m,ANALYSIS,EFFECTIVE_CONTINUATION,BUY_EFFECTIVE,60,300,STALE,90,46.666666666666664,0.08046329233333313,-0.148445725
5m,ANALYSIS,EFFECTIVE_CONTINUATION,BUY_EFFECTIVE,60,600,MISSING,315,54.92063492063492,3.0570307068888902,1.30558529
5m,ANALYSIS,EFFECTIVE_CONTINUATION,BUY_EFFECTIVE,60,600,NATIVE_STALLED,2,50.0,-0.31282999,-0.31282999
5m,ANALYSIS,EFFECTIVE_CONTINUATION,BUY_EFFECTIVE,60,600,OPPOSITE_DIRECTION,109,41.28440366972477,-2.6324069065137605,-0.9482504
5m,ANALYSIS,EFFECTIVE_CONTINUATION,BUY_EFFECTIVE,60,600,SAME_DIRECTION,185,44.32432432432432,-2.6056638706486486,-1.15512916
5m,ANALYSIS,EFFECTIVE_CONTINUATION,BUY_EFFECTIVE,60,600,STALE,88,53.40909090909091,0.6619853784090907,0.78717457
5m,ANALYSIS,EFFECTIVE_CONTINUATION,BUY_EFFECTIVE,180,60,MISSING,148,60.13513513513514,0.6995272024324322,0.5658478849999999
5m,ANALYSIS,EFFECTIVE_CONTINUATION,BUY_EFFECTIVE,180,60,NATIVE_STALLED,2,0.0,-1.52527886,-1.52527886
5m,ANALYSIS,EFFECTIVE_CONTINUATION,BUY_EFFECTIVE,180,60,OPPOSITE_DIRECTION,67,56.71641791044776,-0.049383920149253656,0.31140619
5m,ANALYSIS,EFFECTIVE_CONTINUATION,BUY_EFFECTIVE,180,60,SAME_DIRECTION,115,47.82608695652174,-0.22801584599999983,0.0
5m,ANALYSIS,EFFECTIVE_CONTINUATION,BUY_EFFECTIVE,180,60,STALE,58,46.55172413793103,0.2574437220689656,-0.00781267
5m,ANALYSIS,EFFECTIVE_CONTINUATION,BUY_EFFECTIVE,180,180,MISSING,146,60.95890410958904,1.6512433435616434,1.39845977
5m,ANALYSIS,EFFECTIVE_CONTINUATION,BUY_EFFECTIVE,180,180,NATIVE_STALLED,1,0.0,-2.13223598,-2.13223598
5m,ANALYSIS,EFFECTIVE_CONTINUATION,BUY_EFFECTIVE,180,180,OPPOSITE_DIRECTION,67,40.298507462686565,-0.9649933416417906,-0.42098764
5m,ANALYSIS,EFFECTIVE_CONTINUATION,BUY_EFFECTIVE,180,180,SAME_DIRECTION,115,46.08695652173913,-1.088180494260869,-0.23432118
5m,ANALYSIS,EFFECTIVE_CONTINUATION,BUY_EFFECTIVE,180,180,STALE,55,60.0,0.0846675747272727,0.35947048
5m,ANALYSIS,EFFECTIVE_CONTINUATION,BUY_EFFECTIVE,180,300,MISSING,146,54.10958904109589,1.678865956917808,0.8963892099999999
5m,ANALYSIS,EFFECTIVE_CONTINUATION,BUY_EFFECTIVE,180,300,OPPOSITE_DIRECTION,64,29.6875,-2.1303714792187503,-2.66891109
5m,ANALYSIS,EFFECTIVE_CONTINUATION,BUY_EFFECTIVE,180,300,SAME_DIRECTION,114,47.36842105263158,-1.9057985666666668,-0.453041245
5m,ANALYSIS,EFFECTIVE_CONTINUATION,BUY_EFFECTIVE,180,300,STALE,52,57.69230769230769,-0.035545807499999756,0.24941660999999998
5m,ANALYSIS,EFFECTIVE_CONTINUATION,BUY_EFFECTIVE,180,600,MISSING,143,61.53846153846154,3.622414771958041,2.02362857
5m,ANALYSIS,EFFECTIVE_CONTINUATION,BUY_EFFECTIVE,180,600,OPPOSITE_DIRECTION,64,37.5,-2.8954074579687488,-1.534333405
5m,ANALYSIS,EFFECTIVE_CONTINUATION,BUY_EFFECTIVE,180,600,SAME_DIRECTION,107,42.99065420560748,-4.419145307943928,-1.40276501
5m,ANALYSIS,EFFECTIVE_CONTINUATION,BUY_EFFECTIVE,180,600,STALE,52,61.53846153846154,0.11314220500000001,0.83003724
5m,ANALYSIS,EFFECTIVE_CONTINUATION,BUY_EFFECTIVE,300,60,MISSING,122,47.540983606557376,0.2768232902459014,-0.038561780000000004
5m,ANALYSIS,EFFECTIVE_CONTINUATION,BUY_EFFECTIVE,300,60,NATIVE_STALLED,2,0.0,-0.33611842000000003,-0.33611842000000003
5m,ANALYSIS,EFFECTIVE_CONTINUATION,BUY_EFFECTIVE,300,60,OPPOSITE_DIRECTION,17,23.529411764705884,-1.8123628994117649,-2.19369032
5m,ANALYSIS,EFFECTIVE_CONTINUATION,BUY_EFFECTIVE,300,60,SAME_DIRECTION,82,51.21951219512195,0.33443334012195114,0.015608665
5m,ANALYSIS,EFFECTIVE_CONTINUATION,BUY_EFFECTIVE,300,60,STALE,62,43.54838709677419,-0.2908640540322581,0.0
5m,ANALYSIS,EFFECTIVE_CONTINUATION,BUY_EFFECTIVE,300,180,MISSING,122,55.73770491803279,1.0727473408196722,0.792783615
5m,ANALYSIS,EFFECTIVE_CONTINUATION,BUY_EFFECTIVE,300,180,NATIVE_STALLED,2,0.0,-0.680053555,-0.680053555
5m,ANALYSIS,EFFECTIVE_CONTINUATION,BUY_EFFECTIVE,300,180,OPPOSITE_DIRECTION,17,35.294117647058826,-1.846886474705882,-0.90881456
5m,ANALYSIS,EFFECTIVE_CONTINUATION,BUY_EFFECTIVE,300,180,SAME_DIRECTION,82,56.09756097560975,-0.43685906878048786,0.5533171800000001
5m,ANALYSIS,EFFECTIVE_CONTINUATION,BUY_EFFECTIVE,300,180,STALE,60,41.666666666666664,-0.19620322916666663,-0.202665925
5m,ANALYSIS,EFFECTIVE_CONTINUATION,BUY_EFFECTIVE,300,300,MISSING,122,58.19672131147541,1.5534390206557371,0.921330655
5m,ANALYSIS,EFFECTIVE_CONTINUATION,BUY_EFFECTIVE,300,300,NATIVE_STALLED,2,0.0,-1.180322765,-1.180322765
5m,ANALYSIS,EFFECTIVE_CONTINUATION,BUY_EFFECTIVE,300,300,OPPOSITE_DIRECTION,17,11.764705882352942,-4.282424704117647,-4.13094954
5m,ANALYSIS,EFFECTIVE_CONTINUATION,BUY_EFFECTIVE,300,300,SAME_DIRECTION,78,42.30769230769231,-2.1461665002564083,-0.49276946499999996
5m,ANALYSIS,EFFECTIVE_CONTINUATION,BUY_EFFECTIVE,300,300,STALE,58,50.0,-0.4302120127586207,-0.031253295
5m,ANALYSIS,EFFECTIVE_CONTINUATION,BUY_EFFECTIVE,300,600,MISSING,120,50.833333333333336,1.6417726409166662,0.130488625
5m,ANALYSIS,EFFECTIVE_CONTINUATION,BUY_EFFECTIVE,300,600,NATIVE_STALLED,2,0.0,-6.35498326,-6.35498326
5m,ANALYSIS,EFFECTIVE_CONTINUATION,BUY_EFFECTIVE,300,600,OPPOSITE_DIRECTION,17,11.764705882352942,-8.444960390000002,-6.78606803
5m,ANALYSIS,EFFECTIVE_CONTINUATION,BUY_EFFECTIVE,300,600,SAME_DIRECTION,75,45.333333333333336,-3.271324220533333,-0.80990199
5m,ANALYSIS,EFFECTIVE_CONTINUATION,BUY_EFFECTIVE,300,600,STALE,58,63.793103448275865,0.6643816568965516,0.327868555
5m,ANALYSIS,EFFECTIVE_CONTINUATION,BUY_EFFECTIVE,900,60,MISSING,34,29.41176470588235,-0.9938277902941176,-0.438413725
5m,ANALYSIS,EFFECTIVE_CONTINUATION,BUY_EFFECTIVE,900,60,OPPOSITE_DIRECTION,9,44.44444444444444,-0.24817974888888886,-0.57462428
5m,ANALYSIS,EFFECTIVE_CONTINUATION,BUY_EFFECTIVE,900,60,SAME_DIRECTION,14,50.0,0.3960036535714287,0.21824938
5m,ANALYSIS,EFFECTIVE_CONTINUATION,BUY_EFFECTIVE,900,60,STALE,31,35.483870967741936,-0.41382760677419356,0.0
5m,ANALYSIS,EFFECTIVE_CONTINUATION,BUY_EFFECTIVE,900,180,MISSING,33,48.484848484848484,0.11384082545454512,0.0
5m,ANALYSIS,EFFECTIVE_CONTINUATION,BUY_EFFECTIVE,900,180,OPPOSITE_DIRECTION,9,11.11111111111111,-2.159176971111111,-3.35462068
5m,ANALYSIS,EFFECTIVE_CONTINUATION,BUY_EFFECTIVE,900,180,SAME_DIRECTION,14,57.142857142857146,1.0583596542857143,0.31208258
5m,ANALYSIS,EFFECTIVE_CONTINUATION,BUY_EFFECTIVE,900,180,STALE,29,44.827586206896555,0.30930358931034485,-0.01558171
5m,ANALYSIS,EFFECTIVE_CONTINUATION,BUY_EFFECTIVE,900,300,MISSING,33,66.66666666666667,1.836111863939394,0.75593836
5m,ANALYSIS,EFFECTIVE_CONTINUATION,BUY_EFFECTIVE,900,300,OPPOSITE_DIRECTION,9,66.66666666666667,0.3357167555555556,1.35114148
5m,ANALYSIS,EFFECTIVE_CONTINUATION,BUY_EFFECTIVE,900,300,SAME_DIRECTION,14,78.57142857142857,3.146565972142857,0.80891595
5m,ANALYSIS,EFFECTIVE_CONTINUATION,BUY_EFFECTIVE,900,300,STALE,29,48.275862068965516,-0.4615386962068965,-0.10912367
5m,ANALYSIS,EFFECTIVE_CONTINUATION,BUY_EFFECTIVE,900,600,MISSING,29,34.48275862068966,-0.8786731882758619,-3.45478834
5m,ANALYSIS,EFFECTIVE_CONTINUATION,BUY_EFFECTIVE,900,600,OPPOSITE_DIRECTION,9,33.333333333333336,-2.186065991111111,-3.24629937
5m,ANALYSIS,EFFECTIVE_CONTINUATION,BUY_EFFECTIVE,900,600,SAME_DIRECTION,14,64.28571428571429,2.3064217485714296,2.99639727
5m,ANALYSIS,EFFECTIVE_CONTINUATION,BUY_EFFECTIVE,900,600,STALE,29,65.51724137931035,2.075103137931034,1.43419687
5m,ANALYSIS,EFFECTIVE_CONTINUATION,BUY_EFFECTIVE,1800,60,MISSING,13,38.46153846153846,0.3846937838461538,-0.35330641
5m,ANALYSIS,EFFECTIVE_CONTINUATION,BUY_EFFECTIVE,1800,60,OPPOSITE_DIRECTION,5,60.0,0.522724968,0.01564749
5m,ANALYSIS,EFFECTIVE_CONTINUATION,BUY_EFFECTIVE,1800,60,SAME_DIRECTION,6,50.0,0.14422577,1.4999999999910918e-08
5m,ANALYSIS,EFFECTIVE_CONTINUATION,BUY_EFFECTIVE,1800,60,STALE,9,22.22222222222222,-0.4654075433333333,-0.20281982
5m,ANALYSIS,EFFECTIVE_CONTINUATION,BUY_EFFECTIVE,1800,180,MISSING,12,25.0,0.05165081250000001,-0.913988325
5m,ANALYSIS,EFFECTIVE_CONTINUATION,BUY_EFFECTIVE,1800,180,OPPOSITE_DIRECTION,5,40.0,-0.987171826,-0.64154722
5m,ANALYSIS,EFFECTIVE_CONTINUATION,BUY_EFFECTIVE,1800,180,SAME_DIRECTION,6,33.333333333333336,-2.2025101983333335,-3.209532295
5m,ANALYSIS,EFFECTIVE_CONTINUATION,BUY_EFFECTIVE,1800,180,STALE,9,55.55555555555556,0.06670196111111112,0.42131215
5m,ANALYSIS,EFFECTIVE_CONTINUATION,BUY_EFFECTIVE,1800,300,MISSING,12,66.66666666666667,0.12034577000000024,1.382666795
5m,ANALYSIS,EFFECTIVE_CONTINUATION,BUY_EFFECTIVE,1800,300,OPPOSITE_DIRECTION,5,60.0,-0.341303692,0.28165488
5m,ANALYSIS,EFFECTIVE_CONTINUATION,BUY_EFFECTIVE,1800,300,SAME_DIRECTION,6,16.666666666666668,-3.32813234,-4.54186029
5m,ANALYSIS,EFFECTIVE_CONTINUATION,BUY_EFFECTIVE,1800,300,STALE,9,33.333333333333336,-0.5380604066666668,-0.46798076
5m,ANALYSIS,EFFECTIVE_CONTINUATION,BUY_EFFECTIVE,1800,600,MISSING,12,66.66666666666667,1.287060715,1.974237975
5m,ANALYSIS,EFFECTIVE_CONTINUATION,BUY_EFFECTIVE,1800,600,OPPOSITE_DIRECTION,5,100.0,1.667541488,1.75251925
5m,ANALYSIS,EFFECTIVE_CONTINUATION,BUY_EFFECTIVE,1800,600,SAME_DIRECTION,4,25.0,-1.73550607,-0.8702493600000001
5m,ANALYSIS,EFFECTIVE_CONTINUATION,BUY_EFFECTIVE,1800,600,STALE,9,22.22222222222222,-2.1842596922222226,-1.56456816
5m,ANALYSIS,TRAPPED_REVERSAL,BUY_TRAPPED,30,60,MISSING,67,34.32835820895522,-1.5467590579104475,-1.18860544
5m,ANALYSIS,TRAPPED_REVERSAL,BUY_TRAPPED,30,60,OPPOSITE_DIRECTION,53,47.16981132075472,-0.4043419881132074,-0.15590652
5m,ANALYSIS,TRAPPED_REVERSAL,BUY_TRAPPED,30,60,SAME_DIRECTION,40,55.0,-1.1308855745000002,0.6697934299999999
5m,ANALYSIS,TRAPPED_REVERSAL,BUY_TRAPPED,30,60,STALE,27,66.66666666666667,1.8358904725925926,1.87376449
5m,ANALYSIS,TRAPPED_REVERSAL,BUY_TRAPPED,30,180,MISSING,66,21.21212121212121,-3.4753891410606057,-3.29477243
5m,ANALYSIS,TRAPPED_REVERSAL,BUY_TRAPPED,30,180,OPPOSITE_DIRECTION,52,50.0,0.6338009309615392,-0.062564175
5m,ANALYSIS,TRAPPED_REVERSAL,BUY_TRAPPED,30,180,SAME_DIRECTION,38,39.473684210526315,-3.746755009999999,-2.31602066
5m,ANALYSIS,TRAPPED_REVERSAL,BUY_TRAPPED,30,180,STALE,25,56.0,1.8993373336000006,1.38211635
5m,ANALYSIS,TRAPPED_REVERSAL,BUY_TRAPPED,30,300,MISSING,66,30.303030303030305,-4.233455340606059,-3.940680455
5m,ANALYSIS,TRAPPED_REVERSAL,BUY_TRAPPED,30,300,OPPOSITE_DIRECTION,52,48.07692307692308,1.162688280961539,-0.8432708149999999
5m,ANALYSIS,TRAPPED_REVERSAL,BUY_TRAPPED,30,300,SAME_DIRECTION,37,43.24324324324324,-3.3334101497297297,-1.76491352
5m,ANALYSIS,TRAPPED_REVERSAL,BUY_TRAPPED,30,300,STALE,21,47.61904761904762,0.245777087142857,-0.20374547
5m,ANALYSIS,TRAPPED_REVERSAL,BUY_TRAPPED,30,600,MISSING,66,39.39393939393939,-5.883259247878788,-3.310345195
5m,ANALYSIS,TRAPPED_REVERSAL,BUY_TRAPPED,30,600,OPPOSITE_DIRECTION,42,69.04761904761905,10.302044372380953,3.5547224149999996
5m,ANALYSIS,TRAPPED_REVERSAL,BUY_TRAPPED,30,600,SAME_DIRECTION,31,61.29032258064516,10.986796202580647,8.13279491
5m,ANALYSIS,TRAPPED_REVERSAL,BUY_TRAPPED,30,600,STALE,21,38.095238095238095,-3.6807123071428576,-3.29347703
5m,ANALYSIS,TRAPPED_REVERSAL,BUY_TRAPPED,60,60,MISSING,36,30.555555555555557,-1.5275041488888885,-1.82594419
5m,ANALYSIS,TRAPPED_REVERSAL,BUY_TRAPPED,60,60,OPPOSITE_DIRECTION,51,50.98039215686274,0.9428192662745096,0.17179957
5m,ANALYSIS,TRAPPED_REVERSAL,BUY_TRAPPED,60,60,SAME_DIRECTION,18,77.77777777777777,3.4380068894444444,2.36211794
5m,ANALYSIS,TRAPPED_REVERSAL,BUY_TRAPPED,60,60,STALE,19,68.42105263157895,2.384168488947368,1.82471222
5m,ANALYSIS,TRAPPED_REVERSAL,BUY_TRAPPED,60,180,MISSING,36,30.555555555555557,-2.6194530775,-3.39767358
5m,ANALYSIS,TRAPPED_REVERSAL,BUY_TRAPPED,60,180,OPPOSITE_DIRECTION,51,54.90196078431372,3.059273372745099,1.40194559
5m,ANALYSIS,TRAPPED_REVERSAL,BUY_TRAPPED,60,180,SAME_DIRECTION,16,75.0,4.371392503125,5.413264705
5m,ANALYSIS,TRAPPED_REVERSAL,BUY_TRAPPED,60,180,STALE,18,61.111111111111114,1.2848147622222224,2.281198035
5m,ANALYSIS,TRAPPED_REVERSAL,BUY_TRAPPED,60,300,MISSING,36,33.333333333333336,-3.0399843536111124,-2.5806899100000003
5m,ANALYSIS,TRAPPED_REVERSAL,BUY_TRAPPED,60,300,OPPOSITE_DIRECTION,51,60.78431372549019,5.3002662676470615,3.40835342
5m,ANALYSIS,TRAPPED_REVERSAL,BUY_TRAPPED,60,300,SAME_DIRECTION,14,78.57142857142857,4.643198611428573,5.05583716
5m,ANALYSIS,TRAPPED_REVERSAL,BUY_TRAPPED,60,300,STALE,14,50.0,-1.7647399928571426,-0.13443414999999997
5m,ANALYSIS,TRAPPED_REVERSAL,BUY_TRAPPED,60,600,MISSING,36,41.666666666666664,-4.606419683055556,-1.54491712
5m,ANALYSIS,TRAPPED_REVERSAL,BUY_TRAPPED,60,600,OPPOSITE_DIRECTION,47,65.95744680851064,12.97482508468085,6.93850825
5m,ANALYSIS,TRAPPED_REVERSAL,BUY_TRAPPED,60,600,SAME_DIRECTION,9,88.88888888888889,11.013732165555556,14.7216856
5m,ANALYSIS,TRAPPED_REVERSAL,BUY_TRAPPED,60,600,STALE,14,28.571428571428573,-6.070026722857143,-4.50398165
5m,ANALYSIS,TRAPPED_REVERSAL,BUY_TRAPPED,180,60,MISSING,25,40.0,-0.4921273844000001,-0.84465296
5m,ANALYSIS,TRAPPED_REVERSAL,BUY_TRAPPED,180,60,OPPOSITE_DIRECTION,20,60.0,1.6191815850000002,0.16255473
5m,ANALYSIS,TRAPPED_REVERSAL,BUY_TRAPPED,180,60,SAME_DIRECTION,8,12.5,-1.5664193299999998,-1.912072225
5m,ANALYSIS,TRAPPED_REVERSAL,BUY_TRAPPED,180,60,STALE,10,50.0,0.7037975000000001,0.10944855
5m,ANALYSIS,TRAPPED_REVERSAL,BUY_TRAPPED,180,180,MISSING,25,36.0,-0.9814698568000003,-1.52067192
5m,ANALYSIS,TRAPPED_REVERSAL,BUY_TRAPPED,180,180,OPPOSITE_DIRECTION,20,55.0,2.3030908284999994,0.490577555
5m,ANALYSIS,TRAPPED_REVERSAL,BUY_TRAPPED,180,180,SAME_DIRECTION,8,62.5,0.87005653625,0.724932885
5m,ANALYSIS,TRAPPED_REVERSAL,BUY_TRAPPED,180,180,STALE,6,66.66666666666667,2.540055465,0.39104728499999997
5m,ANALYSIS,TRAPPED_REVERSAL,BUY_TRAPPED,180,300,MISSING,25,52.0,0.4019920644000001,0.26110503
5m,ANALYSIS,TRAPPED_REVERSAL,BUY_TRAPPED,180,300,OPPOSITE_DIRECTION,20,55.0,1.8952763859999997,1.42651475
5m,ANALYSIS,TRAPPED_REVERSAL,BUY_TRAPPED,180,300,SAME_DIRECTION,8,37.5,1.34522766625,-0.328874485
5m,ANALYSIS,TRAPPED_REVERSAL,BUY_TRAPPED,180,300,STALE,4,50.0,3.5717750625000004,0.007183519999999999
5m,ANALYSIS,TRAPPED_REVERSAL,BUY_TRAPPED,180,600,MISSING,25,36.0,0.02143389759999998,-0.86504389
5m,ANALYSIS,TRAPPED_REVERSAL,BUY_TRAPPED,180,600,OPPOSITE_DIRECTION,17,58.8235294117647,5.061542655294117,5.16700154
5m,ANALYSIS,TRAPPED_REVERSAL,BUY_TRAPPED,180,600,SAME_DIRECTION,8,87.5,5.125098145,4.319116035
5m,ANALYSIS,TRAPPED_REVERSAL,BUY_TRAPPED,180,600,STALE,4,25.0,-3.9337881524999996,-7.26669536
5m,ANALYSIS,TRAPPED_REVERSAL,BUY_TRAPPED,300,60,MISSING,17,58.8235294117647,0.4847482841176472,0.50686495
5m,ANALYSIS,TRAPPED_REVERSAL,BUY_TRAPPED,300,60,OPPOSITE_DIRECTION,17,58.8235294117647,1.60922418,1.09048706
5m,ANALYSIS,TRAPPED_REVERSAL,BUY_TRAPPED,300,60,SAME_DIRECTION,8,87.5,3.8532016912500002,3.714584295
5m,ANALYSIS,TRAPPED_REVERSAL,BUY_TRAPPED,300,60,STALE,11,27.272727272727273,-0.9052503381818181,-1.04439945
5m,ANALYSIS,TRAPPED_REVERSAL,BUY_TRAPPED,300,180,MISSING,17,47.05882352941177,-0.5431224747058825,-0.89622488
5m,ANALYSIS,TRAPPED_REVERSAL,BUY_TRAPPED,300,180,OPPOSITE_DIRECTION,17,64.70588235294117,6.144017257058824,1.24719576
5m,ANALYSIS,TRAPPED_REVERSAL,BUY_TRAPPED,300,180,SAME_DIRECTION,8,87.5,4.074331011250001,4.805209005
5m,ANALYSIS,TRAPPED_REVERSAL,BUY_TRAPPED,300,180,STALE,8,25.0,-2.73333251125,-2.973768765
5m,ANALYSIS,TRAPPED_REVERSAL,BUY_TRAPPED,300,300,MISSING,17,29.41176470588235,-0.377096131764706,-1.56676011
5m,ANALYSIS,TRAPPED_REVERSAL,BUY_TRAPPED,300,300,OPPOSITE_DIRECTION,17,76.47058823529412,10.095414611176471,3.45862272
5m,ANALYSIS,TRAPPED_REVERSAL,BUY_TRAPPED,300,300,SAME_DIRECTION,5,100.0,7.3477480239999995,4.23180325
5m,ANALYSIS,TRAPPED_REVERSAL,BUY_TRAPPED,300,300,STALE,8,50.0,-2.3535226175000004,-2.3524408549999998
5m,ANALYSIS,TRAPPED_REVERSAL,BUY_TRAPPED,300,600,MISSING,17,5.882352941176471,-4.024612683529411,-3.80971108
5m,ANALYSIS,TRAPPED_REVERSAL,BUY_TRAPPED,300,600,OPPOSITE_DIRECTION,15,73.33333333333333,11.119171669333333,4.87634645
5m,ANALYSIS,TRAPPED_REVERSAL,BUY_TRAPPED,300,600,SAME_DIRECTION,4,75.0,11.024674582500001,12.74403838
5m,ANALYSIS,TRAPPED_REVERSAL,BUY_TRAPPED,300,600,STALE,8,37.5,-2.6585638525,-2.95268485
5m,ANALYSIS,TRAPPED_REVERSAL,BUY_TRAPPED,900,60,MISSING,2,0.0,-1.4980328699999998,-1.4980328699999998
5m,ANALYSIS,TRAPPED_REVERSAL,BUY_TRAPPED,900,60,OPPOSITE_DIRECTION,1,0.0,-3.82500152,-3.82500152
5m,ANALYSIS,TRAPPED_REVERSAL,BUY_TRAPPED,900,180,MISSING,2,0.0,-9.58230608,-9.58230608
5m,ANALYSIS,TRAPPED_REVERSAL,BUY_TRAPPED,900,180,OPPOSITE_DIRECTION,1,0.0,-4.08933089,-4.08933089
5m,ANALYSIS,TRAPPED_REVERSAL,BUY_TRAPPED,900,300,MISSING,2,0.0,-16.563051955,-16.563051955
5m,ANALYSIS,TRAPPED_REVERSAL,BUY_TRAPPED,900,300,OPPOSITE_DIRECTION,1,0.0,-3.07865976,-3.07865976
5m,ANALYSIS,TRAPPED_REVERSAL,BUY_TRAPPED,900,600,MISSING,2,0.0,-32.59291762,-32.59291762
5m,ANALYSIS,TRAPPED_REVERSAL,BUY_TRAPPED,900,600,OPPOSITE_DIRECTION,1,0.0,-4.36920905,-4.36920905
5m,ANALYSIS,EFFECTIVE_CONTINUATION,SELL_EFFECTIVE,30,60,MISSING,308,52.5974025974026,0.29693896840909073,0.08477955
5m,ANALYSIS,EFFECTIVE_CONTINUATION,SELL_EFFECTIVE,30,60,NATIVE_STALLED,7,57.142857142857146,1.3571635614285713,0.28066586
5m,ANALYSIS,EFFECTIVE_CONTINUATION,SELL_EFFECTIVE,30,60,OPPOSITE_DIRECTION,164,60.97560975609756,1.1667313671341455,0.92206791
5m,ANALYSIS,EFFECTIVE_CONTINUATION,SELL_EFFECTIVE,30,60,SAME_DIRECTION,195,54.35897435897436,0.013388741025640978,0.04693646
5m,ANALYSIS,EFFECTIVE_CONTINUATION,SELL_EFFECTIVE,30,60,STALE,132,52.27272727272727,0.15338272454545468,0.01559784
5m,ANALYSIS,EFFECTIVE_CONTINUATION,SELL_EFFECTIVE,30,180,MISSING,301,52.82392026578073,0.5100475682059805,0.38442081
5m,ANALYSIS,EFFECTIVE_CONTINUATION,SELL_EFFECTIVE,30,180,NATIVE_STALLED,5,60.0,3.227459402,6.38848203
5m,ANALYSIS,EFFECTIVE_CONTINUATION,SELL_EFFECTIVE,30,180,OPPOSITE_DIRECTION,159,61.0062893081761,2.4749858481761002,0.95366591
5m,ANALYSIS,EFFECTIVE_CONTINUATION,SELL_EFFECTIVE,30,180,SAME_DIRECTION,186,56.98924731182796,1.0940559805376344,0.5939054349999999
5m,ANALYSIS,EFFECTIVE_CONTINUATION,SELL_EFFECTIVE,30,180,STALE,125,54.4,0.91840831352,0.48463928
5m,ANALYSIS,EFFECTIVE_CONTINUATION,SELL_EFFECTIVE,30,300,MISSING,292,52.397260273972606,0.2639718776027398,0.345738195
5m,ANALYSIS,EFFECTIVE_CONTINUATION,SELL_EFFECTIVE,30,300,NATIVE_STALLED,2,0.0,-4.779569845,-4.779569845
5m,ANALYSIS,EFFECTIVE_CONTINUATION,SELL_EFFECTIVE,30,300,OPPOSITE_DIRECTION,153,56.209150326797385,2.2968357197385614,1.0654533
5m,ANALYSIS,EFFECTIVE_CONTINUATION,SELL_EFFECTIVE,30,300,SAME_DIRECTION,179,55.865921787709496,2.326609445530727,0.922691
5m,ANALYSIS,EFFECTIVE_CONTINUATION,SELL_EFFECTIVE,30,300,STALE,123,60.16260162601626,1.6594279955284557,1.0773271
5m,ANALYSIS,EFFECTIVE_CONTINUATION,SELL_EFFECTIVE,30,600,MISSING,272,45.588235294117645,-1.2764151400735293,-1.5672370249999998
5m,ANALYSIS,EFFECTIVE_CONTINUATION,SELL_EFFECTIVE,30,600,NATIVE_STALLED,2,0.0,-8.30415164,-8.30415164
5m,ANALYSIS,EFFECTIVE_CONTINUATION,SELL_EFFECTIVE,30,600,OPPOSITE_DIRECTION,148,58.78378378378378,3.638924488581082,1.01312203
5m,ANALYSIS,EFFECTIVE_CONTINUATION,SELL_EFFECTIVE,30,600,SAME_DIRECTION,175,57.714285714285715,2.6782212952571443,0.87320175
5m,ANALYSIS,EFFECTIVE_CONTINUATION,SELL_EFFECTIVE,30,600,STALE,117,53.84615384615385,1.0739708678632476,0.46780416
5m,ANALYSIS,EFFECTIVE_CONTINUATION,SELL_EFFECTIVE,60,60,MISSING,225,52.44444444444444,0.2964866663999999,0.07693906
5m,ANALYSIS,EFFECTIVE_CONTINUATION,SELL_EFFECTIVE,60,60,NATIVE_STALLED,5,80.0,3.3655296960000007,5.56310462
5m,ANALYSIS,EFFECTIVE_CONTINUATION,SELL_EFFECTIVE,60,60,OPPOSITE_DIRECTION,147,54.42176870748299,0.2247345002721089,0.10918597
5m,ANALYSIS,EFFECTIVE_CONTINUATION,SELL_EFFECTIVE,60,60,SAME_DIRECTION,141,48.226950354609926,-0.27260580964539033,-0.0
5m,ANALYSIS,EFFECTIVE_CONTINUATION,SELL_EFFECTIVE,60,60,STALE,106,50.943396226415096,-0.03673278396226419,0.015551425
5m,ANALYSIS,EFFECTIVE_CONTINUATION,SELL_EFFECTIVE,60,180,MISSING,221,53.84615384615385,0.009462214298642635,0.29368621
5m,ANALYSIS,EFFECTIVE_CONTINUATION,SELL_EFFECTIVE,60,180,NATIVE_STALLED,3,33.333333333333336,0.23677741666666652,-0.98232899
5m,ANALYSIS,EFFECTIVE_CONTINUATION,SELL_EFFECTIVE,60,180,OPPOSITE_DIRECTION,139,45.32374100719424,-0.5280468623021585,-0.15530048
5m,ANALYSIS,EFFECTIVE_CONTINUATION,SELL_EFFECTIVE,60,180,SAME_DIRECTION,135,55.55555555555556,0.5736267404444445,0.40527733
5m,ANALYSIS,EFFECTIVE_CONTINUATION,SELL_EFFECTIVE,60,180,STALE,103,49.51456310679612,0.592160439417476,-0.0
5m,ANALYSIS,EFFECTIVE_CONTINUATION,SELL_EFFECTIVE,60,300,MISSING,215,57.2093023255814,0.5534009064651156,1.16750286
5m,ANALYSIS,EFFECTIVE_CONTINUATION,SELL_EFFECTIVE,60,300,NATIVE_STALLED,2,0.0,-4.9197522750000005,-4.9197522750000005
5m,ANALYSIS,EFFECTIVE_CONTINUATION,SELL_EFFECTIVE,60,300,OPPOSITE_DIRECTION,137,43.065693430656935,-0.8974488846715324,-0.96705463
5m,ANALYSIS,EFFECTIVE_CONTINUATION,SELL_EFFECTIVE,60,300,SAME_DIRECTION,133,51.12781954887218,2.2852186418796987,0.34311149
5m,ANALYSIS,EFFECTIVE_CONTINUATION,SELL_EFFECTIVE,60,300,STALE,101,51.48514851485149,0.827384923267327,0.18703475
5m,ANALYSIS,EFFECTIVE_CONTINUATION,SELL_EFFECTIVE,60,600,MISSING,205,51.21951219512195,-0.6042143032682932,1.01374235
5m,ANALYSIS,EFFECTIVE_CONTINUATION,SELL_EFFECTIVE,60,600,NATIVE_STALLED,2,0.0,-7.21980604,-7.21980604
5m,ANALYSIS,EFFECTIVE_CONTINUATION,SELL_EFFECTIVE,60,600,OPPOSITE_DIRECTION,134,48.507462686567166,0.6273539049253734,-0.18726746
5m,ANALYSIS,EFFECTIVE_CONTINUATION,SELL_EFFECTIVE,60,600,SAME_DIRECTION,129,52.713178294573645,1.8994691558139534,0.28089668
5m,ANALYSIS,EFFECTIVE_CONTINUATION,SELL_EFFECTIVE,60,600,STALE,98,39.795918367346935,-1.0119136852040818,-1.919190805
5m,ANALYSIS,EFFECTIVE_CONTINUATION,SELL_EFFECTIVE,180,60,MISSING,108,53.7037037037037,0.3247815561111111,0.390222495
5m,ANALYSIS,EFFECTIVE_CONTINUATION,SELL_EFFECTIVE,180,60,NATIVE_STALLED,1,100.0,0.73265669,0.73265669
5m,ANALYSIS,EFFECTIVE_CONTINUATION,SELL_EFFECTIVE,180,60,OPPOSITE_DIRECTION,70,47.142857142857146,-0.1347232354285714,-0.0
5m,ANALYSIS,EFFECTIVE_CONTINUATION,SELL_EFFECTIVE,180,60,SAME_DIRECTION,110,46.36363636363637,-0.2855249412727274,-0.00779552
5m,ANALYSIS,EFFECTIVE_CONTINUATION,SELL_EFFECTIVE,180,60,STALE,68,50.0,0.1668900867647059,0.007797285
5m,ANALYSIS,EFFECTIVE_CONTINUATION,SELL_EFFECTIVE,180,180,MISSING,103,56.310679611650485,0.26536805029126226,0.49366413
5m,ANALYSIS,EFFECTIVE_CONTINUATION,SELL_EFFECTIVE,180,180,OPPOSITE_DIRECTION,68,42.64705882352941,-0.8215789732352942,-0.28820257
5m,ANALYSIS,EFFECTIVE_CONTINUATION,SELL_EFFECTIVE,180,180,SAME_DIRECTION,108,41.666666666666664,-0.8845398312037034,-0.5303188
5m,ANALYSIS,EFFECTIVE_CONTINUATION,SELL_EFFECTIVE,180,180,STALE,66,50.0,0.25790362742424255,0.007791635
5m,ANALYSIS,EFFECTIVE_CONTINUATION,SELL_EFFECTIVE,180,300,MISSING,98,53.06122448979592,0.49067131163265326,0.58119398
5m,ANALYSIS,EFFECTIVE_CONTINUATION,SELL_EFFECTIVE,180,300,OPPOSITE_DIRECTION,68,45.588235294117645,-0.9105405672058824,-0.08575645
5m,ANALYSIS,EFFECTIVE_CONTINUATION,SELL_EFFECTIVE,180,300,SAME_DIRECTION,107,39.25233644859813,-0.5353143006542057,-0.79653647
5m,ANALYSIS,EFFECTIVE_CONTINUATION,SELL_EFFECTIVE,180,300,STALE,61,57.377049180327866,0.9210114619672128,1.30515848
5m,ANALYSIS,EFFECTIVE_CONTINUATION,SELL_EFFECTIVE,180,600,MISSING,89,34.831460674157306,-2.3717377187640456,-2.43170205
5m,ANALYSIS,EFFECTIVE_CONTINUATION,SELL_EFFECTIVE,180,600,OPPOSITE_DIRECTION,64,48.4375,-0.3129624054687502,-0.29646744
5m,ANALYSIS,EFFECTIVE_CONTINUATION,SELL_EFFECTIVE,180,600,SAME_DIRECTION,100,52.0,-0.5743627285999999,0.15600683
5m,ANALYSIS,EFFECTIVE_CONTINUATION,SELL_EFFECTIVE,180,600,STALE,56,50.0,1.6080373730357138,0.226594365
5m,ANALYSIS,EFFECTIVE_CONTINUATION,SELL_EFFECTIVE,300,60,MISSING,74,50.0,0.37535474918918904,0.030598915
5m,ANALYSIS,EFFECTIVE_CONTINUATION,SELL_EFFECTIVE,300,60,NATIVE_STALLED,1,100.0,3.10210444,3.10210444
5m,ANALYSIS,EFFECTIVE_CONTINUATION,SELL_EFFECTIVE,300,60,OPPOSITE_DIRECTION,46,41.30434782608695,-0.44813779304347845,-0.0
5m,ANALYSIS,EFFECTIVE_CONTINUATION,SELL_EFFECTIVE,300,60,SAME_DIRECTION,95,57.89473684210526,0.24386327473684208,0.2338565
5m,ANALYSIS,EFFECTIVE_CONTINUATION,SELL_EFFECTIVE,300,60,STALE,53,50.943396226415096,-0.4473017477358489,0.01558844
5m,ANALYSIS,EFFECTIVE_CONTINUATION,SELL_EFFECTIVE,300,180,MISSING,71,45.070422535211264,-0.5303797700000001,-1.1076054
5m,ANALYSIS,EFFECTIVE_CONTINUATION,SELL_EFFECTIVE,300,180,OPPOSITE_DIRECTION,44,31.818181818181817,-1.3332578699999997,-1.917591335
5m,ANALYSIS,EFFECTIVE_CONTINUATION,SELL_EFFECTIVE,300,180,SAME_DIRECTION,95,49.473684210526315,0.3263423401052632,-0.15536104
5m,ANALYSIS,EFFECTIVE_CONTINUATION,SELL_EFFECTIVE,300,180,STALE,51,39.21568627450981,-0.3239967801960784,-0.42115509
5m,ANALYSIS,EFFECTIVE_CONTINUATION,SELL_EFFECTIVE,300,300,MISSING,71,59.15492957746479,-0.40007139774647865,1.4769208
5m,ANALYSIS,EFFECTIVE_CONTINUATION,SELL_EFFECTIVE,300,300,OPPOSITE_DIRECTION,44,43.18181818181818,-1.7592393775,-1.570675315
5m,ANALYSIS,EFFECTIVE_CONTINUATION,SELL_EFFECTIVE,300,300,SAME_DIRECTION,94,44.680851063829785,0.4550106860638296,-0.148176995
5m,ANALYSIS,EFFECTIVE_CONTINUATION,SELL_EFFECTIVE,300,300,STALE,49,55.10204081632653,0.45547023448979584,0.37458152
5m,ANALYSIS,EFFECTIVE_CONTINUATION,SELL_EFFECTIVE,300,600,MISSING,63,23.80952380952381,-5.123479958888889,-5.89468772
5m,ANALYSIS,EFFECTIVE_CONTINUATION,SELL_EFFECTIVE,300,600,OPPOSITE_DIRECTION,43,41.86046511627907,-0.8914067244186045,-0.43779277
5m,ANALYSIS,EFFECTIVE_CONTINUATION,SELL_EFFECTIVE,300,600,SAME_DIRECTION,92,52.17391304347826,0.5484279500000001,0.132891815
5m,ANALYSIS,EFFECTIVE_CONTINUATION,SELL_EFFECTIVE,300,600,STALE,42,54.76190476190476,0.05230038095238086,0.39800738999999996
5m,ANALYSIS,EFFECTIVE_CONTINUATION,SELL_EFFECTIVE,900,60,MISSING,25,60.0,-0.0012750979999999234,0.3844214
5m,ANALYSIS,EFFECTIVE_CONTINUATION,SELL_EFFECTIVE,900,60,OPPOSITE_DIRECTION,25,44.0,0.5269822007999998,-0.0
5m,ANALYSIS,EFFECTIVE_CONTINUATION,SELL_EFFECTIVE,900,60,SAME_DIRECTION,34,47.05882352941177,0.028385514411764765,-0.0
5m,ANALYSIS,EFFECTIVE_CONTINUATION,SELL_EFFECTIVE,900,60,STALE,25,48.0,-0.46228968519999986,-0.0
5m,ANALYSIS,EFFECTIVE_CONTINUATION,SELL_EFFECTIVE,900,180,MISSING,23,39.130434782608695,-1.8212107282608696,-4.38177734
5m,ANALYSIS,EFFECTIVE_CONTINUATION,SELL_EFFECTIVE,900,180,OPPOSITE_DIRECTION,25,64.0,3.1538710080000003,1.59167585
5m,ANALYSIS,EFFECTIVE_CONTINUATION,SELL_EFFECTIVE,900,180,SAME_DIRECTION,33,33.333333333333336,-0.811244488181818,-1.26342191
5m,ANALYSIS,EFFECTIVE_CONTINUATION,SELL_EFFECTIVE,900,180,STALE,24,50.0,-0.6389285354166665,-0.09357164
5m,ANALYSIS,EFFECTIVE_CONTINUATION,SELL_EFFECTIVE,900,300,MISSING,23,39.130434782608695,0.17689551739130402,-0.72260889
5m,ANALYSIS,EFFECTIVE_CONTINUATION,SELL_EFFECTIVE,900,300,OPPOSITE_DIRECTION,25,48.0,3.8022666291999996,-0.31269495
5m,ANALYSIS,EFFECTIVE_CONTINUATION,SELL_EFFECTIVE,900,300,SAME_DIRECTION,33,18.181818181818183,-0.9924319330303029,-2.10057358
5m,ANALYSIS,EFFECTIVE_CONTINUATION,SELL_EFFECTIVE,900,300,STALE,23,52.17391304347826,-0.4841020939130435,0.07795192
5m,ANALYSIS,EFFECTIVE_CONTINUATION,SELL_EFFECTIVE,900,600,MISSING,22,95.45454545454545,9.72803851090909,7.6040061649999995
5m,ANALYSIS,EFFECTIVE_CONTINUATION,SELL_EFFECTIVE,900,600,OPPOSITE_DIRECTION,25,52.0,0.9343646775999999,0.09356535
5m,ANALYSIS,EFFECTIVE_CONTINUATION,SELL_EFFECTIVE,900,600,SAME_DIRECTION,33,24.242424242424242,-1.6448318472727268,-2.44843854
5m,ANALYSIS,EFFECTIVE_CONTINUATION,SELL_EFFECTIVE,900,600,STALE,22,59.09090909090909,-0.2950865777272727,0.28077708
5m,ANALYSIS,EFFECTIVE_CONTINUATION,SELL_EFFECTIVE,1800,60,OPPOSITE_DIRECTION,11,45.45454545454545,-0.36274571909090914,-0.12500566
5m,ANALYSIS,EFFECTIVE_CONTINUATION,SELL_EFFECTIVE,1800,60,SAME_DIRECTION,19,57.89473684210526,-0.006196731052631577,0.17205135
5m,ANALYSIS,EFFECTIVE_CONTINUATION,SELL_EFFECTIVE,1800,60,STALE,4,0.0,-0.9864408525,-0.210577545
5m,ANALYSIS,EFFECTIVE_CONTINUATION,SELL_EFFECTIVE,1800,180,OPPOSITE_DIRECTION,11,27.272727272727273,-2.243215901818182,-2.08946008
5m,ANALYSIS,EFFECTIVE_CONTINUATION,SELL_EFFECTIVE,1800,180,SAME_DIRECTION,19,63.1578947368421,1.1184003436842105,0.95394778
5m,ANALYSIS,EFFECTIVE_CONTINUATION,SELL_EFFECTIVE,1800,180,STALE,4,50.0,-0.08175861249999994,0.008014514999999944
5m,ANALYSIS,EFFECTIVE_CONTINUATION,SELL_EFFECTIVE,1800,300,OPPOSITE_DIRECTION,11,36.36363636363637,-2.608092152727273,-1.88725743
5m,ANALYSIS,EFFECTIVE_CONTINUATION,SELL_EFFECTIVE,1800,300,SAME_DIRECTION,19,52.63157894736842,0.9108705300000001,0.92268956
5m,ANALYSIS,EFFECTIVE_CONTINUATION,SELL_EFFECTIVE,1800,300,STALE,4,50.0,1.9416301624999999,0.03890234000000001
5m,ANALYSIS,EFFECTIVE_CONTINUATION,SELL_EFFECTIVE,1800,600,OPPOSITE_DIRECTION,11,45.45454545454545,-0.8659575072727272,-0.65514649
5m,ANALYSIS,EFFECTIVE_CONTINUATION,SELL_EFFECTIVE,1800,600,SAME_DIRECTION,19,42.10526315789474,0.7719535968421054,-0.45342539
5m,ANALYSIS,EFFECTIVE_CONTINUATION,SELL_EFFECTIVE,1800,600,STALE,4,50.0,2.561592415,-0.11702436000000001
5m,ANALYSIS,TRAPPED_REVERSAL,SELL_TRAPPED,30,60,MISSING,44,56.81818181818182,0.1559089979545454,0.92591389
5m,ANALYSIS,TRAPPED_REVERSAL,SELL_TRAPPED,30,60,NATIVE_STALLED,3,0.0,-4.05488992,-3.862802
5m,ANALYSIS,TRAPPED_REVERSAL,SELL_TRAPPED,30,60,OPPOSITE_DIRECTION,29,68.96551724137932,1.1283715213793102,0.90626558
5m,ANALYSIS,TRAPPED_REVERSAL,SELL_TRAPPED,30,60,SAME_DIRECTION,21,47.61904761904762,1.2423064,0.0
5m,ANALYSIS,TRAPPED_REVERSAL,SELL_TRAPPED,30,60,STALE,20,55.0,0.27462942300000004,0.6704146099999999
5m,ANALYSIS,TRAPPED_REVERSAL,SELL_TRAPPED,30,180,MISSING,40,55.0,2.7179638895,1.830003805
5m,ANALYSIS,TRAPPED_REVERSAL,SELL_TRAPPED,30,180,NATIVE_STALLED,3,0.0,-9.895846043333334,-9.62633316
5m,ANALYSIS,TRAPPED_REVERSAL,SELL_TRAPPED,30,180,OPPOSITE_DIRECTION,28,53.57142857142857,1.0677046478571426,0.13295178
5m,ANALYSIS,TRAPPED_REVERSAL,SELL_TRAPPED,30,180,SAME_DIRECTION,19,31.57894736842105,2.1131856168421055,-1.06018912
5m,ANALYSIS,TRAPPED_REVERSAL,SELL_TRAPPED,30,180,STALE,20,50.0,-1.022314198,-0.39746855999999997
5m,ANALYSIS,TRAPPED_REVERSAL,SELL_TRAPPED,30,300,MISSING,40,55.0,3.517779409249999,1.75123877
5m,ANALYSIS,TRAPPED_REVERSAL,SELL_TRAPPED,30,300,OPPOSITE_DIRECTION,25,60.0,2.3943522008,0.51467366
5m,ANALYSIS,TRAPPED_REVERSAL,SELL_TRAPPED,30,300,SAME_DIRECTION,18,33.333333333333336,1.8685631333333335,-1.761896695
5m,ANALYSIS,TRAPPED_REVERSAL,SELL_TRAPPED,30,300,STALE,20,40.0,-1.2661106025000002,-1.791739765
5m,ANALYSIS,TRAPPED_REVERSAL,SELL_TRAPPED,30,600,MISSING,34,79.41176470588235,8.721933027058824,9.450423624999999
5m,ANALYSIS,TRAPPED_REVERSAL,SELL_TRAPPED,30,600,OPPOSITE_DIRECTION,22,36.36363636363637,-0.31614058863636346,-2.22401389
5m,ANALYSIS,TRAPPED_REVERSAL,SELL_TRAPPED,30,600,SAME_DIRECTION,16,68.75,4.269742701875001,0.951052005
5m,ANALYSIS,TRAPPED_REVERSAL,SELL_TRAPPED,30,600,STALE,20,50.0,-3.2753711510000003,-1.97231266
5m,ANALYSIS,TRAPPED_REVERSAL,SELL_TRAPPED,60,60,MISSING,40,55.0,1.1494407194999998,0.09998598
5m,ANALYSIS,TRAPPED_REVERSAL,SELL_TRAPPED,60,60,OPPOSITE_DIRECTION,39,51.282051282051285,-0.6409013223076924,0.23428641
5m,ANALYSIS,TRAPPED_REVERSAL,SELL_TRAPPED,60,60,SAME_DIRECTION,26,53.84615384615385,0.05299664153846152,0.11699788
5m,ANALYSIS,TRAPPED_REVERSAL,SELL_TRAPPED,60,60,STALE,18,55.55555555555556,0.5150859311111112,0.015585655
5m,ANALYSIS,TRAPPED_REVERSAL,SELL_TRAPPED,60,180,MISSING,38,55.26315789473684,3.7604178760526317,2.30891518
5m,ANALYSIS,TRAPPED_REVERSAL,SELL_TRAPPED,60,180,OPPOSITE_DIRECTION,35,45.714285714285715,-1.0631718017142857,-1.09383717
5m,ANALYSIS,TRAPPED_REVERSAL,SELL_TRAPPED,60,180,SAME_DIRECTION,23,30.434782608695652,-1.127492030869565,-1.49846407
5m,ANALYSIS,TRAPPED_REVERSAL,SELL_TRAPPED,60,180,STALE,18,27.77777777777778,-1.1769658122222222,-0.9360831350000001
5m,ANALYSIS,TRAPPED_REVERSAL,SELL_TRAPPED,60,300,MISSING,38,60.526315789473685,4.165244111578948,1.68167517
5m,ANALYSIS,TRAPPED_REVERSAL,SELL_TRAPPED,60,300,OPPOSITE_DIRECTION,34,38.23529411764706,-0.9540981488235294,-1.41103897
5m,ANALYSIS,TRAPPED_REVERSAL,SELL_TRAPPED,60,300,SAME_DIRECTION,23,30.434782608695652,-1.1333487695652174,-1.26303972
5m,ANALYSIS,TRAPPED_REVERSAL,SELL_TRAPPED,60,300,STALE,18,38.888888888888886,-0.9122150550000002,-0.904817725
5m,ANALYSIS,TRAPPED_REVERSAL,SELL_TRAPPED,60,600,MISSING,33,84.84848484848484,9.548362635454545,11.74555199
5m,ANALYSIS,TRAPPED_REVERSAL,SELL_TRAPPED,60,600,OPPOSITE_DIRECTION,29,34.48275862068966,-1.8643233193103448,-3.5555112
5m,ANALYSIS,TRAPPED_REVERSAL,SELL_TRAPPED,60,600,SAME_DIRECTION,22,50.0,-1.2170797959090913,-0.171504145
5m,ANALYSIS,TRAPPED_REVERSAL,SELL_TRAPPED,60,600,STALE,18,50.0,-1.1066380005555556,-0.16365617000000002
5m,ANALYSIS,TRAPPED_REVERSAL,SELL_TRAPPED,180,60,MISSING,17,58.8235294117647,2.019030554705882,0.85963536
5m,ANALYSIS,TRAPPED_REVERSAL,SELL_TRAPPED,180,60,OPPOSITE_DIRECTION,31,38.70967741935484,-0.8366669174193548,-0.4210198
5m,ANALYSIS,TRAPPED_REVERSAL,SELL_TRAPPED,180,60,SAME_DIRECTION,28,39.285714285714285,-0.6061307314285717,-0.007796735
5m,ANALYSIS,TRAPPED_REVERSAL,SELL_TRAPPED,180,60,STALE,15,33.333333333333336,-0.46003271133333345,0.0
5m,ANALYSIS,TRAPPED_REVERSAL,SELL_TRAPPED,180,180,MISSING,17,47.05882352941177,0.6472894370588236,-1.12208948
5m,ANALYSIS,TRAPPED_REVERSAL,SELL_TRAPPED,180,180,OPPOSITE_DIRECTION,31,35.483870967741936,-1.824267325483871,-2.62932108
5m,ANALYSIS,TRAPPED_REVERSAL,SELL_TRAPPED,180,180,SAME_DIRECTION,28,39.285714285714285,-1.9813167764285708,-2.4235407799999997
5m,ANALYSIS,TRAPPED_REVERSAL,SELL_TRAPPED,180,180,STALE,15,46.666666666666664,0.43496296866666667,-1.12366039
5m,ANALYSIS,TRAPPED_REVERSAL,SELL_TRAPPED,180,300,MISSING,17,64.70588235294117,2.929847116470588,1.6154716
5m,ANALYSIS,TRAPPED_REVERSAL,SELL_TRAPPED,180,300,OPPOSITE_DIRECTION,29,41.37931034482759,-1.3390329655172413,-0.54544746
5m,ANALYSIS,TRAPPED_REVERSAL,SELL_TRAPPED,180,300,SAME_DIRECTION,28,39.285714285714285,-2.550360946428571,-2.923837245
5m,ANALYSIS,TRAPPED_REVERSAL,SELL_TRAPPED,180,300,STALE,15,53.333333333333336,0.5835378833333331,0.0623454
5m,ANALYSIS,TRAPPED_REVERSAL,SELL_TRAPPED,180,600,MISSING,16,93.75,9.033469918125,10.498747965
5m,ANALYSIS,TRAPPED_REVERSAL,SELL_TRAPPED,180,600,OPPOSITE_DIRECTION,26,34.61538461538461,-1.9872458930769228,-1.7824885799999999
5m,ANALYSIS,TRAPPED_REVERSAL,SELL_TRAPPED,180,600,SAME_DIRECTION,25,24.0,-2.4419583048,-1.55352837
5m,ANALYSIS,TRAPPED_REVERSAL,SELL_TRAPPED,180,600,STALE,14,42.857142857142854,0.013753927857142896,-0.07025805
5m,ANALYSIS,TRAPPED_REVERSAL,SELL_TRAPPED,300,60,MISSING,7,42.857142857142854,-0.23962333714285716,-0.1230951
5m,ANALYSIS,TRAPPED_REVERSAL,SELL_TRAPPED,300,60,OPPOSITE_DIRECTION,14,64.28571428571429,0.019516326428571467,0.382905865
5m,ANALYSIS,TRAPPED_REVERSAL,SELL_TRAPPED,300,60,SAME_DIRECTION,15,53.333333333333336,0.5979799106666668,0.01561612
5m,ANALYSIS,TRAPPED_REVERSAL,SELL_TRAPPED,300,60,STALE,13,69.23076923076923,0.457287013076923,0.67047016
5m,ANALYSIS,TRAPPED_REVERSAL,SELL_TRAPPED,300,180,MISSING,7,28.571428571428573,-1.3711183285714286,-1.49239724
5m,ANALYSIS,TRAPPED_REVERSAL,SELL_TRAPPED,300,180,OPPOSITE_DIRECTION,13,30.76923076923077,-1.0443715123076924,-0.92002058
5m,ANALYSIS,TRAPPED_REVERSAL,SELL_TRAPPED,300,180,SAME_DIRECTION,15,60.0,2.405023889333333,0.32756149
5m,ANALYSIS,TRAPPED_REVERSAL,SELL_TRAPPED,300,180,STALE,13,61.53846153846154,0.5146523969230768,0.21865468
5m,ANALYSIS,TRAPPED_REVERSAL,SELL_TRAPPED,300,300,MISSING,7,85.71428571428571,2.089632337142857,2.63092709
5m,ANALYSIS,TRAPPED_REVERSAL,SELL_TRAPPED,300,300,OPPOSITE_DIRECTION,10,30.0,-0.9548732090000002,-0.7961823450000001
5m,ANALYSIS,TRAPPED_REVERSAL,SELL_TRAPPED,300,300,SAME_DIRECTION,15,86.66666666666667,2.8978095133333337,3.3975385
5m,ANALYSIS,TRAPPED_REVERSAL,SELL_TRAPPED,300,300,STALE,13,53.84615384615385,0.5650022592307692,0.07793175
5m,ANALYSIS,TRAPPED_REVERSAL,SELL_TRAPPED,300,600,MISSING,6,66.66666666666667,4.785747913333334,1.4592017549999998
5m,ANALYSIS,TRAPPED_REVERSAL,SELL_TRAPPED,300,600,OPPOSITE_DIRECTION,10,20.0,-2.6969122879999996,-4.136014145
5m,ANALYSIS,TRAPPED_REVERSAL,SELL_TRAPPED,300,600,SAME_DIRECTION,15,40.0,0.496304304,-0.82573167
5m,ANALYSIS,TRAPPED_REVERSAL,SELL_TRAPPED,300,600,STALE,13,46.15384615384615,-1.4052175061538463,-2.04244863
5m,ANALYSIS,TRAPPED_REVERSAL,SELL_TRAPPED,900,60,OPPOSITE_DIRECTION,10,50.0,-0.8215480580000001,-1.2084769499999999
5m,ANALYSIS,TRAPPED_REVERSAL,SELL_TRAPPED,900,60,SAME_DIRECTION,10,70.0,0.172924287,0.28841447
5m,ANALYSIS,TRAPPED_REVERSAL,SELL_TRAPPED,900,60,STALE,6,33.333333333333336,-0.14474483500000004,-1.22376197
5m,ANALYSIS,TRAPPED_REVERSAL,SELL_TRAPPED,900,180,OPPOSITE_DIRECTION,10,20.0,-2.5473832720000003,-3.2114703799999997
5m,ANALYSIS,TRAPPED_REVERSAL,SELL_TRAPPED,900,180,SAME_DIRECTION,10,50.0,-0.8381467370000001,-0.5139766349999999
5m,ANALYSIS,TRAPPED_REVERSAL,SELL_TRAPPED,900,180,STALE,6,66.66666666666667,-0.72353836,0.709495255
5m,ANALYSIS,TRAPPED_REVERSAL,SELL_TRAPPED,900,300,OPPOSITE_DIRECTION,10,40.0,0.16884931400000003,-0.8887122199999999
5m,ANALYSIS,TRAPPED_REVERSAL,SELL_TRAPPED,900,300,SAME_DIRECTION,10,60.0,0.08665414199999999,0.85751954
5m,ANALYSIS,TRAPPED_REVERSAL,SELL_TRAPPED,900,300,STALE,6,66.66666666666667,-1.4492655883333334,0.280672915
5m,ANALYSIS,TRAPPED_REVERSAL,SELL_TRAPPED,900,600,OPPOSITE_DIRECTION,10,20.0,-3.0068648519999996,-4.21757659
5m,ANALYSIS,TRAPPED_REVERSAL,SELL_TRAPPED,900,600,SAME_DIRECTION,10,50.0,-0.37246741,-0.09360210000000002
5m,ANALYSIS,TRAPPED_REVERSAL,SELL_TRAPPED,900,600,STALE,6,50.0,-2.009631806666667,-2.3615857699999996
5m,ANALYSIS,TRAPPED_REVERSAL,SELL_TRAPPED,1800,60,OPPOSITE_DIRECTION,14,28.571428571428573,-1.4487333664285715,-2.62727679
5m,ANALYSIS,TRAPPED_REVERSAL,SELL_TRAPPED,1800,60,SAME_DIRECTION,11,36.36363636363637,-1.0047069472727272,-0.01558839
5m,ANALYSIS,TRAPPED_REVERSAL,SELL_TRAPPED,1800,180,OPPOSITE_DIRECTION,14,14.285714285714286,-2.770895979285714,-3.54734038
5m,ANALYSIS,TRAPPED_REVERSAL,SELL_TRAPPED,1800,180,SAME_DIRECTION,11,18.181818181818183,-3.2242952500000004,-3.55552229
5m,ANALYSIS,TRAPPED_REVERSAL,SELL_TRAPPED,1800,300,OPPOSITE_DIRECTION,14,21.428571428571427,-1.1859332500000002,-0.8106695749999999
5m,ANALYSIS,TRAPPED_REVERSAL,SELL_TRAPPED,1800,300,SAME_DIRECTION,11,45.45454545454545,-1.7943876836363637,-0.14030624
5m,ANALYSIS,TRAPPED_REVERSAL,SELL_TRAPPED,1800,600,OPPOSITE_DIRECTION,14,7.142857142857143,-3.4076578657142855,-3.679844545
5m,ANALYSIS,TRAPPED_REVERSAL,SELL_TRAPPED,1800,600,SAME_DIRECTION,11,27.272727272727273,-3.5329573263636362,-2.88409523
5m,ENTRY_PROBE,STALLED_PRESSURE_PROBE,BUY_STALLED,30,60,MISSING,493,52.73833671399594,0.5353606967342794,0.27630925
5m,ENTRY_PROBE,STALLED_PRESSURE_PROBE,BUY_STALLED,30,60,NATIVE_STALLED,10,70.0,1.5112271149999998,1.029396895
5m,ENTRY_PROBE,STALLED_PRESSURE_PROBE,BUY_STALLED,30,60,OPPOSITE_DIRECTION,338,45.857988165680474,-0.5893124136686386,0.0
5m,ENTRY_PROBE,STALLED_PRESSURE_PROBE,BUY_STALLED,30,60,SAME_DIRECTION,509,47.74066797642436,-0.26343197104125715,0.0
5m,ENTRY_PROBE,STALLED_PRESSURE_PROBE,BUY_STALLED,30,60,STALE,345,48.98550724637681,-0.1444261782608693,0.0
5m,ENTRY_PROBE,STALLED_PRESSURE_PROBE,BUY_STALLED,30,180,MISSING,486,57.20164609053498,1.3032464963374477,1.07789573
5m,ENTRY_PROBE,STALLED_PRESSURE_PROBE,BUY_STALLED,30,180,NATIVE_STALLED,10,80.0,1.8151595510000003,1.540267765
5m,ENTRY_PROBE,STALLED_PRESSURE_PROBE,BUY_STALLED,30,180,OPPOSITE_DIRECTION,335,43.582089552238806,-0.8803779048955223,-0.37394769
5m,ENTRY_PROBE,STALLED_PRESSURE_PROBE,BUY_STALLED,30,180,SAME_DIRECTION,507,48.91518737672584,-0.4813374429783035,-0.01556638
5m,ENTRY_PROBE,STALLED_PRESSURE_PROBE,BUY_STALLED,30,180,STALE,339,45.72271386430678,-0.5050182191150443,-0.26528924
5m,ENTRY_PROBE,STALLED_PRESSURE_PROBE,BUY_STALLED,30,300,MISSING,485,58.144329896907216,1.7845948051340197,1.32064085
5m,ENTRY_PROBE,STALLED_PRESSURE_PROBE,BUY_STALLED,30,300,NATIVE_STALLED,9,100.0,2.611272911111111,2.09538702
5m,ENTRY_PROBE,STALLED_PRESSURE_PROBE,BUY_STALLED,30,300,OPPOSITE_DIRECTION,328,45.73170731707317,-0.845832976829268,-0.63787495
5m,ENTRY_PROBE,STALLED_PRESSURE_PROBE,BUY_STALLED,30,300,SAME_DIRECTION,501,49.9001996007984,-0.7062760365469045,0.0
5m,ENTRY_PROBE,STALLED_PRESSURE_PROBE,BUY_STALLED,30,300,STALE,329,56.53495440729483,-0.4645656918541034,0.38977845
5m,ENTRY_PROBE,STALLED_PRESSURE_PROBE,BUY_STALLED,30,600,MISSING,482,54.149377593360995,2.00237399180498,0.63725267
5m,ENTRY_PROBE,STALLED_PRESSURE_PROBE,BUY_STALLED,30,600,NATIVE_STALLED,7,0.0,-2.816648975714286,-2.03283815
5m,ENTRY_PROBE,STALLED_PRESSURE_PROBE,BUY_STALLED,30,600,OPPOSITE_DIRECTION,310,38.064516129032256,-2.9568039931612913,-1.1913447050000001
5m,ENTRY_PROBE,STALLED_PRESSURE_PROBE,BUY_STALLED,30,600,SAME_DIRECTION,471,53.503184713375795,-2.0125631540127404,0.38857587
5m,ENTRY_PROBE,STALLED_PRESSURE_PROBE,BUY_STALLED,30,600,STALE,325,56.0,0.5114106812923074,0.96761759
5m,ENTRY_PROBE,STALLED_PRESSURE_PROBE,BUY_STALLED,60,60,MISSING,231,61.03896103896104,0.9431719219047617,1.04359783
5m,ENTRY_PROBE,STALLED_PRESSURE_PROBE,BUY_STALLED,60,60,NATIVE_STALLED,7,42.857142857142854,-0.37158026,-0.6848249
5m,ENTRY_PROBE,STALLED_PRESSURE_PROBE,BUY_STALLED,60,60,OPPOSITE_DIRECTION,159,47.16981132075472,-0.6545024298742139,0.0
5m,ENTRY_PROBE,STALLED_PRESSURE_PROBE,BUY_STALLED,60,60,SAME_DIRECTION,264,43.56060606060606,-0.7318115668181819,0.0
5m,ENTRY_PROBE,STALLED_PRESSURE_PROBE,BUY_STALLED,60,60,STALE,179,39.10614525139665,-0.4083833550837988,-0.01554398
5m,ENTRY_PROBE,STALLED_PRESSURE_PROBE,BUY_STALLED,60,180,MISSING,229,57.20524017467249,1.3917815416593884,1.27398312
5m,ENTRY_PROBE,STALLED_PRESSURE_PROBE,BUY_STALLED,60,180,NATIVE_STALLED,7,57.142857142857146,0.49624603000000006,1.54794647
5m,ENTRY_PROBE,STALLED_PRESSURE_PROBE,BUY_STALLED,60,180,OPPOSITE_DIRECTION,157,48.40764331210191,-0.5530970772611463,-0.17191556
5m,ENTRY_PROBE,STALLED_PRESSURE_PROBE,BUY_STALLED,60,180,SAME_DIRECTION,262,48.091603053435115,-1.3784400756106874,-0.085890175
5m,ENTRY_PROBE,STALLED_PRESSURE_PROBE,BUY_STALLED,60,180,STALE,174,44.827586206896555,-0.40241915683908064,-0.13989579
5m,ENTRY_PROBE,STALLED_PRESSURE_PROBE,BUY_STALLED,60,300,MISSING,227,56.82819383259912,1.7781511599559479,0.84929755
5m,ENTRY_PROBE,STALLED_PRESSURE_PROBE,BUY_STALLED,60,300,NATIVE_STALLED,5,80.0,0.7568828,0.87560608
5m,ENTRY_PROBE,STALLED_PRESSURE_PROBE,BUY_STALLED,60,300,OPPOSITE_DIRECTION,154,46.103896103896105,-0.8605012564285714,-0.873170425
5m,ENTRY_PROBE,STALLED_PRESSURE_PROBE,BUY_STALLED,60,300,SAME_DIRECTION,261,47.12643678160919,-1.7705994586590041,-0.01562583
5m,ENTRY_PROBE,STALLED_PRESSURE_PROBE,BUY_STALLED,60,300,STALE,166,53.6144578313253,0.1729492151204819,0.45987362499999995
5m,ENTRY_PROBE,STALLED_PRESSURE_PROBE,BUY_STALLED,60,600,MISSING,225,52.888888888888886,2.0513288181333347,0.84897243
5m,ENTRY_PROBE,STALLED_PRESSURE_PROBE,BUY_STALLED,60,600,NATIVE_STALLED,5,0.0,-3.4960452099999997,-2.92389889
5m,ENTRY_PROBE,STALLED_PRESSURE_PROBE,BUY_STALLED,60,600,OPPOSITE_DIRECTION,145,38.62068965517241,-2.5773093728275853,-1.27793137
5m,ENTRY_PROBE,STALLED_PRESSURE_PROBE,BUY_STALLED,60,600,SAME_DIRECTION,245,53.87755102040816,-3.7135456557551016,0.38960594
5m,ENTRY_PROBE,STALLED_PRESSURE_PROBE,BUY_STALLED,60,600,STALE,166,54.21686746987952,0.5682220103012044,0.389732425
5m,ENTRY_PROBE,STALLED_PRESSURE_PROBE,BUY_STALLED,180,60,MISSING,49,57.142857142857146,0.6431499142857141,0.35319573
5m,ENTRY_PROBE,STALLED_PRESSURE_PROBE,BUY_STALLED,180,60,OPPOSITE_DIRECTION,23,47.82608695652174,-0.20854674652173907,-0.15672114
5m,ENTRY_PROBE,STALLED_PRESSURE_PROBE,BUY_STALLED,180,60,SAME_DIRECTION,78,47.43589743589744,-0.2576421165384618,0.0
5m,ENTRY_PROBE,STALLED_PRESSURE_PROBE,BUY_STALLED,180,60,STALE,67,44.776119402985074,-0.4250654628358209,0.0
5m,ENTRY_PROBE,STALLED_PRESSURE_PROBE,BUY_STALLED,180,180,MISSING,49,57.142857142857146,1.3033095106122443,2.02594126
5m,ENTRY_PROBE,STALLED_PRESSURE_PROBE,BUY_STALLED,180,180,OPPOSITE_DIRECTION,23,60.869565217391305,-1.2189897160869567,0.26546655
5m,ENTRY_PROBE,STALLED_PRESSURE_PROBE,BUY_STALLED,180,180,SAME_DIRECTION,78,46.15384615384615,-0.49507641166666655,-0.51920104
5m,ENTRY_PROBE,STALLED_PRESSURE_PROBE,BUY_STALLED,180,180,STALE,66,46.96969696969697,-0.1572670419696969,-0.13253578
5m,ENTRY_PROBE,STALLED_PRESSURE_PROBE,BUY_STALLED,180,300,MISSING,49,51.02040816326531,1.2067927330612243,0.01534597
5m,ENTRY_PROBE,STALLED_PRESSURE_PROBE,BUY_STALLED,180,300,OPPOSITE_DIRECTION,23,56.52173913043478,-1.5961337434782608,0.5614359
5m,ENTRY_PROBE,STALLED_PRESSURE_PROBE,BUY_STALLED,180,300,SAME_DIRECTION,77,46.753246753246756,-2.071522577922078,-0.01563866
5m,ENTRY_PROBE,STALLED_PRESSURE_PROBE,BUY_STALLED,180,300,STALE,63,55.55555555555556,0.21447646952380955,0.62435613
5m,ENTRY_PROBE,STALLED_PRESSURE_PROBE,BUY_STALLED,180,600,MISSING,47,51.06382978723404,1.7631137414893614,0.74142839
5m,ENTRY_PROBE,STALLED_PRESSURE_PROBE,BUY_STALLED,180,600,OPPOSITE_DIRECTION,23,21.73913043478261,-4.507342233043479,-1.84377017
5m,ENTRY_PROBE,STALLED_PRESSURE_PROBE,BUY_STALLED,180,600,SAME_DIRECTION,69,49.27536231884058,-4.880272029855073,-0.234401
5m,ENTRY_PROBE,STALLED_PRESSURE_PROBE,BUY_STALLED,180,600,STALE,63,52.38095238095238,0.9944591695238095,0.04688174
5m,ENTRY_PROBE,STALLED_PRESSURE_PROBE,BUY_STALLED,300,60,MISSING,57,49.12280701754386,0.06073193385964912,-0.01535822
5m,ENTRY_PROBE,STALLED_PRESSURE_PROBE,BUY_STALLED,300,60,OPPOSITE_DIRECTION,17,35.294117647058826,-2.655764358823529,-1.48857557
5m,ENTRY_PROBE,STALLED_PRESSURE_PROBE,BUY_STALLED,300,60,SAME_DIRECTION,31,51.61290322580645,0.014846190322580657,0.07789691
5m,ENTRY_PROBE,STALLED_PRESSURE_PROBE,BUY_STALLED,300,60,STALE,36,55.55555555555556,0.3142465247222222,0.01560615
5m,ENTRY_PROBE,STALLED_PRESSURE_PROBE,BUY_STALLED,300,180,MISSING,57,52.63157894736842,1.120418480350877,0.72178548
5m,ENTRY_PROBE,STALLED_PRESSURE_PROBE,BUY_STALLED,300,180,OPPOSITE_DIRECTION,16,18.75,-3.4375331781250003,-3.85825978
5m,ENTRY_PROBE,STALLED_PRESSURE_PROBE,BUY_STALLED,300,180,SAME_DIRECTION,31,48.38709677419355,-0.8720694303225803,-0.01562583
5m,ENTRY_PROBE,STALLED_PRESSURE_PROBE,BUY_STALLED,300,180,STALE,34,52.94117647058823,0.6495617979411765,0.17933822
5m,ENTRY_PROBE,STALLED_PRESSURE_PROBE,BUY_STALLED,300,300,MISSING,57,56.14035087719298,1.1344199775438595,0.52532613
5m,ENTRY_PROBE,STALLED_PRESSURE_PROBE,BUY_STALLED,300,300,OPPOSITE_DIRECTION,14,7.142857142857143,-6.280924574285715,-4.37782844
5m,ENTRY_PROBE,STALLED_PRESSURE_PROBE,BUY_STALLED,300,300,SAME_DIRECTION,30,46.666666666666664,-2.395900915,-1.13801481
5m,ENTRY_PROBE,STALLED_PRESSURE_PROBE,BUY_STALLED,300,300,STALE,32,46.875,0.5881655646874999,0.0
5m,ENTRY_PROBE,STALLED_PRESSURE_PROBE,BUY_STALLED,300,600,MISSING,56,60.714285714285715,1.6882902667857134,2.18138693
5m,ENTRY_PROBE,STALLED_PRESSURE_PROBE,BUY_STALLED,300,600,OPPOSITE_DIRECTION,13,7.6923076923076925,-10.432728943846154,-10.97048001
5m,ENTRY_PROBE,STALLED_PRESSURE_PROBE,BUY_STALLED,300,600,SAME_DIRECTION,25,48.0,-3.6887877812000003,-0.48197342
5m,ENTRY_PROBE,STALLED_PRESSURE_PROBE,BUY_STALLED,300,600,STALE,32,62.5,2.169452853125,1.241156455
5m,ENTRY_PROBE,STALLED_PRESSURE_PROBE,BUY_STALLED,900,60,MISSING,4,75.0,1.2044136475,0.6871541
5m,ENTRY_PROBE,STALLED_PRESSURE_PROBE,BUY_STALLED,900,60,OPPOSITE_DIRECTION,5,100.0,1.2127460700000001,0.93716467
5m,ENTRY_PROBE,STALLED_PRESSURE_PROBE,BUY_STALLED,900,60,SAME_DIRECTION,1,100.0,0.0155483,0.0155483
5m,ENTRY_PROBE,STALLED_PRESSURE_PROBE,BUY_STALLED,900,60,STALE,3,66.66666666666667,1.0695091133333332,2.06583762
5m,ENTRY_PROBE,STALLED_PRESSURE_PROBE,BUY_STALLED,900,180,MISSING,4,100.0,8.0214284725,9.358700115
5m,ENTRY_PROBE,STALLED_PRESSURE_PROBE,BUY_STALLED,900,180,OPPOSITE_DIRECTION,5,100.0,2.00378038,1.24955289
5m,ENTRY_PROBE,STALLED_PRESSURE_PROBE,BUY_STALLED,900,180,SAME_DIRECTION,1,100.0,3.76268936,3.76268936
5m,ENTRY_PROBE,STALLED_PRESSURE_PROBE,BUY_STALLED,900,180,STALE,3,100.0,3.1873477266666668,3.67781697
5m,ENTRY_PROBE,STALLED_PRESSURE_PROBE,BUY_STALLED,900,300,MISSING,4,100.0,10.7268806175,12.72009742
5m,ENTRY_PROBE,STALLED_PRESSURE_PROBE,BUY_STALLED,900,300,OPPOSITE_DIRECTION,5,100.0,1.3564688440000001,1.24955289
5m,ENTRY_PROBE,STALLED_PRESSURE_PROBE,BUY_STALLED,900,300,SAME_DIRECTION,1,100.0,2.76759796,2.76759796
5m,ENTRY_PROBE,STALLED_PRESSURE_PROBE,BUY_STALLED,900,300,STALE,3,100.0,2.76457233,2.14408904
5m,ENTRY_PROBE,STALLED_PRESSURE_PROBE,BUY_STALLED,900,600,MISSING,2,100.0,35.901817405,35.901817405
5m,ENTRY_PROBE,STALLED_PRESSURE_PROBE,BUY_STALLED,900,600,OPPOSITE_DIRECTION,5,100.0,4.4753349799999995,4.24847984
5m,ENTRY_PROBE,STALLED_PRESSURE_PROBE,BUY_STALLED,900,600,SAME_DIRECTION,1,100.0,4.07365542,4.07365542
5m,ENTRY_PROBE,STALLED_PRESSURE_PROBE,BUY_STALLED,900,600,STALE,3,100.0,7.359960443333333,5.3210969
5m,ENTRY_PROBE,STALLED_REVERSAL_PROBE,BUY_STALLED,30,60,MISSING,493,44.827586206896555,-0.5353606967342794,-0.27630925
5m,ENTRY_PROBE,STALLED_REVERSAL_PROBE,BUY_STALLED,30,60,NATIVE_STALLED,10,20.0,-1.5112271149999998,-1.029396895
5m,ENTRY_PROBE,STALLED_REVERSAL_PROBE,BUY_STALLED,30,60,OPPOSITE_DIRECTION,509,44.59724950884087,0.26343197104125715,-0.0
5m,ENTRY_PROBE,STALLED_REVERSAL_PROBE,BUY_STALLED,30,60,SAME_DIRECTION,338,45.857988165680474,0.5893124136686386,-0.0
5m,ENTRY_PROBE,STALLED_REVERSAL_PROBE,BUY_STALLED,30,60,STALE,345,42.028985507246375,0.1444261782608693,-0.0
5m,ENTRY_PROBE,STALLED_REVERSAL_PROBE,BUY_STALLED,30,180,MISSING,486,42.181069958847736,-1.3032464963374477,-1.07789573
5m,ENTRY_PROBE,STALLED_REVERSAL_PROBE,BUY_STALLED,30,180,NATIVE_STALLED,10,20.0,-1.8151595510000003,-1.540267765
5m,ENTRY_PROBE,STALLED_REVERSAL_PROBE,BUY_STALLED,30,180,OPPOSITE_DIRECTION,507,50.09861932938856,0.4813374429783035,0.01556638
5m,ENTRY_PROBE,STALLED_REVERSAL_PROBE,BUY_STALLED,30,180,SAME_DIRECTION,335,55.52238805970149,0.8803779048955223,0.37394769
5m,ENTRY_PROBE,STALLED_REVERSAL_PROBE,BUY_STALLED,30,180,STALE,339,53.097345132743364,0.5050182191150443,0.26528924
5m,ENTRY_PROBE,STALLED_REVERSAL_PROBE,BUY_STALLED,30,300,MISSING,485,41.44329896907217,-1.7845948051340197,-1.32064085
5m,ENTRY_PROBE,STALLED_REVERSAL_PROBE,BUY_STALLED,30,300,NATIVE_STALLED,9,0.0,-2.611272911111111,-2.09538702
5m,ENTRY_PROBE,STALLED_REVERSAL_PROBE,BUY_STALLED,30,300,OPPOSITE_DIRECTION,501,49.30139720558882,0.7062760365469045,-0.0
5m,ENTRY_PROBE,STALLED_REVERSAL_PROBE,BUY_STALLED,30,300,SAME_DIRECTION,328,54.26829268292683,0.845832976829268,0.63787495
5m,ENTRY_PROBE,STALLED_REVERSAL_PROBE,BUY_STALLED,30,300,STALE,329,43.46504559270517,0.4645656918541034,-0.38977845
5m,ENTRY_PROBE,STALLED_REVERSAL_PROBE,BUY_STALLED,30,600,MISSING,482,45.850622406639005,-2.00237399180498,-0.63725267
5m,ENTRY_PROBE,STALLED_REVERSAL_PROBE,BUY_STALLED,30,600,NATIVE_STALLED,7,100.0,2.816648975714286,2.03283815
5m,ENTRY_PROBE,STALLED_REVERSAL_PROBE,BUY_STALLED,30,600,OPPOSITE_DIRECTION,471,46.28450106157113,2.0125631540127404,-0.38857587
5m,ENTRY_PROBE,STALLED_REVERSAL_PROBE,BUY_STALLED,30,600,SAME_DIRECTION,310,61.935483870967744,2.9568039931612913,1.1913447050000001
5m,ENTRY_PROBE,STALLED_REVERSAL_PROBE,BUY_STALLED,30,600,STALE,325,44.0,-0.5114106812923074,-0.96761759
5m,ENTRY_PROBE,STALLED_REVERSAL_PROBE,BUY_STALLED,60,60,MISSING,231,38.96103896103896,-0.9431719219047617,-1.04359783
5m,ENTRY_PROBE,STALLED_REVERSAL_PROBE,BUY_STALLED,60,60,NATIVE_STALLED,7,57.142857142857146,0.37158026,0.6848249
5m,ENTRY_PROBE,STALLED_REVERSAL_PROBE,BUY_STALLED,60,60,OPPOSITE_DIRECTION,264,47.34848484848485,0.7318115668181819,-0.0
5m,ENTRY_PROBE,STALLED_REVERSAL_PROBE,BUY_STALLED,60,60,SAME_DIRECTION,159,42.76729559748428,0.654502429874214,-0.0
5m,ENTRY_PROBE,STALLED_REVERSAL_PROBE,BUY_STALLED,60,60,STALE,179,50.83798882681564,0.4083833550837988,0.01554398
5m,ENTRY_PROBE,STALLED_REVERSAL_PROBE,BUY_STALLED,60,180,MISSING,229,42.35807860262009,-1.3917815416593884,-1.27398312
5m,ENTRY_PROBE,STALLED_REVERSAL_PROBE,BUY_STALLED,60,180,NATIVE_STALLED,7,42.857142857142854,-0.49624603000000006,-1.54794647
5m,ENTRY_PROBE,STALLED_REVERSAL_PROBE,BUY_STALLED,60,180,OPPOSITE_DIRECTION,262,51.14503816793893,1.3784400756106874,0.085890175
5m,ENTRY_PROBE,STALLED_REVERSAL_PROBE,BUY_STALLED,60,180,SAME_DIRECTION,157,51.59235668789809,0.5530970772611463,0.17191556
5m,ENTRY_PROBE,STALLED_REVERSAL_PROBE,BUY_STALLED,60,180,STALE,174,54.02298850574713,0.40241915683908064,0.13989579
5m,ENTRY_PROBE,STALLED_REVERSAL_PROBE,BUY_STALLED,60,300,MISSING,227,42.731277533039645,-1.7781511599559479,-0.84929755
5m,ENTRY_PROBE,STALLED_REVERSAL_PROBE,BUY_STALLED,60,300,NATIVE_STALLED,5,20.0,-0.7568828,-0.87560608
5m,ENTRY_PROBE,STALLED_REVERSAL_PROBE,BUY_STALLED,60,300,OPPOSITE_DIRECTION,261,52.10727969348659,1.7705994586590041,0.01562583
5m,ENTRY_PROBE,STALLED_REVERSAL_PROBE,BUY_STALLED,60,300,SAME_DIRECTION,154,51.94805194805195,0.8605012564285714,0.873170425
5m,ENTRY_PROBE,STALLED_REVERSAL_PROBE,BUY_STALLED,60,300,STALE,166,46.3855421686747,-0.1729492151204819,-0.45987362499999995
5m,ENTRY_PROBE,STALLED_REVERSAL_PROBE,BUY_STALLED,60,600,MISSING,225,47.111111111111114,-2.0513288181333347,-0.84897243
5m,ENTRY_PROBE,STALLED_REVERSAL_PROBE,BUY_STALLED,60,600,NATIVE_STALLED,5,100.0,3.4960452099999997,2.92389889
5m,ENTRY_PROBE,STALLED_REVERSAL_PROBE,BUY_STALLED,60,600,OPPOSITE_DIRECTION,245,46.12244897959184,3.7135456557551016,-0.38960594
5m,ENTRY_PROBE,STALLED_REVERSAL_PROBE,BUY_STALLED,60,600,SAME_DIRECTION,145,61.37931034482759,2.5773093728275853,1.27793137
5m,ENTRY_PROBE,STALLED_REVERSAL_PROBE,BUY_STALLED,60,600,STALE,166,45.18072289156626,-0.5682220103012044,-0.389732425
5m,ENTRY_PROBE,STALLED_REVERSAL_PROBE,BUY_STALLED,180,60,MISSING,49,40.816326530612244,-0.6431499142857141,-0.35319573
5m,ENTRY_PROBE,STALLED_REVERSAL_PROBE,BUY_STALLED,180,60,OPPOSITE_DIRECTION,78,38.46153846153846,0.2576421165384618,-0.0
5m,ENTRY_PROBE,STALLED_REVERSAL_PROBE,BUY_STALLED,180,60,SAME_DIRECTION,23,52.17391304347826,0.20854674652173907,0.15672114
5m,ENTRY_PROBE,STALLED_REVERSAL_PROBE,BUY_STALLED,180,60,STALE,67,44.776119402985074,0.4250654628358209,-0.0
5m,ENTRY_PROBE,STALLED_REVERSAL_PROBE,BUY_STALLED,180,180,MISSING,49,42.857142857142854,-1.3033095106122443,-2.02594126
5m,ENTRY_PROBE,STALLED_REVERSAL_PROBE,BUY_STALLED,180,180,OPPOSITE_DIRECTION,78,53.84615384615385,0.49507641166666655,0.51920104
5m,ENTRY_PROBE,STALLED_REVERSAL_PROBE,BUY_STALLED,180,180,SAME_DIRECTION,23,39.130434782608695,1.2189897160869567,-0.26546655
5m,ENTRY_PROBE,STALLED_REVERSAL_PROBE,BUY_STALLED,180,180,STALE,66,53.03030303030303,0.1572670419696969,0.13253578
5m,ENTRY_PROBE,STALLED_REVERSAL_PROBE,BUY_STALLED,180,300,MISSING,49,48.97959183673469,-1.2067927330612243,-0.01534597
5m,ENTRY_PROBE,STALLED_REVERSAL_PROBE,BUY_STALLED,180,300,OPPOSITE_DIRECTION,77,51.94805194805195,2.071522577922078,0.01563866
5m,ENTRY_PROBE,STALLED_REVERSAL_PROBE,BUY_STALLED,180,300,SAME_DIRECTION,23,43.47826086956522,1.5961337434782608,-0.5614359
5m,ENTRY_PROBE,STALLED_REVERSAL_PROBE,BUY_STALLED,180,300,STALE,63,44.44444444444444,-0.21447646952380955,-0.62435613
5m,ENTRY_PROBE,STALLED_REVERSAL_PROBE,BUY_STALLED,180,600,MISSING,47,46.808510638297875,-1.7631137414893614,-0.74142839
5m,ENTRY_PROBE,STALLED_REVERSAL_PROBE,BUY_STALLED,180,600,OPPOSITE_DIRECTION,69,50.72463768115942,4.880272029855073,0.234401
5m,ENTRY_PROBE,STALLED_REVERSAL_PROBE,BUY_STALLED,180,600,SAME_DIRECTION,23,78.26086956521739,4.507342233043479,1.84377017
5m,ENTRY_PROBE,STALLED_REVERSAL_PROBE,BUY_STALLED,180,600,STALE,63,47.61904761904762,-0.9944591695238095,-0.04688174
5m,ENTRY_PROBE,STALLED_REVERSAL_PROBE,BUY_STALLED,300,60,MISSING,57,50.87719298245614,-0.06073193385964912,0.01535822
5m,ENTRY_PROBE,STALLED_REVERSAL_PROBE,BUY_STALLED,300,60,OPPOSITE_DIRECTION,31,41.935483870967744,-0.014846190322580657,-0.07789691
5m,ENTRY_PROBE,STALLED_REVERSAL_PROBE,BUY_STALLED,300,60,SAME_DIRECTION,17,64.70588235294117,2.655764358823529,1.48857557
5m,ENTRY_PROBE,STALLED_REVERSAL_PROBE,BUY_STALLED,300,60,STALE,36,41.666666666666664,-0.3142465247222222,-0.01560615
5m,ENTRY_PROBE,STALLED_REVERSAL_PROBE,BUY_STALLED,300,180,MISSING,57,45.6140350877193,-1.120418480350877,-0.72178548
5m,ENTRY_PROBE,STALLED_REVERSAL_PROBE,BUY_STALLED,300,180,OPPOSITE_DIRECTION,31,51.61290322580645,0.8720694303225803,0.01562583
5m,ENTRY_PROBE,STALLED_REVERSAL_PROBE,BUY_STALLED,300,180,SAME_DIRECTION,16,81.25,3.4375331781250003,3.85825978
5m,ENTRY_PROBE,STALLED_REVERSAL_PROBE,BUY_STALLED,300,180,STALE,34,38.23529411764706,-0.6495617979411765,-0.17933822
5m,ENTRY_PROBE,STALLED_REVERSAL_PROBE,BUY_STALLED,300,300,MISSING,57,43.85964912280702,-1.1344199775438595,-0.52532613
5m,ENTRY_PROBE,STALLED_REVERSAL_PROBE,BUY_STALLED,300,300,OPPOSITE_DIRECTION,30,53.333333333333336,2.395900915,1.13801481
5m,ENTRY_PROBE,STALLED_REVERSAL_PROBE,BUY_STALLED,300,300,SAME_DIRECTION,14,92.85714285714286,6.280924574285715,4.37782844
5m,ENTRY_PROBE,STALLED_REVERSAL_PROBE,BUY_STALLED,300,300,STALE,32,46.875,-0.5881655646874999,-0.0
5m,ENTRY_PROBE,STALLED_REVERSAL_PROBE,BUY_STALLED,300,600,MISSING,56,39.285714285714285,-1.6882902667857134,-2.18138693
5m,ENTRY_PROBE,STALLED_REVERSAL_PROBE,BUY_STALLED,300,600,OPPOSITE_DIRECTION,25,52.0,3.6887877812000003,0.48197342
5m,ENTRY_PROBE,STALLED_REVERSAL_PROBE,BUY_STALLED,300,600,SAME_DIRECTION,13,92.3076923076923,10.432728943846154,10.97048001
5m,ENTRY_PROBE,STALLED_REVERSAL_PROBE,BUY_STALLED,300,600,STALE,32,37.5,-2.169452853125,-1.241156455
5m,ENTRY_PROBE,STALLED_REVERSAL_PROBE,BUY_STALLED,900,60,MISSING,4,25.0,-1.2044136475,-0.6871541
5m,ENTRY_PROBE,STALLED_REVERSAL_PROBE,BUY_STALLED,900,60,OPPOSITE_DIRECTION,1,0.0,-0.0155483,-0.0155483
5m,ENTRY_PROBE,STALLED_REVERSAL_PROBE,BUY_STALLED,900,60,SAME_DIRECTION,5,0.0,-1.2127460700000001,-0.93716467
5m,ENTRY_PROBE,STALLED_REVERSAL_PROBE,BUY_STALLED,900,60,STALE,3,33.333333333333336,-1.0695091133333332,-2.06583762
5m,ENTRY_PROBE,STALLED_REVERSAL_PROBE,BUY_STALLED,900,180,MISSING,4,0.0,-8.0214284725,-9.358700115
5m,ENTRY_PROBE,STALLED_REVERSAL_PROBE,BUY_STALLED,900,180,OPPOSITE_DIRECTION,1,0.0,-3.76268936,-3.76268936
5m,ENTRY_PROBE,STALLED_REVERSAL_PROBE,BUY_STALLED,900,180,SAME_DIRECTION,5,0.0,-2.00378038,-1.24955289
5m,ENTRY_PROBE,STALLED_REVERSAL_PROBE,BUY_STALLED,900,180,STALE,3,0.0,-3.1873477266666668,-3.67781697
5m,ENTRY_PROBE,STALLED_REVERSAL_PROBE,BUY_STALLED,900,300,MISSING,4,0.0,-10.7268806175,-12.72009742
5m,ENTRY_PROBE,STALLED_REVERSAL_PROBE,BUY_STALLED,900,300,OPPOSITE_DIRECTION,1,0.0,-2.76759796,-2.76759796
5m,ENTRY_PROBE,STALLED_REVERSAL_PROBE,BUY_STALLED,900,300,SAME_DIRECTION,5,0.0,-1.3564688440000001,-1.24955289
5m,ENTRY_PROBE,STALLED_REVERSAL_PROBE,BUY_STALLED,900,300,STALE,3,0.0,-2.76457233,-2.14408904
5m,ENTRY_PROBE,STALLED_REVERSAL_PROBE,BUY_STALLED,900,600,MISSING,2,0.0,-35.901817405,-35.901817405
5m,ENTRY_PROBE,STALLED_REVERSAL_PROBE,BUY_STALLED,900,600,OPPOSITE_DIRECTION,1,0.0,-4.07365542,-4.07365542
5m,ENTRY_PROBE,STALLED_REVERSAL_PROBE,BUY_STALLED,900,600,SAME_DIRECTION,5,0.0,-4.4753349799999995,-4.24847984
5m,ENTRY_PROBE,STALLED_REVERSAL_PROBE,BUY_STALLED,900,600,STALE,3,0.0,-7.359960443333333,-5.3210969
5m,ENTRY_PROBE,STALLED_PRESSURE_PROBE,SELL_STALLED,30,60,MISSING,388,52.06185567010309,0.1823589156958762,0.030664314999999998
5m,ENTRY_PROBE,STALLED_PRESSURE_PROBE,SELL_STALLED,30,60,NATIVE_STALLED,11,63.63636363636363,0.4271407081818182,1.78989441
5m,ENTRY_PROBE,STALLED_PRESSURE_PROBE,SELL_STALLED,30,60,OPPOSITE_DIRECTION,449,44.54342984409799,0.07261766461024506,-0.0
5m,ENTRY_PROBE,STALLED_PRESSURE_PROBE,SELL_STALLED,30,60,SAME_DIRECTION,501,44.510978043912175,-0.12321251678642711,-0.0
5m,ENTRY_PROBE,STALLED_PRESSURE_PROBE,SELL_STALLED,30,60,STALE,392,39.795918367346935,0.05327177211734695,-0.0
5m,ENTRY_PROBE,STALLED_PRESSURE_PROBE,SELL_STALLED,30,180,MISSING,376,54.255319148936174,0.2483849266223406,0.5219270650000001
5m,ENTRY_PROBE,STALLED_PRESSURE_PROBE,SELL_STALLED,30,180,NATIVE_STALLED,9,33.333333333333336,0.9308357611111108,-0.43582751
5m,ENTRY_PROBE,STALLED_PRESSURE_PROBE,SELL_STALLED,30,180,OPPOSITE_DIRECTION,438,51.141552511415526,0.12068941194063905,0.023398284999999998
5m,ENTRY_PROBE,STALLED_PRESSURE_PROBE,SELL_STALLED,30,180,SAME_DIRECTION,494,43.7246963562753,-0.2589201560121456,-0.18760672499999997
5m,ENTRY_PROBE,STALLED_PRESSURE_PROBE,SELL_STALLED,30,180,STALE,386,49.22279792746114,0.1885513848963732,-0.0
5m,ENTRY_PROBE,STALLED_PRESSURE_PROBE,SELL_STALLED,30,300,MISSING,370,52.16216216216216,0.01406735559459497,0.33704918
5m,ENTRY_PROBE,STALLED_PRESSURE_PROBE,SELL_STALLED,30,300,NATIVE_STALLED,5,0.0,-4.54025603,-4.5681607
5m,ENTRY_PROBE,STALLED_PRESSURE_PROBE,SELL_STALLED,30,300,OPPOSITE_DIRECTION,432,50.69444444444444,0.0980154276851852,0.023432259999999996
5m,ENTRY_PROBE,STALLED_PRESSURE_PROBE,SELL_STALLED,30,300,SAME_DIRECTION,490,42.857142857142854,-0.07811586159183684,-0.428687735
5m,ENTRY_PROBE,STALLED_PRESSURE_PROBE,SELL_STALLED,30,300,STALE,377,47.745358090185675,0.04998094931034511,-0.04687632
5m,ENTRY_PROBE,STALLED_PRESSURE_PROBE,SELL_STALLED,30,600,MISSING,350,42.857142857142854,-1.8855897996571425,-2.195821605
5m,ENTRY_PROBE,STALLED_PRESSURE_PROBE,SELL_STALLED,30,600,NATIVE_STALLED,4,25.0,-3.6624417525,-4.6541611949999995
5m,ENTRY_PROBE,STALLED_PRESSURE_PROBE,SELL_STALLED,30,600,OPPOSITE_DIRECTION,414,48.55072463768116,-0.07711143509661773,-0.17164500500000002
5m,ENTRY_PROBE,STALLED_PRESSURE_PROBE,SELL_STALLED,30,600,SAME_DIRECTION,470,45.319148936170215,0.14957370276595866,-0.45237266
5m,ENTRY_PROBE,STALLED_PRESSURE_PROBE,SELL_STALLED,30,600,STALE,354,43.220338983050844,-0.39368837384180705,-0.99769673
5m,ENTRY_PROBE,STALLED_PRESSURE_PROBE,SELL_STALLED,60,60,MISSING,160,48.75,-0.06184629349999989,-0.0
5m,ENTRY_PROBE,STALLED_PRESSURE_PROBE,SELL_STALLED,60,60,NATIVE_STALLED,4,100.0,1.8684293825,1.2062322449999998
5m,ENTRY_PROBE,STALLED_PRESSURE_PROBE,SELL_STALLED,60,60,OPPOSITE_DIRECTION,223,47.98206278026906,0.06745514434977572,-0.0
5m,ENTRY_PROBE,STALLED_PRESSURE_PROBE,SELL_STALLED,60,60,SAME_DIRECTION,270,50.0,0.20632135607407426,0.00777223
5m,ENTRY_PROBE,STALLED_PRESSURE_PROBE,SELL_STALLED,60,60,STALE,195,35.38461538461539,-0.1240311414358974,-0.0
5m,ENTRY_PROBE,STALLED_PRESSURE_PROBE,SELL_STALLED,60,180,MISSING,154,51.298701298701296,-0.2656291025974033,0.08439918
5m,ENTRY_PROBE,STALLED_PRESSURE_PROBE,SELL_STALLED,60,180,NATIVE_STALLED,1,100.0,10.12427942,10.12427942
5m,ENTRY_PROBE,STALLED_PRESSURE_PROBE,SELL_STALLED,60,180,OPPOSITE_DIRECTION,216,51.851851851851855,-0.0718083812499999,0.077890565
5m,ENTRY_PROBE,STALLED_PRESSURE_PROBE,SELL_STALLED,60,180,SAME_DIRECTION,267,46.441947565543074,0.04154828370786506,-0.359343
5m,ENTRY_PROBE,STALLED_PRESSURE_PROBE,SELL_STALLED,60,180,STALE,193,51.295336787564764,0.24213549709844587,0.01559299
5m,ENTRY_PROBE,STALLED_PRESSURE_PROBE,SELL_STALLED,60,300,MISSING,152,51.31578947368421,-0.5027877599342108,0.23767178
5m,ENTRY_PROBE,STALLED_PRESSURE_PROBE,SELL_STALLED,60,300,OPPOSITE_DIRECTION,211,55.92417061611374,0.06496924199052129,0.54574258
5m,ENTRY_PROBE,STALLED_PRESSURE_PROBE,SELL_STALLED,60,300,SAME_DIRECTION,265,43.39622641509434,0.03684849973584908,-0.28165444
5m,ENTRY_PROBE,STALLED_PRESSURE_PROBE,SELL_STALLED,60,300,STALE,190,51.578947368421055,0.10381116568421052,0.03119354
5m,ENTRY_PROBE,STALLED_PRESSURE_PROBE,SELL_STALLED,60,600,MISSING,138,36.95652173913044,-3.3057112837681157,-3.046852555
5m,ENTRY_PROBE,STALLED_PRESSURE_PROBE,SELL_STALLED,60,600,OPPOSITE_DIRECTION,202,47.524752475247524,0.49915388034653524,-0.186990985
5m,ENTRY_PROBE,STALLED_PRESSURE_PROBE,SELL_STALLED,60,600,SAME_DIRECTION,255,46.27450980392157,0.1476555330588239,-0.45256989
5m,ENTRY_PROBE,STALLED_PRESSURE_PROBE,SELL_STALLED,60,600,STALE,176,38.63636363636363,-0.8549690811931817,-1.1851498999999999
5m,ENTRY_PROBE,STALLED_PRESSURE_PROBE,SELL_STALLED,180,60,MISSING,46,47.82608695652174,-1.09660959,-0.66112875
5m,ENTRY_PROBE,STALLED_PRESSURE_PROBE,SELL_STALLED,180,60,NATIVE_STALLED,1,0.0,-0.93832103,-0.93832103
5m,ENTRY_PROBE,STALLED_PRESSURE_PROBE,SELL_STALLED,180,60,OPPOSITE_DIRECTION,86,29.069767441860463,-0.232895875,-0.24950119999999998
5m,ENTRY_PROBE,STALLED_PRESSURE_PROBE,SELL_STALLED,180,60,SAME_DIRECTION,79,43.037974683544306,-0.2518826434177216,-0.0
5m,ENTRY_PROBE,STALLED_PRESSURE_PROBE,SELL_STALLED,180,60,STALE,60,38.333333333333336,0.12290192299999986,-0.0
5m,ENTRY_PROBE,STALLED_PRESSURE_PROBE,SELL_STALLED,180,180,MISSING,46,60.869565217391305,0.2634846745652176,1.42607833
5m,ENTRY_PROBE,STALLED_PRESSURE_PROBE,SELL_STALLED,180,180,NATIVE_STALLED,1,0.0,-1.07906919,-1.07906919
5m,ENTRY_PROBE,STALLED_PRESSURE_PROBE,SELL_STALLED,180,180,OPPOSITE_DIRECTION,85,41.1764705882353,-0.5178460445882351,-0.62344042
5m,ENTRY_PROBE,STALLED_PRESSURE_PROBE,SELL_STALLED,180,180,SAME_DIRECTION,79,46.835443037974684,-0.13145031670886073,-0.18709249
5m,ENTRY_PROBE,STALLED_PRESSURE_PROBE,SELL_STALLED,180,180,STALE,59,54.23728813559322,-0.0017547181355932172,0.10913269
5m,ENTRY_PROBE,STALLED_PRESSURE_PROBE,SELL_STALLED,180,300,MISSING,44,50.0,-0.854482517272727,-0.16907567
5m,ENTRY_PROBE,STALLED_PRESSURE_PROBE,SELL_STALLED,180,300,NATIVE_STALLED,1,0.0,-4.53521832,-4.53521832
5m,ENTRY_PROBE,STALLED_PRESSURE_PROBE,SELL_STALLED,180,300,OPPOSITE_DIRECTION,85,36.470588235294116,-0.6791548299999999,-1.21820752
5m,ENTRY_PROBE,STALLED_PRESSURE_PROBE,SELL_STALLED,180,300,SAME_DIRECTION,78,38.46153846153846,-0.8775180662820514,-1.116282155
5m,ENTRY_PROBE,STALLED_PRESSURE_PROBE,SELL_STALLED,180,300,STALE,58,44.827586206896555,-0.3347481437931036,-0.28868327
5m,ENTRY_PROBE,STALLED_PRESSURE_PROBE,SELL_STALLED,180,600,MISSING,38,26.31578947368421,-5.190120603421053,-4.078935945
5m,ENTRY_PROBE,STALLED_PRESSURE_PROBE,SELL_STALLED,180,600,NATIVE_STALLED,1,0.0,-1.40748155,-1.40748155
5m,ENTRY_PROBE,STALLED_PRESSURE_PROBE,SELL_STALLED,180,600,OPPOSITE_DIRECTION,85,55.294117647058826,0.9270124315294117,0.57810513
5m,ENTRY_PROBE,STALLED_PRESSURE_PROBE,SELL_STALLED,180,600,SAME_DIRECTION,75,38.666666666666664,-0.8111146015999999,-1.83902887
5m,ENTRY_PROBE,STALLED_PRESSURE_PROBE,SELL_STALLED,180,600,STALE,54,35.18518518518518,-1.4542420705555554,-1.54724124
5m,ENTRY_PROBE,STALLED_PRESSURE_PROBE,SELL_STALLED,300,60,MISSING,29,65.51724137931035,0.3916906437931034,0.66025047
5m,ENTRY_PROBE,STALLED_PRESSURE_PROBE,SELL_STALLED,300,60,OPPOSITE_DIRECTION,43,27.906976744186046,-0.437076593488372,-0.48295857
5m,ENTRY_PROBE,STALLED_PRESSURE_PROBE,SELL_STALLED,300,60,SAME_DIRECTION,54,55.55555555555556,0.52037789,0.031205405
5m,ENTRY_PROBE,STALLED_PRESSURE_PROBE,SELL_STALLED,300,60,STALE,37,40.54054054054054,-0.5497787256756757,-0.01559301
5m,ENTRY_PROBE,STALLED_PRESSURE_PROBE,SELL_STALLED,300,180,MISSING,29,62.06896551724138,0.20526281655172424,1.78971328
5m,ENTRY_PROBE,STALLED_PRESSURE_PROBE,SELL_STALLED,300,180,OPPOSITE_DIRECTION,41,21.951219512195124,-1.9459430392682928,-1.24944361
5m,ENTRY_PROBE,STALLED_PRESSURE_PROBE,SELL_STALLED,300,180,SAME_DIRECTION,53,67.9245283018868,0.9978629869811322,0.31189132
5m,ENTRY_PROBE,STALLED_PRESSURE_PROBE,SELL_STALLED,300,180,STALE,35,40.0,-0.6686413851428569,-0.51469774
5m,ENTRY_PROBE,STALLED_PRESSURE_PROBE,SELL_STALLED,300,300,MISSING,29,51.724137931034484,-0.785007891034483,0.38420163
5m,ENTRY_PROBE,STALLED_PRESSURE_PROBE,SELL_STALLED,300,300,OPPOSITE_DIRECTION,41,17.073170731707318,-2.665241911219512,-2.10902899
5m,ENTRY_PROBE,STALLED_PRESSURE_PROBE,SELL_STALLED,300,300,SAME_DIRECTION,51,62.745098039215684,0.48762063843137265,1.07585058
5m,ENTRY_PROBE,STALLED_PRESSURE_PROBE,SELL_STALLED,300,300,STALE,35,34.285714285714285,-0.7299521014285714,-0.32750121
5m,ENTRY_PROBE,STALLED_PRESSURE_PROBE,SELL_STALLED,300,600,MISSING,24,20.833333333333332,-4.910354782083332,-3.43154586
5m,ENTRY_PROBE,STALLED_PRESSURE_PROBE,SELL_STALLED,300,600,OPPOSITE_DIRECTION,41,60.97560975609756,-0.46009001487804874,0.37481142
5m,ENTRY_PROBE,STALLED_PRESSURE_PROBE,SELL_STALLED,300,600,SAME_DIRECTION,49,53.06122448979592,0.5999337353061225,0.17153648
5m,ENTRY_PROBE,STALLED_PRESSURE_PROBE,SELL_STALLED,300,600,STALE,34,41.1764705882353,-1.5717783426470584,-1.44225177
5m,ENTRY_PROBE,STALLED_PRESSURE_PROBE,SELL_STALLED,900,60,OPPOSITE_DIRECTION,20,45.0,-0.07640594549999999,-0.0
5m,ENTRY_PROBE,STALLED_PRESSURE_PROBE,SELL_STALLED,900,60,SAME_DIRECTION,14,57.142857142857146,0.5329485557142858,0.79535453
5m,ENTRY_PROBE,STALLED_PRESSURE_PROBE,SELL_STALLED,900,60,STALE,13,46.15384615384615,0.6941867092307692,-0.01559128
5m,ENTRY_PROBE,STALLED_PRESSURE_PROBE,SELL_STALLED,900,180,OPPOSITE_DIRECTION,20,50.0,0.8882148419999998,0.046792965
5m,ENTRY_PROBE,STALLED_PRESSURE_PROBE,SELL_STALLED,900,180,SAME_DIRECTION,13,61.53846153846154,1.2281348946153847,1.0448115
5m,ENTRY_PROBE,STALLED_PRESSURE_PROBE,SELL_STALLED,900,180,STALE,13,69.23076923076923,1.9568191715384617,0.67037504
5m,ENTRY_PROBE,STALLED_PRESSURE_PROBE,SELL_STALLED,900,300,OPPOSITE_DIRECTION,20,35.0,-0.19381244400000006,-1.0305675449999998
5m,ENTRY_PROBE,STALLED_PRESSURE_PROBE,SELL_STALLED,900,300,SAME_DIRECTION,13,30.76923076923077,-1.305993313846154,-1.93394939
5m,ENTRY_PROBE,STALLED_PRESSURE_PROBE,SELL_STALLED,900,300,STALE,13,69.23076923076923,1.7086530784615381,0.59238936
5m,ENTRY_PROBE,STALLED_PRESSURE_PROBE,SELL_STALLED,900,600,OPPOSITE_DIRECTION,20,30.0,-0.5657099554999999,-1.34124146
5m,ENTRY_PROBE,STALLED_PRESSURE_PROBE,SELL_STALLED,900,600,SAME_DIRECTION,13,53.84615384615385,0.6245080738461539,1.73111563
5m,ENTRY_PROBE,STALLED_PRESSURE_PROBE,SELL_STALLED,900,600,STALE,13,53.84615384615385,0.5178007700000004,0.03118023
5m,ENTRY_PROBE,STALLED_PRESSURE_PROBE,SELL_STALLED,1800,60,OPPOSITE_DIRECTION,23,52.17391304347826,0.10094678956521737,0.01559437
5m,ENTRY_PROBE,STALLED_PRESSURE_PROBE,SELL_STALLED,1800,60,SAME_DIRECTION,15,80.0,0.6421941946666666,1.21620168
5m,ENTRY_PROBE,STALLED_PRESSURE_PROBE,SELL_STALLED,1800,60,STALE,4,100.0,0.8887329875000001,0.7873319299999999
5m,ENTRY_PROBE,STALLED_PRESSURE_PROBE,SELL_STALLED,1800,180,OPPOSITE_DIRECTION,23,73.91304347826087,1.2542801330434783,2.13642892
5m,ENTRY_PROBE,STALLED_PRESSURE_PROBE,SELL_STALLED,1800,180,SAME_DIRECTION,15,86.66666666666667,1.7130869573333334,2.35478685
5m,ENTRY_PROBE,STALLED_PRESSURE_PROBE,SELL_STALLED,1800,180,STALE,4,75.0,1.9450890925,1.69939554
5m,ENTRY_PROBE,STALLED_PRESSURE_PROBE,SELL_STALLED,1800,300,OPPOSITE_DIRECTION,23,52.17391304347826,-0.11964101913043514,0.3430612
5m,ENTRY_PROBE,STALLED_PRESSURE_PROBE,SELL_STALLED,1800,300,SAME_DIRECTION,15,46.666666666666664,0.2480866826666667,-0.3430735
5m,ENTRY_PROBE,STALLED_PRESSURE_PROBE,SELL_STALLED,1800,300,STALE,4,50.0,2.0231584925000003,-0.155925115
5m,ENTRY_PROBE,STALLED_PRESSURE_PROBE,SELL_STALLED,1800,600,OPPOSITE_DIRECTION,23,65.21739130434783,1.905462048695652,0.93548432
5m,ENTRY_PROBE,STALLED_PRESSURE_PROBE,SELL_STALLED,1800,600,SAME_DIRECTION,15,86.66666666666667,2.2978760593333334,2.19888527
5m,ENTRY_PROBE,STALLED_PRESSURE_PROBE,SELL_STALLED,1800,600,STALE,4,50.0,3.6642648475,0.15585462000000005
5m,ENTRY_PROBE,STALLED_REVERSAL_PROBE,SELL_STALLED,30,60,MISSING,388,46.649484536082475,-0.1823589156958762,-0.030664314999999998
5m,ENTRY_PROBE,STALLED_REVERSAL_PROBE,SELL_STALLED,30,60,NATIVE_STALLED,11,36.36363636363637,-0.4271407081818182,-1.78989441
5m,ENTRY_PROBE,STALLED_REVERSAL_PROBE,SELL_STALLED,30,60,OPPOSITE_DIRECTION,501,43.91217564870259,0.12321251678642711,0.0
5m,ENTRY_PROBE,STALLED_REVERSAL_PROBE,SELL_STALLED,30,60,SAME_DIRECTION,449,42.761692650334076,-0.07261766461024506,0.0
5m,ENTRY_PROBE,STALLED_REVERSAL_PROBE,SELL_STALLED,30,60,STALE,392,43.11224489795919,-0.05327177211734695,0.0
5m,ENTRY_PROBE,STALLED_REVERSAL_PROBE,SELL_STALLED,30,180,MISSING,376,44.9468085106383,-0.24838492662234052,-0.5219270650000001
5m,ENTRY_PROBE,STALLED_REVERSAL_PROBE,SELL_STALLED,30,180,NATIVE_STALLED,9,55.55555555555556,-0.9308357611111108,0.43582751
5m,ENTRY_PROBE,STALLED_REVERSAL_PROBE,SELL_STALLED,30,180,OPPOSITE_DIRECTION,494,53.441295546558706,0.2589201560121456,0.18760672499999997
5m,ENTRY_PROBE,STALLED_REVERSAL_PROBE,SELL_STALLED,30,180,SAME_DIRECTION,438,47.71689497716895,-0.12068941194063905,-0.023398284999999998
5m,ENTRY_PROBE,STALLED_REVERSAL_PROBE,SELL_STALLED,30,180,STALE,386,46.373056994818654,-0.1885513848963732,0.0
5m,ENTRY_PROBE,STALLED_REVERSAL_PROBE,SELL_STALLED,30,300,MISSING,370,47.83783783783784,-0.01406735559459497,-0.33704918
5m,ENTRY_PROBE,STALLED_REVERSAL_PROBE,SELL_STALLED,30,300,NATIVE_STALLED,5,100.0,4.54025603,4.5681607
5m,ENTRY_PROBE,STALLED_REVERSAL_PROBE,SELL_STALLED,30,300,OPPOSITE_DIRECTION,490,56.93877551020408,0.07811586159183684,0.428687735
5m,ENTRY_PROBE,STALLED_REVERSAL_PROBE,SELL_STALLED,30,300,SAME_DIRECTION,432,47.4537037037037,-0.0980154276851852,-0.023432259999999996
5m,ENTRY_PROBE,STALLED_REVERSAL_PROBE,SELL_STALLED,30,300,STALE,377,51.45888594164456,-0.04998094931034511,0.04687632
5m,ENTRY_PROBE,STALLED_REVERSAL_PROBE,SELL_STALLED,30,600,MISSING,350,56.857142857142854,1.8855897996571422,2.195821605
5m,ENTRY_PROBE,STALLED_REVERSAL_PROBE,SELL_STALLED,30,600,NATIVE_STALLED,4,75.0,3.6624417525,4.6541611949999995
5m,ENTRY_PROBE,STALLED_REVERSAL_PROBE,SELL_STALLED,30,600,OPPOSITE_DIRECTION,470,54.04255319148936,-0.14957370276595866,0.45237266
5m,ENTRY_PROBE,STALLED_REVERSAL_PROBE,SELL_STALLED,30,600,SAME_DIRECTION,414,50.72463768115942,0.07711143509661773,0.17164500500000002
5m,ENTRY_PROBE,STALLED_REVERSAL_PROBE,SELL_STALLED,30,600,STALE,354,56.21468926553672,0.39368837384180705,0.99769673
5m,ENTRY_PROBE,STALLED_REVERSAL_PROBE,SELL_STALLED,60,60,MISSING,160,48.75,0.06184629349999989,0.0
5m,ENTRY_PROBE,STALLED_REVERSAL_PROBE,SELL_STALLED,60,60,NATIVE_STALLED,4,0.0,-1.8684293825,-1.2062322449999998
5m,ENTRY_PROBE,STALLED_REVERSAL_PROBE,SELL_STALLED,60,60,OPPOSITE_DIRECTION,270,42.22222222222222,-0.20632135607407426,-0.00777223
5m,ENTRY_PROBE,STALLED_REVERSAL_PROBE,SELL_STALLED,60,60,SAME_DIRECTION,223,43.04932735426009,-0.06745514434977572,0.0
5m,ENTRY_PROBE,STALLED_REVERSAL_PROBE,SELL_STALLED,60,60,STALE,195,46.15384615384615,0.1240311414358974,0.0
5m,ENTRY_PROBE,STALLED_REVERSAL_PROBE,SELL_STALLED,60,180,MISSING,154,46.753246753246756,0.2656291025974033,-0.08439918
5m,ENTRY_PROBE,STALLED_REVERSAL_PROBE,SELL_STALLED,60,180,NATIVE_STALLED,1,0.0,-10.12427942,-10.12427942
5m,ENTRY_PROBE,STALLED_REVERSAL_PROBE,SELL_STALLED,60,180,OPPOSITE_DIRECTION,267,52.43445692883895,-0.04154828370786506,0.359343
5m,ENTRY_PROBE,STALLED_REVERSAL_PROBE,SELL_STALLED,60,180,SAME_DIRECTION,216,46.75925925925926,0.0718083812499999,-0.077890565
5m,ENTRY_PROBE,STALLED_REVERSAL_PROBE,SELL_STALLED,60,180,STALE,193,46.1139896373057,-0.24213549709844587,-0.01559299
5m,ENTRY_PROBE,STALLED_REVERSAL_PROBE,SELL_STALLED,60,300,MISSING,152,47.36842105263158,0.5027877599342108,-0.23767178
5m,ENTRY_PROBE,STALLED_REVERSAL_PROBE,SELL_STALLED,60,300,OPPOSITE_DIRECTION,265,56.22641509433962,-0.03684849973584908,0.28165444
5m,ENTRY_PROBE,STALLED_REVERSAL_PROBE,SELL_STALLED,60,300,SAME_DIRECTION,211,43.60189573459716,-0.06496924199052129,-0.54574258
5m,ENTRY_PROBE,STALLED_REVERSAL_PROBE,SELL_STALLED,60,300,STALE,190,48.421052631578945,-0.10381116568421052,-0.03119354
5m,ENTRY_PROBE,STALLED_REVERSAL_PROBE,SELL_STALLED,60,600,MISSING,138,63.04347826086956,3.3057112837681157,3.046852555
5m,ENTRY_PROBE,STALLED_REVERSAL_PROBE,SELL_STALLED,60,600,OPPOSITE_DIRECTION,255,52.549019607843135,-0.1476555330588239,0.45256989
5m,ENTRY_PROBE,STALLED_REVERSAL_PROBE,SELL_STALLED,60,600,SAME_DIRECTION,202,52.475247524752476,-0.49915388034653524,0.186990985
5m,ENTRY_PROBE,STALLED_REVERSAL_PROBE,SELL_STALLED,60,600,STALE,176,61.36363636363637,0.8549690811931817,1.1851498999999999
5m,ENTRY_PROBE,STALLED_REVERSAL_PROBE,SELL_STALLED,180,60,MISSING,46,52.17391304347826,1.09660959,0.66112875
5m,ENTRY_PROBE,STALLED_REVERSAL_PROBE,SELL_STALLED,180,60,NATIVE_STALLED,1,100.0,0.93832103,0.93832103
5m,ENTRY_PROBE,STALLED_REVERSAL_PROBE,SELL_STALLED,180,60,OPPOSITE_DIRECTION,79,44.30379746835443,0.2518826434177216,0.0
5m,ENTRY_PROBE,STALLED_REVERSAL_PROBE,SELL_STALLED,180,60,SAME_DIRECTION,86,58.13953488372093,0.232895875,0.24950119999999998
5m,ENTRY_PROBE,STALLED_REVERSAL_PROBE,SELL_STALLED,180,60,STALE,60,48.333333333333336,-0.12290192299999986,0.0
5m,ENTRY_PROBE,STALLED_REVERSAL_PROBE,SELL_STALLED,180,180,MISSING,46,39.130434782608695,-0.2634846745652176,-1.42607833
5m,ENTRY_PROBE,STALLED_REVERSAL_PROBE,SELL_STALLED,180,180,NATIVE_STALLED,1,100.0,1.07906919,1.07906919
5m,ENTRY_PROBE,STALLED_REVERSAL_PROBE,SELL_STALLED,180,180,OPPOSITE_DIRECTION,79,51.89873417721519,0.13145031670886073,0.18709249
5m,ENTRY_PROBE,STALLED_REVERSAL_PROBE,SELL_STALLED,180,180,SAME_DIRECTION,85,58.8235294117647,0.5178460445882351,0.62344042
5m,ENTRY_PROBE,STALLED_REVERSAL_PROBE,SELL_STALLED,180,180,STALE,59,45.76271186440678,0.0017547181355932172,-0.10913269
5m,ENTRY_PROBE,STALLED_REVERSAL_PROBE,SELL_STALLED,180,300,MISSING,44,50.0,0.854482517272727,0.16907567
5m,ENTRY_PROBE,STALLED_REVERSAL_PROBE,SELL_STALLED,180,300,NATIVE_STALLED,1,100.0,4.53521832,4.53521832
5m,ENTRY_PROBE,STALLED_REVERSAL_PROBE,SELL_STALLED,180,300,OPPOSITE_DIRECTION,78,61.53846153846154,0.8775180662820514,1.116282155
5m,ENTRY_PROBE,STALLED_REVERSAL_PROBE,SELL_STALLED,180,300,SAME_DIRECTION,85,63.529411764705884,0.6791548299999999,1.21820752
5m,ENTRY_PROBE,STALLED_REVERSAL_PROBE,SELL_STALLED,180,300,STALE,58,55.172413793103445,0.3347481437931036,0.28868327
5m,ENTRY_PROBE,STALLED_REVERSAL_PROBE,SELL_STALLED,180,600,MISSING,38,73.6842105263158,5.190120603421053,4.078935945
5m,ENTRY_PROBE,STALLED_REVERSAL_PROBE,SELL_STALLED,180,600,NATIVE_STALLED,1,100.0,1.40748155,1.40748155
5m,ENTRY_PROBE,STALLED_REVERSAL_PROBE,SELL_STALLED,180,600,OPPOSITE_DIRECTION,75,60.0,0.8111146015999999,1.83902887
5m,ENTRY_PROBE,STALLED_REVERSAL_PROBE,SELL_STALLED,180,600,SAME_DIRECTION,85,44.705882352941174,-0.9270124315294117,-0.57810513
5m,ENTRY_PROBE,STALLED_REVERSAL_PROBE,SELL_STALLED,180,600,STALE,54,64.81481481481481,1.4542420705555554,1.54724124
5m,ENTRY_PROBE,STALLED_REVERSAL_PROBE,SELL_STALLED,300,60,MISSING,29,34.48275862068966,-0.3916906437931034,-0.66025047
5m,ENTRY_PROBE,STALLED_REVERSAL_PROBE,SELL_STALLED,300,60,OPPOSITE_DIRECTION,54,40.74074074074074,-0.52037789,-0.031205405
5m,ENTRY_PROBE,STALLED_REVERSAL_PROBE,SELL_STALLED,300,60,SAME_DIRECTION,43,65.11627906976744,0.437076593488372,0.48295857
5m,ENTRY_PROBE,STALLED_REVERSAL_PROBE,SELL_STALLED,300,60,STALE,37,51.351351351351354,0.5497787256756757,0.01559301
5m,ENTRY_PROBE,STALLED_REVERSAL_PROBE,SELL_STALLED,300,180,MISSING,29,37.93103448275862,-0.20526281655172424,-1.78971328
5m,ENTRY_PROBE,STALLED_REVERSAL_PROBE,SELL_STALLED,300,180,OPPOSITE_DIRECTION,53,32.075471698113205,-0.9978629869811322,-0.31189132
5m,ENTRY_PROBE,STALLED_REVERSAL_PROBE,SELL_STALLED,300,180,SAME_DIRECTION,41,73.17073170731707,1.9459430392682928,1.24944361
5m,ENTRY_PROBE,STALLED_REVERSAL_PROBE,SELL_STALLED,300,180,STALE,35,54.285714285714285,0.6686413851428569,0.51469774
5m,ENTRY_PROBE,STALLED_REVERSAL_PROBE,SELL_STALLED,300,300,MISSING,29,48.275862068965516,0.785007891034483,-0.38420163
5m,ENTRY_PROBE,STALLED_REVERSAL_PROBE,SELL_STALLED,300,300,OPPOSITE_DIRECTION,51,37.254901960784316,-0.48762063843137265,-1.07585058
5m,ENTRY_PROBE,STALLED_REVERSAL_PROBE,SELL_STALLED,300,300,SAME_DIRECTION,41,82.92682926829268,2.665241911219512,2.10902899
5m,ENTRY_PROBE,STALLED_REVERSAL_PROBE,SELL_STALLED,300,300,STALE,35,60.0,0.7299521014285714,0.32750121
5m,ENTRY_PROBE,STALLED_REVERSAL_PROBE,SELL_STALLED,300,600,MISSING,24,79.16666666666667,4.910354782083332,3.43154586
5m,ENTRY_PROBE,STALLED_REVERSAL_PROBE,SELL_STALLED,300,600,OPPOSITE_DIRECTION,49,44.89795918367347,-0.5999337353061225,-0.17153648
5m,ENTRY_PROBE,STALLED_REVERSAL_PROBE,SELL_STALLED,300,600,SAME_DIRECTION,41,39.02439024390244,0.46009001487804874,-0.37481142
5m,ENTRY_PROBE,STALLED_REVERSAL_PROBE,SELL_STALLED,300,600,STALE,34,58.8235294117647,1.5717783426470584,1.44225177
5m,ENTRY_PROBE,STALLED_REVERSAL_PROBE,SELL_STALLED,900,60,OPPOSITE_DIRECTION,14,42.857142857142854,-0.5329485557142858,-0.79535453
5m,ENTRY_PROBE,STALLED_REVERSAL_PROBE,SELL_STALLED,900,60,SAME_DIRECTION,20,45.0,0.07640594549999999,0.0
5m,ENTRY_PROBE,STALLED_REVERSAL_PROBE,SELL_STALLED,900,60,STALE,13,53.84615384615385,-0.6941867092307692,0.01559128
5m,ENTRY_PROBE,STALLED_REVERSAL_PROBE,SELL_STALLED,900,180,OPPOSITE_DIRECTION,13,38.46153846153846,-1.2281348946153847,-1.0448115
5m,ENTRY_PROBE,STALLED_REVERSAL_PROBE,SELL_STALLED,900,180,SAME_DIRECTION,20,45.0,-0.8882148419999998,-0.046792965
5m,ENTRY_PROBE,STALLED_REVERSAL_PROBE,SELL_STALLED,900,180,STALE,13,30.76923076923077,-1.9568191715384617,-0.67037504
5m,ENTRY_PROBE,STALLED_REVERSAL_PROBE,SELL_STALLED,900,300,OPPOSITE_DIRECTION,13,69.23076923076923,1.305993313846154,1.93394939
5m,ENTRY_PROBE,STALLED_REVERSAL_PROBE,SELL_STALLED,900,300,SAME_DIRECTION,20,60.0,0.19381244400000006,1.0305675449999998
5m,ENTRY_PROBE,STALLED_REVERSAL_PROBE,SELL_STALLED,900,300,STALE,13,30.76923076923077,-1.7086530784615381,-0.59238936
5m,ENTRY_PROBE,STALLED_REVERSAL_PROBE,SELL_STALLED,900,600,OPPOSITE_DIRECTION,13,46.15384615384615,-0.6245080738461539,-1.73111563
5m,ENTRY_PROBE,STALLED_REVERSAL_PROBE,SELL_STALLED,900,600,SAME_DIRECTION,20,70.0,0.5657099554999999,1.34124146
5m,ENTRY_PROBE,STALLED_REVERSAL_PROBE,SELL_STALLED,900,600,STALE,13,46.15384615384615,-0.5178007700000004,-0.03118023
5m,ENTRY_PROBE,STALLED_REVERSAL_PROBE,SELL_STALLED,1800,60,OPPOSITE_DIRECTION,15,20.0,-0.6421941946666666,-1.21620168
5m,ENTRY_PROBE,STALLED_REVERSAL_PROBE,SELL_STALLED,1800,60,SAME_DIRECTION,23,43.47826086956522,-0.10094678956521737,-0.01559437
5m,ENTRY_PROBE,STALLED_REVERSAL_PROBE,SELL_STALLED,1800,60,STALE,4,0.0,-0.8887329875000001,-0.7873319299999999
5m,ENTRY_PROBE,STALLED_REVERSAL_PROBE,SELL_STALLED,1800,180,OPPOSITE_DIRECTION,15,13.333333333333334,-1.7130869573333334,-2.35478685
5m,ENTRY_PROBE,STALLED_REVERSAL_PROBE,SELL_STALLED,1800,180,SAME_DIRECTION,23,26.08695652173913,-1.2542801330434783,-2.13642892
5m,ENTRY_PROBE,STALLED_REVERSAL_PROBE,SELL_STALLED,1800,180,STALE,4,25.0,-1.9450890925,-1.69939554
5m,ENTRY_PROBE,STALLED_REVERSAL_PROBE,SELL_STALLED,1800,300,OPPOSITE_DIRECTION,15,53.333333333333336,-0.2480866826666667,0.3430735
5m,ENTRY_PROBE,STALLED_REVERSAL_PROBE,SELL_STALLED,1800,300,SAME_DIRECTION,23,47.82608695652174,0.11964101913043514,-0.3430612
5m,ENTRY_PROBE,STALLED_REVERSAL_PROBE,SELL_STALLED,1800,300,STALE,4,50.0,-2.0231584925000003,0.155925115
5m,ENTRY_PROBE,STALLED_REVERSAL_PROBE,SELL_STALLED,1800,600,OPPOSITE_DIRECTION,15,13.333333333333334,-2.2978760593333334,-2.19888527
5m,ENTRY_PROBE,STALLED_REVERSAL_PROBE,SELL_STALLED,1800,600,SAME_DIRECTION,23,34.78260869565217,-1.905462048695652,-0.93548432
5m,ENTRY_PROBE,STALLED_REVERSAL_PROBE,SELL_STALLED,1800,600,STALE,4,50.0,-3.6642648475,-0.15585462000000005
