source_dataset,sample_scope,direction_class,hypothesis,state,window_sec,horizon_sec,n,match_n,mismatch_n,flat_n,match_pct,flat_pct,raw_mean_bps,raw_p05_bps,raw_p25_bps,raw_median_bps,raw_p75_bps,raw_p95_bps,signed_mean_bps,signed_p05_bps,signed_p25_bps,signed_median_bps,signed_p75_bps,signed_p95_bps
NEW_05M,ALL_QUALITY_VALID,ANALYSIS,EFFECTIVE_CONTINUATION,BUY_EFFECTIVE,30,60,936,507,411,18,54.166666666666664,1.9230769230769231,0.3133554069230764,-6.1185219775,-1.853817495,0.30845356,2.3754010225,7.636435067500001,0.3133554069230764,-6.1185219775,-1.853817495,0.30845356,2.3754010225,7.636435067500001
NEW_05M,ALL_QUALITY_VALID,ANALYSIS,EFFECTIVE_CONTINUATION,BUY_EFFECTIVE,30,180,910,466,443,1,51.20879120879121,0.10989010989010989,-0.0012274645714290765,-11.29163663,-4.03517827,0.07810781,4.152094225,11.276338737499998,-0.0012274645714290765,-11.29163663,-4.03517827,0.07810781,4.152094225,11.276338737499998
NEW_05M,ALL_QUALITY_VALID,ANALYSIS,EFFECTIVE_CONTINUATION,BUY_EFFECTIVE,30,300,889,446,441,2,50.168728908886386,0.2249718785151856,-0.1702436124971886,-14.792526826,-4.65201971,0.03076294,5.45417113,14.656229085999993,-0.1702436124971886,-14.792526826,-4.65201971,0.03076294,5.45417113,14.656229085999993
NEW_05M,ALL_QUALITY_VALID,ANALYSIS,EFFECTIVE_CONTINUATION,BUY_EFFECTIVE,30,600,854,443,411,0,51.87353629976581,0.0,-0.3346072576463708,-22.784547944,-5.753807299999999,0.42998303,7.389971300000001,22.73574644549999,-0.3346072576463708,-22.784547944,-5.753807299999999,0.42998303,7.389971300000001,22.73574644549999
NEW_05M,ALL_QUALITY_VALID,ANALYSIS,EFFECTIVE_CONTINUATION,BUY_EFFECTIVE,60,60,756,412,325,19,54.4973544973545,2.513227513227513,0.39892826751322796,-5.332480905000001,-1.704626825,0.30160643,2.1338212700000003,7.23119198,0.39892826751322796,-5.332480905000001,-1.704626825,0.30160643,2.1338212700000003,7.23119198
NEW_05M,ALL_QUALITY_VALID,ANALYSIS,EFFECTIVE_CONTINUATION,BUY_EFFECTIVE,60,180,739,374,363,2,50.60893098782138,0.2706359945872801,0.43315646311231387,-9.05959167,-2.79812502,0.07707034,3.829500045,11.184994512000001,0.43315646311231387,-9.05959167,-2.79812502,0.07707034,3.829500045,11.184994512000001
NEW_05M,ALL_QUALITY_VALID,ANALYSIS,EFFECTIVE_CONTINUATION,BUY_EFFECTIVE,60,300,724,364,358,2,50.27624309392265,0.27624309392265195,0.34387903578729373,-10.940415287,-3.9906748175000004,0.09277644,4.5272852125,12.8626472335,0.34387903578729373,-10.940415287,-3.9906748175000004,0.09277644,4.5272852125,12.8626472335
NEW_05M,ALL_QUALITY_VALID,ANALYSIS,EFFECTIVE_CONTINUATION,BUY_EFFECTIVE,60,600,699,348,351,0,49.78540772532189,0.0,0.3599621704005728,-16.723831822,-4.99539081,-0.01567401,5.943531275,22.289119613000004,0.3599621704005728,-16.723831822,-4.99539081,-0.01567401,5.943531275,22.289119613000004
NEW_05M,ALL_QUALITY_VALID,ANALYSIS,EFFECTIVE_CONTINUATION,BUY_EFFECTIVE,180,60,390,209,167,14,53.58974358974359,3.58974358974359,0.22020681841025644,-5.388103319499999,-1.4902433099999999,0.20219957,1.78236449,5.525162754999982,0.22020681841025644,-5.388103319499999,-1.4902433099999999,0.20219957,1.78236449,5.525162754999982
NEW_05M,ALL_QUALITY_VALID,ANALYSIS,EFFECTIVE_CONTINUATION,BUY_EFFECTIVE,180,180,384,202,181,1,52.604166666666664,0.2604166666666667,0.14013202619791656,-9.967801443499997,-2.6373395925,0.38801612,3.3497006974999994,9.197535548999987,0.14013202619791656,-9.967801443499997,-2.6373395925,0.38801612,3.3497006974999994,9.197535548999987
NEW_05M,ALL_QUALITY_VALID,ANALYSIS,EFFECTIVE_CONTINUATION,BUY_EFFECTIVE,180,300,376,182,194,0,48.40425531914894,0.0,-0.29345415837765937,-11.75359894,-3.72476916,-0.17163593,3.5092454474999997,11.6303122325,-0.29345415837765937,-11.75359894,-3.72476916,-0.17163593,3.5092454474999997,11.6303122325
NEW_05M,ALL_QUALITY_VALID,ANALYSIS,EFFECTIVE_CONTINUATION,BUY_EFFECTIVE,180,600,366,190,176,0,51.91256830601093,0.0,-0.36684677106557423,-19.8626948525,-4.7516329625000004,0.233947335,4.5951406325,22.65868157,-0.36684677106557423,-19.8626948525,-4.7516329625000004,0.233947335,4.5951406325,22.65868157
NEW_05M,ALL_QUALITY_VALID,ANALYSIS,EFFECTIVE_CONTINUATION,BUY_EFFECTIVE,300,60,285,131,146,8,45.96491228070175,2.807017543859649,0.04098244849122795,-4.996646958,-1.44703614,-0.01558846,1.24696636,4.999439944000001,0.04098244849122795,-4.996646958,-1.44703614,-0.01558846,1.24696636,4.999439944000001
NEW_05M,ALL_QUALITY_VALID,ANALYSIS,EFFECTIVE_CONTINUATION,BUY_EFFECTIVE,300,180,283,145,138,0,51.236749116607776,0.0,0.1785277774204947,-9.708883171999997,-1.7101041700000001,0.1717293,2.8193022450000003,8.911530947999998,0.1785277774204947,-9.708883171999997,-1.7101041700000001,0.1717293,2.8193022450000003,8.911530947999998
NEW_05M,ALL_QUALITY_VALID,ANALYSIS,EFFECTIVE_CONTINUATION,BUY_EFFECTIVE,300,300,277,135,137,5,48.73646209386282,1.8050541516245486,-0.2815725225270759,-10.70802831,-3.28471747,0.0,2.41982193,10.653409469999996,-0.2815725225270759,-10.70802831,-3.28471747,0.0,2.41982193,10.653409469999996
NEW_05M,ALL_QUALITY_VALID,ANALYSIS,EFFECTIVE_CONTINUATION,BUY_EFFECTIVE,300,600,272,134,138,0,49.26470588235294,0.0,-0.6105763113235295,-17.208109491499997,-4.8187725,-0.25777443,3.5939652,16.936018610999998,-0.6105763113235295,-17.208109491499997,-4.8187725,-0.25777443,3.5939652,16.936018610999998
NEW_05M,ALL_QUALITY_VALID,ANALYSIS,EFFECTIVE_CONTINUATION,BUY_EFFECTIVE,900,60,88,32,48,8,36.36363636363637,9.090909090909092,-0.49214053715909073,-4.366919489,-1.518142175,-0.015627075,0.753079705,3.244179746499991,-0.49214053715909073,-4.366919489,-1.518142175,-0.015627075,0.753079705,3.244179746499991
NEW_05M,ALL_QUALITY_VALID,ANALYSIS,EFFECTIVE_CONTINUATION,BUY_EFFECTIVE,900,180,85,38,45,2,44.705882352941174,2.3529411764705883,0.0954234558823528,-5.084480874,-1.5650821,-0.32812397,1.83928972,6.9259793059999994,0.0954234558823528,-5.084480874,-1.5650821,-0.32812397,1.83928972,6.9259793059999994
NEW_05M,ALL_QUALITY_VALID,ANALYSIS,EFFECTIVE_CONTINUATION,BUY_EFFECTIVE,900,300,85,53,32,0,62.35294117647059,0.0,1.1091816909411765,-8.21895379,-1.35608226,0.71696878,2.70765609,10.583149209999998,1.1091816909411765,-8.21895379,-1.35608226,0.71696878,2.70765609,10.583149209999998
NEW_05M,ALL_QUALITY_VALID,ANALYSIS,EFFECTIVE_CONTINUATION,BUY_EFFECTIVE,900,600,81,41,40,0,50.617283950617285,0.0,0.584096038271605,-10.6522628,-3.81616966,0.03115624,4.39539813,15.32256698,0.584096038271605,-10.6522628,-3.81616966,0.03115624,4.39539813,15.32256698
NEW_05M,ALL_QUALITY_VALID,ANALYSIS,EFFECTIVE_CONTINUATION,BUY_EFFECTIVE,1800,60,33,13,16,4,39.39393939393939,12.121212121212121,0.13004032606060603,-2.218628168,-0.92311688,0.0,0.35331889,3.3135530919999967,0.13004032606060603,-2.218628168,-0.92311688,0.0,0.35331889,3.3135530919999967
NEW_05M,ALL_QUALITY_VALID,ANALYSIS,EFFECTIVE_CONTINUATION,BUY_EFFECTIVE,1800,180,32,12,19,1,37.5,3.125,-0.52908727875,-4.394784718,-2.7413273375,-0.758566335,0.7336080925,2.2463100085,-0.52908727875,-4.394784718,-2.7413273375,-0.758566335,0.7336080925,2.2463100085
NEW_05M,ALL_QUALITY_VALID,ANALYSIS,EFFECTIVE_CONTINUATION,BUY_EFFECTIVE,1800,300,32,15,17,0,46.875,0.0,-0.7835533412499999,-7.698019725,-2.8238691200000003,-0.34351015,1.413922775,2.9101695375,-0.7835533412499999,-7.698019725,-2.8238691200000003,-0.34351015,1.413922775,2.9101695375
NEW_05M,ALL_QUALITY_VALID,ANALYSIS,EFFECTIVE_CONTINUATION,BUY_EFFECTIVE,1800,600,30,16,14,0,53.333333333333336,0.0,-0.0939308496666665,-5.570907291499999,-3.0469328325000005,0.522602565,3.0692714125,3.7338754565,-0.0939308496666665,-5.570907291499999,-3.0469328325000005,0.522602565,3.0692714125,3.7338754565
NEW_05M,ALL_QUALITY_VALID,ANALYSIS,TRAPPED_REVERSAL,BUY_TRAPPED,30,60,187,88,99,0,47.05882352941177,0.0,0.6456115640106953,-7.84873428,-2.2570842,0.43044607,2.79711683,9.564761893999997,-0.6456115640106953,-9.564761894,-2.79711683,-0.43044607,2.2570842,7.848734279999996
NEW_05M,ALL_QUALITY_VALID,ANALYSIS,TRAPPED_REVERSAL,BUY_TRAPPED,30,180,181,69,111,1,38.12154696132597,0.5524861878453039,1.6094546516022095,-11.71260316,-2.34471652,1.43758115,4.9166869,16.12137716,-1.6094546516022095,-16.12137716,-4.9166869,-1.43758115,2.34471652,11.71260316
NEW_05M,ALL_QUALITY_VALID,ANALYSIS,TRAPPED_REVERSAL,BUY_TRAPPED,30,300,176,71,105,0,40.34090909090909,0.0,1.9154722646590907,-16.26811401,-3.093078105,1.7588796,7.818953405,18.7149596625,-1.9154722646590907,-18.7149596625,-7.818953405,-1.7588796,3.093078105,16.26811401
NEW_05M,ALL_QUALITY_VALID,ANALYSIS,TRAPPED_REVERSAL,BUY_TRAPPED,30,600,160,82,77,1,51.25,0.625,-1.9230404819375007,-46.041306947,-7.421009805,-0.257043285,6.71838598,28.661003126999997,1.9230404819375007,-28.661003127,-6.71838598,0.257043285,7.421009805,46.041306946999995
NEW_05M,ALL_QUALITY_VALID,ANALYSIS,TRAPPED_REVERSAL,BUY_TRAPPED,60,60,124,64,60,0,51.61290322580645,0.0,-0.8086851493548386,-8.630988529000001,-3.2273778475,-0.15503674,2.2085031975,4.6131063475,0.8086851493548386,-4.6131063475,-2.2085031975,0.15503674,3.2273778475,8.630988529
NEW_05M,ALL_QUALITY_VALID,ANALYSIS,TRAPPED_REVERSAL,BUY_TRAPPED,60,180,121,62,59,0,51.239669421487605,0.0,-1.2792692313223137,-15.34888418,-7.15778756,-0.80303423,3.57959294,14.24949282,1.2792692313223137,-14.24949282,-3.57959294,0.80303423,7.15778756,15.34888418
NEW_05M,ALL_QUALITY_VALID,ANALYSIS,TRAPPED_REVERSAL,BUY_TRAPPED,60,300,115,61,54,0,53.04347826086956,0.0,-1.7493266398260878,-32.689519937,-6.250970365000001,-0.63926457,5.3929798,17.779596242999997,1.7493266398260878,-17.779596243,-5.3929798,0.63926457,6.250970365000001,32.689519937
NEW_05M,ALL_QUALITY_VALID,ANALYSIS,TRAPPED_REVERSAL,BUY_TRAPPED,60,600,106,58,47,1,54.716981132075475,0.9433962264150944,-4.321970620377358,-50.8793673725,-11.815227782500001,-0.5313571,3.9168685425,26.2702610975,4.321970620377358,-26.2702610975,-3.9168685425,0.5313571,11.815227782500001,50.8793673725
NEW_05M,ALL_QUALITY_VALID,ANALYSIS,TRAPPED_REVERSAL,BUY_TRAPPED,180,60,63,28,34,1,44.44444444444444,1.5873015873015872,-0.23154075317460324,-7.3139540830000005,-1.8404603,0.19988653,2.03264607,2.8060876710000002,0.23154075317460324,-2.8060876710000002,-2.03264607,-0.19988653,1.8404603,7.313954083
NEW_05M,ALL_QUALITY_VALID,ANALYSIS,TRAPPED_REVERSAL,BUY_TRAPPED,180,180,59,29,30,0,49.152542372881356,0.0,-0.7411161903389826,-12.357895547,-2.578588075,0.03112748,2.839078055,5.875707478999998,0.7411161903389826,-5.875707479,-2.839078055,-0.03112748,2.578588075,12.357895546999996
NEW_05M,ALL_QUALITY_VALID,ANALYSIS,TRAPPED_REVERSAL,BUY_TRAPPED,180,300,57,29,28,0,50.87719298245614,0.0,-1.280776331754386,-13.561542236,-2.97819284,-0.26110503,2.05248133,7.377867641999973,1.280776331754386,-7.377867641999998,-2.05248133,0.26110503,2.97819284,13.561542235999987
NEW_05M,ALL_QUALITY_VALID,ANALYSIS,TRAPPED_REVERSAL,BUY_TRAPPED,180,600,54,27,27,0,50.0,0.0,-2.071253798703704,-20.632967818,-6.6813146,-0.358470155,4.14879086,15.658390742499996,2.071253798703704,-15.6583907425,-4.14879086,0.358470155,6.6813146,20.632967817999997
NEW_05M,ALL_QUALITY_VALID,ANALYSIS,TRAPPED_REVERSAL,BUY_TRAPPED,300,60,53,30,22,1,56.60377358490566,1.8867924528301887,-1.065384749056604,-8.576542558,-2.48705565,-0.85779344,1.22891263,3.475814356,1.065384749056604,-3.475814356,-1.22891263,0.85779344,2.48705565,8.576542558
NEW_05M,ALL_QUALITY_VALID,ANALYSIS,TRAPPED_REVERSAL,BUY_TRAPPED,300,180,50,28,22,0,56.0,0.0,-2.1188639859999996,-18.440123215499995,-2.748153525,-0.70011819,1.9737190000000002,4.805073921,2.1188639859999996,-4.805073921,-1.9737190000000002,0.70011819,2.748153525,18.44012321549994
NEW_05M,ALL_QUALITY_VALID,ANALYSIS,TRAPPED_REVERSAL,BUY_TRAPPED,300,300,47,27,20,0,57.4468085106383,0.0,-3.896212198510638,-35.20870333799999,-3.991641545,-1.90520214,2.17094784,6.787615722999999,3.896212198510638,-6.787615723,-2.17094784,1.90520214,3.991641545,35.20870333799988
NEW_05M,ALL_QUALITY_VALID,ANALYSIS,TRAPPED_REVERSAL,BUY_TRAPPED,300,600,44,18,26,0,40.90909090909091,0.0,-2.7545306120454556,-29.7113036505,-4.9588621325,1.5354227200000001,4.346825304999999,6.809736260000001,2.7545306120454556,-6.80973626,-4.346825304999999,-1.5354227200000001,4.9588621325,29.711303650500017
NEW_05M,ALL_QUALITY_VALID,ANALYSIS,TRAPPED_REVERSAL,BUY_TRAPPED,900,60,3,0,3,0,0.0,0.0,2.2736890866666664,1.1643726060000001,1.4980328699999998,1.9151082,2.8700548599999998,3.6340121879999994,-2.2736890866666664,-3.634012188,-2.8700548599999998,-1.9151082,-1.4980328699999998,-1.1643726060000001
NEW_05M,ALL_QUALITY_VALID,ANALYSIS,TRAPPED_REVERSAL,BUY_TRAPPED,900,180,3,0,3,0,0.0,0.0,7.75131435,4.234852513,4.816939005,5.54454712,9.58230608,12.812513247999998,-7.75131435,-12.812513248,-9.58230608,-5.54454712,-4.816939005,-4.234852513
NEW_05M,ALL_QUALITY_VALID,ANALYSIS,TRAPPED_REVERSAL,BUY_TRAPPED,900,300,3,0,3,0,0.0,0.0,12.068254556666666,4.321195746,9.29133969,15.50401962,16.563051955,17.410277823,-12.068254556666666,-17.410277823,-16.563051955,-15.50401962,-9.29133969,-4.321195746000001
NEW_05M,ALL_QUALITY_VALID,ANALYSIS,TRAPPED_REVERSAL,BUY_TRAPPED,900,600,3,0,3,0,0.0,0.0,23.18501476333333,6.846650375,16.756415675,29.1436223,32.59291762,35.352353875999995,-23.18501476333333,-35.352353876,-32.59291762,-29.1436223,-16.756415675,-6.846650375000003
NEW_05M,ALL_QUALITY_VALID,ANALYSIS,EFFECTIVE_CONTINUATION,SELL_EFFECTIVE,30,60,806,441,352,13,54.71464019851117,1.6129032258064515,-0.39101565204714595,-6.49232515,-2.1972540824999998,-0.232274945,1.6832235599999998,5.3830439975,0.39101565204714595,-5.3830439975,-1.6832235599999998,0.232274945,2.1972540824999998,6.49232515
NEW_05M,ALL_QUALITY_VALID,ANALYSIS,EFFECTIVE_CONTINUATION,SELL_EFFECTIVE,30,180,776,433,342,1,55.79896907216495,0.12886597938144329,-1.1359275985438153,-15.722174782500002,-4.1236525425,-0.563716375,2.6677297049999997,9.0214281325,1.1359275985438153,-9.0214281325,-2.6677297049999997,0.563716375,4.1236525425,15.722174782500002
NEW_05M,ALL_QUALITY_VALID,ANALYSIS,EFFECTIVE_CONTINUATION,SELL_EFFECTIVE,30,300,749,413,335,1,55.14018691588785,0.13351134846461948,-1.3878628142723632,-17.544813178,-5.70986517,-0.93626923,3.43080457,15.048702226000005,1.3878628142723632,-15.048702226000001,-3.43080457,0.93626923,5.70986517,17.544813178000002
NEW_05M,ALL_QUALITY_VALID,ANALYSIS,EFFECTIVE_CONTINUATION,SELL_EFFECTIVE,30,600,714,375,338,1,52.52100840336134,0.1400560224089636,-1.0771861640616258,-20.511266732000003,-7.270380575,-0.5292357000000001,5.61993249,19.699401556000005,1.0771861640616258,-19.699401556,-5.61993249,0.5292357000000001,7.270380575,20.511266732000003
NEW_05M,ALL_QUALITY_VALID,ANALYSIS,EFFECTIVE_CONTINUATION,SELL_EFFECTIVE,60,60,624,324,285,15,51.92307692307692,2.4038461538461537,-0.1189776052884616,-5.4707310865,-1.7011539975,-0.02314104,1.6846592724999998,5.2561221510000005,0.1189776052884616,-5.256122151,-1.6846592724999998,0.02314104,1.7011539975,5.4707310865000025
NEW_05M,ALL_QUALITY_VALID,ANALYSIS,EFFECTIVE_CONTINUATION,SELL_EFFECTIVE,60,180,601,309,288,4,51.41430948419301,0.6655574043261231,-0.11287038763727118,-11.43023336,-2.80502286,-0.12334829,2.84040748,9.56427836,0.11287038763727118,-9.56427836,-2.84040748,0.12334829,2.80502286,11.43023336
NEW_05M,ALL_QUALITY_VALID,ANALYSIS,EFFECTIVE_CONTINUATION,SELL_EFFECTIVE,60,300,588,302,283,3,51.36054421768708,0.5102040816326531,-0.6355291662585025,-14.862452852499999,-4.3008591224999995,-0.23214591,3.74243473,13.224185413499999,0.6355291662585025,-13.224185413499999,-3.74243473,0.23214591,4.3008591224999995,14.862452852499999
NEW_05M,ALL_QUALITY_VALID,ANALYSIS,EFFECTIVE_CONTINUATION,SELL_EFFECTIVE,60,600,568,277,290,1,48.767605633802816,0.176056338028169,-0.16131313197183142,-18.709969232,-4.9312038075,0.3225776,5.5485743775000005,17.565745763499997,0.16131313197183142,-17.5657457635,-5.5485743775000005,-0.3225776,4.9312038075,18.709969231999988
NEW_05M,ALL_QUALITY_VALID,ANALYSIS,EFFECTIVE_CONTINUATION,SELL_EFFECTIVE,180,60,357,177,157,23,49.57983193277311,6.442577030812325,-0.017700898123249324,-4.1309181399999995,-1.26966839,0.0,1.17057456,4.8616705,0.017700898123249324,-4.8616705,-1.17057456,-0.0,1.26966839,4.130918139999999
NEW_05M,ALL_QUALITY_VALID,ANALYSIS,EFFECTIVE_CONTINUATION,SELL_EFFECTIVE,180,180,345,165,173,7,47.82608695652174,2.028985507246377,0.3102699227826086,-6.116186234,-2.4042879,0.01561941,2.79068317,7.555279864000006,-0.3102699227826086,-7.555279864,-2.79068317,-0.01561941,2.4042879,6.116186234000001
NEW_05M,ALL_QUALITY_VALID,ANALYSIS,EFFECTIVE_CONTINUATION,SELL_EFFECTIVE,180,300,334,160,173,1,47.90419161676647,0.2994011976047904,0.04469431443113788,-8.870754046999998,-3.6270969575,0.07675370000000001,3.0583346675000005,9.624678907999968,-0.04469431443113788,-9.624678907999998,-3.0583346675000005,-0.07675370000000001,3.6270969575,8.870754046999998
NEW_05M,ALL_QUALITY_VALID,ANALYSIS,EFFECTIVE_CONTINUATION,SELL_EFFECTIVE,180,600,309,142,166,1,45.954692556634306,0.32362459546925565,0.6423962164724922,-12.55024997,-2.99811088,0.52822755,3.96097658,15.595632625999999,-0.6423962164724922,-15.595632626,-3.96097658,-0.52822755,2.99811088,12.55024997
NEW_05M,ALL_QUALITY_VALID,ANALYSIS,EFFECTIVE_CONTINUATION,SELL_EFFECTIVE,300,60,269,139,113,17,51.6728624535316,6.319702602230484,-0.0361488322304833,-4.097840508,-1.30515646,-0.01562649,1.0157159,4.205326513999999,0.0361488322304833,-4.205326513999999,-1.0157159,0.01562649,1.30515646,4.097840507999999
NEW_05M,ALL_QUALITY_VALID,ANALYSIS,EFFECTIVE_CONTINUATION,SELL_EFFECTIVE,300,180,261,113,146,2,43.29501915708812,0.7662835249042146,0.3135694384291185,-6.62901387,-1.99979377,0.52818898,2.97867363,6.38541247,-0.3135694384291185,-6.38541247,-2.97867363,-0.52818898,1.99979377,6.62901387
NEW_05M,ALL_QUALITY_VALID,ANALYSIS,EFFECTIVE_CONTINUATION,SELL_EFFECTIVE,300,300,258,130,126,2,50.3875968992248,0.7751937984496124,0.15783936383720926,-8.228053491,-2.8980493474999998,-0.046769635000000004,2.551119215,8.217639948999999,-0.15783936383720926,-8.217639949,-2.551119215,0.046769635000000004,2.8980493474999998,8.228053490999999
NEW_05M,ALL_QUALITY_VALID,ANALYSIS,EFFECTIVE_CONTINUATION,SELL_EFFECTIVE,300,600,240,104,136,0,43.333333333333336,0.0,1.285240579833334,-10.422543187,-2.3056080325,0.9886744599999999,4.68640763,13.435354859999997,-1.285240579833334,-13.435354859999999,-4.68640763,-0.9886744599999999,2.3056080325,10.422543187
NEW_05M,ALL_QUALITY_VALID,ANALYSIS,EFFECTIVE_CONTINUATION,SELL_EFFECTIVE,900,60,109,54,49,6,49.54128440366973,5.504587155963303,-0.023399476422018325,-5.126401006,-1.53624038,0.0,1.25023442,5.28644686,0.023399476422018325,-5.28644686,-1.25023442,-0.0,1.53624038,5.1264010059999965
NEW_05M,ALL_QUALITY_VALID,ANALYSIS,EFFECTIVE_CONTINUATION,SELL_EFFECTIVE,900,180,105,48,55,2,45.714285714285715,1.9047619047619047,0.04901356676190493,-9.8674516,-3.06227511,0.04686387,2.97867363,8.610884821999996,-0.04901356676190493,-8.610884822,-2.97867363,-0.04686387,3.06227511,9.867451599999997
NEW_05M,ALL_QUALITY_VALID,ANALYSIS,EFFECTIVE_CONTINUATION,SELL_EFFECTIVE,900,300,104,39,65,0,37.5,0.0,-0.5311601988461537,-18.0517041345,-2.160751535,1.11623237,3.3643959225,7.566487155499997,0.5311601988461537,-7.5664871555,-3.3643959225,-1.11623237,2.160751535,18.051704134499996
NEW_05M,ALL_QUALITY_VALID,ANALYSIS,EFFECTIVE_CONTINUATION,SELL_EFFECTIVE,900,600,102,55,47,0,53.92156862745098,0.0,-1.7314177304901972,-15.370722018,-5.121319425,-0.093657675,3.28104861,7.664753602999999,1.7314177304901972,-7.664753602999999,-3.28104861,0.093657675,5.121319425,15.370722017999999
NEW_05M,ALL_QUALITY_VALID,ANALYSIS,EFFECTIVE_CONTINUATION,SELL_EFFECTIVE,1800,60,34,16,16,2,47.05882352941177,5.882352941176471,0.236873653235294,-2.150299877,-0.6720601625,0.0,1.051876395,3.551713853,-0.236873653235294,-3.551713853,-1.051876395,-0.0,0.6720601625,2.1502998769999997
NEW_05M,ALL_QUALITY_VALID,ANALYSIS,EFFECTIVE_CONTINUATION,SELL_EFFECTIVE,1800,180,34,17,17,0,50.0,0.0,0.11037655411764702,-4.3938619215,-1.8818963924999998,-0.140161885,2.0115963449999996,5.4737737444999945,-0.11037655411764702,-5.473773744499999,-2.0115963449999996,0.140161885,1.8818963924999998,4.393861921499999
NEW_05M,ALL_QUALITY_VALID,ANALYSIS,EFFECTIVE_CONTINUATION,SELL_EFFECTIVE,1800,300,34,16,18,0,47.05882352941177,0.0,0.10635155764705898,-6.063755926499999,-2.03774464,0.26543632500000003,2.4406073875,4.440717224999999,-0.10635155764705898,-4.440717225,-2.4406073875,-0.26543632500000003,2.03774464,6.063755926499992
NEW_05M,ALL_QUALITY_VALID,ANALYSIS,EFFECTIVE_CONTINUATION,SELL_EFFECTIVE,1800,600,34,15,19,0,44.11764705882353,0.0,-0.452586924117647,-9.728656589,-3.6981695575,0.445089405,3.13106455,7.365878541000001,0.452586924117647,-7.365878541000001,-3.13106455,-0.445089405,3.6981695575,9.728656588999982
NEW_05M,ALL_QUALITY_VALID,ANALYSIS,TRAPPED_REVERSAL,SELL_TRAPPED,30,60,117,66,49,2,56.41025641025641,1.7094017094017093,0.5042660096581194,-4.046827124,-1.32448061,0.48220508,2.15919528,5.093818001999996,0.5042660096581194,-4.046827124,-1.32448061,0.48220508,2.15919528,5.093818001999996
NEW_05M,ALL_QUALITY_VALID,ANALYSIS,TRAPPED_REVERSAL,SELL_TRAPPED,30,180,110,53,57,0,48.18181818181818,0.0,1.1693726395454533,-8.059586896499999,-2.667142635,-0.15454469,4.138961045,14.835851899499989,1.1693726395454533,-8.059586896499999,-2.667142635,-0.15454469,4.138961045,14.835851899499989
NEW_05M,ALL_QUALITY_VALID,ANALYSIS,TRAPPED_REVERSAL,SELL_TRAPPED,30,300,103,51,51,1,49.51456310679612,0.970873786407767,2.027979667378641,-7.747732349,-3.145715065,0.0,4.83442418,17.878134120999995,2.027979667378641,-7.747732349,-3.145715065,0.0,4.83442418,17.878134120999995
NEW_05M,ALL_QUALITY_VALID,ANALYSIS,TRAPPED_REVERSAL,SELL_TRAPPED,30,600,92,56,36,0,60.869565217391305,0.0,3.178250980217391,-12.8103541825,-5.516886212499999,1.761320485,9.086958962499999,23.367461364000004,3.178250980217391,-12.8103541825,-5.516886212499999,1.761320485,9.086958962499999,23.367461364000004
NEW_05M,ALL_QUALITY_VALID,ANALYSIS,TRAPPED_REVERSAL,SELL_TRAPPED,60,60,123,66,52,5,53.65853658536585,4.065040650406504,0.25717021666666645,-3.921843353,-1.068912185,0.07692343,1.3010192,4.65953921299999,0.25717021666666645,-3.921843353,-1.068912185,0.07692343,1.3010192,4.65953921299999
NEW_05M,ALL_QUALITY_VALID,ANALYSIS,TRAPPED_REVERSAL,SELL_TRAPPED,60,180,114,49,65,0,42.98245614035088,0.0,0.5137470605263158,-6.6547058335,-2.54156155,-0.72590368,2.207259195,12.048163393999998,0.5137470605263158,-6.6547058335,-2.54156155,-0.72590368,2.207259195,12.048163393999998
NEW_05M,ALL_QUALITY_VALID,ANALYSIS,TRAPPED_REVERSAL,SELL_TRAPPED,60,300,113,50,63,0,44.24778761061947,0.0,0.7376375795575218,-9.107668002,-3.00766187,-0.95105052,3.14161166,14.725373091999987,0.7376375795575218,-9.107668002,-3.00766187,-0.95105052,3.14161166,14.725373091999987
NEW_05M,ALL_QUALITY_VALID,ANALYSIS,TRAPPED_REVERSAL,SELL_TRAPPED,60,600,102,58,44,0,56.86274509803921,0.0,2.1013269724509818,-11.018364714499999,-4.07717449,0.56229518,6.0418902525,20.794845216499965,2.1013269724509818,-11.018364714499999,-4.07717449,0.56229518,6.0418902525,20.794845216499965
NEW_05M,ALL_QUALITY_VALID,ANALYSIS,TRAPPED_REVERSAL,SELL_TRAPPED,180,60,91,38,43,10,41.75824175824176,10.989010989010989,-0.17016819956043958,-4.21703724,-1.8624135800000001,0.0,0.968061435,3.5228634000000003,-0.17016819956043958,-4.21703724,-1.8624135800000001,0.0,0.968061435,3.5228634000000003
NEW_05M,ALL_QUALITY_VALID,ANALYSIS,TRAPPED_REVERSAL,SELL_TRAPPED,180,180,91,37,54,0,40.65934065934066,0.0,-1.0384702403296702,-6.601594505,-4.336097305,-1.93761793,1.58518206,6.843768369999999,-1.0384702403296702,-6.601594505,-4.336097305,-1.93761793,1.58518206,6.843768369999999
NEW_05M,ALL_QUALITY_VALID,ANALYSIS,TRAPPED_REVERSAL,SELL_TRAPPED,180,300,89,42,47,0,47.19101123595506,0.0,-0.5806920592134832,-8.789635348,-3.25567484,-0.01559778,2.16679319,9.350731235999975,-0.5806920592134832,-8.789635348,-3.25567484,-0.01559778,2.16679319,9.350731235999975
NEW_05M,ALL_QUALITY_VALID,ANALYSIS,TRAPPED_REVERSAL,SELL_TRAPPED,180,600,81,36,45,0,44.44444444444444,0.0,0.3951941091358027,-12.71873013,-4.05392974,-0.34391282,4.89610588,13.42798034,0.3951941091358027,-12.71873013,-4.05392974,-0.34391282,4.89610588,13.42798034
NEW_05M,ALL_QUALITY_VALID,ANALYSIS,TRAPPED_REVERSAL,SELL_TRAPPED,300,60,49,29,18,2,59.183673469387756,4.081632653061225,0.2757203069387755,-2.285672942,-0.1230951,0.3431618,1.23076348,2.5858579859999997,0.2757203069387755,-2.285672942,-0.1230951,0.3431618,1.23076348,2.5858579859999997
NEW_05M,ALL_QUALITY_VALID,ANALYSIS,TRAPPED_REVERSAL,SELL_TRAPPED,300,180,48,23,24,1,47.916666666666664,2.0833333333333335,0.40814961541666683,-4.852225038,-1.5324656625000002,-0.00779252,2.2012037424999997,6.4745594215,0.40814961541666683,-4.852225038,-1.5324656625000002,-0.00779252,2.2012037424999997,6.4745594215
NEW_05M,ALL_QUALITY_VALID,ANALYSIS,TRAPPED_REVERSAL,SELL_TRAPPED,300,300,45,29,16,0,64.44444444444444,0.0,1.2420192520000002,-4.277835902,-0.93547411,0.82573167,3.3975385,6.13823811,1.2420192520000002,-4.277835902,-0.93547411,0.82573167,3.3975385,6.13823811
NEW_05M,ALL_QUALITY_VALID,ANALYSIS,TRAPPED_REVERSAL,SELL_TRAPPED,300,600,44,18,26,0,40.90909090909091,0.0,-0.20631587318181818,-5.100092453,-3.8326513225000003,-1.030663005,1.9132638799999997,7.352365376000001,-0.20631587318181818,-5.100092453,-3.8326513225000003,-1.030663005,1.9132638799999997,7.352365376000001
NEW_05M,ALL_QUALITY_VALID,ANALYSIS,TRAPPED_REVERSAL,SELL_TRAPPED,900,60,26,14,11,1,53.84615384615385,3.8461538461538463,-0.2828733353846153,-3.46519896,-1.847610515,0.17919456,0.647090815,3.2596158825,-0.2828733353846153,-3.46519896,-1.847610515,0.17919456,0.647090815,3.2596158825
NEW_05M,ALL_QUALITY_VALID,ANALYSIS,TRAPPED_REVERSAL,SELL_TRAPPED,900,180,26,11,15,0,42.30769230769231,0.0,-1.4690973173076929,-7.4006812225,-4.1201863475,-1.35547352,1.1775357174999999,3.7380961375000004,-1.4690973173076929,-7.4006812225,-4.1201863475,-1.35547352,1.1775357174999999,3.7380961375000004
NEW_05M,ALL_QUALITY_VALID,ANALYSIS,TRAPPED_REVERSAL,SELL_TRAPPED,900,300,26,14,12,0,53.84615384615385,0.0,-0.23617534499999995,-6.145800045,-1.39505335,0.14811014,1.512177965,4.10614443,-0.23617534499999995,-6.145800045,-1.39505335,0.14811014,1.512177965,4.10614443
NEW_05M,ALL_QUALITY_VALID,ANALYSIS,TRAPPED_REVERSAL,SELL_TRAPPED,900,600,26,10,16,0,38.46153846153846,0.0,-1.7635043638461536,-6.5226461874999995,-4.86820392,-3.89612666,1.9881133725,4.6606845075,-1.7635043638461536,-6.5226461874999995,-4.86820392,-3.89612666,1.9881133725,4.6606845075
NEW_05M,ALL_QUALITY_VALID,ANALYSIS,TRAPPED_REVERSAL,SELL_TRAPPED,1800,60,25,8,16,1,32.0,4.0,-1.2533617419999998,-3.7539164059999997,-2.97805129,-2.05831904,0.32737153,2.5104466579999976,-1.2533617419999998,-3.7539164059999997,-2.97805129,-2.05831904,0.32737153,2.5104466579999976
NEW_05M,ALL_QUALITY_VALID,ANALYSIS,TRAPPED_REVERSAL,SELL_TRAPPED,1800,180,25,4,21,0,16.0,0.0,-2.9703916583999996,-5.356950545999999,-4.3661313,-3.55552229,-2.1675095,1.8201090259999968,-2.9703916583999996,-5.356950545999999,-4.3661313,-3.55552229,-2.1675095,1.8201090259999968
NEW_05M,ALL_QUALITY_VALID,ANALYSIS,TRAPPED_REVERSAL,SELL_TRAPPED,1800,300,25,8,16,1,32.0,4.0,-1.4536532008,-5.90205196,-3.66449448,-0.70157386,0.17151081,1.0943215859999982,-1.4536532008,-5.90205196,-3.66449448,-0.70157386,0.17151081,1.0943215859999982
NEW_05M,ALL_QUALITY_VALID,ANALYSIS,TRAPPED_REVERSAL,SELL_TRAPPED,1800,600,25,4,21,0,16.0,0.0,-3.4627896284000004,-7.735185856,-5.00456023,-3.30575935,-1.82394133,0.539479683999999,-3.4627896284000004,-7.735185856,-5.00456023,-3.30575935,-1.82394133,0.539479683999999
NEW_05M,ALL_QUALITY_VALID,ENTRY_PROBE,STALLED_PRESSURE_PROBE,BUY_STALLED,30,60,1695,834,750,111,49.203539823008846,6.548672566371682,-0.061390209994100275,-5.418449866,-1.415625515,0.0,1.37613148,4.918437294,-0.061390209994100275,-5.418449866,-1.415625515,0.0,1.37613148,4.918437294
NEW_05M,ALL_QUALITY_VALID,ENTRY_PROBE,STALLED_PRESSURE_PROBE,BUY_STALLED,30,180,1677,835,827,15,49.79129397734049,0.8944543828264758,-0.034965095575432356,-9.070400165999999,-2.27384813,0.0,2.62381928,8.678576947999996,-0.034965095575432356,-9.070400165999999,-2.27384813,0.0,2.62381928,8.678576947999996
NEW_05M,ALL_QUALITY_VALID,ENTRY_PROBE,STALLED_PRESSURE_PROBE,BUY_STALLED,30,300,1652,877,769,6,53.087167070217916,0.36319612590799033,0.06350503230024193,-10.5807855025,-2.76792531,0.32496591500000005,3.04714522,11.620031985999997,0.06350503230024193,-10.5807855025,-2.76792531,0.32496591500000005,3.04714522,11.620031985999997
NEW_05M,ALL_QUALITY_VALID,ENTRY_PROBE,STALLED_PRESSURE_PROBE,BUY_STALLED,30,600,1595,813,781,1,50.9717868338558,0.06269592476489028,-0.4720315302695916,-18.675905217,-3.942273445,0.16885098,4.1501212899999995,15.937757416,-0.4720315302695916,-18.675905217,-3.942273445,0.16885098,4.1501212899999995,15.937757416
NEW_05M,ALL_QUALITY_VALID,ENTRY_PROBE,STALLED_PRESSURE_PROBE,BUY_STALLED,60,60,840,404,378,58,48.095238095238095,6.904761904761905,-0.1846346528690477,-6.6678541854999995,-1.4642057725,0.0,1.414871115,4.573645454999998,-0.1846346528690477,-6.6678541854999995,-1.4642057725,0.0,1.414871115,4.573645454999998
NEW_05M,ALL_QUALITY_VALID,ENTRY_PROBE,STALLED_PRESSURE_PROBE,BUY_STALLED,60,180,829,415,409,5,50.06031363088058,0.6031363088057901,-0.2362084185524731,-9.709041608,-2.29047883,0.0156157,2.35084584,8.648698023999998,-0.2362084185524731,-9.709041608,-2.29047883,0.0156157,2.35084584,8.648698023999998
NEW_05M,ALL_QUALITY_VALID,ENTRY_PROBE,STALLED_PRESSURE_PROBE,BUY_STALLED,60,300,813,416,391,6,51.168511685116854,0.7380073800738007,-0.19496845655596434,-11.674688671999998,-2.4844219,0.12284805,3.05422972,11.364427909999996,-0.19496845655596434,-11.674688671999998,-2.4844219,0.12284805,3.05422972,11.364427909999996
NEW_05M,ALL_QUALITY_VALID,ENTRY_PROBE,STALLED_PRESSURE_PROBE,BUY_STALLED,60,600,786,397,388,1,50.5089058524173,0.1272264631043257,-0.9480088205852415,-20.5200968,-3.8986887475,0.15475975,4.2684971275,14.421538327499999,-0.9480088205852415,-20.5200968,-3.8986887475,0.15475975,4.2684971275,14.421538327499999
NEW_05M,ALL_QUALITY_VALID,ENTRY_PROBE,STALLED_PRESSURE_PROBE,BUY_STALLED,180,60,217,106,92,19,48.8479262672811,8.755760368663594,-0.10072673027649783,-5.627719111999999,-1.08147526,0.0,1.18130002,4.039857493999998,-0.10072673027649783,-5.627719111999999,-1.08147526,0.0,1.18130002,4.039857493999998
NEW_05M,ALL_QUALITY_VALID,ENTRY_PROBE,STALLED_PRESSURE_PROBE,BUY_STALLED,180,180,216,109,107,0,50.46296296296296,0.0,-0.06097306634259301,-10.1013862925,-1.8459629025,0.04654696,2.3152321975,7.3978043824999995,-0.06097306634259301,-10.1013862925,-1.8459629025,0.04654696,2.3152321975,7.3978043824999995
NEW_05M,ALL_QUALITY_VALID,ENTRY_PROBE,STALLED_PRESSURE_PROBE,BUY_STALLED,180,300,212,109,102,1,51.41509433962264,0.4716981132075472,-0.5828936466981136,-8.838364227,-2.7307984425000003,0.031223195000000002,1.9226425574999997,9.15374829349999,-0.5828936466981136,-8.838364227,-2.7307984425000003,0.031223195000000002,1.9226425574999997,9.15374829349999
NEW_05M,ALL_QUALITY_VALID,ENTRY_PROBE,STALLED_PRESSURE_PROBE,BUY_STALLED,180,600,202,96,105,1,47.524752475247524,0.49504950495049505,-1.459853306386139,-19.1234208505,-4.6883123475,-0.48353643,3.0132845274999998,14.043053247499968,-1.459853306386139,-19.1234208505,-4.6883123475,-0.48353643,3.0132845274999998,14.043053247499968
NEW_05M,ALL_QUALITY_VALID,ENTRY_PROBE,STALLED_PRESSURE_PROBE,BUY_STALLED,300,60,141,70,68,3,49.645390070921984,2.127659574468085,-0.21215012113475182,-3.8696006,-1.35855138,0.0,1.26228979,2.86976807,-0.21215012113475182,-3.8696006,-1.35855138,0.0,1.26228979,2.86976807
NEW_05M,ALL_QUALITY_VALID,ENTRY_PROBE,STALLED_PRESSURE_PROBE,BUY_STALLED,300,180,138,66,68,4,47.82608695652174,2.898550724637681,0.02836428492753614,-6.581010229,-1.9556338475000001,0.0,2.588439695,4.989756331000008,0.02836428492753614,-6.581010229,-1.9556338475000001,0.0,2.588439695,4.989756331000008
NEW_05M,ALL_QUALITY_VALID,ENTRY_PROBE,STALLED_PRESSURE_PROBE,BUY_STALLED,300,300,133,62,69,2,46.61654135338346,1.5037593984962405,-0.5738852233082709,-7.1585131,-3.08594829,-0.13824864,1.87510254,7.581840473999995,-0.5738852233082709,-7.1585131,-3.08594829,-0.13824864,1.87510254,7.581840473999995
NEW_05M,ALL_QUALITY_VALID,ENTRY_PROBE,STALLED_PRESSURE_PROBE,BUY_STALLED,300,600,126,67,59,0,53.17460317460318,0.0,-0.5069716234920638,-18.2747241225,-3.617677835,0.5535213649999999,3.7547691725,11.229467227499999,-0.5069716234920638,-18.2747241225,-3.617677835,0.5535213649999999,3.7547691725,11.229467227499999
NEW_05M,ALL_QUALITY_VALID,ENTRY_PROBE,STALLED_PRESSURE_PROBE,BUY_STALLED,900,60,13,11,2,0,84.61538461538461,0.0,1.0850354292307691,-2.190825596,0.01561941,0.92154382,2.06583762,4.466862127999993,1.0850354292307691,-2.190825596,0.01561941,0.92154382,2.06583762,4.466862127999993
NEW_05M,ALL_QUALITY_VALID,ENTRY_PROBE,STALLED_PRESSURE_PROBE,BUY_STALLED,900,180,13,13,0,0,100.0,0.0,4.263796025384615,1.00539214,1.24955289,3.53684817,4.67943521,11.142699437999998,4.263796025384615,1.00539214,1.24955289,3.53684817,4.67943521,11.142699437999998
NEW_05M,ALL_QUALITY_VALID,ENTRY_PROBE,STALLED_PRESSURE_PROBE,BUY_STALLED,900,300,13,13,0,0,100.0,0.0,4.673167818461537,1.233932712,1.24955289,2.14408904,4.00553891,15.095720503999999,4.673167818461537,1.233932712,1.24955289,2.14408904,4.00553891,15.095720503999999
NEW_05M,ALL_QUALITY_VALID,ENTRY_PROBE,STALLED_PRESSURE_PROBE,BUY_STALLED,900,600,11,11,0,0,100.0,0.0,10.93944058727273,4.145444925,4.232860430000001,4.99227684,8.38721736,35.901817405,10.93944058727273,4.145444925,4.232860430000001,4.99227684,8.38721736,35.901817405
NEW_05M,ALL_QUALITY_VALID,ENTRY_PROBE,STALLED_REVERSAL_PROBE,BUY_STALLED,30,60,1695,750,834,111,44.24778761061947,6.548672566371682,-0.061390209994100275,-5.418449866,-1.415625515,0.0,1.37613148,4.918437294,0.061390209994100275,-4.918437294,-1.37613148,-0.0,1.415625515,5.418449865999998
NEW_05M,ALL_QUALITY_VALID,ENTRY_PROBE,STALLED_REVERSAL_PROBE,BUY_STALLED,30,180,1677,827,835,15,49.31425163983304,0.8944543828264758,-0.034965095575432356,-9.070400165999999,-2.27384813,0.0,2.62381928,8.678576947999996,0.034965095575432356,-8.678576948,-2.62381928,-0.0,2.27384813,9.070400165999995
NEW_05M,ALL_QUALITY_VALID,ENTRY_PROBE,STALLED_REVERSAL_PROBE,BUY_STALLED,30,300,1652,769,877,6,46.549636803874094,0.36319612590799033,0.06350503230024193,-10.5807855025,-2.76792531,0.32496591500000005,3.04714522,11.620031985999997,-0.06350503230024193,-11.620031986,-3.04714522,-0.32496591500000005,2.76792531,10.580785502499984
NEW_05M,ALL_QUALITY_VALID,ENTRY_PROBE,STALLED_REVERSAL_PROBE,BUY_STALLED,30,600,1595,781,813,1,48.96551724137931,0.06269592476489028,-0.4720315302695916,-18.675905217,-3.942273445,0.16885098,4.1501212899999995,15.937757416,0.4720315302695916,-15.937757416,-4.1501212899999995,-0.16885098,3.942273445,18.675905216999983
NEW_05M,ALL_QUALITY_VALID,ENTRY_PROBE,STALLED_REVERSAL_PROBE,BUY_STALLED,60,60,840,378,404,58,45.0,6.904761904761905,-0.1846346528690477,-6.6678541854999995,-1.4642057725,0.0,1.414871115,4.573645454999998,0.1846346528690477,-4.573645454999999,-1.414871115,-0.0,1.4642057725,6.667854185499994
NEW_05M,ALL_QUALITY_VALID,ENTRY_PROBE,STALLED_REVERSAL_PROBE,BUY_STALLED,60,180,829,409,415,5,49.336550060313634,0.6031363088057901,-0.2362084185524731,-9.709041608,-2.29047883,0.0156157,2.35084584,8.648698023999998,0.2362084185524731,-8.648698024,-2.35084584,-0.0156157,2.29047883,9.709041607999982
NEW_05M,ALL_QUALITY_VALID,ENTRY_PROBE,STALLED_REVERSAL_PROBE,BUY_STALLED,60,300,813,391,416,6,48.09348093480935,0.7380073800738007,-0.19496845655596434,-11.674688671999998,-2.4844219,0.12284805,3.05422972,11.364427909999996,0.19496845655596434,-11.36442791,-3.05422972,-0.12284805,2.4844219,11.674688671999988
NEW_05M,ALL_QUALITY_VALID,ENTRY_PROBE,STALLED_REVERSAL_PROBE,BUY_STALLED,60,600,786,388,397,1,49.36386768447837,0.1272264631043257,-0.9480088205852415,-20.5200968,-3.8986887475,0.15475975,4.2684971275,14.421538327499999,0.9480088205852415,-14.421538327499999,-4.2684971275,-0.15475975,3.8986887475,20.5200968
NEW_05M,ALL_QUALITY_VALID,ENTRY_PROBE,STALLED_REVERSAL_PROBE,BUY_STALLED,180,60,217,92,106,19,42.3963133640553,8.755760368663594,-0.10072673027649783,-5.627719111999999,-1.08147526,0.0,1.18130002,4.039857493999998,0.10072673027649783,-4.039857494,-1.18130002,-0.0,1.08147526,5.6277191119999905
NEW_05M,ALL_QUALITY_VALID,ENTRY_PROBE,STALLED_REVERSAL_PROBE,BUY_STALLED,180,180,216,107,109,0,49.53703703703704,0.0,-0.06097306634259301,-10.1013862925,-1.8459629025,0.04654696,2.3152321975,7.3978043824999995,0.06097306634259301,-7.3978043824999995,-2.3152321975,-0.04654696,1.8459629025,10.1013862925
NEW_05M,ALL_QUALITY_VALID,ENTRY_PROBE,STALLED_REVERSAL_PROBE,BUY_STALLED,180,300,212,102,109,1,48.113207547169814,0.4716981132075472,-0.5828936466981136,-8.838364227,-2.7307984425000003,0.031223195000000002,1.9226425574999997,9.15374829349999,0.5828936466981136,-9.153748293499998,-1.9226425574999997,-0.031223195000000002,2.7307984425000003,8.838364227
NEW_05M,ALL_QUALITY_VALID,ENTRY_PROBE,STALLED_REVERSAL_PROBE,BUY_STALLED,180,600,202,105,96,1,51.98019801980198,0.49504950495049505,-1.459853306386139,-19.1234208505,-4.6883123475,-0.48353643,3.0132845274999998,14.043053247499968,1.459853306386139,-14.043053247499998,-3.0132845274999998,0.48353643,4.6883123475,19.123420850499997
NEW_05M,ALL_QUALITY_VALID,ENTRY_PROBE,STALLED_REVERSAL_PROBE,BUY_STALLED,300,60,141,68,70,3,48.226950354609926,2.127659574468085,-0.21215012113475182,-3.8696006,-1.35855138,0.0,1.26228979,2.86976807,0.21215012113475182,-2.86976807,-1.26228979,-0.0,1.35855138,3.8696006
NEW_05M,ALL_QUALITY_VALID,ENTRY_PROBE,STALLED_REVERSAL_PROBE,BUY_STALLED,300,180,138,68,66,4,49.27536231884058,2.898550724637681,0.02836428492753614,-6.581010229,-1.9556338475000001,0.0,2.588439695,4.989756331000008,-0.02836428492753614,-4.989756330999999,-2.588439695,-0.0,1.9556338475000001,6.581010229000001
NEW_05M,ALL_QUALITY_VALID,ENTRY_PROBE,STALLED_REVERSAL_PROBE,BUY_STALLED,300,300,133,69,62,2,51.8796992481203,1.5037593984962405,-0.5738852233082709,-7.1585131,-3.08594829,-0.13824864,1.87510254,7.581840473999995,0.5738852233082709,-7.581840474,-1.87510254,0.13824864,3.08594829,7.158513099999997
NEW_05M,ALL_QUALITY_VALID,ENTRY_PROBE,STALLED_REVERSAL_PROBE,BUY_STALLED,300,600,126,59,67,0,46.82539682539682,0.0,-0.5069716234920638,-18.2747241225,-3.617677835,0.5535213649999999,3.7547691725,11.229467227499999,0.5069716234920638,-11.229467227499999,-3.7547691725,-0.5535213649999999,3.617677835,18.2747241225
NEW_05M,ALL_QUALITY_VALID,ENTRY_PROBE,STALLED_REVERSAL_PROBE,BUY_STALLED,900,60,13,2,11,0,15.384615384615385,0.0,1.0850354292307691,-2.190825596,0.01561941,0.92154382,2.06583762,4.466862127999993,-1.0850354292307691,-4.466862128,-2.06583762,-0.92154382,-0.01561941,2.1908255959999954
NEW_05M,ALL_QUALITY_VALID,ENTRY_PROBE,STALLED_REVERSAL_PROBE,BUY_STALLED,900,180,13,0,13,0,0.0,0.0,4.263796025384615,1.00539214,1.24955289,3.53684817,4.67943521,11.142699437999998,-4.263796025384615,-11.142699438,-4.67943521,-3.53684817,-1.24955289,-1.0053921400000008
NEW_05M,ALL_QUALITY_VALID,ENTRY_PROBE,STALLED_REVERSAL_PROBE,BUY_STALLED,900,300,13,0,13,0,0.0,0.0,4.673167818461537,1.233932712,1.24955289,2.14408904,4.00553891,15.095720503999999,-4.673167818461537,-15.095720503999999,-4.00553891,-2.14408904,-1.24955289,-1.233932712
NEW_05M,ALL_QUALITY_VALID,ENTRY_PROBE,STALLED_REVERSAL_PROBE,BUY_STALLED,900,600,11,0,11,0,0.0,0.0,10.93944058727273,4.145444925,4.232860430000001,4.99227684,8.38721736,35.901817405,-10.93944058727273,-35.901817405,-8.38721736,-4.99227684,-4.232860430000001,-4.145444925
NEW_05M,ALL_QUALITY_VALID,ENTRY_PROBE,STALLED_PRESSURE_PROBE,SELL_STALLED,30,60,1741,788,766,187,45.261344055140725,10.74095347501436,-0.03860551536473289,-3.98003858,-1.01374547,0.0,1.07532747,3.86304208,0.03860551536473289,-3.86304208,-1.07532747,-0.0,1.01374547,3.98003858
NEW_05M,ALL_QUALITY_VALID,ENTRY_PROBE,STALLED_PRESSURE_PROBE,SELL_STALLED,30,180,1703,837,826,40,49.14856136230182,2.348796241926013,-0.05843011990017594,-6.2523614059999995,-2.23527391,0.0,2.10901251,6.685147430999996,0.05843011990017594,-6.685147431,-2.10901251,-0.0,2.23527391,6.252361405999996
NEW_05M,ALL_QUALITY_VALID,ENTRY_PROBE,STALLED_PRESSURE_PROBE,SELL_STALLED,30,300,1674,802,860,12,47.909199522102746,0.7168458781362007,-0.0032331851194742404,-9.042546072499999,-2.730197585,0.084907715,2.9573831925,7.945677951499996,0.0032331851194742404,-7.9456779515000004,-2.9573831925,-0.084907715,2.730197585,9.042546072499992
NEW_05M,ALL_QUALITY_VALID,ENTRY_PROBE,STALLED_PRESSURE_PROBE,SELL_STALLED,30,600,1592,718,865,9,45.10050251256281,0.5653266331658291,0.4871836526758797,-12.156175694499998,-2.97587812,0.55372392,4.0154055025,13.884791976499994,-0.4871836526758797,-13.8847919765,-4.0154055025,-0.55372392,2.97587812,12.156175694499971
NEW_05M,ALL_QUALITY_VALID,ENTRY_PROBE,STALLED_PRESSURE_PROBE,SELL_STALLED,60,60,852,393,378,81,46.12676056338028,9.507042253521126,-0.05180927384976533,-3.327891787,-1.0939319075,0.0,0.983371465,3.4450184899999945,0.05180927384976533,-3.44501849,-0.983371465,-0.0,1.0939319075,3.3278917869999987
NEW_05M,ALL_QUALITY_VALID,ENTRY_PROBE,STALLED_PRESSURE_PROBE,SELL_STALLED,60,180,831,415,402,14,49.93983152827918,1.6847172081829123,-0.013877653381468064,-6.201492334999999,-2.033454275,0.0,2.0617504799999997,6.2852669,0.013877653381468064,-6.2852669,-2.0617504799999997,-0.0,2.033454275,6.201492334999999
NEW_05M,ALL_QUALITY_VALID,ENTRY_PROBE,STALLED_PRESSURE_PROBE,SELL_STALLED,60,300,818,409,405,4,50.0,0.4889975550122249,0.04061889430317848,-7.47429891,-2.7272780825000003,-0.007800555,2.745557915,7.9853623455,-0.04061889430317848,-7.9853623455,-2.745557915,0.007800555,2.7272780825000003,7.474298909999997
NEW_05M,ALL_QUALITY_VALID,ENTRY_PROBE,STALLED_PRESSURE_PROBE,SELL_STALLED,60,600,771,333,435,3,43.190661478599225,0.38910505836575876,0.6072392615953303,-11.20262618,-2.840013495,0.93736379,4.02144246,12.450044105,-0.6072392615953303,-12.450044105,-4.02144246,-0.93736379,2.840013495,11.20262618
NEW_05M,ALL_QUALITY_VALID,ENTRY_PROBE,STALLED_PRESSURE_PROBE,SELL_STALLED,180,60,272,104,139,29,38.23529411764706,10.661764705882353,0.30858831202205894,-3.393048319,-0.6943549925,0.015584575,1.1909823225,4.123783780499999,-0.30858831202205894,-4.1237837805,-1.1909823225,-0.015584575,0.6943549925,3.3930483189999996
NEW_05M,ALL_QUALITY_VALID,ENTRY_PROBE,STALLED_PRESSURE_PROBE,SELL_STALLED,180,180,270,132,137,1,48.888888888888886,0.37037037037037035,0.16097700496296286,-5.8238394015,-2.2216557349999997,0.08553886000000001,2.3364147775,5.693210819999997,-0.16097700496296286,-5.69321082,-2.3364147775,-0.08553886000000001,2.2216557349999997,5.823839401499999
NEW_05M,ALL_QUALITY_VALID,ENTRY_PROBE,STALLED_PRESSURE_PROBE,SELL_STALLED,180,300,266,109,157,0,40.97744360902256,0.0,0.7057233501503757,-6.151660965,-1.7426110725,0.7411746050000001,3.5232639925,7.231287255,-0.7057233501503757,-7.231287255,-3.5232639925,-0.7411746050000001,1.7426110725,6.151660965
NEW_05M,ALL_QUALITY_VALID,ENTRY_PROBE,STALLED_PRESSURE_PROBE,SELL_STALLED,180,600,253,105,147,1,41.50197628458498,0.3952569169960474,1.0245006906324112,-10.8085796,-1.79243592,0.70163512,4.07372665,12.80774353599999,-1.0245006906324112,-12.807743536,-4.07372665,-0.70163512,1.79243592,10.8085796
NEW_05M,ALL_QUALITY_VALID,ENTRY_PROBE,STALLED_PRESSURE_PROBE,SELL_STALLED,300,60,163,76,79,8,46.625766871165645,4.9079754601226995,-0.001983609570552085,-2.8798086179999998,-1.2227914599999998,0.0,1.00068183,2.7795600220000023,0.001983609570552085,-2.779560022,-1.00068183,-0.0,1.2227914599999998,2.879808618
NEW_05M,ALL_QUALITY_VALID,ENTRY_PROBE,STALLED_PRESSURE_PROBE,SELL_STALLED,300,180,158,77,77,4,48.734177215189874,2.5316455696202533,0.28067565253164567,-4.7804448745,-2.100555195,0.0,2.3121983575,6.1725755405000005,-0.28067565253164567,-6.1725755405000005,-2.3121983575,-0.0,2.100555195,4.7804448745000006
NEW_05M,ALL_QUALITY_VALID,ENTRY_PROBE,STALLED_PRESSURE_PROBE,SELL_STALLED,300,300,156,66,88,2,42.30769230769231,1.2820512820512822,0.8507680653205125,-4.0331491999999995,-1.4367629875,0.218527425,2.925620265,6.32996184,-0.8507680653205125,-6.32996184,-2.925620265,-0.218527425,1.4367629875,4.0331491999999995
NEW_05M,ALL_QUALITY_VALID,ENTRY_PROBE,STALLED_PRESSURE_PROBE,SELL_STALLED,300,600,148,70,77,1,47.2972972972973,0.6756756756756757,1.0861886216216219,-4.7673770995,-2.4070880925,0.24081814,3.324288125,10.749066143500007,-1.0861886216216219,-10.749066143499999,-3.324288125,-0.24081814,2.4070880925,4.767377099500003
NEW_05M,ALL_QUALITY_VALID,ENTRY_PROBE,STALLED_PRESSURE_PROBE,SELL_STALLED,900,60,47,23,22,2,48.93617021276596,4.25531914893617,-0.31824655510638306,-2.9379489149999998,-1.68357885,0.0,0.694003705,2.1385856939999996,0.31824655510638306,-2.138585694,-0.694003705,-0.0,1.68357885,2.9379489149999998
NEW_05M,ALL_QUALITY_VALID,ENTRY_PROBE,STALLED_PRESSURE_PROBE,SELL_STALLED,900,180,46,27,18,1,58.69565217391305,2.1739130434782608,-1.2862760804347833,-7.385095507500001,-3.1452507350000003,-0.5539852249999999,0.8266269875,2.561365135,1.2862760804347833,-2.561365135,-0.8266269875,0.5539852249999999,3.1452507350000003,7.385095507500001
NEW_05M,ALL_QUALITY_VALID,ENTRY_PROBE,STALLED_PRESSURE_PROBE,SELL_STALLED,900,300,46,20,25,1,43.47826086956522,2.1739130434782608,-0.02952887086956521,-6.141962735,-1.6683599249999999,0.46773925,2.086624975,4.4022452925,0.02952887086956521,-4.4022452925,-2.086624975,-0.46773925,1.6683599249999999,6.141962735
NEW_05M,ALL_QUALITY_VALID,ENTRY_PROBE,STALLED_PRESSURE_PROBE,SELL_STALLED,900,600,46,20,26,0,43.47826086956522,0.0,-0.07686556217391298,-6.263752275,-2.8846485950000003,0.60022921,2.9952287125,5.63241655,0.07686556217391298,-5.63241655,-2.9952287125,-0.60022921,2.8846485950000003,6.263752275
NEW_05M,ALL_QUALITY_VALID,ENTRY_PROBE,STALLED_PRESSURE_PROBE,SELL_STALLED,1800,60,42,28,13,1,66.66666666666667,2.380952380952381,-0.36927669119047624,-2.5557374605,-1.345020285,-0.16370043,0.1754046775,2.2752506579999987,0.36927669119047624,-2.275250658,-0.1754046775,0.16370043,1.345020285,2.5557374604999987
NEW_05M,ALL_QUALITY_VALID,ENTRY_PROBE,STALLED_PRESSURE_PROBE,SELL_STALLED,1800,180,42,33,9,0,78.57142857142857,0.0,-1.4839310426190475,-5.2785587304999995,-2.9660257625,-2.33933357,-0.30399646,3.3172585414999984,1.4839310426190475,-3.3172585414999998,0.30399646,2.33933357,2.9660257625,5.278558730499998
NEW_05M,ALL_QUALITY_VALID,ENTRY_PROBE,STALLED_PRESSURE_PROBE,SELL_STALLED,1800,300,42,21,21,0,50.0,0.0,-0.2157664469047618,-4.753502021,-3.07959859,-0.046772879999999996,1.5868947775,4.274373111999997,0.2157664469047618,-4.274373111999999,-1.5868947775,0.046772879999999996,3.07959859,4.753502021
NEW_05M,ALL_QUALITY_VALID,ENTRY_PROBE,STALLED_PRESSURE_PROBE,SELL_STALLED,1800,600,42,30,12,0,71.42857142857143,0.0,-2.2131149380952384,-8.161498545,-3.5009059675,-1.255254605,0.44445447749999994,2.1698656124999975,2.2131149380952384,-2.1698656124999998,-0.44445447749999994,1.255254605,3.5009059675,8.161498544999999
NEW_05M,ALL_QUALITY_VALID,ENTRY_PROBE,STALLED_REVERSAL_PROBE,SELL_STALLED,30,60,1741,766,788,187,43.99770246984492,10.74095347501436,-0.03860551536473289,-3.98003858,-1.01374547,0.0,1.07532747,3.86304208,-0.03860551536473289,-3.98003858,-1.01374547,0.0,1.07532747,3.86304208
NEW_05M,ALL_QUALITY_VALID,ENTRY_PROBE,STALLED_REVERSAL_PROBE,SELL_STALLED,30,180,1703,826,837,40,48.50264239577216,2.348796241926013,-0.05843011990017594,-6.2523614059999995,-2.23527391,0.0,2.10901251,6.685147430999996,-0.05843011990017594,-6.2523614059999995,-2.23527391,0.0,2.10901251,6.685147430999996
NEW_05M,ALL_QUALITY_VALID,ENTRY_PROBE,STALLED_REVERSAL_PROBE,SELL_STALLED,30,300,1674,860,802,12,51.37395459976105,0.7168458781362007,-0.0032331851194742404,-9.042546072499999,-2.730197585,0.084907715,2.9573831925,7.945677951499996,-0.0032331851194742404,-9.042546072499999,-2.730197585,0.084907715,2.9573831925,7.945677951499996
NEW_05M,ALL_QUALITY_VALID,ENTRY_PROBE,STALLED_REVERSAL_PROBE,SELL_STALLED,30,600,1592,865,718,9,54.334170854271356,0.5653266331658291,0.4871836526758797,-12.156175694499998,-2.97587812,0.55372392,4.0154055025,13.884791976499994,0.4871836526758797,-12.156175694499998,-2.97587812,0.55372392,4.0154055025,13.884791976499994
NEW_05M,ALL_QUALITY_VALID,ENTRY_PROBE,STALLED_REVERSAL_PROBE,SELL_STALLED,60,60,852,378,393,81,44.36619718309859,9.507042253521126,-0.05180927384976533,-3.327891787,-1.0939319075,0.0,0.983371465,3.4450184899999945,-0.05180927384976533,-3.327891787,-1.0939319075,0.0,0.983371465,3.4450184899999945
NEW_05M,ALL_QUALITY_VALID,ENTRY_PROBE,STALLED_REVERSAL_PROBE,SELL_STALLED,60,180,831,402,415,14,48.375451263537904,1.6847172081829123,-0.013877653381468064,-6.201492334999999,-2.033454275,0.0,2.0617504799999997,6.2852669,-0.013877653381468064,-6.201492334999999,-2.033454275,0.0,2.0617504799999997,6.2852669
NEW_05M,ALL_QUALITY_VALID,ENTRY_PROBE,STALLED_REVERSAL_PROBE,SELL_STALLED,60,300,818,405,409,4,49.511002444987774,0.4889975550122249,0.04061889430317848,-7.47429891,-2.7272780825000003,-0.007800555,2.745557915,7.9853623455,0.04061889430317848,-7.47429891,-2.7272780825000003,-0.007800555,2.745557915,7.9853623455
NEW_05M,ALL_QUALITY_VALID,ENTRY_PROBE,STALLED_REVERSAL_PROBE,SELL_STALLED,60,600,771,435,333,3,56.42023346303502,0.38910505836575876,0.6072392615953303,-11.20262618,-2.840013495,0.93736379,4.02144246,12.450044105,0.6072392615953303,-11.20262618,-2.840013495,0.93736379,4.02144246,12.450044105
NEW_05M,ALL_QUALITY_VALID,ENTRY_PROBE,STALLED_REVERSAL_PROBE,SELL_STALLED,180,60,272,139,104,29,51.10294117647059,10.661764705882353,0.30858831202205894,-3.393048319,-0.6943549925,0.015584575,1.1909823225,4.123783780499999,0.30858831202205894,-3.393048319,-0.6943549925,0.015584575,1.1909823225,4.123783780499999
NEW_05M,ALL_QUALITY_VALID,ENTRY_PROBE,STALLED_REVERSAL_PROBE,SELL_STALLED,180,180,270,137,132,1,50.74074074074074,0.37037037037037035,0.16097700496296286,-5.8238394015,-2.2216557349999997,0.08553886000000001,2.3364147775,5.693210819999997,0.16097700496296286,-5.8238394015,-2.2216557349999997,0.08553886000000001,2.3364147775,5.693210819999997
NEW_05M,ALL_QUALITY_VALID,ENTRY_PROBE,STALLED_REVERSAL_PROBE,SELL_STALLED,180,300,266,157,109,0,59.02255639097744,0.0,0.7057233501503757,-6.151660965,-1.7426110725,0.7411746050000001,3.5232639925,7.231287255,0.7057233501503757,-6.151660965,-1.7426110725,0.7411746050000001,3.5232639925,7.231287255
NEW_05M,ALL_QUALITY_VALID,ENTRY_PROBE,STALLED_REVERSAL_PROBE,SELL_STALLED,180,600,253,147,105,1,58.10276679841897,0.3952569169960474,1.0245006906324112,-10.8085796,-1.79243592,0.70163512,4.07372665,12.80774353599999,1.0245006906324112,-10.8085796,-1.79243592,0.70163512,4.07372665,12.80774353599999
NEW_05M,ALL_QUALITY_VALID,ENTRY_PROBE,STALLED_REVERSAL_PROBE,SELL_STALLED,300,60,163,79,76,8,48.466257668711656,4.9079754601226995,-0.001983609570552085,-2.8798086179999998,-1.2227914599999998,0.0,1.00068183,2.7795600220000023,-0.001983609570552085,-2.8798086179999998,-1.2227914599999998,0.0,1.00068183,2.7795600220000023
NEW_05M,ALL_QUALITY_VALID,ENTRY_PROBE,STALLED_REVERSAL_PROBE,SELL_STALLED,300,180,158,77,77,4,48.734177215189874,2.5316455696202533,0.28067565253164567,-4.7804448745,-2.100555195,0.0,2.3121983575,6.1725755405000005,0.28067565253164567,-4.7804448745,-2.100555195,0.0,2.3121983575,6.1725755405000005
NEW_05M,ALL_QUALITY_VALID,ENTRY_PROBE,STALLED_REVERSAL_PROBE,SELL_STALLED,300,300,156,88,66,2,56.41025641025641,1.2820512820512822,0.8507680653205125,-4.0331491999999995,-1.4367629875,0.218527425,2.925620265,6.32996184,0.8507680653205125,-4.0331491999999995,-1.4367629875,0.218527425,2.925620265,6.32996184
NEW_05M,ALL_QUALITY_VALID,ENTRY_PROBE,STALLED_REVERSAL_PROBE,SELL_STALLED,300,600,148,77,70,1,52.027027027027025,0.6756756756756757,1.0861886216216219,-4.7673770995,-2.4070880925,0.24081814,3.324288125,10.749066143500007,1.0861886216216219,-4.7673770995,-2.4070880925,0.24081814,3.324288125,10.749066143500007
NEW_05M,ALL_QUALITY_VALID,ENTRY_PROBE,STALLED_REVERSAL_PROBE,SELL_STALLED,900,60,47,22,23,2,46.808510638297875,4.25531914893617,-0.31824655510638306,-2.9379489149999998,-1.68357885,0.0,0.694003705,2.1385856939999996,-0.31824655510638306,-2.9379489149999998,-1.68357885,0.0,0.694003705,2.1385856939999996
NEW_05M,ALL_QUALITY_VALID,ENTRY_PROBE,STALLED_REVERSAL_PROBE,SELL_STALLED,900,180,46,18,27,1,39.130434782608695,2.1739130434782608,-1.2862760804347833,-7.385095507500001,-3.1452507350000003,-0.5539852249999999,0.8266269875,2.561365135,-1.2862760804347833,-7.385095507500001,-3.1452507350000003,-0.5539852249999999,0.8266269875,2.561365135
NEW_05M,ALL_QUALITY_VALID,ENTRY_PROBE,STALLED_REVERSAL_PROBE,SELL_STALLED,900,300,46,25,20,1,54.34782608695652,2.1739130434782608,-0.02952887086956521,-6.141962735,-1.6683599249999999,0.46773925,2.086624975,4.4022452925,-0.02952887086956521,-6.141962735,-1.6683599249999999,0.46773925,2.086624975,4.4022452925
NEW_05M,ALL_QUALITY_VALID,ENTRY_PROBE,STALLED_REVERSAL_PROBE,SELL_STALLED,900,600,46,26,20,0,56.52173913043478,0.0,-0.07686556217391298,-6.263752275,-2.8846485950000003,0.60022921,2.9952287125,5.63241655,-0.07686556217391298,-6.263752275,-2.8846485950000003,0.60022921,2.9952287125,5.63241655
NEW_05M,ALL_QUALITY_VALID,ENTRY_PROBE,STALLED_REVERSAL_PROBE,SELL_STALLED,1800,60,42,13,28,1,30.952380952380953,2.380952380952381,-0.36927669119047624,-2.5557374605,-1.345020285,-0.16370043,0.1754046775,2.2752506579999987,-0.36927669119047624,-2.5557374605,-1.345020285,-0.16370043,0.1754046775,2.2752506579999987
NEW_05M,ALL_QUALITY_VALID,ENTRY_PROBE,STALLED_REVERSAL_PROBE,SELL_STALLED,1800,180,42,9,33,0,21.428571428571427,0.0,-1.4839310426190475,-5.2785587304999995,-2.9660257625,-2.33933357,-0.30399646,3.3172585414999984,-1.4839310426190475,-5.2785587304999995,-2.9660257625,-2.33933357,-0.30399646,3.3172585414999984
NEW_05M,ALL_QUALITY_VALID,ENTRY_PROBE,STALLED_REVERSAL_PROBE,SELL_STALLED,1800,300,42,21,21,0,50.0,0.0,-0.2157664469047618,-4.753502021,-3.07959859,-0.046772879999999996,1.5868947775,4.274373111999997,-0.2157664469047618,-4.753502021,-3.07959859,-0.046772879999999996,1.5868947775,4.274373111999997
NEW_05M,ALL_QUALITY_VALID,ENTRY_PROBE,STALLED_REVERSAL_PROBE,SELL_STALLED,1800,600,42,12,30,0,28.571428571428573,0.0,-2.2131149380952384,-8.161498545,-3.5009059675,-1.255254605,0.44445447749999994,2.1698656124999975,-2.2131149380952384,-8.161498545,-3.5009059675,-1.255254605,0.44445447749999994,2.1698656124999975
NEW_05M,PRIMARY_CLEAN,ANALYSIS,EFFECTIVE_CONTINUATION,BUY_EFFECTIVE,30,60,936,507,411,18,54.166666666666664,1.9230769230769231,0.3133554069230764,-6.1185219775,-1.853817495,0.30845356,2.3754010225,7.636435067500001,0.3133554069230764,-6.1185219775,-1.853817495,0.30845356,2.3754010225,7.636435067500001
NEW_05M,PRIMARY_CLEAN,ANALYSIS,EFFECTIVE_CONTINUATION,BUY_EFFECTIVE,30,180,910,466,443,1,51.20879120879121,0.10989010989010989,-0.0012274645714290765,-11.29163663,-4.03517827,0.07810781,4.152094225,11.276338737499998,-0.0012274645714290765,-11.29163663,-4.03517827,0.07810781,4.152094225,11.276338737499998
NEW_05M,PRIMARY_CLEAN,ANALYSIS,EFFECTIVE_CONTINUATION,BUY_EFFECTIVE,30,300,889,446,441,2,50.168728908886386,0.2249718785151856,-0.1702436124971886,-14.792526826,-4.65201971,0.03076294,5.45417113,14.656229085999993,-0.1702436124971886,-14.792526826,-4.65201971,0.03076294,5.45417113,14.656229085999993
NEW_05M,PRIMARY_CLEAN,ANALYSIS,EFFECTIVE_CONTINUATION,BUY_EFFECTIVE,30,600,854,443,411,0,51.87353629976581,0.0,-0.3346072576463708,-22.784547944,-5.753807299999999,0.42998303,7.389971300000001,22.73574644549999,-0.3346072576463708,-22.784547944,-5.753807299999999,0.42998303,7.389971300000001,22.73574644549999
NEW_05M,PRIMARY_CLEAN,ANALYSIS,EFFECTIVE_CONTINUATION,BUY_EFFECTIVE,60,60,756,412,325,19,54.4973544973545,2.513227513227513,0.39892826751322796,-5.332480905000001,-1.704626825,0.30160643,2.1338212700000003,7.23119198,0.39892826751322796,-5.332480905000001,-1.704626825,0.30160643,2.1338212700000003,7.23119198
NEW_05M,PRIMARY_CLEAN,ANALYSIS,EFFECTIVE_CONTINUATION,BUY_EFFECTIVE,60,180,739,374,363,2,50.60893098782138,0.2706359945872801,0.43315646311231387,-9.05959167,-2.79812502,0.07707034,3.829500045,11.184994512000001,0.43315646311231387,-9.05959167,-2.79812502,0.07707034,3.829500045,11.184994512000001
NEW_05M,PRIMARY_CLEAN,ANALYSIS,EFFECTIVE_CONTINUATION,BUY_EFFECTIVE,60,300,724,364,358,2,50.27624309392265,0.27624309392265195,0.34387903578729373,-10.940415287,-3.9906748175000004,0.09277644,4.5272852125,12.8626472335,0.34387903578729373,-10.940415287,-3.9906748175000004,0.09277644,4.5272852125,12.8626472335
NEW_05M,PRIMARY_CLEAN,ANALYSIS,EFFECTIVE_CONTINUATION,BUY_EFFECTIVE,60,600,699,348,351,0,49.78540772532189,0.0,0.3599621704005728,-16.723831822,-4.99539081,-0.01567401,5.943531275,22.289119613000004,0.3599621704005728,-16.723831822,-4.99539081,-0.01567401,5.943531275,22.289119613000004
NEW_05M,PRIMARY_CLEAN,ANALYSIS,EFFECTIVE_CONTINUATION,BUY_EFFECTIVE,180,60,390,209,167,14,53.58974358974359,3.58974358974359,0.22020681841025644,-5.388103319499999,-1.4902433099999999,0.20219957,1.78236449,5.525162754999982,0.22020681841025644,-5.388103319499999,-1.4902433099999999,0.20219957,1.78236449,5.525162754999982
NEW_05M,PRIMARY_CLEAN,ANALYSIS,EFFECTIVE_CONTINUATION,BUY_EFFECTIVE,180,180,384,202,181,1,52.604166666666664,0.2604166666666667,0.14013202619791656,-9.967801443499997,-2.6373395925,0.38801612,3.3497006974999994,9.197535548999987,0.14013202619791656,-9.967801443499997,-2.6373395925,0.38801612,3.3497006974999994,9.197535548999987
NEW_05M,PRIMARY_CLEAN,ANALYSIS,EFFECTIVE_CONTINUATION,BUY_EFFECTIVE,180,300,376,182,194,0,48.40425531914894,0.0,-0.29345415837765937,-11.75359894,-3.72476916,-0.17163593,3.5092454474999997,11.6303122325,-0.29345415837765937,-11.75359894,-3.72476916,-0.17163593,3.5092454474999997,11.6303122325
NEW_05M,PRIMARY_CLEAN,ANALYSIS,EFFECTIVE_CONTINUATION,BUY_EFFECTIVE,180,600,366,190,176,0,51.91256830601093,0.0,-0.36684677106557423,-19.8626948525,-4.7516329625000004,0.233947335,4.5951406325,22.65868157,-0.36684677106557423,-19.8626948525,-4.7516329625000004,0.233947335,4.5951406325,22.65868157
NEW_05M,PRIMARY_CLEAN,ANALYSIS,EFFECTIVE_CONTINUATION,BUY_EFFECTIVE,300,60,285,131,146,8,45.96491228070175,2.807017543859649,0.04098244849122795,-4.996646958,-1.44703614,-0.01558846,1.24696636,4.999439944000001,0.04098244849122795,-4.996646958,-1.44703614,-0.01558846,1.24696636,4.999439944000001
NEW_05M,PRIMARY_CLEAN,ANALYSIS,EFFECTIVE_CONTINUATION,BUY_EFFECTIVE,300,180,283,145,138,0,51.236749116607776,0.0,0.1785277774204947,-9.708883171999997,-1.7101041700000001,0.1717293,2.8193022450000003,8.911530947999998,0.1785277774204947,-9.708883171999997,-1.7101041700000001,0.1717293,2.8193022450000003,8.911530947999998
NEW_05M,PRIMARY_CLEAN,ANALYSIS,EFFECTIVE_CONTINUATION,BUY_EFFECTIVE,300,300,277,135,137,5,48.73646209386282,1.8050541516245486,-0.2815725225270759,-10.70802831,-3.28471747,0.0,2.41982193,10.653409469999996,-0.2815725225270759,-10.70802831,-3.28471747,0.0,2.41982193,10.653409469999996
NEW_05M,PRIMARY_CLEAN,ANALYSIS,EFFECTIVE_CONTINUATION,BUY_EFFECTIVE,300,600,272,134,138,0,49.26470588235294,0.0,-0.6105763113235295,-17.208109491499997,-4.8187725,-0.25777443,3.5939652,16.936018610999998,-0.6105763113235295,-17.208109491499997,-4.8187725,-0.25777443,3.5939652,16.936018610999998
NEW_05M,PRIMARY_CLEAN,ANALYSIS,EFFECTIVE_CONTINUATION,BUY_EFFECTIVE,900,60,88,32,48,8,36.36363636363637,9.090909090909092,-0.49214053715909073,-4.366919489,-1.518142175,-0.015627075,0.753079705,3.244179746499991,-0.49214053715909073,-4.366919489,-1.518142175,-0.015627075,0.753079705,3.244179746499991
NEW_05M,PRIMARY_CLEAN,ANALYSIS,EFFECTIVE_CONTINUATION,BUY_EFFECTIVE,900,180,85,38,45,2,44.705882352941174,2.3529411764705883,0.0954234558823528,-5.084480874,-1.5650821,-0.32812397,1.83928972,6.9259793059999994,0.0954234558823528,-5.084480874,-1.5650821,-0.32812397,1.83928972,6.9259793059999994
NEW_05M,PRIMARY_CLEAN,ANALYSIS,EFFECTIVE_CONTINUATION,BUY_EFFECTIVE,900,300,85,53,32,0,62.35294117647059,0.0,1.1091816909411765,-8.21895379,-1.35608226,0.71696878,2.70765609,10.583149209999998,1.1091816909411765,-8.21895379,-1.35608226,0.71696878,2.70765609,10.583149209999998
NEW_05M,PRIMARY_CLEAN,ANALYSIS,EFFECTIVE_CONTINUATION,BUY_EFFECTIVE,900,600,81,41,40,0,50.617283950617285,0.0,0.584096038271605,-10.6522628,-3.81616966,0.03115624,4.39539813,15.32256698,0.584096038271605,-10.6522628,-3.81616966,0.03115624,4.39539813,15.32256698
NEW_05M,PRIMARY_CLEAN,ANALYSIS,EFFECTIVE_CONTINUATION,BUY_EFFECTIVE,1800,60,33,13,16,4,39.39393939393939,12.121212121212121,0.13004032606060603,-2.218628168,-0.92311688,0.0,0.35331889,3.3135530919999967,0.13004032606060603,-2.218628168,-0.92311688,0.0,0.35331889,3.3135530919999967
NEW_05M,PRIMARY_CLEAN,ANALYSIS,EFFECTIVE_CONTINUATION,BUY_EFFECTIVE,1800,180,32,12,19,1,37.5,3.125,-0.52908727875,-4.394784718,-2.7413273375,-0.758566335,0.7336080925,2.2463100085,-0.52908727875,-4.394784718,-2.7413273375,-0.758566335,0.7336080925,2.2463100085
NEW_05M,PRIMARY_CLEAN,ANALYSIS,EFFECTIVE_CONTINUATION,BUY_EFFECTIVE,1800,300,32,15,17,0,46.875,0.0,-0.7835533412499999,-7.698019725,-2.8238691200000003,-0.34351015,1.413922775,2.9101695375,-0.7835533412499999,-7.698019725,-2.8238691200000003,-0.34351015,1.413922775,2.9101695375
NEW_05M,PRIMARY_CLEAN,ANALYSIS,EFFECTIVE_CONTINUATION,BUY_EFFECTIVE,1800,600,30,16,14,0,53.333333333333336,0.0,-0.0939308496666665,-5.570907291499999,-3.0469328325000005,0.522602565,3.0692714125,3.7338754565,-0.0939308496666665,-5.570907291499999,-3.0469328325000005,0.522602565,3.0692714125,3.7338754565
NEW_05M,PRIMARY_CLEAN,ANALYSIS,TRAPPED_REVERSAL,BUY_TRAPPED,30,60,187,88,99,0,47.05882352941177,0.0,0.6456115640106953,-7.84873428,-2.2570842,0.43044607,2.79711683,9.564761893999997,-0.6456115640106953,-9.564761894,-2.79711683,-0.43044607,2.2570842,7.848734279999996
NEW_05M,PRIMARY_CLEAN,ANALYSIS,TRAPPED_REVERSAL,BUY_TRAPPED,30,180,181,69,111,1,38.12154696132597,0.5524861878453039,1.6094546516022095,-11.71260316,-2.34471652,1.43758115,4.9166869,16.12137716,-1.6094546516022095,-16.12137716,-4.9166869,-1.43758115,2.34471652,11.71260316
NEW_05M,PRIMARY_CLEAN,ANALYSIS,TRAPPED_REVERSAL,BUY_TRAPPED,30,300,176,71,105,0,40.34090909090909,0.0,1.9154722646590907,-16.26811401,-3.093078105,1.7588796,7.818953405,18.7149596625,-1.9154722646590907,-18.7149596625,-7.818953405,-1.7588796,3.093078105,16.26811401
NEW_05M,PRIMARY_CLEAN,ANALYSIS,TRAPPED_REVERSAL,BUY_TRAPPED,30,600,160,82,77,1,51.25,0.625,-1.9230404819375007,-46.041306947,-7.421009805,-0.257043285,6.71838598,28.661003126999997,1.9230404819375007,-28.661003127,-6.71838598,0.257043285,7.421009805,46.041306946999995
NEW_05M,PRIMARY_CLEAN,ANALYSIS,TRAPPED_REVERSAL,BUY_TRAPPED,60,60,124,64,60,0,51.61290322580645,0.0,-0.8086851493548386,-8.630988529000001,-3.2273778475,-0.15503674,2.2085031975,4.6131063475,0.8086851493548386,-4.6131063475,-2.2085031975,0.15503674,3.2273778475,8.630988529
NEW_05M,PRIMARY_CLEAN,ANALYSIS,TRAPPED_REVERSAL,BUY_TRAPPED,60,180,121,62,59,0,51.239669421487605,0.0,-1.2792692313223137,-15.34888418,-7.15778756,-0.80303423,3.57959294,14.24949282,1.2792692313223137,-14.24949282,-3.57959294,0.80303423,7.15778756,15.34888418
NEW_05M,PRIMARY_CLEAN,ANALYSIS,TRAPPED_REVERSAL,BUY_TRAPPED,60,300,115,61,54,0,53.04347826086956,0.0,-1.7493266398260878,-32.689519937,-6.250970365000001,-0.63926457,5.3929798,17.779596242999997,1.7493266398260878,-17.779596243,-5.3929798,0.63926457,6.250970365000001,32.689519937
NEW_05M,PRIMARY_CLEAN,ANALYSIS,TRAPPED_REVERSAL,BUY_TRAPPED,60,600,106,58,47,1,54.716981132075475,0.9433962264150944,-4.321970620377358,-50.8793673725,-11.815227782500001,-0.5313571,3.9168685425,26.2702610975,4.321970620377358,-26.2702610975,-3.9168685425,0.5313571,11.815227782500001,50.8793673725
NEW_05M,PRIMARY_CLEAN,ANALYSIS,TRAPPED_REVERSAL,BUY_TRAPPED,180,60,63,28,34,1,44.44444444444444,1.5873015873015872,-0.23154075317460324,-7.3139540830000005,-1.8404603,0.19988653,2.03264607,2.8060876710000002,0.23154075317460324,-2.8060876710000002,-2.03264607,-0.19988653,1.8404603,7.313954083
NEW_05M,PRIMARY_CLEAN,ANALYSIS,TRAPPED_REVERSAL,BUY_TRAPPED,180,180,59,29,30,0,49.152542372881356,0.0,-0.7411161903389826,-12.357895547,-2.578588075,0.03112748,2.839078055,5.875707478999998,0.7411161903389826,-5.875707479,-2.839078055,-0.03112748,2.578588075,12.357895546999996
NEW_05M,PRIMARY_CLEAN,ANALYSIS,TRAPPED_REVERSAL,BUY_TRAPPED,180,300,57,29,28,0,50.87719298245614,0.0,-1.280776331754386,-13.561542236,-2.97819284,-0.26110503,2.05248133,7.377867641999973,1.280776331754386,-7.377867641999998,-2.05248133,0.26110503,2.97819284,13.561542235999987
NEW_05M,PRIMARY_CLEAN,ANALYSIS,TRAPPED_REVERSAL,BUY_TRAPPED,180,600,54,27,27,0,50.0,0.0,-2.071253798703704,-20.632967818,-6.6813146,-0.358470155,4.14879086,15.658390742499996,2.071253798703704,-15.6583907425,-4.14879086,0.358470155,6.6813146,20.632967817999997
NEW_05M,PRIMARY_CLEAN,ANALYSIS,TRAPPED_REVERSAL,BUY_TRAPPED,300,60,53,30,22,1,56.60377358490566,1.8867924528301887,-1.065384749056604,-8.576542558,-2.48705565,-0.85779344,1.22891263,3.475814356,1.065384749056604,-3.475814356,-1.22891263,0.85779344,2.48705565,8.576542558
NEW_05M,PRIMARY_CLEAN,ANALYSIS,TRAPPED_REVERSAL,BUY_TRAPPED,300,180,50,28,22,0,56.0,0.0,-2.1188639859999996,-18.440123215499995,-2.748153525,-0.70011819,1.9737190000000002,4.805073921,2.1188639859999996,-4.805073921,-1.9737190000000002,0.70011819,2.748153525,18.44012321549994
NEW_05M,PRIMARY_CLEAN,ANALYSIS,TRAPPED_REVERSAL,BUY_TRAPPED,300,300,47,27,20,0,57.4468085106383,0.0,-3.896212198510638,-35.20870333799999,-3.991641545,-1.90520214,2.17094784,6.787615722999999,3.896212198510638,-6.787615723,-2.17094784,1.90520214,3.991641545,35.20870333799988
NEW_05M,PRIMARY_CLEAN,ANALYSIS,TRAPPED_REVERSAL,BUY_TRAPPED,300,600,44,18,26,0,40.90909090909091,0.0,-2.7545306120454556,-29.7113036505,-4.9588621325,1.5354227200000001,4.346825304999999,6.809736260000001,2.7545306120454556,-6.80973626,-4.346825304999999,-1.5354227200000001,4.9588621325,29.711303650500017
NEW_05M,PRIMARY_CLEAN,ANALYSIS,TRAPPED_REVERSAL,BUY_TRAPPED,900,60,3,0,3,0,0.0,0.0,2.2736890866666664,1.1643726060000001,1.4980328699999998,1.9151082,2.8700548599999998,3.6340121879999994,-2.2736890866666664,-3.634012188,-2.8700548599999998,-1.9151082,-1.4980328699999998,-1.1643726060000001
NEW_05M,PRIMARY_CLEAN,ANALYSIS,TRAPPED_REVERSAL,BUY_TRAPPED,900,180,3,0,3,0,0.0,0.0,7.75131435,4.234852513,4.816939005,5.54454712,9.58230608,12.812513247999998,-7.75131435,-12.812513248,-9.58230608,-5.54454712,-4.816939005,-4.234852513
NEW_05M,PRIMARY_CLEAN,ANALYSIS,TRAPPED_REVERSAL,BUY_TRAPPED,900,300,3,0,3,0,0.0,0.0,12.068254556666666,4.321195746,9.29133969,15.50401962,16.563051955,17.410277823,-12.068254556666666,-17.410277823,-16.563051955,-15.50401962,-9.29133969,-4.321195746000001
NEW_05M,PRIMARY_CLEAN,ANALYSIS,TRAPPED_REVERSAL,BUY_TRAPPED,900,600,3,0,3,0,0.0,0.0,23.18501476333333,6.846650375,16.756415675,29.1436223,32.59291762,35.352353875999995,-23.18501476333333,-35.352353876,-32.59291762,-29.1436223,-16.756415675,-6.846650375000003
NEW_05M,PRIMARY_CLEAN,ANALYSIS,EFFECTIVE_CONTINUATION,SELL_EFFECTIVE,30,60,806,441,352,13,54.71464019851117,1.6129032258064515,-0.39101565204714595,-6.49232515,-2.1972540824999998,-0.232274945,1.6832235599999998,5.3830439975,0.39101565204714595,-5.3830439975,-1.6832235599999998,0.232274945,2.1972540824999998,6.49232515
NEW_05M,PRIMARY_CLEAN,ANALYSIS,EFFECTIVE_CONTINUATION,SELL_EFFECTIVE,30,180,776,433,342,1,55.79896907216495,0.12886597938144329,-1.1359275985438153,-15.722174782500002,-4.1236525425,-0.563716375,2.6677297049999997,9.0214281325,1.1359275985438153,-9.0214281325,-2.6677297049999997,0.563716375,4.1236525425,15.722174782500002
NEW_05M,PRIMARY_CLEAN,ANALYSIS,EFFECTIVE_CONTINUATION,SELL_EFFECTIVE,30,300,749,413,335,1,55.14018691588785,0.13351134846461948,-1.3878628142723632,-17.544813178,-5.70986517,-0.93626923,3.43080457,15.048702226000005,1.3878628142723632,-15.048702226000001,-3.43080457,0.93626923,5.70986517,17.544813178000002
NEW_05M,PRIMARY_CLEAN,ANALYSIS,EFFECTIVE_CONTINUATION,SELL_EFFECTIVE,30,600,714,375,338,1,52.52100840336134,0.1400560224089636,-1.0771861640616258,-20.511266732000003,-7.270380575,-0.5292357000000001,5.61993249,19.699401556000005,1.0771861640616258,-19.699401556,-5.61993249,0.5292357000000001,7.270380575,20.511266732000003
NEW_05M,PRIMARY_CLEAN,ANALYSIS,EFFECTIVE_CONTINUATION,SELL_EFFECTIVE,60,60,624,324,285,15,51.92307692307692,2.4038461538461537,-0.1189776052884616,-5.4707310865,-1.7011539975,-0.02314104,1.6846592724999998,5.2561221510000005,0.1189776052884616,-5.256122151,-1.6846592724999998,0.02314104,1.7011539975,5.4707310865000025
NEW_05M,PRIMARY_CLEAN,ANALYSIS,EFFECTIVE_CONTINUATION,SELL_EFFECTIVE,60,180,601,309,288,4,51.41430948419301,0.6655574043261231,-0.11287038763727118,-11.43023336,-2.80502286,-0.12334829,2.84040748,9.56427836,0.11287038763727118,-9.56427836,-2.84040748,0.12334829,2.80502286,11.43023336
NEW_05M,PRIMARY_CLEAN,ANALYSIS,EFFECTIVE_CONTINUATION,SELL_EFFECTIVE,60,300,588,302,283,3,51.36054421768708,0.5102040816326531,-0.6355291662585025,-14.862452852499999,-4.3008591224999995,-0.23214591,3.74243473,13.224185413499999,0.6355291662585025,-13.224185413499999,-3.74243473,0.23214591,4.3008591224999995,14.862452852499999
NEW_05M,PRIMARY_CLEAN,ANALYSIS,EFFECTIVE_CONTINUATION,SELL_EFFECTIVE,60,600,568,277,290,1,48.767605633802816,0.176056338028169,-0.16131313197183142,-18.709969232,-4.9312038075,0.3225776,5.5485743775000005,17.565745763499997,0.16131313197183142,-17.5657457635,-5.5485743775000005,-0.3225776,4.9312038075,18.709969231999988
NEW_05M,PRIMARY_CLEAN,ANALYSIS,EFFECTIVE_CONTINUATION,SELL_EFFECTIVE,180,60,357,177,157,23,49.57983193277311,6.442577030812325,-0.017700898123249324,-4.1309181399999995,-1.26966839,0.0,1.17057456,4.8616705,0.017700898123249324,-4.8616705,-1.17057456,-0.0,1.26966839,4.130918139999999
NEW_05M,PRIMARY_CLEAN,ANALYSIS,EFFECTIVE_CONTINUATION,SELL_EFFECTIVE,180,180,345,165,173,7,47.82608695652174,2.028985507246377,0.3102699227826086,-6.116186234,-2.4042879,0.01561941,2.79068317,7.555279864000006,-0.3102699227826086,-7.555279864,-2.79068317,-0.01561941,2.4042879,6.116186234000001
NEW_05M,PRIMARY_CLEAN,ANALYSIS,EFFECTIVE_CONTINUATION,SELL_EFFECTIVE,180,300,334,160,173,1,47.90419161676647,0.2994011976047904,0.04469431443113788,-8.870754046999998,-3.6270969575,0.07675370000000001,3.0583346675000005,9.624678907999968,-0.04469431443113788,-9.624678907999998,-3.0583346675000005,-0.07675370000000001,3.6270969575,8.870754046999998
NEW_05M,PRIMARY_CLEAN,ANALYSIS,EFFECTIVE_CONTINUATION,SELL_EFFECTIVE,180,600,309,142,166,1,45.954692556634306,0.32362459546925565,0.6423962164724922,-12.55024997,-2.99811088,0.52822755,3.96097658,15.595632625999999,-0.6423962164724922,-15.595632626,-3.96097658,-0.52822755,2.99811088,12.55024997
NEW_05M,PRIMARY_CLEAN,ANALYSIS,EFFECTIVE_CONTINUATION,SELL_EFFECTIVE,300,60,269,139,113,17,51.6728624535316,6.319702602230484,-0.0361488322304833,-4.097840508,-1.30515646,-0.01562649,1.0157159,4.205326513999999,0.0361488322304833,-4.205326513999999,-1.0157159,0.01562649,1.30515646,4.097840507999999
NEW_05M,PRIMARY_CLEAN,ANALYSIS,EFFECTIVE_CONTINUATION,SELL_EFFECTIVE,300,180,261,113,146,2,43.29501915708812,0.7662835249042146,0.3135694384291185,-6.62901387,-1.99979377,0.52818898,2.97867363,6.38541247,-0.3135694384291185,-6.38541247,-2.97867363,-0.52818898,1.99979377,6.62901387
NEW_05M,PRIMARY_CLEAN,ANALYSIS,EFFECTIVE_CONTINUATION,SELL_EFFECTIVE,300,300,258,130,126,2,50.3875968992248,0.7751937984496124,0.15783936383720926,-8.228053491,-2.8980493474999998,-0.046769635000000004,2.551119215,8.217639948999999,-0.15783936383720926,-8.217639949,-2.551119215,0.046769635000000004,2.8980493474999998,8.228053490999999
NEW_05M,PRIMARY_CLEAN,ANALYSIS,EFFECTIVE_CONTINUATION,SELL_EFFECTIVE,300,600,240,104,136,0,43.333333333333336,0.0,1.285240579833334,-10.422543187,-2.3056080325,0.9886744599999999,4.68640763,13.435354859999997,-1.285240579833334,-13.435354859999999,-4.68640763,-0.9886744599999999,2.3056080325,10.422543187
NEW_05M,PRIMARY_CLEAN,ANALYSIS,EFFECTIVE_CONTINUATION,SELL_EFFECTIVE,900,60,109,54,49,6,49.54128440366973,5.504587155963303,-0.023399476422018325,-5.126401006,-1.53624038,0.0,1.25023442,5.28644686,0.023399476422018325,-5.28644686,-1.25023442,-0.0,1.53624038,5.1264010059999965
NEW_05M,PRIMARY_CLEAN,ANALYSIS,EFFECTIVE_CONTINUATION,SELL_EFFECTIVE,900,180,105,48,55,2,45.714285714285715,1.9047619047619047,0.04901356676190493,-9.8674516,-3.06227511,0.04686387,2.97867363,8.610884821999996,-0.04901356676190493,-8.610884822,-2.97867363,-0.04686387,3.06227511,9.867451599999997
NEW_05M,PRIMARY_CLEAN,ANALYSIS,EFFECTIVE_CONTINUATION,SELL_EFFECTIVE,900,300,104,39,65,0,37.5,0.0,-0.5311601988461537,-18.0517041345,-2.160751535,1.11623237,3.3643959225,7.566487155499997,0.5311601988461537,-7.5664871555,-3.3643959225,-1.11623237,2.160751535,18.051704134499996
NEW_05M,PRIMARY_CLEAN,ANALYSIS,EFFECTIVE_CONTINUATION,SELL_EFFECTIVE,900,600,102,55,47,0,53.92156862745098,0.0,-1.7314177304901972,-15.370722018,-5.121319425,-0.093657675,3.28104861,7.664753602999999,1.7314177304901972,-7.664753602999999,-3.28104861,0.093657675,5.121319425,15.370722017999999
NEW_05M,PRIMARY_CLEAN,ANALYSIS,EFFECTIVE_CONTINUATION,SELL_EFFECTIVE,1800,60,34,16,16,2,47.05882352941177,5.882352941176471,0.236873653235294,-2.150299877,-0.6720601625,0.0,1.051876395,3.551713853,-0.236873653235294,-3.551713853,-1.051876395,-0.0,0.6720601625,2.1502998769999997
NEW_05M,PRIMARY_CLEAN,ANALYSIS,EFFECTIVE_CONTINUATION,SELL_EFFECTIVE,1800,180,34,17,17,0,50.0,0.0,0.11037655411764702,-4.3938619215,-1.8818963924999998,-0.140161885,2.0115963449999996,5.4737737444999945,-0.11037655411764702,-5.473773744499999,-2.0115963449999996,0.140161885,1.8818963924999998,4.393861921499999
NEW_05M,PRIMARY_CLEAN,ANALYSIS,EFFECTIVE_CONTINUATION,SELL_EFFECTIVE,1800,300,34,16,18,0,47.05882352941177,0.0,0.10635155764705898,-6.063755926499999,-2.03774464,0.26543632500000003,2.4406073875,4.440717224999999,-0.10635155764705898,-4.440717225,-2.4406073875,-0.26543632500000003,2.03774464,6.063755926499992
NEW_05M,PRIMARY_CLEAN,ANALYSIS,EFFECTIVE_CONTINUATION,SELL_EFFECTIVE,1800,600,34,15,19,0,44.11764705882353,0.0,-0.452586924117647,-9.728656589,-3.6981695575,0.445089405,3.13106455,7.365878541000001,0.452586924117647,-7.365878541000001,-3.13106455,-0.445089405,3.6981695575,9.728656588999982
NEW_05M,PRIMARY_CLEAN,ANALYSIS,TRAPPED_REVERSAL,SELL_TRAPPED,30,60,117,66,49,2,56.41025641025641,1.7094017094017093,0.5042660096581194,-4.046827124,-1.32448061,0.48220508,2.15919528,5.093818001999996,0.5042660096581194,-4.046827124,-1.32448061,0.48220508,2.15919528,5.093818001999996
NEW_05M,PRIMARY_CLEAN,ANALYSIS,TRAPPED_REVERSAL,SELL_TRAPPED,30,180,110,53,57,0,48.18181818181818,0.0,1.1693726395454533,-8.059586896499999,-2.667142635,-0.15454469,4.138961045,14.835851899499989,1.1693726395454533,-8.059586896499999,-2.667142635,-0.15454469,4.138961045,14.835851899499989
NEW_05M,PRIMARY_CLEAN,ANALYSIS,TRAPPED_REVERSAL,SELL_TRAPPED,30,300,103,51,51,1,49.51456310679612,0.970873786407767,2.027979667378641,-7.747732349,-3.145715065,0.0,4.83442418,17.878134120999995,2.027979667378641,-7.747732349,-3.145715065,0.0,4.83442418,17.878134120999995
NEW_05M,PRIMARY_CLEAN,ANALYSIS,TRAPPED_REVERSAL,SELL_TRAPPED,30,600,92,56,36,0,60.869565217391305,0.0,3.178250980217391,-12.8103541825,-5.516886212499999,1.761320485,9.086958962499999,23.367461364000004,3.178250980217391,-12.8103541825,-5.516886212499999,1.761320485,9.086958962499999,23.367461364000004
NEW_05M,PRIMARY_CLEAN,ANALYSIS,TRAPPED_REVERSAL,SELL_TRAPPED,60,60,123,66,52,5,53.65853658536585,4.065040650406504,0.25717021666666645,-3.921843353,-1.068912185,0.07692343,1.3010192,4.65953921299999,0.25717021666666645,-3.921843353,-1.068912185,0.07692343,1.3010192,4.65953921299999
NEW_05M,PRIMARY_CLEAN,ANALYSIS,TRAPPED_REVERSAL,SELL_TRAPPED,60,180,114,49,65,0,42.98245614035088,0.0,0.5137470605263158,-6.6547058335,-2.54156155,-0.72590368,2.207259195,12.048163393999998,0.5137470605263158,-6.6547058335,-2.54156155,-0.72590368,2.207259195,12.048163393999998
NEW_05M,PRIMARY_CLEAN,ANALYSIS,TRAPPED_REVERSAL,SELL_TRAPPED,60,300,113,50,63,0,44.24778761061947,0.0,0.7376375795575218,-9.107668002,-3.00766187,-0.95105052,3.14161166,14.725373091999987,0.7376375795575218,-9.107668002,-3.00766187,-0.95105052,3.14161166,14.725373091999987
NEW_05M,PRIMARY_CLEAN,ANALYSIS,TRAPPED_REVERSAL,SELL_TRAPPED,60,600,102,58,44,0,56.86274509803921,0.0,2.1013269724509818,-11.018364714499999,-4.07717449,0.56229518,6.0418902525,20.794845216499965,2.1013269724509818,-11.018364714499999,-4.07717449,0.56229518,6.0418902525,20.794845216499965
NEW_05M,PRIMARY_CLEAN,ANALYSIS,TRAPPED_REVERSAL,SELL_TRAPPED,180,60,91,38,43,10,41.75824175824176,10.989010989010989,-0.17016819956043958,-4.21703724,-1.8624135800000001,0.0,0.968061435,3.5228634000000003,-0.17016819956043958,-4.21703724,-1.8624135800000001,0.0,0.968061435,3.5228634000000003
NEW_05M,PRIMARY_CLEAN,ANALYSIS,TRAPPED_REVERSAL,SELL_TRAPPED,180,180,91,37,54,0,40.65934065934066,0.0,-1.0384702403296702,-6.601594505,-4.336097305,-1.93761793,1.58518206,6.843768369999999,-1.0384702403296702,-6.601594505,-4.336097305,-1.93761793,1.58518206,6.843768369999999
NEW_05M,PRIMARY_CLEAN,ANALYSIS,TRAPPED_REVERSAL,SELL_TRAPPED,180,300,89,42,47,0,47.19101123595506,0.0,-0.5806920592134832,-8.789635348,-3.25567484,-0.01559778,2.16679319,9.350731235999975,-0.5806920592134832,-8.789635348,-3.25567484,-0.01559778,2.16679319,9.350731235999975
NEW_05M,PRIMARY_CLEAN,ANALYSIS,TRAPPED_REVERSAL,SELL_TRAPPED,180,600,81,36,45,0,44.44444444444444,0.0,0.3951941091358027,-12.71873013,-4.05392974,-0.34391282,4.89610588,13.42798034,0.3951941091358027,-12.71873013,-4.05392974,-0.34391282,4.89610588,13.42798034
NEW_05M,PRIMARY_CLEAN,ANALYSIS,TRAPPED_REVERSAL,SELL_TRAPPED,300,60,49,29,18,2,59.183673469387756,4.081632653061225,0.2757203069387755,-2.285672942,-0.1230951,0.3431618,1.23076348,2.5858579859999997,0.2757203069387755,-2.285672942,-0.1230951,0.3431618,1.23076348,2.5858579859999997
NEW_05M,PRIMARY_CLEAN,ANALYSIS,TRAPPED_REVERSAL,SELL_TRAPPED,300,180,48,23,24,1,47.916666666666664,2.0833333333333335,0.40814961541666683,-4.852225038,-1.5324656625000002,-0.00779252,2.2012037424999997,6.4745594215,0.40814961541666683,-4.852225038,-1.5324656625000002,-0.00779252,2.2012037424999997,6.4745594215
NEW_05M,PRIMARY_CLEAN,ANALYSIS,TRAPPED_REVERSAL,SELL_TRAPPED,300,300,45,29,16,0,64.44444444444444,0.0,1.2420192520000002,-4.277835902,-0.93547411,0.82573167,3.3975385,6.13823811,1.2420192520000002,-4.277835902,-0.93547411,0.82573167,3.3975385,6.13823811
NEW_05M,PRIMARY_CLEAN,ANALYSIS,TRAPPED_REVERSAL,SELL_TRAPPED,300,600,44,18,26,0,40.90909090909091,0.0,-0.20631587318181818,-5.100092453,-3.8326513225000003,-1.030663005,1.9132638799999997,7.352365376000001,-0.20631587318181818,-5.100092453,-3.8326513225000003,-1.030663005,1.9132638799999997,7.352365376000001
NEW_05M,PRIMARY_CLEAN,ANALYSIS,TRAPPED_REVERSAL,SELL_TRAPPED,900,60,26,14,11,1,53.84615384615385,3.8461538461538463,-0.2828733353846153,-3.46519896,-1.847610515,0.17919456,0.647090815,3.2596158825,-0.2828733353846153,-3.46519896,-1.847610515,0.17919456,0.647090815,3.2596158825
NEW_05M,PRIMARY_CLEAN,ANALYSIS,TRAPPED_REVERSAL,SELL_TRAPPED,900,180,26,11,15,0,42.30769230769231,0.0,-1.4690973173076929,-7.4006812225,-4.1201863475,-1.35547352,1.1775357174999999,3.7380961375000004,-1.4690973173076929,-7.4006812225,-4.1201863475,-1.35547352,1.1775357174999999,3.7380961375000004
NEW_05M,PRIMARY_CLEAN,ANALYSIS,TRAPPED_REVERSAL,SELL_TRAPPED,900,300,26,14,12,0,53.84615384615385,0.0,-0.23617534499999995,-6.145800045,-1.39505335,0.14811014,1.512177965,4.10614443,-0.23617534499999995,-6.145800045,-1.39505335,0.14811014,1.512177965,4.10614443
NEW_05M,PRIMARY_CLEAN,ANALYSIS,TRAPPED_REVERSAL,SELL_TRAPPED,900,600,26,10,16,0,38.46153846153846,0.0,-1.7635043638461536,-6.5226461874999995,-4.86820392,-3.89612666,1.9881133725,4.6606845075,-1.7635043638461536,-6.5226461874999995,-4.86820392,-3.89612666,1.9881133725,4.6606845075
NEW_05M,PRIMARY_CLEAN,ANALYSIS,TRAPPED_REVERSAL,SELL_TRAPPED,1800,60,25,8,16,1,32.0,4.0,-1.2533617419999998,-3.7539164059999997,-2.97805129,-2.05831904,0.32737153,2.5104466579999976,-1.2533617419999998,-3.7539164059999997,-2.97805129,-2.05831904,0.32737153,2.5104466579999976
NEW_05M,PRIMARY_CLEAN,ANALYSIS,TRAPPED_REVERSAL,SELL_TRAPPED,1800,180,25,4,21,0,16.0,0.0,-2.9703916583999996,-5.356950545999999,-4.3661313,-3.55552229,-2.1675095,1.8201090259999968,-2.9703916583999996,-5.356950545999999,-4.3661313,-3.55552229,-2.1675095,1.8201090259999968
NEW_05M,PRIMARY_CLEAN,ANALYSIS,TRAPPED_REVERSAL,SELL_TRAPPED,1800,300,25,8,16,1,32.0,4.0,-1.4536532008,-5.90205196,-3.66449448,-0.70157386,0.17151081,1.0943215859999982,-1.4536532008,-5.90205196,-3.66449448,-0.70157386,0.17151081,1.0943215859999982
NEW_05M,PRIMARY_CLEAN,ANALYSIS,TRAPPED_REVERSAL,SELL_TRAPPED,1800,600,25,4,21,0,16.0,0.0,-3.4627896284000004,-7.735185856,-5.00456023,-3.30575935,-1.82394133,0.539479683999999,-3.4627896284000004,-7.735185856,-5.00456023,-3.30575935,-1.82394133,0.539479683999999
NEW_05M,PRIMARY_CLEAN,ENTRY_PROBE,STALLED_PRESSURE_PROBE,BUY_STALLED,30,60,1695,834,750,111,49.203539823008846,6.548672566371682,-0.061390209994100275,-5.418449866,-1.415625515,0.0,1.37613148,4.918437294,-0.061390209994100275,-5.418449866,-1.415625515,0.0,1.37613148,4.918437294
NEW_05M,PRIMARY_CLEAN,ENTRY_PROBE,STALLED_PRESSURE_PROBE,BUY_STALLED,30,180,1677,835,827,15,49.79129397734049,0.8944543828264758,-0.034965095575432356,-9.070400165999999,-2.27384813,0.0,2.62381928,8.678576947999996,-0.034965095575432356,-9.070400165999999,-2.27384813,0.0,2.62381928,8.678576947999996
NEW_05M,PRIMARY_CLEAN,ENTRY_PROBE,STALLED_PRESSURE_PROBE,BUY_STALLED,30,300,1652,877,769,6,53.087167070217916,0.36319612590799033,0.06350503230024193,-10.5807855025,-2.76792531,0.32496591500000005,3.04714522,11.620031985999997,0.06350503230024193,-10.5807855025,-2.76792531,0.32496591500000005,3.04714522,11.620031985999997
NEW_05M,PRIMARY_CLEAN,ENTRY_PROBE,STALLED_PRESSURE_PROBE,BUY_STALLED,30,600,1595,813,781,1,50.9717868338558,0.06269592476489028,-0.4720315302695916,-18.675905217,-3.942273445,0.16885098,4.1501212899999995,15.937757416,-0.4720315302695916,-18.675905217,-3.942273445,0.16885098,4.1501212899999995,15.937757416
NEW_05M,PRIMARY_CLEAN,ENTRY_PROBE,STALLED_PRESSURE_PROBE,BUY_STALLED,60,60,840,404,378,58,48.095238095238095,6.904761904761905,-0.1846346528690477,-6.6678541854999995,-1.4642057725,0.0,1.414871115,4.573645454999998,-0.1846346528690477,-6.6678541854999995,-1.4642057725,0.0,1.414871115,4.573645454999998
NEW_05M,PRIMARY_CLEAN,ENTRY_PROBE,STALLED_PRESSURE_PROBE,BUY_STALLED,60,180,829,415,409,5,50.06031363088058,0.6031363088057901,-0.2362084185524731,-9.709041608,-2.29047883,0.0156157,2.35084584,8.648698023999998,-0.2362084185524731,-9.709041608,-2.29047883,0.0156157,2.35084584,8.648698023999998
NEW_05M,PRIMARY_CLEAN,ENTRY_PROBE,STALLED_PRESSURE_PROBE,BUY_STALLED,60,300,813,416,391,6,51.168511685116854,0.7380073800738007,-0.19496845655596434,-11.674688671999998,-2.4844219,0.12284805,3.05422972,11.364427909999996,-0.19496845655596434,-11.674688671999998,-2.4844219,0.12284805,3.05422972,11.364427909999996
NEW_05M,PRIMARY_CLEAN,ENTRY_PROBE,STALLED_PRESSURE_PROBE,BUY_STALLED,60,600,786,397,388,1,50.5089058524173,0.1272264631043257,-0.9480088205852415,-20.5200968,-3.8986887475,0.15475975,4.2684971275,14.421538327499999,-0.9480088205852415,-20.5200968,-3.8986887475,0.15475975,4.2684971275,14.421538327499999
NEW_05M,PRIMARY_CLEAN,ENTRY_PROBE,STALLED_PRESSURE_PROBE,BUY_STALLED,180,60,217,106,92,19,48.8479262672811,8.755760368663594,-0.10072673027649783,-5.627719111999999,-1.08147526,0.0,1.18130002,4.039857493999998,-0.10072673027649783,-5.627719111999999,-1.08147526,0.0,1.18130002,4.039857493999998
NEW_05M,PRIMARY_CLEAN,ENTRY_PROBE,STALLED_PRESSURE_PROBE,BUY_STALLED,180,180,216,109,107,0,50.46296296296296,0.0,-0.06097306634259301,-10.1013862925,-1.8459629025,0.04654696,2.3152321975,7.3978043824999995,-0.06097306634259301,-10.1013862925,-1.8459629025,0.04654696,2.3152321975,7.3978043824999995
NEW_05M,PRIMARY_CLEAN,ENTRY_PROBE,STALLED_PRESSURE_PROBE,BUY_STALLED,180,300,212,109,102,1,51.41509433962264,0.4716981132075472,-0.5828936466981136,-8.838364227,-2.7307984425000003,0.031223195000000002,1.9226425574999997,9.15374829349999,-0.5828936466981136,-8.838364227,-2.7307984425000003,0.031223195000000002,1.9226425574999997,9.15374829349999
NEW_05M,PRIMARY_CLEAN,ENTRY_PROBE,STALLED_PRESSURE_PROBE,BUY_STALLED,180,600,202,96,105,1,47.524752475247524,0.49504950495049505,-1.459853306386139,-19.1234208505,-4.6883123475,-0.48353643,3.0132845274999998,14.043053247499968,-1.459853306386139,-19.1234208505,-4.6883123475,-0.48353643,3.0132845274999998,14.043053247499968
NEW_05M,PRIMARY_CLEAN,ENTRY_PROBE,STALLED_PRESSURE_PROBE,BUY_STALLED,300,60,141,70,68,3,49.645390070921984,2.127659574468085,-0.21215012113475182,-3.8696006,-1.35855138,0.0,1.26228979,2.86976807,-0.21215012113475182,-3.8696006,-1.35855138,0.0,1.26228979,2.86976807
NEW_05M,PRIMARY_CLEAN,ENTRY_PROBE,STALLED_PRESSURE_PROBE,BUY_STALLED,300,180,138,66,68,4,47.82608695652174,2.898550724637681,0.02836428492753614,-6.581010229,-1.9556338475000001,0.0,2.588439695,4.989756331000008,0.02836428492753614,-6.581010229,-1.9556338475000001,0.0,2.588439695,4.989756331000008
NEW_05M,PRIMARY_CLEAN,ENTRY_PROBE,STALLED_PRESSURE_PROBE,BUY_STALLED,300,300,133,62,69,2,46.61654135338346,1.5037593984962405,-0.5738852233082709,-7.1585131,-3.08594829,-0.13824864,1.87510254,7.581840473999995,-0.5738852233082709,-7.1585131,-3.08594829,-0.13824864,1.87510254,7.581840473999995
NEW_05M,PRIMARY_CLEAN,ENTRY_PROBE,STALLED_PRESSURE_PROBE,BUY_STALLED,300,600,126,67,59,0,53.17460317460318,0.0,-0.5069716234920638,-18.2747241225,-3.617677835,0.5535213649999999,3.7547691725,11.229467227499999,-0.5069716234920638,-18.2747241225,-3.617677835,0.5535213649999999,3.7547691725,11.229467227499999
NEW_05M,PRIMARY_CLEAN,ENTRY_PROBE,STALLED_PRESSURE_PROBE,BUY_STALLED,900,60,13,11,2,0,84.61538461538461,0.0,1.0850354292307691,-2.190825596,0.01561941,0.92154382,2.06583762,4.466862127999993,1.0850354292307691,-2.190825596,0.01561941,0.92154382,2.06583762,4.466862127999993
NEW_05M,PRIMARY_CLEAN,ENTRY_PROBE,STALLED_PRESSURE_PROBE,BUY_STALLED,900,180,13,13,0,0,100.0,0.0,4.263796025384615,1.00539214,1.24955289,3.53684817,4.67943521,11.142699437999998,4.263796025384615,1.00539214,1.24955289,3.53684817,4.67943521,11.142699437999998
NEW_05M,PRIMARY_CLEAN,ENTRY_PROBE,STALLED_PRESSURE_PROBE,BUY_STALLED,900,300,13,13,0,0,100.0,0.0,4.673167818461537,1.233932712,1.24955289,2.14408904,4.00553891,15.095720503999999,4.673167818461537,1.233932712,1.24955289,2.14408904,4.00553891,15.095720503999999
NEW_05M,PRIMARY_CLEAN,ENTRY_PROBE,STALLED_PRESSURE_PROBE,BUY_STALLED,900,600,11,11,0,0,100.0,0.0,10.93944058727273,4.145444925,4.232860430000001,4.99227684,8.38721736,35.901817405,10.93944058727273,4.145444925,4.232860430000001,4.99227684,8.38721736,35.901817405
NEW_05M,PRIMARY_CLEAN,ENTRY_PROBE,STALLED_REVERSAL_PROBE,BUY_STALLED,30,60,1695,750,834,111,44.24778761061947,6.548672566371682,-0.061390209994100275,-5.418449866,-1.415625515,0.0,1.37613148,4.918437294,0.061390209994100275,-4.918437294,-1.37613148,-0.0,1.415625515,5.418449865999998
NEW_05M,PRIMARY_CLEAN,ENTRY_PROBE,STALLED_REVERSAL_PROBE,BUY_STALLED,30,180,1677,827,835,15,49.31425163983304,0.8944543828264758,-0.03496509557543236,-9.070400165999999,-2.27384813,0.0,2.62381928,8.678576947999996,0.03496509557543236,-8.678576948,-2.62381928,-0.0,2.27384813,9.070400165999995
NEW_05M,PRIMARY_CLEAN,ENTRY_PROBE,STALLED_REVERSAL_PROBE,BUY_STALLED,30,300,1652,769,877,6,46.549636803874094,0.36319612590799033,0.0635050323002419,-10.5807855025,-2.76792531,0.32496591500000005,3.04714522,11.620031985999997,-0.0635050323002419,-11.620031986,-3.04714522,-0.32496591500000005,2.76792531,10.580785502499984
NEW_05M,PRIMARY_CLEAN,ENTRY_PROBE,STALLED_REVERSAL_PROBE,BUY_STALLED,30,600,1595,781,813,1,48.96551724137931,0.06269592476489028,-0.4720315302695916,-18.675905217,-3.942273445,0.16885098,4.1501212899999995,15.937757416,0.4720315302695916,-15.937757416,-4.1501212899999995,-0.16885098,3.942273445,18.675905216999983
NEW_05M,PRIMARY_CLEAN,ENTRY_PROBE,STALLED_REVERSAL_PROBE,BUY_STALLED,60,60,840,378,404,58,45.0,6.904761904761905,-0.18463465286904773,-6.6678541854999995,-1.4642057725,0.0,1.414871115,4.573645454999998,0.18463465286904773,-4.573645454999999,-1.414871115,-0.0,1.4642057725,6.667854185499994
NEW_05M,PRIMARY_CLEAN,ENTRY_PROBE,STALLED_REVERSAL_PROBE,BUY_STALLED,60,180,829,409,415,5,49.336550060313634,0.6031363088057901,-0.23620841855247315,-9.709041608,-2.29047883,0.0156157,2.35084584,8.648698023999998,0.23620841855247315,-8.648698024,-2.35084584,-0.0156157,2.29047883,9.709041607999982
NEW_05M,PRIMARY_CLEAN,ENTRY_PROBE,STALLED_REVERSAL_PROBE,BUY_STALLED,60,300,813,391,416,6,48.09348093480935,0.7380073800738007,-0.19496845655596434,-11.674688671999998,-2.4844219,0.12284805,3.05422972,11.364427909999996,0.19496845655596434,-11.36442791,-3.05422972,-0.12284805,2.4844219,11.674688671999988
NEW_05M,PRIMARY_CLEAN,ENTRY_PROBE,STALLED_REVERSAL_PROBE,BUY_STALLED,60,600,786,388,397,1,49.36386768447837,0.1272264631043257,-0.9480088205852415,-20.5200968,-3.8986887475,0.15475975,4.2684971275,14.421538327499999,0.9480088205852415,-14.421538327499999,-4.2684971275,-0.15475975,3.8986887475,20.5200968
NEW_05M,PRIMARY_CLEAN,ENTRY_PROBE,STALLED_REVERSAL_PROBE,BUY_STALLED,180,60,217,92,106,19,42.3963133640553,8.755760368663594,-0.10072673027649783,-5.627719111999999,-1.08147526,0.0,1.18130002,4.039857493999998,0.10072673027649783,-4.039857494,-1.18130002,-0.0,1.08147526,5.6277191119999905
NEW_05M,PRIMARY_CLEAN,ENTRY_PROBE,STALLED_REVERSAL_PROBE,BUY_STALLED,180,180,216,107,109,0,49.53703703703704,0.0,-0.06097306634259301,-10.1013862925,-1.8459629025,0.04654696,2.3152321975,7.3978043824999995,0.06097306634259301,-7.3978043824999995,-2.3152321975,-0.04654696,1.8459629025,10.1013862925
NEW_05M,PRIMARY_CLEAN,ENTRY_PROBE,STALLED_REVERSAL_PROBE,BUY_STALLED,180,300,212,102,109,1,48.113207547169814,0.4716981132075472,-0.5828936466981136,-8.838364227,-2.7307984425000003,0.031223195000000002,1.9226425574999997,9.15374829349999,0.5828936466981136,-9.153748293499998,-1.9226425574999997,-0.031223195000000002,2.7307984425000003,8.838364227
NEW_05M,PRIMARY_CLEAN,ENTRY_PROBE,STALLED_REVERSAL_PROBE,BUY_STALLED,180,600,202,105,96,1,51.98019801980198,0.49504950495049505,-1.459853306386139,-19.1234208505,-4.6883123475,-0.48353643,3.0132845274999998,14.043053247499968,1.459853306386139,-14.043053247499998,-3.0132845274999998,0.48353643,4.6883123475,19.123420850499997
NEW_05M,PRIMARY_CLEAN,ENTRY_PROBE,STALLED_REVERSAL_PROBE,BUY_STALLED,300,60,141,68,70,3,48.226950354609926,2.127659574468085,-0.21215012113475182,-3.8696006,-1.35855138,0.0,1.26228979,2.86976807,0.21215012113475182,-2.86976807,-1.26228979,-0.0,1.35855138,3.8696006
NEW_05M,PRIMARY_CLEAN,ENTRY_PROBE,STALLED_REVERSAL_PROBE,BUY_STALLED,300,180,138,68,66,4,49.27536231884058,2.898550724637681,0.02836428492753614,-6.581010229,-1.9556338475000001,0.0,2.588439695,4.989756331000008,-0.02836428492753614,-4.989756330999999,-2.588439695,-0.0,1.9556338475000001,6.581010229000001
NEW_05M,PRIMARY_CLEAN,ENTRY_PROBE,STALLED_REVERSAL_PROBE,BUY_STALLED,300,300,133,69,62,2,51.8796992481203,1.5037593984962405,-0.5738852233082709,-7.1585131,-3.08594829,-0.13824864,1.87510254,7.581840473999995,0.5738852233082709,-7.581840474,-1.87510254,0.13824864,3.08594829,7.158513099999997
NEW_05M,PRIMARY_CLEAN,ENTRY_PROBE,STALLED_REVERSAL_PROBE,BUY_STALLED,300,600,126,59,67,0,46.82539682539682,0.0,-0.5069716234920638,-18.2747241225,-3.617677835,0.5535213649999999,3.7547691725,11.229467227499999,0.5069716234920638,-11.229467227499999,-3.7547691725,-0.5535213649999999,3.617677835,18.2747241225
NEW_05M,PRIMARY_CLEAN,ENTRY_PROBE,STALLED_REVERSAL_PROBE,BUY_STALLED,900,60,13,2,11,0,15.384615384615385,0.0,1.0850354292307691,-2.190825596,0.01561941,0.92154382,2.06583762,4.466862127999993,-1.0850354292307691,-4.466862128,-2.06583762,-0.92154382,-0.01561941,2.1908255959999954
NEW_05M,PRIMARY_CLEAN,ENTRY_PROBE,STALLED_REVERSAL_PROBE,BUY_STALLED,900,180,13,0,13,0,0.0,0.0,4.263796025384615,1.00539214,1.24955289,3.53684817,4.67943521,11.142699437999998,-4.263796025384615,-11.142699438,-4.67943521,-3.53684817,-1.24955289,-1.0053921400000008
NEW_05M,PRIMARY_CLEAN,ENTRY_PROBE,STALLED_REVERSAL_PROBE,BUY_STALLED,900,300,13,0,13,0,0.0,0.0,4.673167818461537,1.233932712,1.24955289,2.14408904,4.00553891,15.095720503999999,-4.673167818461537,-15.095720503999999,-4.00553891,-2.14408904,-1.24955289,-1.233932712
NEW_05M,PRIMARY_CLEAN,ENTRY_PROBE,STALLED_REVERSAL_PROBE,BUY_STALLED,900,600,11,0,11,0,0.0,0.0,10.93944058727273,4.145444925,4.232860430000001,4.99227684,8.38721736,35.901817405,-10.93944058727273,-35.901817405,-8.38721736,-4.99227684,-4.232860430000001,-4.145444925
NEW_05M,PRIMARY_CLEAN,ENTRY_PROBE,STALLED_PRESSURE_PROBE,SELL_STALLED,30,60,1741,788,766,187,45.261344055140725,10.74095347501436,-0.03860551536473289,-3.98003858,-1.01374547,0.0,1.07532747,3.86304208,0.03860551536473289,-3.86304208,-1.07532747,-0.0,1.01374547,3.98003858
NEW_05M,PRIMARY_CLEAN,ENTRY_PROBE,STALLED_PRESSURE_PROBE,SELL_STALLED,30,180,1703,837,826,40,49.14856136230182,2.348796241926013,-0.05843011990017594,-6.2523614059999995,-2.23527391,0.0,2.10901251,6.685147430999996,0.05843011990017594,-6.685147431,-2.10901251,-0.0,2.23527391,6.252361405999996
NEW_05M,PRIMARY_CLEAN,ENTRY_PROBE,STALLED_PRESSURE_PROBE,SELL_STALLED,30,300,1674,802,860,12,47.909199522102746,0.7168458781362007,-0.0032331851194742404,-9.042546072499999,-2.730197585,0.084907715,2.9573831925,7.945677951499996,0.0032331851194742404,-7.9456779515000004,-2.9573831925,-0.084907715,2.730197585,9.042546072499992
NEW_05M,PRIMARY_CLEAN,ENTRY_PROBE,STALLED_PRESSURE_PROBE,SELL_STALLED,30,600,1592,718,865,9,45.10050251256281,0.5653266331658291,0.4871836526758797,-12.156175694499998,-2.97587812,0.55372392,4.0154055025,13.884791976499994,-0.4871836526758797,-13.8847919765,-4.0154055025,-0.55372392,2.97587812,12.156175694499971
NEW_05M,PRIMARY_CLEAN,ENTRY_PROBE,STALLED_PRESSURE_PROBE,SELL_STALLED,60,60,852,393,378,81,46.12676056338028,9.507042253521126,-0.05180927384976533,-3.327891787,-1.0939319075,0.0,0.983371465,3.4450184899999945,0.05180927384976533,-3.44501849,-0.983371465,-0.0,1.0939319075,3.3278917869999987
NEW_05M,PRIMARY_CLEAN,ENTRY_PROBE,STALLED_PRESSURE_PROBE,SELL_STALLED,60,180,831,415,402,14,49.93983152827918,1.6847172081829123,-0.013877653381468064,-6.201492334999999,-2.033454275,0.0,2.0617504799999997,6.2852669,0.013877653381468064,-6.2852669,-2.0617504799999997,-0.0,2.033454275,6.201492334999999
NEW_05M,PRIMARY_CLEAN,ENTRY_PROBE,STALLED_PRESSURE_PROBE,SELL_STALLED,60,300,818,409,405,4,50.0,0.4889975550122249,0.04061889430317848,-7.47429891,-2.7272780825000003,-0.007800555,2.745557915,7.9853623455,-0.04061889430317848,-7.9853623455,-2.745557915,0.007800555,2.7272780825000003,7.474298909999997
NEW_05M,PRIMARY_CLEAN,ENTRY_PROBE,STALLED_PRESSURE_PROBE,SELL_STALLED,60,600,771,333,435,3,43.190661478599225,0.38910505836575876,0.6072392615953303,-11.20262618,-2.840013495,0.93736379,4.02144246,12.450044105,-0.6072392615953303,-12.450044105,-4.02144246,-0.93736379,2.840013495,11.20262618
NEW_05M,PRIMARY_CLEAN,ENTRY_PROBE,STALLED_PRESSURE_PROBE,SELL_STALLED,180,60,272,104,139,29,38.23529411764706,10.661764705882353,0.30858831202205894,-3.393048319,-0.6943549925,0.015584575,1.1909823225,4.123783780499999,-0.30858831202205894,-4.1237837805,-1.1909823225,-0.015584575,0.6943549925,3.3930483189999996
NEW_05M,PRIMARY_CLEAN,ENTRY_PROBE,STALLED_PRESSURE_PROBE,SELL_STALLED,180,180,270,132,137,1,48.888888888888886,0.37037037037037035,0.16097700496296286,-5.8238394015,-2.2216557349999997,0.08553886000000001,2.3364147775,5.693210819999997,-0.16097700496296286,-5.69321082,-2.3364147775,-0.08553886000000001,2.2216557349999997,5.823839401499999
NEW_05M,PRIMARY_CLEAN,ENTRY_PROBE,STALLED_PRESSURE_PROBE,SELL_STALLED,180,300,266,109,157,0,40.97744360902256,0.0,0.7057233501503757,-6.151660965,-1.7426110725,0.7411746050000001,3.5232639925,7.231287255,-0.7057233501503757,-7.231287255,-3.5232639925,-0.7411746050000001,1.7426110725,6.151660965
NEW_05M,PRIMARY_CLEAN,ENTRY_PROBE,STALLED_PRESSURE_PROBE,SELL_STALLED,180,600,253,105,147,1,41.50197628458498,0.3952569169960474,1.0245006906324112,-10.8085796,-1.79243592,0.70163512,4.07372665,12.80774353599999,-1.0245006906324112,-12.807743536,-4.07372665,-0.70163512,1.79243592,10.8085796
NEW_05M,PRIMARY_CLEAN,ENTRY_PROBE,STALLED_PRESSURE_PROBE,SELL_STALLED,300,60,163,76,79,8,46.625766871165645,4.9079754601226995,-0.001983609570552085,-2.8798086179999998,-1.2227914599999998,0.0,1.00068183,2.7795600220000023,0.001983609570552085,-2.779560022,-1.00068183,-0.0,1.2227914599999998,2.879808618
NEW_05M,PRIMARY_CLEAN,ENTRY_PROBE,STALLED_PRESSURE_PROBE,SELL_STALLED,300,180,158,77,77,4,48.734177215189874,2.5316455696202533,0.28067565253164567,-4.7804448745,-2.100555195,0.0,2.3121983575,6.1725755405000005,-0.28067565253164567,-6.1725755405000005,-2.3121983575,-0.0,2.100555195,4.7804448745000006
NEW_05M,PRIMARY_CLEAN,ENTRY_PROBE,STALLED_PRESSURE_PROBE,SELL_STALLED,300,300,156,66,88,2,42.30769230769231,1.2820512820512822,0.8507680653205125,-4.0331491999999995,-1.4367629875,0.218527425,2.925620265,6.32996184,-0.8507680653205125,-6.32996184,-2.925620265,-0.218527425,1.4367629875,4.0331491999999995
NEW_05M,PRIMARY_CLEAN,ENTRY_PROBE,STALLED_PRESSURE_PROBE,SELL_STALLED,300,600,148,70,77,1,47.2972972972973,0.6756756756756757,1.0861886216216219,-4.7673770995,-2.4070880925,0.24081814,3.324288125,10.749066143500007,-1.0861886216216219,-10.749066143499999,-3.324288125,-0.24081814,2.4070880925,4.767377099500003
NEW_05M,PRIMARY_CLEAN,ENTRY_PROBE,STALLED_PRESSURE_PROBE,SELL_STALLED,900,60,47,23,22,2,48.93617021276596,4.25531914893617,-0.31824655510638306,-2.9379489149999998,-1.68357885,0.0,0.694003705,2.1385856939999996,0.31824655510638306,-2.138585694,-0.694003705,-0.0,1.68357885,2.9379489149999998
NEW_05M,PRIMARY_CLEAN,ENTRY_PROBE,STALLED_PRESSURE_PROBE,SELL_STALLED,900,180,46,27,18,1,58.69565217391305,2.1739130434782608,-1.2862760804347833,-7.385095507500001,-3.1452507350000003,-0.5539852249999999,0.8266269875,2.561365135,1.2862760804347833,-2.561365135,-0.8266269875,0.5539852249999999,3.1452507350000003,7.385095507500001
NEW_05M,PRIMARY_CLEAN,ENTRY_PROBE,STALLED_PRESSURE_PROBE,SELL_STALLED,900,300,46,20,25,1,43.47826086956522,2.1739130434782608,-0.02952887086956521,-6.141962735,-1.6683599249999999,0.46773925,2.086624975,4.4022452925,0.02952887086956521,-4.4022452925,-2.086624975,-0.46773925,1.6683599249999999,6.141962735
NEW_05M,PRIMARY_CLEAN,ENTRY_PROBE,STALLED_PRESSURE_PROBE,SELL_STALLED,900,600,46,20,26,0,43.47826086956522,0.0,-0.07686556217391298,-6.263752275,-2.8846485950000003,0.60022921,2.9952287125,5.63241655,0.07686556217391298,-5.63241655,-2.9952287125,-0.60022921,2.8846485950000003,6.263752275
NEW_05M,PRIMARY_CLEAN,ENTRY_PROBE,STALLED_PRESSURE_PROBE,SELL_STALLED,1800,60,42,28,13,1,66.66666666666667,2.380952380952381,-0.36927669119047624,-2.5557374605,-1.345020285,-0.16370043,0.1754046775,2.2752506579999987,0.36927669119047624,-2.275250658,-0.1754046775,0.16370043,1.345020285,2.5557374604999987
NEW_05M,PRIMARY_CLEAN,ENTRY_PROBE,STALLED_PRESSURE_PROBE,SELL_STALLED,1800,180,42,33,9,0,78.57142857142857,0.0,-1.4839310426190475,-5.2785587304999995,-2.9660257625,-2.33933357,-0.30399646,3.3172585414999984,1.4839310426190475,-3.3172585414999998,0.30399646,2.33933357,2.9660257625,5.278558730499998
NEW_05M,PRIMARY_CLEAN,ENTRY_PROBE,STALLED_PRESSURE_PROBE,SELL_STALLED,1800,300,42,21,21,0,50.0,0.0,-0.2157664469047618,-4.753502021,-3.07959859,-0.046772879999999996,1.5868947775,4.274373111999997,0.2157664469047618,-4.274373111999999,-1.5868947775,0.046772879999999996,3.07959859,4.753502021
NEW_05M,PRIMARY_CLEAN,ENTRY_PROBE,STALLED_PRESSURE_PROBE,SELL_STALLED,1800,600,42,30,12,0,71.42857142857143,0.0,-2.2131149380952384,-8.161498545,-3.5009059675,-1.255254605,0.44445447749999994,2.1698656124999975,2.2131149380952384,-2.1698656124999998,-0.44445447749999994,1.255254605,3.5009059675,8.161498544999999
NEW_05M,PRIMARY_CLEAN,ENTRY_PROBE,STALLED_REVERSAL_PROBE,SELL_STALLED,30,60,1741,766,788,187,43.99770246984492,10.74095347501436,-0.038605515364732855,-3.98003858,-1.01374547,0.0,1.07532747,3.86304208,-0.038605515364732855,-3.98003858,-1.01374547,0.0,1.07532747,3.86304208
NEW_05M,PRIMARY_CLEAN,ENTRY_PROBE,STALLED_REVERSAL_PROBE,SELL_STALLED,30,180,1703,826,837,40,48.50264239577216,2.348796241926013,-0.058430119900175916,-6.2523614059999995,-2.23527391,0.0,2.10901251,6.685147430999996,-0.058430119900175916,-6.2523614059999995,-2.23527391,0.0,2.10901251,6.685147430999996
NEW_05M,PRIMARY_CLEAN,ENTRY_PROBE,STALLED_REVERSAL_PROBE,SELL_STALLED,30,300,1674,860,802,12,51.37395459976105,0.7168458781362007,-0.0032331851194742373,-9.042546072499999,-2.730197585,0.084907715,2.9573831925,7.945677951499996,-0.0032331851194742373,-9.042546072499999,-2.730197585,0.084907715,2.9573831925,7.945677951499996
NEW_05M,PRIMARY_CLEAN,ENTRY_PROBE,STALLED_REVERSAL_PROBE,SELL_STALLED,30,600,1592,865,718,9,54.334170854271356,0.5653266331658291,0.4871836526758795,-12.156175694499998,-2.97587812,0.55372392,4.0154055025,13.884791976499994,0.4871836526758795,-12.156175694499998,-2.97587812,0.55372392,4.0154055025,13.884791976499994
NEW_05M,PRIMARY_CLEAN,ENTRY_PROBE,STALLED_REVERSAL_PROBE,SELL_STALLED,60,60,852,378,393,81,44.36619718309859,9.507042253521126,-0.0518092738497653,-3.327891787,-1.0939319075,0.0,0.983371465,3.4450184899999945,-0.0518092738497653,-3.327891787,-1.0939319075,0.0,0.983371465,3.4450184899999945
NEW_05M,PRIMARY_CLEAN,ENTRY_PROBE,STALLED_REVERSAL_PROBE,SELL_STALLED,60,180,831,402,415,14,48.375451263537904,1.6847172081829123,-0.013877653381468062,-6.201492334999999,-2.033454275,0.0,2.0617504799999997,6.2852669,-0.013877653381468062,-6.201492334999999,-2.033454275,0.0,2.0617504799999997,6.2852669
NEW_05M,PRIMARY_CLEAN,ENTRY_PROBE,STALLED_REVERSAL_PROBE,SELL_STALLED,60,300,818,405,409,4,49.511002444987774,0.4889975550122249,0.04061889430317848,-7.47429891,-2.7272780825000003,-0.007800555,2.745557915,7.9853623455,0.04061889430317848,-7.47429891,-2.7272780825000003,-0.007800555,2.745557915,7.9853623455
NEW_05M,PRIMARY_CLEAN,ENTRY_PROBE,STALLED_REVERSAL_PROBE,SELL_STALLED,60,600,771,435,333,3,56.42023346303502,0.38910505836575876,0.6072392615953301,-11.20262618,-2.840013495,0.93736379,4.02144246,12.450044105,0.6072392615953301,-11.20262618,-2.840013495,0.93736379,4.02144246,12.450044105
NEW_05M,PRIMARY_CLEAN,ENTRY_PROBE,STALLED_REVERSAL_PROBE,SELL_STALLED,180,60,272,139,104,29,51.10294117647059,10.661764705882353,0.30858831202205883,-3.393048319,-0.6943549925,0.015584575,1.1909823225,4.123783780499999,0.30858831202205883,-3.393048319,-0.6943549925,0.015584575,1.1909823225,4.123783780499999
NEW_05M,PRIMARY_CLEAN,ENTRY_PROBE,STALLED_REVERSAL_PROBE,SELL_STALLED,180,180,270,137,132,1,50.74074074074074,0.37037037037037035,0.1609770049629629,-5.8238394015,-2.2216557349999997,0.08553886000000001,2.3364147775,5.693210819999997,0.1609770049629629,-5.8238394015,-2.2216557349999997,0.08553886000000001,2.3364147775,5.693210819999997
NEW_05M,PRIMARY_CLEAN,ENTRY_PROBE,STALLED_REVERSAL_PROBE,SELL_STALLED,180,300,266,157,109,0,59.02255639097744,0.0,0.7057233501503758,-6.151660965,-1.7426110725,0.7411746050000001,3.5232639925,7.231287255,0.7057233501503758,-6.151660965,-1.7426110725,0.7411746050000001,3.5232639925,7.231287255
NEW_05M,PRIMARY_CLEAN,ENTRY_PROBE,STALLED_REVERSAL_PROBE,SELL_STALLED,180,600,253,147,105,1,58.10276679841897,0.3952569169960474,1.0245006906324112,-10.8085796,-1.79243592,0.70163512,4.07372665,12.80774353599999,1.0245006906324112,-10.8085796,-1.79243592,0.70163512,4.07372665,12.80774353599999
NEW_05M,PRIMARY_CLEAN,ENTRY_PROBE,STALLED_REVERSAL_PROBE,SELL_STALLED,300,60,163,79,76,8,48.466257668711656,4.9079754601226995,-0.001983609570552085,-2.8798086179999998,-1.2227914599999998,0.0,1.00068183,2.7795600220000023,-0.001983609570552085,-2.8798086179999998,-1.2227914599999998,0.0,1.00068183,2.7795600220000023
NEW_05M,PRIMARY_CLEAN,ENTRY_PROBE,STALLED_REVERSAL_PROBE,SELL_STALLED,300,180,158,77,77,4,48.734177215189874,2.5316455696202533,0.28067565253164567,-4.7804448745,-2.100555195,0.0,2.3121983575,6.1725755405000005,0.28067565253164567,-4.7804448745,-2.100555195,0.0,2.3121983575,6.1725755405000005
NEW_05M,PRIMARY_CLEAN,ENTRY_PROBE,STALLED_REVERSAL_PROBE,SELL_STALLED,300,300,156,88,66,2,56.41025641025641,1.2820512820512822,0.8507680653205127,-4.0331491999999995,-1.4367629875,0.218527425,2.925620265,6.32996184,0.8507680653205127,-4.0331491999999995,-1.4367629875,0.218527425,2.925620265,6.32996184
NEW_05M,PRIMARY_CLEAN,ENTRY_PROBE,STALLED_REVERSAL_PROBE,SELL_STALLED,300,600,148,77,70,1,52.027027027027025,0.6756756756756757,1.086188621621622,-4.7673770995,-2.4070880925,0.24081814,3.324288125,10.749066143500007,1.086188621621622,-4.7673770995,-2.4070880925,0.24081814,3.324288125,10.749066143500007
NEW_05M,PRIMARY_CLEAN,ENTRY_PROBE,STALLED_REVERSAL_PROBE,SELL_STALLED,900,60,47,22,23,2,46.808510638297875,4.25531914893617,-0.31824655510638306,-2.9379489149999998,-1.68357885,0.0,0.694003705,2.1385856939999996,-0.31824655510638306,-2.9379489149999998,-1.68357885,0.0,0.694003705,2.1385856939999996
NEW_05M,PRIMARY_CLEAN,ENTRY_PROBE,STALLED_REVERSAL_PROBE,SELL_STALLED,900,180,46,18,27,1,39.130434782608695,2.1739130434782608,-1.2862760804347833,-7.385095507500001,-3.1452507350000003,-0.5539852249999999,0.8266269875,2.561365135,-1.2862760804347833,-7.385095507500001,-3.1452507350000003,-0.5539852249999999,0.8266269875,2.561365135
NEW_05M,PRIMARY_CLEAN,ENTRY_PROBE,STALLED_REVERSAL_PROBE,SELL_STALLED,900,300,46,25,20,1,54.34782608695652,2.1739130434782608,-0.02952887086956521,-6.141962735,-1.6683599249999999,0.46773925,2.086624975,4.4022452925,-0.02952887086956521,-6.141962735,-1.6683599249999999,0.46773925,2.086624975,4.4022452925
NEW_05M,PRIMARY_CLEAN,ENTRY_PROBE,STALLED_REVERSAL_PROBE,SELL_STALLED,900,600,46,26,20,0,56.52173913043478,0.0,-0.07686556217391298,-6.263752275,-2.8846485950000003,0.60022921,2.9952287125,5.63241655,-0.07686556217391298,-6.263752275,-2.8846485950000003,0.60022921,2.9952287125,5.63241655
NEW_05M,PRIMARY_CLEAN,ENTRY_PROBE,STALLED_REVERSAL_PROBE,SELL_STALLED,1800,60,42,13,28,1,30.952380952380953,2.380952380952381,-0.36927669119047624,-2.5557374605,-1.345020285,-0.16370043,0.1754046775,2.2752506579999987,-0.36927669119047624,-2.5557374605,-1.345020285,-0.16370043,0.1754046775,2.2752506579999987
NEW_05M,PRIMARY_CLEAN,ENTRY_PROBE,STALLED_REVERSAL_PROBE,SELL_STALLED,1800,180,42,9,33,0,21.428571428571427,0.0,-1.4839310426190475,-5.2785587304999995,-2.9660257625,-2.33933357,-0.30399646,3.3172585414999984,-1.4839310426190475,-5.2785587304999995,-2.9660257625,-2.33933357,-0.30399646,3.3172585414999984
NEW_05M,PRIMARY_CLEAN,ENTRY_PROBE,STALLED_REVERSAL_PROBE,SELL_STALLED,1800,300,42,21,21,0,50.0,0.0,-0.2157664469047618,-4.753502021,-3.07959859,-0.046772879999999996,1.5868947775,4.274373111999997,-0.2157664469047618,-4.753502021,-3.07959859,-0.046772879999999996,1.5868947775,4.274373111999997
NEW_05M,PRIMARY_CLEAN,ENTRY_PROBE,STALLED_REVERSAL_PROBE,SELL_STALLED,1800,600,42,12,30,0,28.571428571428573,0.0,-2.2131149380952384,-8.161498545,-3.5009059675,-1.255254605,0.44445447749999994,2.1698656124999975,-2.2131149380952384,-8.161498545,-3.5009059675,-1.255254605,0.44445447749999994,2.1698656124999975
OLD_1M,ALL_QUALITY_VALID,ANALYSIS,EFFECTIVE_CONTINUATION,BUY_EFFECTIVE,30,60,1332,659,661,12,49.474474474474476,0.9009009009009009,0.028879464977477575,-6.691808074500001,-2.5952320575,0.0,2.57834624,7.012012373500005,0.028879464977477575,-6.691808074500001,-2.5952320575,0.0,2.57834624,7.012012373500005
OLD_1M,ALL_QUALITY_VALID,ANALYSIS,EFFECTIVE_CONTINUATION,BUY_EFFECTIVE,30,180,1318,613,702,3,46.509863429438546,0.2276176024279211,-0.3288289395523521,-11.5095283575,-4.81084946,-0.56711024,3.6720368925000004,12.090750852499998,-0.3288289395523521,-11.5095283575,-4.81084946,-0.56711024,3.6720368925000004,12.090750852499998
OLD_1M,ALL_QUALITY_VALID,ANALYSIS,EFFECTIVE_CONTINUATION,BUY_EFFECTIVE,30,300,1303,599,702,2,45.97083653108212,0.15349194167306215,-0.6394563635917119,-15.288622688999997,-6.0323373799999995,-0.69660345,4.15029996,15.463560752,-0.6394563635917119,-15.288622688999997,-6.0323373799999995,-0.69660345,4.15029996,15.463560752
OLD_1M,ALL_QUALITY_VALID,ANALYSIS,EFFECTIVE_CONTINUATION,BUY_EFFECTIVE,30,600,1268,600,667,1,47.3186119873817,0.07886435331230283,-0.48005689145899055,-20.5632637575,-7.9586212199999995,-0.83696556,7.10452894,20.972065061999977,-0.48005689145899055,-20.5632637575,-7.9586212199999995,-0.83696556,7.10452894,20.972065061999977
OLD_1M,ALL_QUALITY_VALID,ANALYSIS,EFFECTIVE_CONTINUATION,BUY_EFFECTIVE,60,60,1030,499,521,10,48.44660194174757,0.970873786407767,-0.0007044352233009813,-6.243714423,-2.5788269699999997,-0.02277285,2.347480625,6.871121915499996,-0.0007044352233009813,-6.243714423,-2.5788269699999997,-0.02277285,2.347480625,6.871121915499996
OLD_1M,ALL_QUALITY_VALID,ANALYSIS,EFFECTIVE_CONTINUATION,BUY_EFFECTIVE,60,180,1019,475,539,5,46.61432777232581,0.49067713444553485,-0.06603078886162929,-9.881931863999998,-4.110772685000001,-0.51188553,3.3954655149999997,11.942341809999993,-0.06603078886162929,-9.881931863999998,-4.110772685000001,-0.51188553,3.3954655149999997,11.942341809999993
OLD_1M,ALL_QUALITY_VALID,ANALYSIS,EFFECTIVE_CONTINUATION,BUY_EFFECTIVE,60,300,1012,477,533,2,47.134387351778656,0.1976284584980237,-0.10742872236166034,-12.8804607095,-5.0229287325000005,-0.362525075,4.3779943125,15.628151807999998,-0.10742872236166034,-12.8804607095,-5.0229287325000005,-0.362525075,4.3779943125,15.628151807999998
OLD_1M,ALL_QUALITY_VALID,ANALYSIS,EFFECTIVE_CONTINUATION,BUY_EFFECTIVE,60,600,986,473,512,1,47.97160243407708,0.10141987829614604,0.014554389614604271,-18.010022697500002,-7.3186855,-0.49958287999999995,7.4213410625,19.907387885000002,0.014554389614604271,-18.010022697500002,-7.3186855,-0.49958287999999995,7.4213410625,19.907387885000002
OLD_1M,ALL_QUALITY_VALID,ANALYSIS,EFFECTIVE_CONTINUATION,BUY_EFFECTIVE,180,60,516,235,275,6,45.542635658914726,1.1627906976744187,-0.3034818611821701,-6.4912014075,-2.6618020849999997,-0.23467381,2.0875512350000003,6.2432119475,-0.3034818611821701,-6.4912014075,-2.6618020849999997,-0.23467381,2.0875512350000003,6.2432119475
OLD_1M,ALL_QUALITY_VALID,ANALYSIS,EFFECTIVE_CONTINUATION,BUY_EFFECTIVE,180,180,511,240,271,0,46.96673189823875,0.0,-0.8256312423679063,-12.86596373,-4.86479046,-0.60359319,3.782007935,10.14376102,-0.8256312423679063,-12.86596373,-4.86479046,-0.60359319,3.782007935,10.14376102
OLD_1M,ALL_QUALITY_VALID,ANALYSIS,EFFECTIVE_CONTINUATION,BUY_EFFECTIVE,180,300,509,240,269,0,47.151277013752456,0.0,-0.5397852811198429,-14.68169394,-5.34142349,-0.55800289,4.51644727,13.66971040599999,-0.5397852811198429,-14.68169394,-5.34142349,-0.55800289,4.51644727,13.66971040599999
OLD_1M,ALL_QUALITY_VALID,ANALYSIS,EFFECTIVE_CONTINUATION,BUY_EFFECTIVE,180,600,498,259,239,0,52.00803212851405,0.0,-0.5509569338152608,-22.28647738,-7.0909119075,0.31730396,7.0549073825,19.12329406399998,-0.5509569338152608,-22.28647738,-7.0909119075,0.31730396,7.0549073825,19.12329406399998
OLD_1M,ALL_QUALITY_VALID,ANALYSIS,EFFECTIVE_CONTINUATION,BUY_EFFECTIVE,300,60,322,157,163,2,48.75776397515528,0.6211180124223602,0.07596400012422354,-5.7759212435,-2.1931292575,-0.06062633,2.2969127225,7.360906686999999,0.07596400012422354,-5.7759212435,-2.1931292575,-0.06062633,2.2969127225,7.360906686999999
OLD_1M,ALL_QUALITY_VALID,ANALYSIS,EFFECTIVE_CONTINUATION,BUY_EFFECTIVE,300,180,320,167,153,0,52.1875,0.0,0.20199752953125,-8.963472262,-3.2703420425000003,0.26398516,3.9202812924999995,11.004645501500004,0.20199752953125,-8.963472262,-3.2703420425000003,0.26398516,3.9202812924999995,11.004645501500004
OLD_1M,ALL_QUALITY_VALID,ANALYSIS,EFFECTIVE_CONTINUATION,BUY_EFFECTIVE,300,300,319,174,145,0,54.54545454545455,0.0,0.10851904090909127,-12.966198671999999,-4.191534115,0.85152194,4.72592295,10.838375601999997,0.10851904090909127,-12.966198671999999,-4.191534115,0.85152194,4.72592295,10.838375601999997
OLD_1M,ALL_QUALITY_VALID,ANALYSIS,EFFECTIVE_CONTINUATION,BUY_EFFECTIVE,300,600,303,156,147,0,51.48514851485149,0.0,1.3929301286798674,-13.598492027999999,-5.272098645,0.64836371,7.030283275,20.436250068999968,1.3929301286798674,-13.598492027999999,-5.272098645,0.64836371,7.030283275,20.436250068999968
OLD_1M,ALL_QUALITY_VALID,ANALYSIS,EFFECTIVE_CONTINUATION,BUY_EFFECTIVE,900,60,67,27,40,0,40.298507462686565,0.0,0.025419564925373117,-4.3385504479999994,-1.88414055,-0.34917261,1.260345815,5.858324325,0.025419564925373117,-4.3385504479999994,-1.88414055,-0.34917261,1.260345815,5.858324325
OLD_1M,ALL_QUALITY_VALID,ANALYSIS,EFFECTIVE_CONTINUATION,BUY_EFFECTIVE,900,180,67,30,37,0,44.776119402985074,0.0,-0.7783552916417911,-8.014242906,-5.214817065,-0.30129512,2.116388505,6.600086103999998,-0.7783552916417911,-8.014242906,-5.214817065,-0.30129512,2.116388505,6.600086103999998
OLD_1M,ALL_QUALITY_VALID,ANALYSIS,EFFECTIVE_CONTINUATION,BUY_EFFECTIVE,900,300,67,32,35,0,47.76119402985075,0.0,0.10782554611940287,-10.903227056999999,-4.909099565,-0.66292016,5.386594575,9.636006688999998,0.10782554611940287,-10.903227056999999,-4.909099565,-0.66292016,5.386594575,9.636006688999998
OLD_1M,ALL_QUALITY_VALID,ANALYSIS,EFFECTIVE_CONTINUATION,BUY_EFFECTIVE,900,600,65,35,30,0,53.84615384615385,0.0,1.814697532307693,-14.275143374,-4.50711578,1.19485878,9.01736448,14.813290585999995,1.814697532307693,-14.275143374,-4.50711578,1.19485878,9.01736448,14.813290585999995
OLD_1M,ALL_QUALITY_VALID,ANALYSIS,EFFECTIVE_CONTINUATION,BUY_EFFECTIVE,1800,60,45,17,26,2,37.77777777777778,4.444444444444445,0.09047442977777768,-3.453434006,-1.95592842,-0.0301033,2.60480556,5.063745233999996,0.09047442977777768,-3.453434006,-1.95592842,-0.0301033,2.60480556,5.063745233999996
OLD_1M,ALL_QUALITY_VALID,ANALYSIS,EFFECTIVE_CONTINUATION,BUY_EFFECTIVE,1800,180,45,27,18,0,60.0,0.0,1.594140218,-8.459033538,-1.76139298,1.74729583,5.77115777,9.90837415,1.594140218,-8.459033538,-1.76139298,1.74729583,5.77115777,9.90837415
OLD_1M,ALL_QUALITY_VALID,ANALYSIS,EFFECTIVE_CONTINUATION,BUY_EFFECTIVE,1800,300,45,28,17,0,62.22222222222222,0.0,1.636692584222222,-12.343194901999999,-2.48393018,3.26864824,7.33217303,11.067891653999993,1.636692584222222,-12.343194901999999,-2.48393018,3.26864824,7.33217303,11.067891653999993
OLD_1M,ALL_QUALITY_VALID,ANALYSIS,EFFECTIVE_CONTINUATION,BUY_EFFECTIVE,1800,600,45,25,20,0,55.55555555555556,0.0,0.9925404042222228,-13.88417239,-6.0426072,0.57580643,6.31915335,18.148071851999994,0.9925404042222228,-13.88417239,-6.0426072,0.57580643,6.31915335,18.148071851999994
OLD_1M,ALL_QUALITY_VALID,ANALYSIS,TRAPPED_REVERSAL,BUY_TRAPPED,30,60,283,153,124,6,54.063604240282686,2.1201413427561837,-0.23767207226148404,-7.816111092999998,-2.45325331,-0.22805398,2.106572565,6.327623839999995,0.23767207226148404,-6.327623839999999,-2.106572565,0.22805398,2.45325331,7.816111092999982
OLD_1M,ALL_QUALITY_VALID,ANALYSIS,TRAPPED_REVERSAL,BUY_TRAPPED,30,180,273,139,134,0,50.91575091575091,0.0,-0.11611937560439561,-10.24799504,-4.86026731,-0.1200039,3.94954829,11.781434547999986,0.11611937560439561,-11.781434547999998,-3.94954829,0.1200039,4.86026731,10.247995039999996
OLD_1M,ALL_QUALITY_VALID,ANALYSIS,TRAPPED_REVERSAL,BUY_TRAPPED,30,300,271,138,132,1,50.92250922509225,0.36900369003690037,-0.5279949417343173,-13.671180934999999,-5.0562432,-0.13552502,3.8840707400000003,13.02485414,0.5279949417343173,-13.02485414,-3.8840707400000003,0.13552502,5.0562432,13.671180934999999
OLD_1M,ALL_QUALITY_VALID,ANALYSIS,TRAPPED_REVERSAL,BUY_TRAPPED,30,600,257,133,124,0,51.750972762645915,0.0,-0.7565155495719845,-18.817811914,-7.95294814,-0.40998916,6.7134648,17.100202989999932,0.7565155495719845,-17.100202989999996,-6.7134648,0.40998916,7.95294814,18.817811914
OLD_1M,ALL_QUALITY_VALID,ANALYSIS,TRAPPED_REVERSAL,BUY_TRAPPED,60,60,242,110,127,5,45.45454545454545,2.0661157024793386,-0.11662907822314045,-8.156053429,-1.9578872275,0.16706664999999998,1.8174781425,6.204268814499998,0.11662907822314045,-6.2042688145,-1.8174781425,-0.16706664999999998,1.9578872275,8.156053428999996
OLD_1M,ALL_QUALITY_VALID,ANALYSIS,TRAPPED_REVERSAL,BUY_TRAPPED,60,180,235,118,117,0,50.212765957446805,0.0,0.19779948353191515,-10.515564498,-3.574951145,-0.04515495,4.13514981,10.57305507,-0.19779948353191515,-10.573055069999999,-4.13514981,0.04515495,3.574951145,10.515564497999996
OLD_1M,ALL_QUALITY_VALID,ANALYSIS,TRAPPED_REVERSAL,BUY_TRAPPED,60,300,230,109,121,0,47.391304347826086,0.0,-0.09923348313043462,-10.998655701,-6.2358154375,0.45208196,4.8797348750000005,11.874632612499997,0.09923348313043462,-11.8746326125,-4.8797348750000005,-0.45208196,6.2358154375,10.998655700999993
OLD_1M,ALL_QUALITY_VALID,ANALYSIS,TRAPPED_REVERSAL,BUY_TRAPPED,60,600,219,108,110,1,49.31506849315068,0.45662100456621,-0.3095816770319635,-15.408281418,-7.77790236,0.10640238,6.980080395,18.53601635799998,0.3095816770319635,-18.536016357999998,-6.980080395,-0.10640238,7.77790236,15.408281417999998
OLD_1M,ALL_QUALITY_VALID,ANALYSIS,TRAPPED_REVERSAL,BUY_TRAPPED,180,60,93,43,50,0,46.236559139784944,0.0,0.004206562473118508,-5.7097093139999995,-2.03497136,0.48520872,2.64281389,6.290940521999996,-0.004206562473118508,-6.290940522,-2.64281389,-0.48520872,2.03497136,5.7097093139999995
OLD_1M,ALL_QUALITY_VALID,ANALYSIS,TRAPPED_REVERSAL,BUY_TRAPPED,180,180,91,43,48,0,47.252747252747255,0.0,0.8792723417582421,-6.93479807,-3.04441806,0.42155025,4.940385754999999,10.487057905,-0.8792723417582421,-10.487057905,-4.940385754999999,-0.42155025,3.04441806,6.93479807
OLD_1M,ALL_QUALITY_VALID,ANALYSIS,TRAPPED_REVERSAL,BUY_TRAPPED,180,300,88,37,51,0,42.04545454545455,0.0,0.9581225840909098,-10.4786202465,-2.3113236825,1.0801278399999998,6.0734107725,9.8101127415,-0.9581225840909098,-9.8101127415,-6.0734107725,-1.0801278399999998,2.3113236825,10.478620246499997
OLD_1M,ALL_QUALITY_VALID,ANALYSIS,TRAPPED_REVERSAL,BUY_TRAPPED,180,600,84,35,49,0,41.666666666666664,0.0,2.2446904457142858,-9.565000613499999,-3.361634235,1.768593315,7.411774619999999,15.838260945999995,-2.2446904457142858,-15.838260946,-7.411774619999999,-1.768593315,3.361634235,9.565000613499995
OLD_1M,ALL_QUALITY_VALID,ANALYSIS,TRAPPED_REVERSAL,BUY_TRAPPED,300,60,54,19,35,0,35.18518518518518,0.0,0.7881607044444442,-2.999620876,-0.93971725,0.84839893,1.97382372,4.847535705999997,-0.7881607044444442,-4.8475357059999995,-1.97382372,-0.84839893,0.93971725,2.9996208759999976
OLD_1M,ALL_QUALITY_VALID,ANALYSIS,TRAPPED_REVERSAL,BUY_TRAPPED,300,180,54,23,31,0,42.592592592592595,0.0,0.5106492446296294,-6.922476437499999,-1.8212290775,1.348248065,3.5448125575,5.589734085499994,-0.5106492446296294,-5.5897340855,-3.5448125575,-1.348248065,1.8212290775,6.9224764374999985
OLD_1M,ALL_QUALITY_VALID,ANALYSIS,TRAPPED_REVERSAL,BUY_TRAPPED,300,300,49,18,31,0,36.734693877551024,0.0,0.9965494420408162,-9.659392069999999,-1.24842213,1.17455021,4.92494026,7.935538493999998,-0.9965494420408162,-7.935538493999999,-4.92494026,-1.17455021,1.24842213,9.659392069999999
OLD_1M,ALL_QUALITY_VALID,ANALYSIS,TRAPPED_REVERSAL,BUY_TRAPPED,300,600,47,18,29,0,38.297872340425535,0.0,3.9871346255319144,-10.31930764,-2.3867462550000003,1.72908302,11.035921394999999,15.441010598999998,-3.9871346255319144,-15.441010599,-11.035921394999999,-1.72908302,2.3867462550000003,10.319307639999998
OLD_1M,ALL_QUALITY_VALID,ANALYSIS,TRAPPED_REVERSAL,BUY_TRAPPED,900,60,2,2,0,0,100.0,0.0,-2.0600659049999996,-3.9005710214999993,-3.0825687475,-2.0600659049999996,-1.0375630624999999,-0.21956078850000016,2.0600659049999996,0.2195607885,1.0375630624999999,2.0600659049999996,3.0825687475,3.9005710214999993
OLD_1M,ALL_QUALITY_VALID,ANALYSIS,TRAPPED_REVERSAL,BUY_TRAPPED,900,180,2,2,0,0,100.0,0.0,-0.544180365,-0.6508026764999999,-0.6034149824999999,-0.544180365,-0.48494574749999997,-0.4375580535,0.544180365,0.4375580535,0.48494574749999997,0.544180365,0.6034149824999999,0.6508026764999999
OLD_1M,ALL_QUALITY_VALID,ANALYSIS,TRAPPED_REVERSAL,BUY_TRAPPED,900,300,1,1,0,0,100.0,0.0,-1.52108205,-1.52108205,-1.52108205,-1.52108205,-1.52108205,-1.52108205,1.52108205,1.52108205,1.52108205,1.52108205,1.52108205,1.52108205
OLD_1M,ALL_QUALITY_VALID,ANALYSIS,TRAPPED_REVERSAL,BUY_TRAPPED,900,600,1,1,0,0,100.0,0.0,-3.96083741,-3.96083741,-3.96083741,-3.96083741,-3.96083741,-3.96083741,3.96083741,3.96083741,3.96083741,3.96083741,3.96083741,3.96083741
OLD_1M,ALL_QUALITY_VALID,ANALYSIS,EFFECTIVE_CONTINUATION,SELL_EFFECTIVE,30,60,1289,638,646,5,49.49573312645462,0.3878975950349108,-0.14189852587276963,-7.853010952,-2.64780706,0.01505754,2.56486529,6.953728093999998,0.14189852587276963,-6.953728093999999,-2.56486529,-0.01505754,2.64780706,7.853010951999999
OLD_1M,ALL_QUALITY_VALID,ANALYSIS,EFFECTIVE_CONTINUATION,SELL_EFFECTIVE,30,180,1272,649,622,1,51.022012578616355,0.07861635220125786,-0.01650851450471704,-11.624224028499999,-4.138913844999999,-0.135954975,3.91520178,11.627906104500001,0.01650851450471704,-11.6279061045,-3.91520178,0.135954975,4.138913844999999,11.62422402850001
OLD_1M,ALL_QUALITY_VALID,ANALYSIS,EFFECTIVE_CONTINUATION,SELL_EFFECTIVE,30,300,1250,645,605,0,51.6,0.0,-0.11803036456799991,-15.573318044,-5.7128826550000005,-0.33825801499999997,5.21791016,16.087304801499997,0.11803036456799991,-16.0873048015,-5.21791016,0.33825801499999997,5.7128826550000005,15.573318043999999
OLD_1M,ALL_QUALITY_VALID,ANALYSIS,EFFECTIVE_CONTINUATION,SELL_EFFECTIVE,30,600,1222,612,609,1,50.08183306055646,0.08183306055646482,-0.1886400073977084,-21.5700280705,-8.123016265,-0.01506678,7.470072605,20.08186563,0.1886400073977084,-20.08186563,-7.470072605,0.01506678,8.123016265,21.5700280705
OLD_1M,ALL_QUALITY_VALID,ANALYSIS,EFFECTIVE_CONTINUATION,SELL_EFFECTIVE,60,60,945,463,476,6,48.99470899470899,0.6349206349206349,-0.17113641695238088,-7.293140112,-2.62267048,0.01509249,2.62228885,6.68718722,0.17113641695238088,-6.68718722,-2.62228885,-0.01509249,2.62267048,7.293140111999998
OLD_1M,ALL_QUALITY_VALID,ANALYSIS,EFFECTIVE_CONTINUATION,SELL_EFFECTIVE,60,180,932,433,496,3,46.45922746781116,0.3218884120171674,0.2792881563841196,-10.423153785999999,-3.789365835,0.44432596,4.2943824575,11.152299405499999,-0.2792881563841196,-11.152299405499999,-4.2943824575,-0.44432596,3.789365835,10.423153785999983
OLD_1M,ALL_QUALITY_VALID,ANALYSIS,EFFECTIVE_CONTINUATION,SELL_EFFECTIVE,60,300,920,451,469,0,49.02173913043478,0.0,0.38052105988043455,-15.1060790565,-6.19986126,0.21195349000000002,5.7643596425000005,17.323236721999997,-0.38052105988043455,-17.323236722,-5.7643596425000005,-0.21195349000000002,6.19986126,15.10607905649999
OLD_1M,ALL_QUALITY_VALID,ANALYSIS,EFFECTIVE_CONTINUATION,SELL_EFFECTIVE,60,600,906,453,453,0,50.0,0.0,0.08094228504415013,-22.0793402225,-8.490964072499999,-0.037864725,7.58270513,21.74316476,-0.08094228504415013,-21.74316476,-7.58270513,0.037864725,8.490964072499999,22.0793402225
OLD_1M,ALL_QUALITY_VALID,ANALYSIS,EFFECTIVE_CONTINUATION,SELL_EFFECTIVE,180,60,386,199,184,3,51.55440414507772,0.7772020725388601,-0.23209896406735755,-7.385677654999999,-2.6861801250000004,-0.28751692,2.3111226675,6.80374557,0.23209896406735755,-6.80374557,-2.3111226675,0.28751692,2.6861801250000004,7.385677654999999
OLD_1M,ALL_QUALITY_VALID,ANALYSIS,EFFECTIVE_CONTINUATION,SELL_EFFECTIVE,180,180,380,199,181,0,52.36842105263158,0.0,-0.5016717887368419,-12.722262411500001,-5.221044082500001,-0.353422255,4.789278285,12.3501894865,0.5016717887368419,-12.3501894865,-4.789278285,0.353422255,5.221044082500001,12.722262411500006
OLD_1M,ALL_QUALITY_VALID,ANALYSIS,EFFECTIVE_CONTINUATION,SELL_EFFECTIVE,180,300,372,187,184,1,50.26881720430107,0.26881720430107525,0.11888501008064532,-15.927245116,-5.98517495,-0.11277841499999999,5.8220768000000005,18.1208879945,-0.11888501008064532,-18.1208879945,-5.8220768000000005,0.11277841499999999,5.98517495,15.927245115999998
OLD_1M,ALL_QUALITY_VALID,ANALYSIS,EFFECTIVE_CONTINUATION,SELL_EFFECTIVE,180,600,364,171,193,0,46.97802197802198,0.0,0.5784345053021979,-21.442816574,-7.9643710075,0.590255035,7.885625435,22.19482765549995,-0.5784345053021979,-22.1948276555,-7.885625435,-0.590255035,7.9643710075,21.442816573999988
OLD_1M,ALL_QUALITY_VALID,ANALYSIS,EFFECTIVE_CONTINUATION,SELL_EFFECTIVE,300,60,231,127,103,1,54.97835497835498,0.4329004329004329,-0.707260116709957,-9.538079150000002,-3.1518033599999997,-0.72946,2.031697255,7.37475424,0.707260116709957,-7.37475424,-2.031697255,0.72946,3.1518033599999997,9.538079150000002
OLD_1M,ALL_QUALITY_VALID,ANALYSIS,EFFECTIVE_CONTINUATION,SELL_EFFECTIVE,300,180,230,106,124,0,46.08695652173913,0.0,0.4652923282608699,-11.094740924,-3.6342899299999996,0.736715275,5.1652094725,10.937935417499983,-0.4652923282608699,-10.9379354175,-5.1652094725,-0.736715275,3.6342899299999996,11.094740923999993
OLD_1M,ALL_QUALITY_VALID,ANALYSIS,EFFECTIVE_CONTINUATION,SELL_EFFECTIVE,300,300,226,112,114,0,49.557522123893804,0.0,-0.14719300438053082,-15.573393809999999,-4.34673367,0.015090175,5.22854622,12.142945130000001,0.14719300438053082,-12.142945130000001,-5.22854622,-0.015090175,4.34673367,15.573393809999999
OLD_1M,ALL_QUALITY_VALID,ANALYSIS,EFFECTIVE_CONTINUATION,SELL_EFFECTIVE,300,600,224,115,109,0,51.339285714285715,0.0,-0.9395984862053587,-24.020937067,-6.552783755,-0.348736375,7.59622386,15.290925192999998,0.9395984862053587,-15.290925193,-7.59622386,0.348736375,6.552783755,24.020937067
OLD_1M,ALL_QUALITY_VALID,ANALYSIS,EFFECTIVE_CONTINUATION,SELL_EFFECTIVE,900,60,33,19,14,0,57.57575757575758,0.0,-0.9176513233333335,-5.26378322,-3.91870791,-1.07021355,1.65353948,5.254360705999995,0.9176513233333335,-5.254360706,-1.65353948,1.07021355,3.91870791,5.26378322
OLD_1M,ALL_QUALITY_VALID,ANALYSIS,EFFECTIVE_CONTINUATION,SELL_EFFECTIVE,900,180,33,15,18,0,45.45454545454545,0.0,0.6278581293939395,-10.858508846,-4.07567215,0.72360318,3.54887218,15.417897812,-0.6278581293939395,-15.417897812,-3.54887218,-0.72360318,4.07567215,10.858508845999989
OLD_1M,ALL_QUALITY_VALID,ANALYSIS,EFFECTIVE_CONTINUATION,SELL_EFFECTIVE,900,300,33,16,17,0,48.484848484848484,0.0,2.2951338130303034,-12.613947073999999,-4.50355826,1.52268958,7.98514279,25.754448161999996,-2.2951338130303034,-25.754448162,-7.98514279,-1.52268958,4.50355826,12.613947073999993
OLD_1M,ALL_QUALITY_VALID,ANALYSIS,EFFECTIVE_CONTINUATION,SELL_EFFECTIVE,900,600,32,11,21,0,34.375,0.0,6.370255751875001,-18.5557931015,-2.6288653075,4.367357315,12.458523605,42.870794515499995,-6.370255751875001,-42.870794515499995,-12.458523605,-4.367357315,2.6288653075,18.555793101499994
OLD_1M,ALL_QUALITY_VALID,ANALYSIS,EFFECTIVE_CONTINUATION,SELL_EFFECTIVE,1800,60,8,5,3,0,62.5,0.0,-1.2827807049999997,-4.7849652885,-3.5965423425000003,-1.971386135,1.310612405,2.7780443079999997,1.2827807049999997,-2.7780443079999997,-1.310612405,1.971386135,3.5965423425000003,4.784965288499999
OLD_1M,ALL_QUALITY_VALID,ANALYSIS,EFFECTIVE_CONTINUATION,SELL_EFFECTIVE,1800,180,8,7,1,0,87.5,0.0,-3.30256007125,-5.519785283499999,-5.0887243325,-4.396171170000001,-2.9215450649999997,1.4782717334999986,3.30256007125,-1.4782717335,2.9215450649999997,4.396171170000001,5.0887243325,5.5197852835
OLD_1M,ALL_QUALITY_VALID,ANALYSIS,EFFECTIVE_CONTINUATION,SELL_EFFECTIVE,1800,300,8,5,3,0,62.5,0.0,-0.7770211000000002,-8.003126347,-4.25446482,-0.35548473999999997,1.4635035850000002,7.264276573499995,0.7770211000000002,-7.264276573499999,-1.4635035850000002,0.35548473999999997,4.25446482,8.003126346999998
OLD_1M,ALL_QUALITY_VALID,ANALYSIS,EFFECTIVE_CONTINUATION,SELL_EFFECTIVE,1800,600,8,5,3,0,62.5,0.0,0.19599967125000012,-6.8079980314999995,-4.250593197500001,-1.94856464,3.073491915,11.038924585499998,-0.19599967125000012,-11.038924585499998,-3.073491915,1.94856464,4.250593197500001,6.807998031499998
OLD_1M,ALL_QUALITY_VALID,ANALYSIS,TRAPPED_REVERSAL,SELL_TRAPPED,30,60,227,128,98,1,56.38766519823788,0.44052863436123346,0.48435289303964746,-6.800366365,-2.384757075,0.69807604,3.2507987099999998,7.2318967209999965,0.48435289303964746,-6.800366365,-2.384757075,0.69807604,3.2507987099999998,7.2318967209999965
OLD_1M,ALL_QUALITY_VALID,ANALYSIS,TRAPPED_REVERSAL,SELL_TRAPPED,30,180,227,111,115,1,48.89867841409691,0.44052863436123346,0.2712976266960345,-10.299743949,-3.896628625,-0.0150349,5.17321806,10.851960092999999,0.2712976266960345,-10.299743949,-3.896628625,-0.0150349,5.17321806,10.851960092999999
OLD_1M,ALL_QUALITY_VALID,ANALYSIS,TRAPPED_REVERSAL,SELL_TRAPPED,30,300,226,119,107,0,52.65486725663717,0.0,0.4972170374336285,-15.57471024,-5.507932245,0.821783375,6.31364122,16.372710845,0.4972170374336285,-15.57471024,-5.507932245,0.821783375,6.31364122,16.372710845
OLD_1M,ALL_QUALITY_VALID,ANALYSIS,TRAPPED_REVERSAL,SELL_TRAPPED,30,600,225,119,106,0,52.888888888888886,0.0,0.7601375293777777,-23.948813844,-9.28345066,1.32785292,8.40861297,24.986239041999973,0.7601375293777777,-23.948813844,-9.28345066,1.32785292,8.40861297,24.986239041999973
OLD_1M,ALL_QUALITY_VALID,ANALYSIS,TRAPPED_REVERSAL,SELL_TRAPPED,60,60,149,83,66,0,55.70469798657718,0.0,0.6108720387919464,-5.7383223679999995,-2.83417655,0.5310046,3.67969957,8.413917909999995,0.6108720387919464,-5.7383223679999995,-2.83417655,0.5310046,3.67969957,8.413917909999995
OLD_1M,ALL_QUALITY_VALID,ANALYSIS,TRAPPED_REVERSAL,SELL_TRAPPED,60,180,146,86,60,0,58.9041095890411,0.0,1.2396017702054796,-10.169831819999999,-3.1974075575,1.3131082950000001,6.2723337775,12.43558385,1.2396017702054796,-10.169831819999999,-3.1974075575,1.3131082950000001,6.2723337775,12.43558385
OLD_1M,ALL_QUALITY_VALID,ANALYSIS,TRAPPED_REVERSAL,SELL_TRAPPED,60,300,140,75,65,0,53.57142857142857,0.0,1.4510520072857143,-18.1822856585,-4.4830991749999995,1.02208828,6.400504655,17.54830443749998,1.4510520072857143,-18.1822856585,-4.4830991749999995,1.02208828,6.400504655,17.54830443749998
OLD_1M,ALL_QUALITY_VALID,ANALYSIS,TRAPPED_REVERSAL,SELL_TRAPPED,60,600,137,74,63,0,54.01459854014598,0.0,-0.24534123525547483,-26.270007018,-9.92221345,0.93980546,7.23362187,27.227211267999984,-0.24534123525547483,-26.270007018,-9.92221345,0.93980546,7.23362187,27.227211267999984
OLD_1M,ALL_QUALITY_VALID,ANALYSIS,TRAPPED_REVERSAL,SELL_TRAPPED,180,60,47,20,27,0,42.5531914893617,0.0,-0.1724182776595746,-5.672137801,-3.19355117,-0.55490567,4.058346609999999,6.203495427,-0.1724182776595746,-5.672137801,-3.19355117,-0.55490567,4.058346609999999,6.203495427
OLD_1M,ALL_QUALITY_VALID,ANALYSIS,TRAPPED_REVERSAL,SELL_TRAPPED,180,180,45,25,20,0,55.55555555555556,0.0,1.377517435333333,-8.000533726,-3.42074054,1.36003022,5.21452996,14.065287087999998,1.377517435333333,-8.000533726,-3.42074054,1.36003022,5.21452996,14.065287087999998
OLD_1M,ALL_QUALITY_VALID,ANALYSIS,TRAPPED_REVERSAL,SELL_TRAPPED,180,300,39,18,21,0,46.15384615384615,0.0,3.4945407110256395,-14.980309016999998,-5.72688308,-0.59123606,8.027264165,44.277718188,3.4945407110256395,-14.980309016999998,-5.72688308,-0.59123606,8.027264165,44.277718188
OLD_1M,ALL_QUALITY_VALID,ANALYSIS,TRAPPED_REVERSAL,SELL_TRAPPED,180,600,39,19,20,0,48.717948717948715,0.0,5.369953404102562,-16.962134028,-9.27560855,-1.60591457,13.973357735,59.877658021,5.369953404102562,-16.962134028,-9.27560855,-1.60591457,13.973357735,59.877658021
OLD_1M,ALL_QUALITY_VALID,ANALYSIS,TRAPPED_REVERSAL,SELL_TRAPPED,300,60,19,11,8,0,57.89473684210526,0.0,-0.5235019052631579,-8.983914908000001,-1.5418940399999999,1.08073706,1.84672638,3.307746831999994,-0.5235019052631579,-8.983914908000001,-1.5418940399999999,1.08073706,1.84672638,3.307746831999994
OLD_1M,ALL_QUALITY_VALID,ANALYSIS,TRAPPED_REVERSAL,SELL_TRAPPED,300,180,18,8,10,0,44.44444444444444,0.0,-0.4304730255555555,-10.587427887999999,-4.72140665,-1.932165625,2.25593211,12.908659690499999,-0.4304730255555555,-10.587427887999999,-4.72140665,-1.932165625,2.25593211,12.908659690499999
OLD_1M,ALL_QUALITY_VALID,ANALYSIS,TRAPPED_REVERSAL,SELL_TRAPPED,300,300,15,6,9,0,40.0,0.0,-1.5856266513333326,-15.933834120999999,-3.8077217699999997,-1.35092133,4.2583716250000005,8.750443683999986,-1.5856266513333326,-15.933834120999999,-3.8077217699999997,-1.35092133,4.2583716250000005,8.750443683999986
OLD_1M,ALL_QUALITY_VALID,ANALYSIS,TRAPPED_REVERSAL,SELL_TRAPPED,300,600,15,9,6,0,60.0,0.0,3.9057064533333326,-12.005002854999999,-8.160181395,7.25820811,11.385515909999999,20.67094634,3.9057064533333326,-12.005002854999999,-8.160181395,7.25820811,11.385515909999999,20.67094634
OLD_1M,ALL_QUALITY_VALID,ENTRY_PROBE,STALLED_PRESSURE_PROBE,BUY_STALLED,30,60,1581,747,811,23,47.24857685009488,1.454775458570525,-0.20223199438962708,-6.46640409,-2.29067966,-0.13627671,1.91229061,5.6091423,-0.20223199438962708,-6.46640409,-2.29067966,-0.13627671,1.91229061,5.6091423
OLD_1M,ALL_QUALITY_VALID,ENTRY_PROBE,STALLED_PRESSURE_PROBE,BUY_STALLED,30,180,1562,762,797,3,48.78361075544174,0.19206145966709348,-0.3153393056338031,-11.103406616,-3.8924154875,-0.14283601499999998,3.43685448,10.120334021999998,-0.3153393056338031,-11.103406616,-3.8924154875,-0.14283601499999998,3.43685448,10.120334021999998
OLD_1M,ALL_QUALITY_VALID,ENTRY_PROBE,STALLED_PRESSURE_PROBE,BUY_STALLED,30,300,1542,757,783,2,49.092088197146566,0.1297016861219196,-0.30346916370946836,-12.893582511999998,-4.8989326225,-0.158242625,4.2202074125,12.466940235499994,-0.30346916370946836,-12.893582511999998,-4.8989326225,-0.158242625,4.2202074125,12.466940235499994
OLD_1M,ALL_QUALITY_VALID,ENTRY_PROBE,STALLED_PRESSURE_PROBE,BUY_STALLED,30,600,1487,739,743,5,49.697377269670476,0.3362474781439139,0.0007348418762608302,-16.985544491,-6.680965985,0.0,6.610403105,18.045967628000014,0.0007348418762608302,-16.985544491,-6.680965985,0.0,6.610403105,18.045967628000014
OLD_1M,ALL_QUALITY_VALID,ENTRY_PROBE,STALLED_PRESSURE_PROBE,BUY_STALLED,60,60,749,349,386,14,46.5954606141522,1.8691588785046729,-0.2134428526435248,-6.61420004,-2.26593975,-0.09050347,1.85342288,5.6788900700000005,-0.2134428526435248,-6.61420004,-2.26593975,-0.09050347,1.85342288,5.6788900700000005
OLD_1M,ALL_QUALITY_VALID,ENTRY_PROBE,STALLED_PRESSURE_PROBE,BUY_STALLED,60,180,735,376,353,6,51.156462585034014,0.8163265306122449,-0.16370102361904776,-11.540533861,-3.5691309799999997,0.121636,3.302338065,11.733801073999988,-0.16370102361904776,-11.540533861,-3.5691309799999997,0.121636,3.302338065,11.733801073999988
OLD_1M,ALL_QUALITY_VALID,ENTRY_PROBE,STALLED_PRESSURE_PROBE,BUY_STALLED,60,300,729,369,358,2,50.617283950617285,0.27434842249657065,-0.12149068598079525,-12.306151172,-4.36173306,0.07589061,4.15381596,13.704479218000007,-0.12149068598079525,-12.306151172,-4.36173306,0.07589061,4.15381596,13.704479218000007
OLD_1M,ALL_QUALITY_VALID,ENTRY_PROBE,STALLED_PRESSURE_PROBE,BUY_STALLED,60,600,705,360,343,2,51.06382978723404,0.28368794326241137,0.5913545249503539,-17.577749032,-6.38061257,0.48021297,7.1003588,22.619620505999997,0.5913545249503539,-17.577749032,-6.38061257,0.48021297,7.1003588,22.619620505999997
OLD_1M,ALL_QUALITY_VALID,ENTRY_PROBE,STALLED_PRESSURE_PROBE,BUY_STALLED,180,60,241,118,122,1,48.96265560165975,0.4149377593360996,-0.3355659826141079,-7.40119331,-2.40465468,-0.03036108,2.03240935,5.69253319,-0.3355659826141079,-7.40119331,-2.40465468,-0.03036108,2.03240935,5.69253319
OLD_1M,ALL_QUALITY_VALID,ENTRY_PROBE,STALLED_PRESSURE_PROBE,BUY_STALLED,180,180,241,117,124,0,48.54771784232365,0.0,0.16402136597510367,-9.27737087,-3.27386817,-0.18200929,3.76680443,10.19513611,0.16402136597510367,-9.27737087,-3.27386817,-0.18200929,3.76680443,10.19513611
OLD_1M,ALL_QUALITY_VALID,ENTRY_PROBE,STALLED_PRESSURE_PROBE,BUY_STALLED,180,300,240,124,116,0,51.666666666666664,0.0,0.06471515120833303,-12.212221117999999,-4.081730137499999,0.287360805,4.980495705,9.843004325999999,0.06471515120833303,-12.212221117999999,-4.081730137499999,0.287360805,4.980495705,9.843004325999999
OLD_1M,ALL_QUALITY_VALID,ENTRY_PROBE,STALLED_PRESSURE_PROBE,BUY_STALLED,180,600,234,135,99,0,57.69230769230769,0.0,1.5636523702991452,-14.679709211499999,-4.2389472024999995,1.2942483999999999,7.0996718224999995,17.474935304499997,1.5636523702991452,-14.679709211499999,-4.2389472024999995,1.2942483999999999,7.0996718224999995,17.474935304499997
OLD_1M,ALL_QUALITY_VALID,ENTRY_PROBE,STALLED_PRESSURE_PROBE,BUY_STALLED,300,60,137,70,63,4,51.09489051094891,2.9197080291970803,0.03418923722627737,-4.12829825,-1.81110343,0.03016937,1.64216096,4.473566155999999,0.03418923722627737,-4.12829825,-1.81110343,0.03016937,1.64216096,4.473566155999999
OLD_1M,ALL_QUALITY_VALID,ENTRY_PROBE,STALLED_PRESSURE_PROBE,BUY_STALLED,300,180,137,70,67,0,51.09489051094891,0.0,0.4701127057664233,-6.103709894,-3.01397847,0.0151659,3.6954353,8.464081801999969,0.4701127057664233,-6.103709894,-3.01397847,0.0151659,3.6954353,8.464081801999969
OLD_1M,ALL_QUALITY_VALID,ENTRY_PROBE,STALLED_PRESSURE_PROBE,BUY_STALLED,300,300,133,66,66,1,49.62406015037594,0.7518796992481203,-0.24572417165413504,-11.085355591999999,-5.17366786,0.0,5.20155655,8.524535461999998,-0.24572417165413504,-11.085355591999999,-5.17366786,0.0,5.20155655,8.524535461999998
OLD_1M,ALL_QUALITY_VALID,ENTRY_PROBE,STALLED_PRESSURE_PROBE,BUY_STALLED,300,600,129,70,59,0,54.263565891472865,0.0,1.6639984819379836,-15.070296412000001,-4.05223008,0.97120528,9.10932405,15.992797972000002,1.6639984819379836,-15.070296412000001,-4.05223008,0.97120528,9.10932405,15.992797972000002
OLD_1M,ALL_QUALITY_VALID,ENTRY_PROBE,STALLED_PRESSURE_PROBE,BUY_STALLED,900,60,3,0,3,0,0.0,0.0,-1.8638370333333334,-2.5253654770000002,-2.105680945,-1.58107528,-1.480612245,-1.400241817,-1.8638370333333334,-2.5253654770000002,-2.105680945,-1.58107528,-1.480612245,-1.400241817
OLD_1M,ALL_QUALITY_VALID,ENTRY_PROBE,STALLED_PRESSURE_PROBE,BUY_STALLED,900,180,3,0,3,0,0.0,0.0,-1.52948402,-2.992659296,-2.07376848,-0.92515496,-0.68303503,-0.48933908600000003,-1.52948402,-2.992659296,-2.07376848,-0.92515496,-0.68303503,-0.48933908600000003
OLD_1M,ALL_QUALITY_VALID,ENTRY_PROBE,STALLED_PRESSURE_PROBE,BUY_STALLED,900,300,3,1,2,0,33.333333333333336,0.0,-3.403127786666667,-8.262247497,-5.794766285,-2.71041477,-0.66513278,0.9710928119999995,-3.403127786666667,-8.262247497,-5.794766285,-2.71041477,-0.66513278,0.9710928119999995
OLD_1M,ALL_QUALITY_VALID,ENTRY_PROBE,STALLED_PRESSURE_PROBE,BUY_STALLED,900,600,2,1,1,0,50.0,0.0,6.367100555,-4.3369010485,0.42043299749999985,6.367100555,12.3137681125,17.0711021585,6.367100555,-4.3369010485,0.42043299749999985,6.367100555,12.3137681125,17.0711021585
OLD_1M,ALL_QUALITY_VALID,ENTRY_PROBE,STALLED_PRESSURE_PROBE,BUY_STALLED,1800,60,1,1,0,0,100.0,0.0,7.84118583,7.84118583,7.84118583,7.84118583,7.84118583,7.84118583,7.84118583,7.84118583,7.84118583,7.84118583,7.84118583,7.84118583
OLD_1M,ALL_QUALITY_VALID,ENTRY_PROBE,STALLED_PRESSURE_PROBE,BUY_STALLED,1800,180,1,1,0,0,100.0,0.0,11.50543228,11.50543228,11.50543228,11.50543228,11.50543228,11.50543228,11.50543228,11.50543228,11.50543228,11.50543228,11.50543228,11.50543228
OLD_1M,ALL_QUALITY_VALID,ENTRY_PROBE,STALLED_PRESSURE_PROBE,BUY_STALLED,1800,300,1,1,0,0,100.0,0.0,14.05381768,14.05381768,14.05381768,14.05381768,14.05381768,14.05381768,14.05381768,14.05381768,14.05381768,14.05381768,14.05381768,14.05381768
OLD_1M,ALL_QUALITY_VALID,ENTRY_PROBE,STALLED_PRESSURE_PROBE,BUY_STALLED,1800,600,1,1,0,0,100.0,0.0,18.74344997,18.74344997,18.74344997,18.74344997,18.74344997,18.74344997,18.74344997,18.74344997,18.74344997,18.74344997,18.74344997,18.74344997
OLD_1M,ALL_QUALITY_VALID,ENTRY_PROBE,STALLED_REVERSAL_PROBE,BUY_STALLED,30,60,1581,811,747,23,51.2966476913346,1.454775458570525,-0.20223199438962705,-6.46640409,-2.29067966,-0.13627671,1.91229061,5.6091423,0.20223199438962705,-5.6091423,-1.91229061,0.13627671,2.29067966,6.46640409
OLD_1M,ALL_QUALITY_VALID,ENTRY_PROBE,STALLED_REVERSAL_PROBE,BUY_STALLED,30,180,1562,797,762,3,51.02432778489116,0.19206145966709348,-0.3153393056338029,-11.103406616,-3.8924154875,-0.14283601499999998,3.43685448,10.120334021999998,0.3153393056338029,-10.120334022,-3.43685448,0.14283601499999998,3.8924154875,11.10340661599999
OLD_1M,ALL_QUALITY_VALID,ENTRY_PROBE,STALLED_REVERSAL_PROBE,BUY_STALLED,30,300,1542,783,757,2,50.778210116731515,0.1297016861219196,-0.30346916370946836,-12.893582511999998,-4.8989326225,-0.158242625,4.2202074125,12.466940235499994,0.30346916370946836,-12.4669402355,-4.2202074125,0.158242625,4.8989326225,12.893582511999982
OLD_1M,ALL_QUALITY_VALID,ENTRY_PROBE,STALLED_REVERSAL_PROBE,BUY_STALLED,30,600,1487,743,739,5,49.96637525218561,0.3362474781439139,0.0007348418762610094,-16.985544491,-6.680965985,0.0,6.610403105,18.045967628000014,-0.0007348418762610094,-18.045967628,-6.610403105,-0.0,6.680965985,16.985544491000006
OLD_1M,ALL_QUALITY_VALID,ENTRY_PROBE,STALLED_REVERSAL_PROBE,BUY_STALLED,60,60,749,386,349,14,51.53538050734313,1.8691588785046729,-0.21344285264352475,-6.61420004,-2.26593975,-0.09050347,1.85342288,5.6788900700000005,0.21344285264352475,-5.67889007,-1.85342288,0.09050347,2.26593975,6.614200040000005
OLD_1M,ALL_QUALITY_VALID,ENTRY_PROBE,STALLED_REVERSAL_PROBE,BUY_STALLED,60,180,735,353,376,6,48.02721088435374,0.8163265306122449,-0.16370102361904768,-11.540533861,-3.5691309799999997,0.121636,3.302338065,11.733801073999988,0.16370102361904768,-11.733801073999999,-3.302338065,-0.121636,3.5691309799999997,11.540533860999997
OLD_1M,ALL_QUALITY_VALID,ENTRY_PROBE,STALLED_REVERSAL_PROBE,BUY_STALLED,60,300,729,358,369,2,49.10836762688614,0.27434842249657065,-0.12149068598079546,-12.306151172,-4.36173306,0.07589061,4.15381596,13.704479218000007,0.12149068598079546,-13.704479218,-4.15381596,-0.07589061,4.36173306,12.306151172
OLD_1M,ALL_QUALITY_VALID,ENTRY_PROBE,STALLED_REVERSAL_PROBE,BUY_STALLED,60,600,705,343,360,2,48.652482269503544,0.28368794326241137,0.5913545249503546,-17.577749032,-6.38061257,0.48021297,7.1003588,22.619620505999997,-0.5913545249503546,-22.619620506,-7.1003588,-0.48021297,6.38061257,17.577749031999996
OLD_1M,ALL_QUALITY_VALID,ENTRY_PROBE,STALLED_REVERSAL_PROBE,BUY_STALLED,180,60,241,122,118,1,50.62240663900415,0.4149377593360996,-0.3355659826141079,-7.40119331,-2.40465468,-0.03036108,2.03240935,5.69253319,0.3355659826141079,-5.69253319,-2.03240935,0.03036108,2.40465468,7.40119331
OLD_1M,ALL_QUALITY_VALID,ENTRY_PROBE,STALLED_REVERSAL_PROBE,BUY_STALLED,180,180,241,124,117,0,51.45228215767635,0.0,0.16402136597510356,-9.27737087,-3.27386817,-0.18200929,3.76680443,10.19513611,-0.16402136597510356,-10.19513611,-3.76680443,0.18200929,3.27386817,9.27737087
OLD_1M,ALL_QUALITY_VALID,ENTRY_PROBE,STALLED_REVERSAL_PROBE,BUY_STALLED,180,300,240,116,124,0,48.333333333333336,0.0,0.06471515120833325,-12.212221117999999,-4.081730137499999,0.287360805,4.980495705,9.843004325999999,-0.06471515120833325,-9.843004325999999,-4.980495705,-0.287360805,4.081730137499999,12.212221117999995
OLD_1M,ALL_QUALITY_VALID,ENTRY_PROBE,STALLED_REVERSAL_PROBE,BUY_STALLED,180,600,234,99,135,0,42.30769230769231,0.0,1.5636523702991458,-14.679709211499999,-4.2389472024999995,1.2942483999999999,7.0996718224999995,17.474935304499997,-1.5636523702991458,-17.4749353045,-7.0996718224999995,-1.2942483999999999,4.2389472024999995,14.679709211499997
OLD_1M,ALL_QUALITY_VALID,ENTRY_PROBE,STALLED_REVERSAL_PROBE,BUY_STALLED,300,60,137,63,70,4,45.98540145985402,2.9197080291970803,0.034189237226277404,-4.12829825,-1.81110343,0.03016937,1.64216096,4.473566155999999,-0.034189237226277404,-4.473566156,-1.64216096,-0.03016937,1.81110343,4.1282982499999985
OLD_1M,ALL_QUALITY_VALID,ENTRY_PROBE,STALLED_REVERSAL_PROBE,BUY_STALLED,300,180,137,67,70,0,48.90510948905109,0.0,0.47011270576642317,-6.103709894,-3.01397847,0.0151659,3.6954353,8.464081801999969,-0.47011270576642317,-8.464081801999999,-3.6954353,-0.0151659,3.01397847,6.103709893999995
OLD_1M,ALL_QUALITY_VALID,ENTRY_PROBE,STALLED_REVERSAL_PROBE,BUY_STALLED,300,300,133,66,66,1,49.62406015037594,0.7518796992481203,-0.24572417165413538,-11.085355591999999,-5.17366786,0.0,5.20155655,8.524535461999998,0.24572417165413538,-8.524535462,-5.20155655,-0.0,5.17366786,11.085355591999999
OLD_1M,ALL_QUALITY_VALID,ENTRY_PROBE,STALLED_REVERSAL_PROBE,BUY_STALLED,300,600,129,59,70,0,45.736434108527135,0.0,1.6639984819379856,-15.070296412000001,-4.05223008,0.97120528,9.10932405,15.992797972000002,-1.6639984819379856,-15.992797972000002,-9.10932405,-0.97120528,4.05223008,15.070296411999998
OLD_1M,ALL_QUALITY_VALID,ENTRY_PROBE,STALLED_REVERSAL_PROBE,BUY_STALLED,900,60,3,3,0,0,100.0,0.0,-1.8638370333333334,-2.5253654770000002,-2.105680945,-1.58107528,-1.480612245,-1.400241817,1.8638370333333334,1.400241817,1.480612245,1.58107528,2.105680945,2.525365477
OLD_1M,ALL_QUALITY_VALID,ENTRY_PROBE,STALLED_REVERSAL_PROBE,BUY_STALLED,900,180,3,3,0,0,100.0,0.0,-1.52948402,-2.992659296,-2.07376848,-0.92515496,-0.68303503,-0.48933908600000003,1.52948402,0.489339086,0.68303503,0.92515496,2.07376848,2.9926592960000002
OLD_1M,ALL_QUALITY_VALID,ENTRY_PROBE,STALLED_REVERSAL_PROBE,BUY_STALLED,900,300,3,2,1,0,66.66666666666667,0.0,-3.403127786666667,-8.262247497,-5.794766285,-2.71041477,-0.66513278,0.9710928119999995,3.403127786666667,-0.971092812,0.66513278,2.71041477,5.794766285,8.262247496999999
OLD_1M,ALL_QUALITY_VALID,ENTRY_PROBE,STALLED_REVERSAL_PROBE,BUY_STALLED,900,600,2,1,1,0,50.0,0.0,6.367100555,-4.3369010485,0.42043299749999985,6.367100555,12.3137681125,17.0711021585,-6.367100555,-17.0711021585,-12.3137681125,-6.367100555,-0.42043299749999985,4.336901048499999
OLD_1M,ALL_QUALITY_VALID,ENTRY_PROBE,STALLED_REVERSAL_PROBE,BUY_STALLED,1800,60,1,0,1,0,0.0,0.0,7.84118583,7.84118583,7.84118583,7.84118583,7.84118583,7.84118583,-7.84118583,-7.84118583,-7.84118583,-7.84118583,-7.84118583,-7.84118583
OLD_1M,ALL_QUALITY_VALID,ENTRY_PROBE,STALLED_REVERSAL_PROBE,BUY_STALLED,1800,180,1,0,1,0,0.0,0.0,11.50543228,11.50543228,11.50543228,11.50543228,11.50543228,11.50543228,-11.50543228,-11.50543228,-11.50543228,-11.50543228,-11.50543228,-11.50543228
OLD_1M,ALL_QUALITY_VALID,ENTRY_PROBE,STALLED_REVERSAL_PROBE,BUY_STALLED,1800,300,1,0,1,0,0.0,0.0,14.05381768,14.05381768,14.05381768,14.05381768,14.05381768,14.05381768,-14.05381768,-14.05381768,-14.05381768,-14.05381768,-14.05381768,-14.05381768
OLD_1M,ALL_QUALITY_VALID,ENTRY_PROBE,STALLED_REVERSAL_PROBE,BUY_STALLED,1800,600,1,0,1,0,0.0,0.0,18.74344997,18.74344997,18.74344997,18.74344997,18.74344997,18.74344997,-18.74344997,-18.74344997,-18.74344997,-18.74344997,-18.74344997,-18.74344997
OLD_1M,ALL_QUALITY_VALID,ENTRY_PROBE,STALLED_PRESSURE_PROBE,SELL_STALLED,30,60,1192,592,584,16,49.66442953020134,1.342281879194631,-0.2534555787499997,-7.042519072499999,-2.4409374575,0.0,2.14435444,6.0169154385,0.2534555787499997,-6.0169154385,-2.14435444,-0.0,2.4409374575,7.042519072500006
OLD_1M,ALL_QUALITY_VALID,ENTRY_PROBE,STALLED_PRESSURE_PROBE,SELL_STALLED,30,180,1163,609,553,1,52.36457437661221,0.08598452278589853,-0.5956572338177121,-12.585370669999998,-3.974732115,-0.27149362,3.21448307,10.629304666999996,0.5956572338177121,-10.629304667,-3.21448307,0.27149362,3.974732115,12.585370669999993
OLD_1M,ALL_QUALITY_VALID,ENTRY_PROBE,STALLED_PRESSURE_PROBE,SELL_STALLED,30,300,1147,578,568,1,50.39232781168265,0.08718395815170009,-0.5025723779337411,-17.064135278,-5.836826264999999,-0.03004799,5.1351693350000005,14.404705628000002,0.5025723779337411,-14.404705627999999,-5.1351693350000005,0.03004799,5.836826264999999,17.064135278
OLD_1M,ALL_QUALITY_VALID,ENTRY_PROBE,STALLED_PRESSURE_PROBE,SELL_STALLED,30,600,1116,554,561,1,49.6415770609319,0.08960573476702509,-0.8695244948118279,-22.8891018,-8.495009245,0.067872855,7.1044668525,18.776581710000002,0.8695244948118279,-18.776581710000002,-7.1044668525,-0.067872855,8.495009245,22.8891018
OLD_1M,ALL_QUALITY_VALID,ENTRY_PROBE,STALLED_PRESSURE_PROBE,SELL_STALLED,60,60,514,244,262,8,47.47081712062257,1.556420233463035,0.19922430647859934,-5.8884108495,-2.1032330925,0.06827158,2.648075405,6.605810004499993,-0.19922430647859934,-6.6058100044999986,-2.648075405,-0.06827158,2.1032330925,5.888410849499991
OLD_1M,ALL_QUALITY_VALID,ENTRY_PROBE,STALLED_PRESSURE_PROBE,SELL_STALLED,60,180,502,234,268,0,46.613545816733065,0.0,0.5050941500597614,-12.650190872,-3.2432486175,0.545291295,4.336571922499999,12.299315676499997,-0.5050941500597614,-12.299315676500001,-4.336571922499999,-0.545291295,3.2432486175,12.650190871999998
OLD_1M,ALL_QUALITY_VALID,ENTRY_PROBE,STALLED_PRESSURE_PROBE,SELL_STALLED,60,300,488,243,243,2,49.795081967213115,0.4098360655737705,0.5108443086885246,-17.3338084925,-5.7555276074999995,0.0,5.8331492125,19.323199152999983,-0.5108443086885246,-19.323199152999997,-5.8331492125,-0.0,5.7555276074999995,17.33380849249999
OLD_1M,ALL_QUALITY_VALID,ENTRY_PROBE,STALLED_PRESSURE_PROBE,SELL_STALLED,60,600,478,215,263,0,44.97907949790795,0.0,0.5950175391004178,-23.07900764,-7.46151692,1.5667398449999999,8.6619412025,23.334199989499965,-0.5950175391004178,-23.3341999895,-8.6619412025,-1.5667398449999999,7.46151692,23.07900763999999
OLD_1M,ALL_QUALITY_VALID,ENTRY_PROBE,STALLED_PRESSURE_PROBE,SELL_STALLED,180,60,129,70,57,2,54.263565891472865,1.550387596899225,0.02430432612403089,-6.986285012,-2.42523457,-0.3152093,2.1469634,7.962635471999999,-0.02430432612403089,-7.9626354720000005,-2.1469634,0.3152093,2.42523457,6.986285011999998
OLD_1M,ALL_QUALITY_VALID,ENTRY_PROBE,STALLED_PRESSURE_PROBE,SELL_STALLED,180,180,129,61,67,1,47.286821705426355,0.7751937984496124,1.0649824858914725,-15.159248475999998,-2.82093373,0.42243874,6.20022012,14.635992845999997,-1.0649824858914725,-14.635992845999999,-6.20022012,-0.42243874,2.82093373,15.159248475999984
OLD_1M,ALL_QUALITY_VALID,ENTRY_PROBE,STALLED_PRESSURE_PROBE,SELL_STALLED,180,300,112,56,56,0,50.0,0.0,0.9466149622321438,-20.3212226045,-5.027900225,-0.052870585,6.055131315,21.97834544049991,-0.9466149622321438,-21.978345440499993,-6.055131315,0.052870585,5.027900225,20.32122260449999
OLD_1M,ALL_QUALITY_VALID,ENTRY_PROBE,STALLED_PRESSURE_PROBE,SELL_STALLED,180,600,110,55,55,0,50.0,0.0,1.8672761680909085,-20.357328897000002,-8.644647405,-0.030398709999999995,8.8182693775,21.893175892999995,-1.8672761680909085,-21.893175893,-8.8182693775,0.030398709999999995,8.644647405,20.357328896999995
OLD_1M,ALL_QUALITY_VALID,ENTRY_PROBE,STALLED_PRESSURE_PROBE,SELL_STALLED,300,60,54,29,25,0,53.7037037037037,0.0,-0.5749395255555556,-7.343167664999999,-2.8404243275,-0.398991275,1.8097309275,5.136043597499994,0.5749395255555556,-5.1360435975,-1.8097309275,0.398991275,2.8404243275,7.343167664999987
OLD_1M,ALL_QUALITY_VALID,ENTRY_PROBE,STALLED_PRESSURE_PROBE,SELL_STALLED,300,180,52,27,25,0,51.92307692307692,0.0,0.16909260134615328,-15.106745794499998,-4.4240351425,-0.504705145,5.258010365,12.865220156999994,-0.16909260134615328,-12.865220157,-5.258010365,0.504705145,4.4240351425,15.106745794499988
OLD_1M,ALL_QUALITY_VALID,ENTRY_PROBE,STALLED_PRESSURE_PROBE,SELL_STALLED,300,300,47,23,24,0,48.93617021276596,0.0,-1.0627448331914902,-22.106557711999997,-4.920277105,0.03002241,5.746149245,11.675084910999994,1.0627448331914902,-11.675084910999999,-5.746149245,-0.03002241,4.920277105,22.10655771199999
OLD_1M,ALL_QUALITY_VALID,ENTRY_PROBE,STALLED_PRESSURE_PROBE,SELL_STALLED,300,600,46,26,20,0,56.52173913043478,0.0,-1.3227548017391313,-24.047995540000002,-9.16462456,-3.6075898950000003,9.7029661975,15.4698570325,1.3227548017391313,-15.4698570325,-9.7029661975,3.6075898950000003,9.16462456,24.047995540000002
OLD_1M,ALL_QUALITY_VALID,ENTRY_PROBE,STALLED_REVERSAL_PROBE,SELL_STALLED,30,60,1192,584,592,16,48.993288590604024,1.342281879194631,-0.2534555787499997,-7.042519072499999,-2.4409374575,0.0,2.14435444,6.0169154385,-0.2534555787499997,-7.042519072499999,-2.4409374575,0.0,2.14435444,6.0169154385
OLD_1M,ALL_QUALITY_VALID,ENTRY_PROBE,STALLED_REVERSAL_PROBE,SELL_STALLED,30,180,1163,553,609,1,47.54944110060189,0.08598452278589853,-0.5956572338177132,-12.585370669999998,-3.974732115,-0.27149362,3.21448307,10.629304666999996,-0.5956572338177132,-12.585370669999998,-3.974732115,-0.27149362,3.21448307,10.629304666999996
OLD_1M,ALL_QUALITY_VALID,ENTRY_PROBE,STALLED_REVERSAL_PROBE,SELL_STALLED,30,300,1147,568,578,1,49.52048823016565,0.08718395815170009,-0.50257237793374,-17.064135278,-5.836826264999999,-0.03004799,5.1351693350000005,14.404705628000002,-0.50257237793374,-17.064135278,-5.836826264999999,-0.03004799,5.1351693350000005,14.404705628000002
OLD_1M,ALL_QUALITY_VALID,ENTRY_PROBE,STALLED_REVERSAL_PROBE,SELL_STALLED,30,600,1116,561,554,1,50.26881720430107,0.08960573476702509,-0.8695244948118276,-22.8891018,-8.495009245,0.067872855,7.1044668525,18.776581710000002,-0.8695244948118276,-22.8891018,-8.495009245,0.067872855,7.1044668525,18.776581710000002
OLD_1M,ALL_QUALITY_VALID,ENTRY_PROBE,STALLED_REVERSAL_PROBE,SELL_STALLED,60,60,514,262,244,8,50.97276264591439,1.556420233463035,0.1992243064785993,-5.8884108495,-2.1032330925,0.06827158,2.648075405,6.605810004499993,0.1992243064785993,-5.8884108495,-2.1032330925,0.06827158,2.648075405,6.605810004499993
OLD_1M,ALL_QUALITY_VALID,ENTRY_PROBE,STALLED_REVERSAL_PROBE,SELL_STALLED,60,180,502,268,234,0,53.386454183266935,0.0,0.5050941500597614,-12.650190872,-3.2432486175,0.545291295,4.336571922499999,12.299315676499997,0.5050941500597614,-12.650190872,-3.2432486175,0.545291295,4.336571922499999,12.299315676499997
OLD_1M,ALL_QUALITY_VALID,ENTRY_PROBE,STALLED_REVERSAL_PROBE,SELL_STALLED,60,300,488,243,243,2,49.795081967213115,0.4098360655737705,0.5108443086885238,-17.3338084925,-5.7555276074999995,0.0,5.8331492125,19.323199152999983,0.5108443086885238,-17.3338084925,-5.7555276074999995,0.0,5.8331492125,19.323199152999983
OLD_1M,ALL_QUALITY_VALID,ENTRY_PROBE,STALLED_REVERSAL_PROBE,SELL_STALLED,60,600,478,263,215,0,55.02092050209205,0.0,0.595017539100418,-23.07900764,-7.46151692,1.5667398449999999,8.6619412025,23.334199989499965,0.595017539100418,-23.07900764,-7.46151692,1.5667398449999999,8.6619412025,23.334199989499965
OLD_1M,ALL_QUALITY_VALID,ENTRY_PROBE,STALLED_REVERSAL_PROBE,SELL_STALLED,180,60,129,57,70,2,44.18604651162791,1.550387596899225,0.02430432612403111,-6.986285012,-2.42523457,-0.3152093,2.1469634,7.962635471999999,0.02430432612403111,-6.986285012,-2.42523457,-0.3152093,2.1469634,7.962635471999999
OLD_1M,ALL_QUALITY_VALID,ENTRY_PROBE,STALLED_REVERSAL_PROBE,SELL_STALLED,180,180,129,67,61,1,51.93798449612403,0.7751937984496124,1.0649824858914723,-15.159248475999998,-2.82093373,0.42243874,6.20022012,14.635992845999997,1.0649824858914723,-15.159248475999998,-2.82093373,0.42243874,6.20022012,14.635992845999997
OLD_1M,ALL_QUALITY_VALID,ENTRY_PROBE,STALLED_REVERSAL_PROBE,SELL_STALLED,180,300,112,56,56,0,50.0,0.0,0.9466149622321437,-20.3212226045,-5.027900225,-0.052870585,6.055131315,21.97834544049991,0.9466149622321437,-20.3212226045,-5.027900225,-0.052870585,6.055131315,21.97834544049991
OLD_1M,ALL_QUALITY_VALID,ENTRY_PROBE,STALLED_REVERSAL_PROBE,SELL_STALLED,180,600,110,55,55,0,50.0,0.0,1.8672761680909076,-20.357328897000002,-8.644647405,-0.030398709999999995,8.8182693775,21.893175892999995,1.8672761680909076,-20.357328897000002,-8.644647405,-0.030398709999999995,8.8182693775,21.893175892999995
OLD_1M,ALL_QUALITY_VALID,ENTRY_PROBE,STALLED_REVERSAL_PROBE,SELL_STALLED,300,60,54,25,29,0,46.2962962962963,0.0,-0.5749395255555556,-7.343167664999999,-2.8404243275,-0.398991275,1.8097309275,5.136043597499994,-0.5749395255555556,-7.343167664999999,-2.8404243275,-0.398991275,1.8097309275,5.136043597499994
OLD_1M,ALL_QUALITY_VALID,ENTRY_PROBE,STALLED_REVERSAL_PROBE,SELL_STALLED,300,180,52,25,27,0,48.07692307692308,0.0,0.1690926013461534,-15.106745794499998,-4.4240351425,-0.504705145,5.258010365,12.865220156999994,0.1690926013461534,-15.106745794499998,-4.4240351425,-0.504705145,5.258010365,12.865220156999994
OLD_1M,ALL_QUALITY_VALID,ENTRY_PROBE,STALLED_REVERSAL_PROBE,SELL_STALLED,300,300,47,24,23,0,51.06382978723404,0.0,-1.0627448331914895,-22.106557711999997,-4.920277105,0.03002241,5.746149245,11.675084910999994,-1.0627448331914895,-22.106557711999997,-4.920277105,0.03002241,5.746149245,11.675084910999994
OLD_1M,ALL_QUALITY_VALID,ENTRY_PROBE,STALLED_REVERSAL_PROBE,SELL_STALLED,300,600,46,20,26,0,43.47826086956522,0.0,-1.3227548017391308,-24.047995540000002,-9.16462456,-3.6075898950000003,9.7029661975,15.4698570325,-1.3227548017391308,-24.047995540000002,-9.16462456,-3.6075898950000003,9.7029661975,15.4698570325
OLD_1M,PRIMARY_CLEAN,ANALYSIS,EFFECTIVE_CONTINUATION,BUY_EFFECTIVE,30,60,1327,657,658,12,49.510173323285606,0.9042954031650339,0.03366126761115304,-6.590834936,-2.5679679699999998,0.0,2.570683625,6.963891784000001,0.03366126761115304,-6.590834936,-2.5679679699999998,0.0,2.570683625,6.963891784000001
OLD_1M,PRIMARY_CLEAN,ANALYSIS,EFFECTIVE_CONTINUATION,BUY_EFFECTIVE,30,180,1315,613,699,3,46.61596958174905,0.22813688212927757,-0.30954406156654,-11.516998605,-4.75843766,-0.54700024,3.6878779799999997,12.092456015000002,-0.30954406156654,-11.516998605,-4.75843766,-0.54700024,3.6878779799999997,12.092456015000002
OLD_1M,PRIMARY_CLEAN,ANALYSIS,EFFECTIVE_CONTINUATION,BUY_EFFECTIVE,30,300,1300,599,699,2,46.07692307692308,0.15384615384615385,-0.608329939469231,-15.1025335795,-5.9341229175,-0.6896119599999999,4.18259555,15.466832902,-0.608329939469231,-15.1025335795,-5.9341229175,-0.6896119599999999,4.18259555,15.466832902
OLD_1M,PRIMARY_CLEAN,ANALYSIS,EFFECTIVE_CONTINUATION,BUY_EFFECTIVE,30,600,1268,600,667,1,47.3186119873817,0.07886435331230283,-0.48005689145899055,-20.5632637575,-7.9586212199999995,-0.83696556,7.10452894,20.972065061999977,-0.48005689145899055,-20.5632637575,-7.9586212199999995,-0.83696556,7.10452894,20.972065061999977
OLD_1M,PRIMARY_CLEAN,ANALYSIS,EFFECTIVE_CONTINUATION,BUY_EFFECTIVE,60,60,1026,497,519,10,48.44054580896686,0.9746588693957114,0.016266780526315812,-6.189419935,-2.55842817,-0.02277285,2.3547249125,6.8861614375,0.016266780526315812,-6.189419935,-2.55842817,-0.02277285,2.3547249125,6.8861614375
OLD_1M,PRIMARY_CLEAN,ANALYSIS,EFFECTIVE_CONTINUATION,BUY_EFFECTIVE,60,180,1015,475,535,5,46.79802955665025,0.49261083743842365,-0.02541121395073909,-9.839545902,-4.043528845,-0.49718937,3.41622014,11.958212789999997,-0.02541121395073909,-9.839545902,-4.043528845,-0.49718937,3.41622014,11.958212789999997
OLD_1M,PRIMARY_CLEAN,ANALYSIS,EFFECTIVE_CONTINUATION,BUY_EFFECTIVE,60,300,1008,477,529,2,47.32142857142857,0.1984126984126984,-0.05406081763888882,-12.7557556205,-4.99343509,-0.31556137500000003,4.39688107,15.633540776,-0.05406081763888882,-12.7557556205,-4.99343509,-0.31556137500000003,4.39688107,15.633540776
OLD_1M,PRIMARY_CLEAN,ANALYSIS,EFFECTIVE_CONTINUATION,BUY_EFFECTIVE,60,600,986,473,512,1,47.97160243407708,0.10141987829614604,0.014554389614604271,-18.010022697500002,-7.3186855,-0.49958287999999995,7.4213410625,19.907387885000002,0.014554389614604271,-18.010022697500002,-7.3186855,-0.49958287999999995,7.4213410625,19.907387885000002
OLD_1M,PRIMARY_CLEAN,ANALYSIS,EFFECTIVE_CONTINUATION,BUY_EFFECTIVE,180,60,515,235,274,6,45.63106796116505,1.1650485436893203,-0.28850305133980525,-6.396321553,-2.647309515,-0.22588831,2.09211757,6.244203078999998,-0.28850305133980525,-6.396321553,-2.647309515,-0.22588831,2.09211757,6.244203078999998
OLD_1M,PRIMARY_CLEAN,ANALYSIS,EFFECTIVE_CONTINUATION,BUY_EFFECTIVE,180,180,510,240,270,0,47.05882352941177,0.0,-0.8109350474901962,-12.869188263,-4.8195388574999996,-0.5899482549999999,3.7900564174999998,10.145859070999999,-0.8109350474901962,-12.869188263,-4.8195388574999996,-0.5899482549999999,3.7900564174999998,10.145859070999999
OLD_1M,PRIMARY_CLEAN,ANALYSIS,EFFECTIVE_CONTINUATION,BUY_EFFECTIVE,180,300,508,240,268,0,47.24409448818898,0.0,-0.5081488956496065,-14.389401335999999,-5.3272379149999995,-0.55800247,4.5342490474999995,13.683370411499995,-0.5081488956496065,-14.389401335999999,-5.3272379149999995,-0.55800247,4.5342490474999995,13.683370411499995
OLD_1M,PRIMARY_CLEAN,ANALYSIS,EFFECTIVE_CONTINUATION,BUY_EFFECTIVE,180,600,498,259,239,0,52.00803212851405,0.0,-0.5509569338152608,-22.28647738,-7.0909119075,0.31730396,7.0549073825,19.12329406399998,-0.5509569338152608,-22.28647738,-7.0909119075,0.31730396,7.0549073825,19.12329406399998
OLD_1M,PRIMARY_CLEAN,ANALYSIS,EFFECTIVE_CONTINUATION,BUY_EFFECTIVE,300,60,322,157,163,2,48.75776397515528,0.6211180124223602,0.07596400012422354,-5.7759212435,-2.1931292575,-0.06062633,2.2969127225,7.360906686999999,0.07596400012422354,-5.7759212435,-2.1931292575,-0.06062633,2.2969127225,7.360906686999999
OLD_1M,PRIMARY_CLEAN,ANALYSIS,EFFECTIVE_CONTINUATION,BUY_EFFECTIVE,300,180,320,167,153,0,52.1875,0.0,0.20199752953125,-8.963472262,-3.2703420425000003,0.26398516,3.9202812924999995,11.004645501500004,0.20199752953125,-8.963472262,-3.2703420425000003,0.26398516,3.9202812924999995,11.004645501500004
OLD_1M,PRIMARY_CLEAN,ANALYSIS,EFFECTIVE_CONTINUATION,BUY_EFFECTIVE,300,300,319,174,145,0,54.54545454545455,0.0,0.10851904090909127,-12.966198671999999,-4.191534115,0.85152194,4.72592295,10.838375601999997,0.10851904090909127,-12.966198671999999,-4.191534115,0.85152194,4.72592295,10.838375601999997
OLD_1M,PRIMARY_CLEAN,ANALYSIS,EFFECTIVE_CONTINUATION,BUY_EFFECTIVE,300,600,303,156,147,0,51.48514851485149,0.0,1.3929301286798674,-13.598492027999999,-5.272098645,0.64836371,7.030283275,20.436250068999968,1.3929301286798674,-13.598492027999999,-5.272098645,0.64836371,7.030283275,20.436250068999968
OLD_1M,PRIMARY_CLEAN,ANALYSIS,EFFECTIVE_CONTINUATION,BUY_EFFECTIVE,900,60,67,27,40,0,40.298507462686565,0.0,0.025419564925373117,-4.3385504479999994,-1.88414055,-0.34917261,1.260345815,5.858324325,0.025419564925373117,-4.3385504479999994,-1.88414055,-0.34917261,1.260345815,5.858324325
OLD_1M,PRIMARY_CLEAN,ANALYSIS,EFFECTIVE_CONTINUATION,BUY_EFFECTIVE,900,180,67,30,37,0,44.776119402985074,0.0,-0.7783552916417911,-8.014242906,-5.214817065,-0.30129512,2.116388505,6.600086103999998,-0.7783552916417911,-8.014242906,-5.214817065,-0.30129512,2.116388505,6.600086103999998
OLD_1M,PRIMARY_CLEAN,ANALYSIS,EFFECTIVE_CONTINUATION,BUY_EFFECTIVE,900,300,67,32,35,0,47.76119402985075,0.0,0.10782554611940287,-10.903227056999999,-4.909099565,-0.66292016,5.386594575,9.636006688999998,0.10782554611940287,-10.903227056999999,-4.909099565,-0.66292016,5.386594575,9.636006688999998
OLD_1M,PRIMARY_CLEAN,ANALYSIS,EFFECTIVE_CONTINUATION,BUY_EFFECTIVE,900,600,65,35,30,0,53.84615384615385,0.0,1.814697532307693,-14.275143374,-4.50711578,1.19485878,9.01736448,14.813290585999995,1.814697532307693,-14.275143374,-4.50711578,1.19485878,9.01736448,14.813290585999995
OLD_1M,PRIMARY_CLEAN,ANALYSIS,EFFECTIVE_CONTINUATION,BUY_EFFECTIVE,1800,60,45,17,26,2,37.77777777777778,4.444444444444445,0.09047442977777768,-3.453434006,-1.95592842,-0.0301033,2.60480556,5.063745233999996,0.09047442977777768,-3.453434006,-1.95592842,-0.0301033,2.60480556,5.063745233999996
OLD_1M,PRIMARY_CLEAN,ANALYSIS,EFFECTIVE_CONTINUATION,BUY_EFFECTIVE,1800,180,45,27,18,0,60.0,0.0,1.594140218,-8.459033538,-1.76139298,1.74729583,5.77115777,9.90837415,1.594140218,-8.459033538,-1.76139298,1.74729583,5.77115777,9.90837415
OLD_1M,PRIMARY_CLEAN,ANALYSIS,EFFECTIVE_CONTINUATION,BUY_EFFECTIVE,1800,300,45,28,17,0,62.22222222222222,0.0,1.636692584222222,-12.343194901999999,-2.48393018,3.26864824,7.33217303,11.067891653999993,1.636692584222222,-12.343194901999999,-2.48393018,3.26864824,7.33217303,11.067891653999993
OLD_1M,PRIMARY_CLEAN,ANALYSIS,EFFECTIVE_CONTINUATION,BUY_EFFECTIVE,1800,600,45,25,20,0,55.55555555555556,0.0,0.9925404042222228,-13.88417239,-6.0426072,0.57580643,6.31915335,18.148071851999994,0.9925404042222228,-13.88417239,-6.0426072,0.57580643,6.31915335,18.148071851999994
OLD_1M,PRIMARY_CLEAN,ANALYSIS,TRAPPED_REVERSAL,BUY_TRAPPED,30,60,282,152,124,6,53.90070921985816,2.127659574468085,-0.20754411195035444,-7.107524132,-2.4244822275,-0.219731405,2.1085202425,6.340683079999997,0.20754411195035444,-6.34068308,-2.1085202425,0.219731405,2.4244822275,7.107524131999998
OLD_1M,PRIMARY_CLEAN,ANALYSIS,TRAPPED_REVERSAL,BUY_TRAPPED,30,180,272,138,134,0,50.73529411764706,0.0,-0.08806034139705886,-10.25606049,-4.8585378625,-0.10501927999999999,3.98877592,11.812613273999993,0.08806034139705886,-11.812613274,-3.98877592,0.10501927999999999,4.8585378625,10.256060489999998
OLD_1M,PRIMARY_CLEAN,ANALYSIS,TRAPPED_REVERSAL,BUY_TRAPPED,30,300,270,137,132,1,50.74074074074074,0.37037037037037035,-0.48642770603703694,-13.6760798605,-4.9078088825,-0.13552502,3.919946425,13.031509537999998,0.48642770603703694,-13.031509538000002,-3.919946425,0.13552502,4.9078088825,13.676079860499998
OLD_1M,PRIMARY_CLEAN,ANALYSIS,TRAPPED_REVERSAL,BUY_TRAPPED,30,600,257,133,124,0,51.750972762645915,0.0,-0.7565155495719845,-18.817811914,-7.95294814,-0.40998916,6.7134648,17.100202989999932,0.7565155495719845,-17.100202989999996,-6.7134648,0.40998916,7.95294814,18.817811914
OLD_1M,PRIMARY_CLEAN,ANALYSIS,TRAPPED_REVERSAL,BUY_TRAPPED,60,60,240,108,127,5,45.0,2.0833333333333335,-0.04494181991666667,-7.1974094074999995,-1.7782665025,0.206960695,1.822046365,6.219222927499997,0.04494181991666667,-6.2192229275,-1.822046365,-0.206960695,1.7782665025,7.197409407499989
OLD_1M,PRIMARY_CLEAN,ANALYSIS,TRAPPED_REVERSAL,BUY_TRAPPED,60,180,233,116,117,0,49.78540772532189,0.0,0.2538393173819744,-10.539907594,-3.40481444,0.01505834,4.179,10.573056659999999,-0.2538393173819744,-10.573056659999999,-4.179,-0.01505834,3.40481444,10.539907593999995
OLD_1M,PRIMARY_CLEAN,ANALYSIS,TRAPPED_REVERSAL,BUY_TRAPPED,60,300,228,107,121,0,46.92982456140351,0.0,-0.03306462758771895,-11.038630463,-6.03587146,0.59408128,4.888299355,11.885818707499997,0.03306462758771895,-11.8858187075,-4.888299355,-0.59408128,6.03587146,11.038630462999992
OLD_1M,PRIMARY_CLEAN,ANALYSIS,TRAPPED_REVERSAL,BUY_TRAPPED,60,600,219,108,110,1,49.31506849315068,0.45662100456621,-0.3095816770319635,-15.408281418,-7.77790236,0.10640238,6.980080395,18.53601635799998,0.3095816770319635,-18.536016357999998,-6.980080395,-0.10640238,7.77790236,15.408281417999998
OLD_1M,PRIMARY_CLEAN,ANALYSIS,TRAPPED_REVERSAL,BUY_TRAPPED,180,60,93,43,50,0,46.236559139784944,0.0,0.004206562473118508,-5.7097093139999995,-2.03497136,0.48520872,2.64281389,6.290940521999996,-0.004206562473118508,-6.290940522,-2.64281389,-0.48520872,2.03497136,5.7097093139999995
OLD_1M,PRIMARY_CLEAN,ANALYSIS,TRAPPED_REVERSAL,BUY_TRAPPED,180,180,91,43,48,0,47.252747252747255,0.0,0.8792723417582421,-6.93479807,-3.04441806,0.42155025,4.940385754999999,10.487057905,-0.8792723417582421,-10.487057905,-4.940385754999999,-0.42155025,3.04441806,6.93479807
OLD_1M,PRIMARY_CLEAN,ANALYSIS,TRAPPED_REVERSAL,BUY_TRAPPED,180,300,88,37,51,0,42.04545454545455,0.0,0.9581225840909098,-10.4786202465,-2.3113236825,1.0801278399999998,6.0734107725,9.8101127415,-0.9581225840909098,-9.8101127415,-6.0734107725,-1.0801278399999998,2.3113236825,10.478620246499997
OLD_1M,PRIMARY_CLEAN,ANALYSIS,TRAPPED_REVERSAL,BUY_TRAPPED,180,600,84,35,49,0,41.666666666666664,0.0,2.2446904457142858,-9.565000613499999,-3.361634235,1.768593315,7.411774619999999,15.838260945999995,-2.2446904457142858,-15.838260946,-7.411774619999999,-1.768593315,3.361634235,9.565000613499995
OLD_1M,PRIMARY_CLEAN,ANALYSIS,TRAPPED_REVERSAL,BUY_TRAPPED,300,60,54,19,35,0,35.18518518518518,0.0,0.7881607044444442,-2.999620876,-0.93971725,0.84839893,1.97382372,4.847535705999997,-0.7881607044444442,-4.8475357059999995,-1.97382372,-0.84839893,0.93971725,2.9996208759999976
OLD_1M,PRIMARY_CLEAN,ANALYSIS,TRAPPED_REVERSAL,BUY_TRAPPED,300,180,54,23,31,0,42.592592592592595,0.0,0.5106492446296294,-6.922476437499999,-1.8212290775,1.348248065,3.5448125575,5.589734085499994,-0.5106492446296294,-5.5897340855,-3.5448125575,-1.348248065,1.8212290775,6.9224764374999985
OLD_1M,PRIMARY_CLEAN,ANALYSIS,TRAPPED_REVERSAL,BUY_TRAPPED,300,300,49,18,31,0,36.734693877551024,0.0,0.9965494420408162,-9.659392069999999,-1.24842213,1.17455021,4.92494026,7.935538493999998,-0.9965494420408162,-7.935538493999999,-4.92494026,-1.17455021,1.24842213,9.659392069999999
OLD_1M,PRIMARY_CLEAN,ANALYSIS,TRAPPED_REVERSAL,BUY_TRAPPED,300,600,47,18,29,0,38.297872340425535,0.0,3.9871346255319144,-10.31930764,-2.3867462550000003,1.72908302,11.035921394999999,15.441010598999998,-3.9871346255319144,-15.441010599,-11.035921394999999,-1.72908302,2.3867462550000003,10.319307639999998
OLD_1M,PRIMARY_CLEAN,ANALYSIS,TRAPPED_REVERSAL,BUY_TRAPPED,900,60,2,2,0,0,100.0,0.0,-2.0600659049999996,-3.9005710214999993,-3.0825687475,-2.0600659049999996,-1.0375630624999999,-0.21956078850000016,2.0600659049999996,0.2195607885,1.0375630624999999,2.0600659049999996,3.0825687475,3.9005710214999993
OLD_1M,PRIMARY_CLEAN,ANALYSIS,TRAPPED_REVERSAL,BUY_TRAPPED,900,180,2,2,0,0,100.0,0.0,-0.544180365,-0.6508026764999999,-0.6034149824999999,-0.544180365,-0.48494574749999997,-0.4375580535,0.544180365,0.4375580535,0.48494574749999997,0.544180365,0.6034149824999999,0.6508026764999999
OLD_1M,PRIMARY_CLEAN,ANALYSIS,TRAPPED_REVERSAL,BUY_TRAPPED,900,300,1,1,0,0,100.0,0.0,-1.52108205,-1.52108205,-1.52108205,-1.52108205,-1.52108205,-1.52108205,1.52108205,1.52108205,1.52108205,1.52108205,1.52108205,1.52108205
OLD_1M,PRIMARY_CLEAN,ANALYSIS,TRAPPED_REVERSAL,BUY_TRAPPED,900,600,1,1,0,0,100.0,0.0,-3.96083741,-3.96083741,-3.96083741,-3.96083741,-3.96083741,-3.96083741,3.96083741,3.96083741,3.96083741,3.96083741,3.96083741,3.96083741
OLD_1M,PRIMARY_CLEAN,ANALYSIS,EFFECTIVE_CONTINUATION,SELL_EFFECTIVE,30,60,1284,635,644,5,49.454828660436135,0.3894080996884735,-0.13917211862928353,-7.856896482000001,-2.6281630675,0.015058325000000001,2.56286462,6.958778566499998,0.13917211862928353,-6.9587785664999995,-2.56286462,-0.015058325000000001,2.6281630675,7.856896481999999
OLD_1M,PRIMARY_CLEAN,ANALYSIS,EFFECTIVE_CONTINUATION,SELL_EFFECTIVE,30,180,1267,645,621,1,50.90765588003157,0.07892659826361484,-0.007151090986582382,-11.669567911,-4.15402222,-0.12142793,3.94229565,11.635173957000001,0.007151090986582382,-11.635173957,-3.94229565,0.12142793,4.15402222,11.669567911000009
OLD_1M,PRIMARY_CLEAN,ANALYSIS,EFFECTIVE_CONTINUATION,SELL_EFFECTIVE,30,300,1248,644,604,0,51.6025641025641,0.0,-0.11244729641025633,-15.575979612000001,-5.698917085,-0.33825801499999997,5.230958005,16.091319954499994,0.11244729641025633,-16.0913199545,-5.230958005,0.33825801499999997,5.698917085,15.575979611999996
OLD_1M,PRIMARY_CLEAN,ANALYSIS,EFFECTIVE_CONTINUATION,SELL_EFFECTIVE,30,600,1222,612,609,1,50.08183306055646,0.08183306055646482,-0.1886400073977084,-21.5700280705,-8.123016265,-0.01506678,7.470072605,20.08186563,0.1886400073977084,-20.08186563,-7.470072605,0.01506678,8.123016265,21.5700280705
OLD_1M,PRIMARY_CLEAN,ANALYSIS,EFFECTIVE_CONTINUATION,SELL_EFFECTIVE,60,60,940,462,472,6,49.148936170212764,0.6382978723404256,-0.18861985299999978,-7.3056887945,-2.6249576075,0.015070725,2.4726482250000004,6.691855818999997,0.18861985299999978,-6.691855819,-2.4726482250000004,-0.015070725,2.6249576075,7.3056887944999955
OLD_1M,PRIMARY_CLEAN,ANALYSIS,EFFECTIVE_CONTINUATION,SELL_EFFECTIVE,60,180,928,431,494,3,46.44396551724138,0.3232758620689655,0.28716156783405133,-10.474027881999998,-3.789365835,0.54374877,4.3026717224999995,11.1582865235,-0.28716156783405133,-11.1582865235,-4.3026717224999995,-0.54374877,3.789365835,10.474027881999994
OLD_1M,PRIMARY_CLEAN,ANALYSIS,EFFECTIVE_CONTINUATION,SELL_EFFECTIVE,60,300,920,451,469,0,49.02173913043478,0.0,0.38052105988043455,-15.1060790565,-6.19986126,0.21195349000000002,5.7643596425000005,17.323236721999997,-0.38052105988043455,-17.323236722,-5.7643596425000005,-0.21195349000000002,6.19986126,15.10607905649999
OLD_1M,PRIMARY_CLEAN,ANALYSIS,EFFECTIVE_CONTINUATION,SELL_EFFECTIVE,60,600,906,453,453,0,50.0,0.0,0.08094228504415013,-22.0793402225,-8.490964072499999,-0.037864725,7.58270513,21.74316476,-0.08094228504415013,-21.74316476,-7.58270513,0.037864725,8.490964072499999,22.0793402225
OLD_1M,PRIMARY_CLEAN,ANALYSIS,EFFECTIVE_CONTINUATION,SELL_EFFECTIVE,180,60,384,197,184,3,51.302083333333336,0.78125,-0.2072724348437501,-7.389020705,-2.6837608800000003,-0.25877680000000003,2.3237389425,6.819120221999994,0.2072724348437501,-6.8191202220000005,-2.3237389425,0.25877680000000003,2.6837608800000003,7.389020704999998
OLD_1M,PRIMARY_CLEAN,ANALYSIS,EFFECTIVE_CONTINUATION,SELL_EFFECTIVE,180,180,378,197,181,0,52.116402116402114,0.0,-0.4803251798412697,-12.7781363145,-5.195869275,-0.278363,4.799009175,12.3520993795,0.4803251798412697,-12.352099379499998,-4.799009175,0.278363,5.195869275,12.778136314499987
OLD_1M,PRIMARY_CLEAN,ANALYSIS,EFFECTIVE_CONTINUATION,SELL_EFFECTIVE,180,300,372,187,184,1,50.26881720430107,0.26881720430107525,0.11888501008064532,-15.927245116,-5.98517495,-0.11277841499999999,5.8220768000000005,18.1208879945,-0.11888501008064532,-18.1208879945,-5.8220768000000005,0.11277841499999999,5.98517495,15.927245115999998
OLD_1M,PRIMARY_CLEAN,ANALYSIS,EFFECTIVE_CONTINUATION,SELL_EFFECTIVE,180,600,364,171,193,0,46.97802197802198,0.0,0.5784345053021979,-21.442816574,-7.9643710075,0.590255035,7.885625435,22.19482765549995,-0.5784345053021979,-22.1948276555,-7.885625435,-0.590255035,7.9643710075,21.442816573999988
OLD_1M,PRIMARY_CLEAN,ANALYSIS,EFFECTIVE_CONTINUATION,SELL_EFFECTIVE,300,60,231,127,103,1,54.97835497835498,0.4329004329004329,-0.707260116709957,-9.538079150000002,-3.1518033599999997,-0.72946,2.031697255,7.37475424,0.707260116709957,-7.37475424,-2.031697255,0.72946,3.1518033599999997,9.538079150000002
OLD_1M,PRIMARY_CLEAN,ANALYSIS,EFFECTIVE_CONTINUATION,SELL_EFFECTIVE,300,180,230,106,124,0,46.08695652173913,0.0,0.4652923282608699,-11.094740924,-3.6342899299999996,0.736715275,5.1652094725,10.937935417499983,-0.4652923282608699,-10.9379354175,-5.1652094725,-0.736715275,3.6342899299999996,11.094740923999993
OLD_1M,PRIMARY_CLEAN,ANALYSIS,EFFECTIVE_CONTINUATION,SELL_EFFECTIVE,300,300,226,112,114,0,49.557522123893804,0.0,-0.14719300438053082,-15.573393809999999,-4.34673367,0.015090175,5.22854622,12.142945130000001,0.14719300438053082,-12.142945130000001,-5.22854622,-0.015090175,4.34673367,15.573393809999999
OLD_1M,PRIMARY_CLEAN,ANALYSIS,EFFECTIVE_CONTINUATION,SELL_EFFECTIVE,300,600,224,115,109,0,51.339285714285715,0.0,-0.9395984862053587,-24.020937067,-6.552783755,-0.348736375,7.59622386,15.290925192999998,0.9395984862053587,-15.290925193,-7.59622386,0.348736375,6.552783755,24.020937067
OLD_1M,PRIMARY_CLEAN,ANALYSIS,EFFECTIVE_CONTINUATION,SELL_EFFECTIVE,900,60,33,19,14,0,57.57575757575758,0.0,-0.9176513233333335,-5.26378322,-3.91870791,-1.07021355,1.65353948,5.254360705999995,0.9176513233333335,-5.254360706,-1.65353948,1.07021355,3.91870791,5.26378322
OLD_1M,PRIMARY_CLEAN,ANALYSIS,EFFECTIVE_CONTINUATION,SELL_EFFECTIVE,900,180,33,15,18,0,45.45454545454545,0.0,0.6278581293939395,-10.858508846,-4.07567215,0.72360318,3.54887218,15.417897812,-0.6278581293939395,-15.417897812,-3.54887218,-0.72360318,4.07567215,10.858508845999989
OLD_1M,PRIMARY_CLEAN,ANALYSIS,EFFECTIVE_CONTINUATION,SELL_EFFECTIVE,900,300,33,16,17,0,48.484848484848484,0.0,2.2951338130303034,-12.613947073999999,-4.50355826,1.52268958,7.98514279,25.754448161999996,-2.2951338130303034,-25.754448162,-7.98514279,-1.52268958,4.50355826,12.613947073999993
OLD_1M,PRIMARY_CLEAN,ANALYSIS,EFFECTIVE_CONTINUATION,SELL_EFFECTIVE,900,600,32,11,21,0,34.375,0.0,6.370255751875001,-18.5557931015,-2.6288653075,4.367357315,12.458523605,42.870794515499995,-6.370255751875001,-42.870794515499995,-12.458523605,-4.367357315,2.6288653075,18.555793101499994
OLD_1M,PRIMARY_CLEAN,ANALYSIS,EFFECTIVE_CONTINUATION,SELL_EFFECTIVE,1800,60,8,5,3,0,62.5,0.0,-1.2827807049999997,-4.7849652885,-3.5965423425000003,-1.971386135,1.310612405,2.7780443079999997,1.2827807049999997,-2.7780443079999997,-1.310612405,1.971386135,3.5965423425000003,4.784965288499999
OLD_1M,PRIMARY_CLEAN,ANALYSIS,EFFECTIVE_CONTINUATION,SELL_EFFECTIVE,1800,180,8,7,1,0,87.5,0.0,-3.30256007125,-5.519785283499999,-5.0887243325,-4.396171170000001,-2.9215450649999997,1.4782717334999986,3.30256007125,-1.4782717335,2.9215450649999997,4.396171170000001,5.0887243325,5.5197852835
OLD_1M,PRIMARY_CLEAN,ANALYSIS,EFFECTIVE_CONTINUATION,SELL_EFFECTIVE,1800,300,8,5,3,0,62.5,0.0,-0.7770211000000002,-8.003126347,-4.25446482,-0.35548473999999997,1.4635035850000002,7.264276573499995,0.7770211000000002,-7.264276573499999,-1.4635035850000002,0.35548473999999997,4.25446482,8.003126346999998
OLD_1M,PRIMARY_CLEAN,ANALYSIS,EFFECTIVE_CONTINUATION,SELL_EFFECTIVE,1800,600,8,5,3,0,62.5,0.0,0.19599967125000012,-6.8079980314999995,-4.250593197500001,-1.94856464,3.073491915,11.038924585499998,-0.19599967125000012,-11.038924585499998,-3.073491915,1.94856464,4.250593197500001,6.807998031499998
OLD_1M,PRIMARY_CLEAN,ANALYSIS,TRAPPED_REVERSAL,SELL_TRAPPED,30,60,225,126,98,1,56.0,0.4444444444444444,0.4825205786666667,-6.81008918,-2.404547,0.69813537,3.25679857,7.273455513999993,0.4825205786666667,-6.81008918,-2.404547,0.69813537,3.25679857,7.273455513999993
OLD_1M,PRIMARY_CLEAN,ANALYSIS,TRAPPED_REVERSAL,SELL_TRAPPED,30,180,225,109,115,1,48.44444444444444,0.4444444444444444,0.19331238417777752,-10.308161006,-3.92371691,-0.11987713,4.58599413,10.856900132,0.19331238417777752,-10.308161006,-3.92371691,-0.11987713,4.58599413,10.856900132
OLD_1M,PRIMARY_CLEAN,ANALYSIS,TRAPPED_REVERSAL,SELL_TRAPPED,30,300,224,119,105,0,53.125,0.0,0.5116831885714288,-15.779795883999999,-5.5184875775,0.83984608,6.392252985,16.472614594999996,0.5116831885714288,-15.779795883999999,-5.5184875775,0.83984608,6.392252985,16.472614594999996
OLD_1M,PRIMARY_CLEAN,ANALYSIS,TRAPPED_REVERSAL,SELL_TRAPPED,30,600,223,119,104,0,53.36322869955157,0.0,0.7689284104484303,-23.948817442,-9.302900665,1.41021506,8.4197162,25.151993265999963,0.7689284104484303,-23.948817442,-9.302900665,1.41021506,8.4197162,25.151993265999963
OLD_1M,PRIMARY_CLEAN,ANALYSIS,TRAPPED_REVERSAL,SELL_TRAPPED,60,60,145,81,64,0,55.86206896551724,0.0,0.6421668616551726,-5.774732373999999,-2.85527512,0.5310046,3.68324125,8.568951809999986,0.6421668616551726,-5.774732373999999,-2.85527512,0.5310046,3.68324125,8.568951809999986
OLD_1M,PRIMARY_CLEAN,ANALYSIS,TRAPPED_REVERSAL,SELL_TRAPPED,60,180,144,85,59,0,59.02777777777778,0.0,1.1971699501388893,-10.198228912,-3.26013806,1.3131082950000001,6.2441117325,12.448553018,1.1971699501388893,-10.198228912,-3.26013806,1.3131082950000001,6.2441117325,12.448553018
OLD_1M,PRIMARY_CLEAN,ANALYSIS,TRAPPED_REVERSAL,SELL_TRAPPED,60,300,139,75,64,0,53.9568345323741,0.0,1.4695703087050358,-18.182398547,-4.58534616,1.15222918,6.5545754800000005,17.619105154999993,1.4695703087050358,-18.182398547,-4.58534616,1.15222918,6.5545754800000005,17.619105154999993
OLD_1M,PRIMARY_CLEAN,ANALYSIS,TRAPPED_REVERSAL,SELL_TRAPPED,60,600,136,74,62,0,54.411764705882355,0.0,-0.24547143926470613,-26.281127740000002,-9.9259661775,0.945949995,7.2809779025,27.292156292500003,-0.24547143926470613,-26.281127740000002,-9.9259661775,0.945949995,7.2809779025,27.292156292500003
OLD_1M,PRIMARY_CLEAN,ANALYSIS,TRAPPED_REVERSAL,SELL_TRAPPED,180,60,47,20,27,0,42.5531914893617,0.0,-0.1724182776595746,-5.672137801,-3.19355117,-0.55490567,4.058346609999999,6.203495427,-0.1724182776595746,-5.672137801,-3.19355117,-0.55490567,4.058346609999999,6.203495427
OLD_1M,PRIMARY_CLEAN,ANALYSIS,TRAPPED_REVERSAL,SELL_TRAPPED,180,180,45,25,20,0,55.55555555555556,0.0,1.377517435333333,-8.000533726,-3.42074054,1.36003022,5.21452996,14.065287087999998,1.377517435333333,-8.000533726,-3.42074054,1.36003022,5.21452996,14.065287087999998
OLD_1M,PRIMARY_CLEAN,ANALYSIS,TRAPPED_REVERSAL,SELL_TRAPPED,180,300,39,18,21,0,46.15384615384615,0.0,3.4945407110256395,-14.980309016999998,-5.72688308,-0.59123606,8.027264165,44.277718188,3.4945407110256395,-14.980309016999998,-5.72688308,-0.59123606,8.027264165,44.277718188
OLD_1M,PRIMARY_CLEAN,ANALYSIS,TRAPPED_REVERSAL,SELL_TRAPPED,180,600,39,19,20,0,48.717948717948715,0.0,5.369953404102562,-16.962134028,-9.27560855,-1.60591457,13.973357735,59.877658021,5.369953404102562,-16.962134028,-9.27560855,-1.60591457,13.973357735,59.877658021
OLD_1M,PRIMARY_CLEAN,ANALYSIS,TRAPPED_REVERSAL,SELL_TRAPPED,300,60,19,11,8,0,57.89473684210526,0.0,-0.5235019052631579,-8.983914908000001,-1.5418940399999999,1.08073706,1.84672638,3.307746831999994,-0.5235019052631579,-8.983914908000001,-1.5418940399999999,1.08073706,1.84672638,3.307746831999994
OLD_1M,PRIMARY_CLEAN,ANALYSIS,TRAPPED_REVERSAL,SELL_TRAPPED,300,180,18,8,10,0,44.44444444444444,0.0,-0.4304730255555555,-10.587427887999999,-4.72140665,-1.932165625,2.25593211,12.908659690499999,-0.4304730255555555,-10.587427887999999,-4.72140665,-1.932165625,2.25593211,12.908659690499999
OLD_1M,PRIMARY_CLEAN,ANALYSIS,TRAPPED_REVERSAL,SELL_TRAPPED,300,300,15,6,9,0,40.0,0.0,-1.5856266513333326,-15.933834120999999,-3.8077217699999997,-1.35092133,4.2583716250000005,8.750443683999986,-1.5856266513333326,-15.933834120999999,-3.8077217699999997,-1.35092133,4.2583716250000005,8.750443683999986
OLD_1M,PRIMARY_CLEAN,ANALYSIS,TRAPPED_REVERSAL,SELL_TRAPPED,300,600,15,9,6,0,60.0,0.0,3.9057064533333326,-12.005002854999999,-8.160181395,7.25820811,11.385515909999999,20.67094634,3.9057064533333326,-12.005002854999999,-8.160181395,7.25820811,11.385515909999999,20.67094634
OLD_1M,PRIMARY_CLEAN,ENTRY_PROBE,STALLED_PRESSURE_PROBE,BUY_STALLED,30,60,1577,745,809,23,47.24159797083069,1.4584654407102093,-0.19415047968294255,-6.434987026,-2.2817216,-0.13627671,1.91229061,5.6181893039999915,-0.19415047968294255,-6.434987026,-2.2817216,-0.13627671,1.91229061,5.6181893039999915
OLD_1M,PRIMARY_CLEAN,ENTRY_PROBE,STALLED_PRESSURE_PROBE,BUY_STALLED,30,180,1558,762,793,3,48.90885750962773,0.1925545571245186,-0.29181075964698366,-11.052568551,-3.8564437825000004,-0.113354255,3.4440750274999994,10.121185922,-0.29181075964698366,-11.052568551,-3.8564437825000004,-0.113354255,3.4440750274999994,10.121185922
OLD_1M,PRIMARY_CLEAN,ENTRY_PROBE,STALLED_PRESSURE_PROBE,BUY_STALLED,30,300,1538,757,779,2,49.21976592977894,0.13003901170351106,-0.27295008451885583,-12.820413744,-4.86280144,-0.121253055,4.241334672500001,12.477067079499992,-0.27295008451885583,-12.820413744,-4.86280144,-0.121253055,4.241334672500001,12.477067079499992
OLD_1M,PRIMARY_CLEAN,ENTRY_PROBE,STALLED_PRESSURE_PROBE,BUY_STALLED,30,600,1487,739,743,5,49.697377269670476,0.3362474781439139,0.0007348418762608302,-16.985544491,-6.680965985,0.0,6.610403105,18.045967628000014,0.0007348418762608302,-16.985544491,-6.680965985,0.0,6.610403105,18.045967628000014
OLD_1M,PRIMARY_CLEAN,ENTRY_PROBE,STALLED_PRESSURE_PROBE,BUY_STALLED,60,60,747,349,384,14,46.72021419009371,1.8741633199464525,-0.19049184846050887,-6.406392663,-2.2200395100000003,-0.07608289,1.89040084,5.682428914999997,-0.19049184846050887,-6.406392663,-2.2200395100000003,-0.07608289,1.89040084,5.682428914999997
OLD_1M,PRIMARY_CLEAN,ENTRY_PROBE,STALLED_PRESSURE_PROBE,BUY_STALLED,60,180,733,376,351,6,51.29604365620737,0.8185538881309686,-0.14569833529331522,-11.543724178,-3.49997879,0.1349384,3.34432908,11.755861861999994,-0.14569833529331522,-11.543724178,-3.49997879,0.1349384,3.34432908,11.755861861999994
OLD_1M,PRIMARY_CLEAN,ENTRY_PROBE,STALLED_PRESSURE_PROBE,BUY_STALLED,60,300,727,369,356,2,50.75653370013755,0.2751031636863824,-0.08737439931224172,-12.269551717999999,-4.332461955,0.09103392,4.15381596,13.729446410999984,-0.08737439931224172,-12.269551717999999,-4.332461955,0.09103392,4.15381596,13.729446410999984
OLD_1M,PRIMARY_CLEAN,ENTRY_PROBE,STALLED_PRESSURE_PROBE,BUY_STALLED,60,600,705,360,343,2,51.06382978723404,0.28368794326241137,0.5913545249503539,-17.577749032,-6.38061257,0.48021297,7.1003588,22.619620505999997,0.5913545249503539,-17.577749032,-6.38061257,0.48021297,7.1003588,22.619620505999997
OLD_1M,PRIMARY_CLEAN,ENTRY_PROBE,STALLED_PRESSURE_PROBE,BUY_STALLED,180,60,240,118,121,1,49.166666666666664,0.4166666666666667,-0.30599980470833316,-7.3583459255,-2.2921748025,-0.030356845,2.04867307,5.7128494964999925,-0.30599980470833316,-7.3583459255,-2.2921748025,-0.030356845,2.04867307,5.7128494964999925
OLD_1M,PRIMARY_CLEAN,ENTRY_PROBE,STALLED_PRESSURE_PROBE,BUY_STALLED,180,180,240,117,123,0,48.75,0.0,0.19314145420833334,-9.280484060500001,-3.065280855,-0.136195235,3.802289635,10.205946210999997,0.19314145420833334,-9.280484060500001,-3.065280855,-0.136195235,3.802289635,10.205946210999997
OLD_1M,PRIMARY_CLEAN,ENTRY_PROBE,STALLED_PRESSURE_PROBE,BUY_STALLED,180,300,239,124,115,0,51.88284518828452,0.0,0.09442997154811665,-12.226484166,-4.0293019349999994,0.31622506,5.0360511500000005,9.845273182,0.09442997154811665,-12.226484166,-4.0293019349999994,0.31622506,5.0360511500000005,9.845273182
OLD_1M,PRIMARY_CLEAN,ENTRY_PROBE,STALLED_PRESSURE_PROBE,BUY_STALLED,180,600,234,135,99,0,57.69230769230769,0.0,1.5636523702991452,-14.679709211499999,-4.2389472024999995,1.2942483999999999,7.0996718224999995,17.474935304499997,1.5636523702991452,-14.679709211499999,-4.2389472024999995,1.2942483999999999,7.0996718224999995,17.474935304499997
OLD_1M,PRIMARY_CLEAN,ENTRY_PROBE,STALLED_PRESSURE_PROBE,BUY_STALLED,300,60,137,70,63,4,51.09489051094891,2.9197080291970803,0.03418923722627737,-4.12829825,-1.81110343,0.03016937,1.64216096,4.473566155999999,0.03418923722627737,-4.12829825,-1.81110343,0.03016937,1.64216096,4.473566155999999
OLD_1M,PRIMARY_CLEAN,ENTRY_PROBE,STALLED_PRESSURE_PROBE,BUY_STALLED,300,180,137,70,67,0,51.09489051094891,0.0,0.4701127057664233,-6.103709894,-3.01397847,0.0151659,3.6954353,8.464081801999969,0.4701127057664233,-6.103709894,-3.01397847,0.0151659,3.6954353,8.464081801999969
OLD_1M,PRIMARY_CLEAN,ENTRY_PROBE,STALLED_PRESSURE_PROBE,BUY_STALLED,300,300,133,66,66,1,49.62406015037594,0.7518796992481203,-0.24572417165413504,-11.085355591999999,-5.17366786,0.0,5.20155655,8.524535461999998,-0.24572417165413504,-11.085355591999999,-5.17366786,0.0,5.20155655,8.524535461999998
OLD_1M,PRIMARY_CLEAN,ENTRY_PROBE,STALLED_PRESSURE_PROBE,BUY_STALLED,300,600,129,70,59,0,54.263565891472865,0.0,1.6639984819379836,-15.070296412000001,-4.05223008,0.97120528,9.10932405,15.992797972000002,1.6639984819379836,-15.070296412000001,-4.05223008,0.97120528,9.10932405,15.992797972000002
OLD_1M,PRIMARY_CLEAN,ENTRY_PROBE,STALLED_PRESSURE_PROBE,BUY_STALLED,900,60,3,0,3,0,0.0,0.0,-1.8638370333333334,-2.5253654770000002,-2.105680945,-1.58107528,-1.480612245,-1.400241817,-1.8638370333333334,-2.5253654770000002,-2.105680945,-1.58107528,-1.480612245,-1.400241817
OLD_1M,PRIMARY_CLEAN,ENTRY_PROBE,STALLED_PRESSURE_PROBE,BUY_STALLED,900,180,3,0,3,0,0.0,0.0,-1.52948402,-2.992659296,-2.07376848,-0.92515496,-0.68303503,-0.48933908600000003,-1.52948402,-2.992659296,-2.07376848,-0.92515496,-0.68303503,-0.48933908600000003
OLD_1M,PRIMARY_CLEAN,ENTRY_PROBE,STALLED_PRESSURE_PROBE,BUY_STALLED,900,300,3,1,2,0,33.333333333333336,0.0,-3.403127786666667,-8.262247497,-5.794766285,-2.71041477,-0.66513278,0.9710928119999995,-3.403127786666667,-8.262247497,-5.794766285,-2.71041477,-0.66513278,0.9710928119999995
OLD_1M,PRIMARY_CLEAN,ENTRY_PROBE,STALLED_PRESSURE_PROBE,BUY_STALLED,900,600,2,1,1,0,50.0,0.0,6.367100555,-4.3369010485,0.42043299749999985,6.367100555,12.3137681125,17.0711021585,6.367100555,-4.3369010485,0.42043299749999985,6.367100555,12.3137681125,17.0711021585
OLD_1M,PRIMARY_CLEAN,ENTRY_PROBE,STALLED_PRESSURE_PROBE,BUY_STALLED,1800,60,1,1,0,0,100.0,0.0,7.84118583,7.84118583,7.84118583,7.84118583,7.84118583,7.84118583,7.84118583,7.84118583,7.84118583,7.84118583,7.84118583,7.84118583
OLD_1M,PRIMARY_CLEAN,ENTRY_PROBE,STALLED_PRESSURE_PROBE,BUY_STALLED,1800,180,1,1,0,0,100.0,0.0,11.50543228,11.50543228,11.50543228,11.50543228,11.50543228,11.50543228,11.50543228,11.50543228,11.50543228,11.50543228,11.50543228,11.50543228
OLD_1M,PRIMARY_CLEAN,ENTRY_PROBE,STALLED_PRESSURE_PROBE,BUY_STALLED,1800,300,1,1,0,0,100.0,0.0,14.05381768,14.05381768,14.05381768,14.05381768,14.05381768,14.05381768,14.05381768,14.05381768,14.05381768,14.05381768,14.05381768,14.05381768
OLD_1M,PRIMARY_CLEAN,ENTRY_PROBE,STALLED_PRESSURE_PROBE,BUY_STALLED,1800,600,1,1,0,0,100.0,0.0,18.74344997,18.74344997,18.74344997,18.74344997,18.74344997,18.74344997,18.74344997,18.74344997,18.74344997,18.74344997,18.74344997,18.74344997
OLD_1M,PRIMARY_CLEAN,ENTRY_PROBE,STALLED_REVERSAL_PROBE,BUY_STALLED,30,60,1577,809,745,23,51.2999365884591,1.4584654407102093,-0.19415047968294244,-6.434987026,-2.2817216,-0.13627671,1.91229061,5.6181893039999915,0.19415047968294244,-5.6181893039999995,-1.91229061,0.13627671,2.2817216,6.434987025999993
OLD_1M,PRIMARY_CLEAN,ENTRY_PROBE,STALLED_REVERSAL_PROBE,BUY_STALLED,30,180,1558,793,762,3,50.898587933247754,0.1925545571245186,-0.2918107596469834,-11.052568551,-3.8564437825000004,-0.113354255,3.4440750274999994,10.121185922,0.2918107596469834,-10.121185922,-3.4440750274999994,0.113354255,3.8564437825000004,11.052568550999998
OLD_1M,PRIMARY_CLEAN,ENTRY_PROBE,STALLED_REVERSAL_PROBE,BUY_STALLED,30,300,1538,779,757,2,50.65019505851755,0.13003901170351106,-0.2729500845188557,-12.820413744,-4.86280144,-0.121253055,4.241334672500001,12.477067079499992,0.2729500845188557,-12.4770670795,-4.241334672500001,0.121253055,4.86280144,12.820413743999987
OLD_1M,PRIMARY_CLEAN,ENTRY_PROBE,STALLED_REVERSAL_PROBE,BUY_STALLED,30,600,1487,743,739,5,49.96637525218561,0.3362474781439139,0.0007348418762610094,-16.985544491,-6.680965985,0.0,6.610403105,18.045967628000014,-0.0007348418762610094,-18.045967628,-6.610403105,-0.0,6.680965985,16.985544491000006
OLD_1M,PRIMARY_CLEAN,ENTRY_PROBE,STALLED_REVERSAL_PROBE,BUY_STALLED,60,60,747,384,349,14,51.40562248995984,1.8741633199464525,-0.1904918484605087,-6.406392663,-2.2200395100000003,-0.07608289,1.89040084,5.682428914999997,0.1904918484605087,-5.682428915,-1.89040084,0.07608289,2.2200395100000003,6.4063926629999965
OLD_1M,PRIMARY_CLEAN,ENTRY_PROBE,STALLED_REVERSAL_PROBE,BUY_STALLED,60,180,733,351,376,6,47.88540245566166,0.8185538881309686,-0.1456983352933151,-11.543724178,-3.49997879,0.1349384,3.34432908,11.755861861999994,0.1456983352933151,-11.755861862,-3.34432908,-0.1349384,3.49997879,11.543724177999998
OLD_1M,PRIMARY_CLEAN,ENTRY_PROBE,STALLED_REVERSAL_PROBE,BUY_STALLED,60,300,727,356,369,2,48.968363136176066,0.2751031636863824,-0.08737439931224202,-12.269551717999999,-4.332461955,0.09103392,4.15381596,13.729446410999984,0.08737439931224202,-13.729446410999998,-4.15381596,-0.09103392,4.332461955,12.269551717999994
OLD_1M,PRIMARY_CLEAN,ENTRY_PROBE,STALLED_REVERSAL_PROBE,BUY_STALLED,60,600,705,343,360,2,48.652482269503544,0.28368794326241137,0.5913545249503546,-17.577749032,-6.38061257,0.48021297,7.1003588,22.619620505999997,-0.5913545249503546,-22.619620506,-7.1003588,-0.48021297,6.38061257,17.577749031999996
OLD_1M,PRIMARY_CLEAN,ENTRY_PROBE,STALLED_REVERSAL_PROBE,BUY_STALLED,180,60,240,121,118,1,50.416666666666664,0.4166666666666667,-0.3059998047083334,-7.3583459255,-2.2921748025,-0.030356845,2.04867307,5.7128494964999925,0.3059998047083334,-5.7128494965,-2.04867307,0.030356845,2.2921748025,7.358345925499998
OLD_1M,PRIMARY_CLEAN,ENTRY_PROBE,STALLED_REVERSAL_PROBE,BUY_STALLED,180,180,240,123,117,0,51.25,0.0,0.19314145420833315,-9.280484060500001,-3.065280855,-0.136195235,3.802289635,10.205946210999997,-0.19314145420833315,-10.205946210999999,-3.802289635,0.136195235,3.065280855,9.2804840605
OLD_1M,PRIMARY_CLEAN,ENTRY_PROBE,STALLED_REVERSAL_PROBE,BUY_STALLED,180,300,239,115,124,0,48.11715481171548,0.0,0.09442997154811689,-12.226484166,-4.0293019349999994,0.31622506,5.0360511500000005,9.845273182,-0.09442997154811689,-9.845273182000001,-5.0360511500000005,-0.31622506,4.0293019349999994,12.226484165999999
OLD_1M,PRIMARY_CLEAN,ENTRY_PROBE,STALLED_REVERSAL_PROBE,BUY_STALLED,180,600,234,99,135,0,42.30769230769231,0.0,1.5636523702991458,-14.679709211499999,-4.2389472024999995,1.2942483999999999,7.0996718224999995,17.474935304499997,-1.5636523702991458,-17.4749353045,-7.0996718224999995,-1.2942483999999999,4.2389472024999995,14.679709211499997
OLD_1M,PRIMARY_CLEAN,ENTRY_PROBE,STALLED_REVERSAL_PROBE,BUY_STALLED,300,60,137,63,70,4,45.98540145985402,2.9197080291970803,0.034189237226277404,-4.12829825,-1.81110343,0.03016937,1.64216096,4.473566155999999,-0.034189237226277404,-4.473566156,-1.64216096,-0.03016937,1.81110343,4.1282982499999985
OLD_1M,PRIMARY_CLEAN,ENTRY_PROBE,STALLED_REVERSAL_PROBE,BUY_STALLED,300,180,137,67,70,0,48.90510948905109,0.0,0.47011270576642317,-6.103709894,-3.01397847,0.0151659,3.6954353,8.464081801999969,-0.47011270576642317,-8.464081801999999,-3.6954353,-0.0151659,3.01397847,6.103709893999995
OLD_1M,PRIMARY_CLEAN,ENTRY_PROBE,STALLED_REVERSAL_PROBE,BUY_STALLED,300,300,133,66,66,1,49.62406015037594,0.7518796992481203,-0.24572417165413538,-11.085355591999999,-5.17366786,0.0,5.20155655,8.524535461999998,0.24572417165413538,-8.524535462,-5.20155655,-0.0,5.17366786,11.085355591999999
OLD_1M,PRIMARY_CLEAN,ENTRY_PROBE,STALLED_REVERSAL_PROBE,BUY_STALLED,300,600,129,59,70,0,45.736434108527135,0.0,1.6639984819379856,-15.070296412000001,-4.05223008,0.97120528,9.10932405,15.992797972000002,-1.6639984819379856,-15.992797972000002,-9.10932405,-0.97120528,4.05223008,15.070296411999998
OLD_1M,PRIMARY_CLEAN,ENTRY_PROBE,STALLED_REVERSAL_PROBE,BUY_STALLED,900,60,3,3,0,0,100.0,0.0,-1.8638370333333334,-2.5253654770000002,-2.105680945,-1.58107528,-1.480612245,-1.400241817,1.8638370333333334,1.400241817,1.480612245,1.58107528,2.105680945,2.525365477
OLD_1M,PRIMARY_CLEAN,ENTRY_PROBE,STALLED_REVERSAL_PROBE,BUY_STALLED,900,180,3,3,0,0,100.0,0.0,-1.52948402,-2.992659296,-2.07376848,-0.92515496,-0.68303503,-0.48933908600000003,1.52948402,0.489339086,0.68303503,0.92515496,2.07376848,2.9926592960000002
OLD_1M,PRIMARY_CLEAN,ENTRY_PROBE,STALLED_REVERSAL_PROBE,BUY_STALLED,900,300,3,2,1,0,66.66666666666667,0.0,-3.403127786666667,-8.262247497,-5.794766285,-2.71041477,-0.66513278,0.9710928119999995,3.403127786666667,-0.971092812,0.66513278,2.71041477,5.794766285,8.262247496999999
OLD_1M,PRIMARY_CLEAN,ENTRY_PROBE,STALLED_REVERSAL_PROBE,BUY_STALLED,900,600,2,1,1,0,50.0,0.0,6.367100555,-4.3369010485,0.42043299749999985,6.367100555,12.3137681125,17.0711021585,-6.367100555,-17.0711021585,-12.3137681125,-6.367100555,-0.42043299749999985,4.336901048499999
OLD_1M,PRIMARY_CLEAN,ENTRY_PROBE,STALLED_REVERSAL_PROBE,BUY_STALLED,1800,60,1,0,1,0,0.0,0.0,7.84118583,7.84118583,7.84118583,7.84118583,7.84118583,7.84118583,-7.84118583,-7.84118583,-7.84118583,-7.84118583,-7.84118583,-7.84118583
OLD_1M,PRIMARY_CLEAN,ENTRY_PROBE,STALLED_REVERSAL_PROBE,BUY_STALLED,1800,180,1,0,1,0,0.0,0.0,11.50543228,11.50543228,11.50543228,11.50543228,11.50543228,11.50543228,-11.50543228,-11.50543228,-11.50543228,-11.50543228,-11.50543228,-11.50543228
OLD_1M,PRIMARY_CLEAN,ENTRY_PROBE,STALLED_REVERSAL_PROBE,BUY_STALLED,1800,300,1,0,1,0,0.0,0.0,14.05381768,14.05381768,14.05381768,14.05381768,14.05381768,14.05381768,-14.05381768,-14.05381768,-14.05381768,-14.05381768,-14.05381768,-14.05381768
OLD_1M,PRIMARY_CLEAN,ENTRY_PROBE,STALLED_REVERSAL_PROBE,BUY_STALLED,1800,600,1,0,1,0,0.0,0.0,18.74344997,18.74344997,18.74344997,18.74344997,18.74344997,18.74344997,-18.74344997,-18.74344997,-18.74344997,-18.74344997,-18.74344997,-18.74344997
OLD_1M,PRIMARY_CLEAN,ENTRY_PROBE,STALLED_PRESSURE_PROBE,SELL_STALLED,30,60,1177,591,570,16,50.21240441801189,1.3593882752761257,-0.2796229982073067,-7.136889203999999,-2.45355288,-0.01507682,2.14035572,6.020639603999999,0.2796229982073067,-6.020639603999999,-2.14035572,0.01507682,2.45355288,7.1368892040000045
OLD_1M,PRIMARY_CLEAN,ENTRY_PROBE,STALLED_PRESSURE_PROBE,SELL_STALLED,30,180,1158,608,549,1,52.50431778929188,0.08635578583765112,-0.6215986163039715,-12.619990293499999,-4.00039738,-0.30836635,3.1676218325,10.639101468999993,0.6215986163039715,-10.639101469,-3.1676218325,0.30836635,4.00039738,12.619990293499972
OLD_1M,PRIMARY_CLEAN,ENTRY_PROBE,STALLED_PRESSURE_PROBE,SELL_STALLED,30,300,1143,577,565,1,50.48118985126859,0.08748906386701662,-0.5154455456780414,-17.065498106,-5.8623166,-0.03012543,5.1473803149999995,14.413198315999992,0.5154455456780414,-14.413198315999999,-5.1473803149999995,0.03012543,5.8623166,17.065498106
OLD_1M,PRIMARY_CLEAN,ENTRY_PROBE,STALLED_PRESSURE_PROBE,SELL_STALLED,30,600,1113,554,559,0,49.77538185085355,0.0,-0.8727273765768193,-22.890305664,-8.50015066,0.07511466,7.1312499,18.785377001999993,0.8727273765768193,-18.785377002,-7.1312499,-0.07511466,8.50015066,22.890305663999996
OLD_1M,PRIMARY_CLEAN,ENTRY_PROBE,STALLED_PRESSURE_PROBE,SELL_STALLED,60,60,508,243,257,8,47.83464566929134,1.5748031496062993,0.18388804173228354,-5.9748743205,-2.1500011800000003,0.015128335,2.65892596,6.666295185499996,-0.18388804173228354,-6.666295185499999,-2.65892596,-0.015128335,2.1500011800000003,5.9748743204999935
OLD_1M,PRIMARY_CLEAN,ENTRY_PROBE,STALLED_PRESSURE_PROBE,SELL_STALLED,60,180,500,234,266,0,46.8,0.0,0.4871130492600004,-12.666587418999999,-3.246904925,0.506164785,4.2692926675,12.316183872499998,-0.4871130492600004,-12.316183872500002,-4.2692926675,-0.506164785,3.246904925,12.666587418999988
OLD_1M,PRIMARY_CLEAN,ENTRY_PROBE,STALLED_PRESSURE_PROBE,SELL_STALLED,60,300,487,242,243,2,49.69199178644764,0.4106776180698152,0.5141992084804927,-17.355275885,-5.788816045,0.0,5.844119245,19.35741828399999,-0.5141992084804927,-19.357418283999998,-5.844119245,-0.0,5.788816045,17.355275884999998
OLD_1M,PRIMARY_CLEAN,ENTRY_PROBE,STALLED_PRESSURE_PROBE,SELL_STALLED,60,600,477,214,263,0,44.863731656184484,0.0,0.5967103597903558,-23.101319789999998,-7.48483869,1.61254653,8.66441822,23.403641685999983,-0.5967103597903558,-23.403641686,-8.66441822,-1.61254653,7.48483869,23.101319789999994
OLD_1M,PRIMARY_CLEAN,ENTRY_PROBE,STALLED_PRESSURE_PROBE,SELL_STALLED,180,60,128,69,57,2,53.90625,1.5625,0.05496149078125012,-7.012193165499999,-2.4146269075,-0.18836001500000002,2.151204975,7.976627942999997,-0.05496149078125012,-7.976627943,-2.151204975,0.18836001500000002,2.4146269075,7.012193165499996
OLD_1M,PRIMARY_CLEAN,ENTRY_PROBE,STALLED_PRESSURE_PROBE,SELL_STALLED,180,180,128,60,67,1,46.875,0.78125,1.1048368964843747,-15.281433713999999,-2.7062127025,0.42243874,6.2611708825,14.675835776499994,-1.1048368964843747,-14.6758357765,-6.2611708825,-0.42243874,2.7062127025,15.281433713999979
OLD_1M,PRIMARY_CLEAN,ENTRY_PROBE,STALLED_PRESSURE_PROBE,SELL_STALLED,180,300,112,56,56,0,50.0,0.0,0.9466149622321438,-20.3212226045,-5.027900225,-0.052870585,6.055131315,21.97834544049991,-0.9466149622321438,-21.978345440499993,-6.055131315,0.052870585,5.027900225,20.32122260449999
OLD_1M,PRIMARY_CLEAN,ENTRY_PROBE,STALLED_PRESSURE_PROBE,SELL_STALLED,180,600,110,55,55,0,50.0,0.0,1.8672761680909085,-20.357328897000002,-8.644647405,-0.030398709999999995,8.8182693775,21.893175892999995,-1.8672761680909085,-21.893175893,-8.8182693775,0.030398709999999995,8.644647405,20.357328896999995
OLD_1M,PRIMARY_CLEAN,ENTRY_PROBE,STALLED_PRESSURE_PROBE,SELL_STALLED,300,60,54,29,25,0,53.7037037037037,0.0,-0.5749395255555556,-7.343167664999999,-2.8404243275,-0.398991275,1.8097309275,5.136043597499994,0.5749395255555556,-5.1360435975,-1.8097309275,0.398991275,2.8404243275,7.343167664999987
OLD_1M,PRIMARY_CLEAN,ENTRY_PROBE,STALLED_PRESSURE_PROBE,SELL_STALLED,300,180,52,27,25,0,51.92307692307692,0.0,0.16909260134615328,-15.106745794499998,-4.4240351425,-0.504705145,5.258010365,12.865220156999994,-0.16909260134615328,-12.865220157,-5.258010365,0.504705145,4.4240351425,15.106745794499988
OLD_1M,PRIMARY_CLEAN,ENTRY_PROBE,STALLED_PRESSURE_PROBE,SELL_STALLED,300,300,47,23,24,0,48.93617021276596,0.0,-1.0627448331914902,-22.106557711999997,-4.920277105,0.03002241,5.746149245,11.675084910999994,1.0627448331914902,-11.675084910999999,-5.746149245,-0.03002241,4.920277105,22.10655771199999
OLD_1M,PRIMARY_CLEAN,ENTRY_PROBE,STALLED_PRESSURE_PROBE,SELL_STALLED,300,600,46,26,20,0,56.52173913043478,0.0,-1.3227548017391313,-24.047995540000002,-9.16462456,-3.6075898950000003,9.7029661975,15.4698570325,1.3227548017391313,-15.4698570325,-9.7029661975,3.6075898950000003,9.16462456,24.047995540000002
OLD_1M,PRIMARY_CLEAN,ENTRY_PROBE,STALLED_REVERSAL_PROBE,SELL_STALLED,30,60,1177,570,591,16,48.42820730671198,1.3593882752761257,-0.2796229982073064,-7.136889203999999,-2.45355288,-0.01507682,2.14035572,6.020639603999999,-0.2796229982073064,-7.136889203999999,-2.45355288,-0.01507682,2.14035572,6.020639603999999
OLD_1M,PRIMARY_CLEAN,ENTRY_PROBE,STALLED_REVERSAL_PROBE,SELL_STALLED,30,180,1158,549,608,1,47.409326424870464,0.08635578583765112,-0.6215986163039728,-12.619990293499999,-4.00039738,-0.30836635,3.1676218325,10.639101468999993,-0.6215986163039728,-12.619990293499999,-4.00039738,-0.30836635,3.1676218325,10.639101468999993
OLD_1M,PRIMARY_CLEAN,ENTRY_PROBE,STALLED_REVERSAL_PROBE,SELL_STALLED,30,300,1143,565,577,1,49.43132108486439,0.08748906386701662,-0.5154455456780402,-17.065498106,-5.8623166,-0.03012543,5.1473803149999995,14.413198315999992,-0.5154455456780402,-17.065498106,-5.8623166,-0.03012543,5.1473803149999995,14.413198315999992
OLD_1M,PRIMARY_CLEAN,ENTRY_PROBE,STALLED_REVERSAL_PROBE,SELL_STALLED,30,600,1113,559,554,0,50.22461814914645,0.0,-0.872727376576819,-22.890305664,-8.50015066,0.07511466,7.1312499,18.785377001999993,-0.872727376576819,-22.890305664,-8.50015066,0.07511466,7.1312499,18.785377001999993
OLD_1M,PRIMARY_CLEAN,ENTRY_PROBE,STALLED_REVERSAL_PROBE,SELL_STALLED,60,60,508,257,243,8,50.59055118110236,1.5748031496062993,0.18388804173228365,-5.9748743205,-2.1500011800000003,0.015128335,2.65892596,6.666295185499996,0.18388804173228365,-5.9748743205,-2.1500011800000003,0.015128335,2.65892596,6.666295185499996
OLD_1M,PRIMARY_CLEAN,ENTRY_PROBE,STALLED_REVERSAL_PROBE,SELL_STALLED,60,180,500,266,234,0,53.2,0.0,0.4871130492600005,-12.666587418999999,-3.246904925,0.506164785,4.2692926675,12.316183872499998,0.4871130492600005,-12.666587418999999,-3.246904925,0.506164785,4.2692926675,12.316183872499998
OLD_1M,PRIMARY_CLEAN,ENTRY_PROBE,STALLED_REVERSAL_PROBE,SELL_STALLED,60,300,487,243,242,2,49.89733059548254,0.4106776180698152,0.514199208480492,-17.355275885,-5.788816045,0.0,5.844119245,19.35741828399999,0.514199208480492,-17.355275885,-5.788816045,0.0,5.844119245,19.35741828399999
OLD_1M,PRIMARY_CLEAN,ENTRY_PROBE,STALLED_REVERSAL_PROBE,SELL_STALLED,60,600,477,263,214,0,55.136268343815516,0.0,0.596710359790356,-23.101319789999998,-7.48483869,1.61254653,8.66441822,23.403641685999983,0.596710359790356,-23.101319789999998,-7.48483869,1.61254653,8.66441822,23.403641685999983
OLD_1M,PRIMARY_CLEAN,ENTRY_PROBE,STALLED_REVERSAL_PROBE,SELL_STALLED,180,60,128,57,69,2,44.53125,1.5625,0.05496149078125018,-7.012193165499999,-2.4146269075,-0.18836001500000002,2.151204975,7.976627942999997,0.05496149078125018,-7.012193165499999,-2.4146269075,-0.18836001500000002,2.151204975,7.976627942999997
OLD_1M,PRIMARY_CLEAN,ENTRY_PROBE,STALLED_REVERSAL_PROBE,SELL_STALLED,180,180,128,67,60,1,52.34375,0.78125,1.1048368964843747,-15.281433713999999,-2.7062127025,0.42243874,6.2611708825,14.675835776499994,1.1048368964843747,-15.281433713999999,-2.7062127025,0.42243874,6.2611708825,14.675835776499994
OLD_1M,PRIMARY_CLEAN,ENTRY_PROBE,STALLED_REVERSAL_PROBE,SELL_STALLED,180,300,112,56,56,0,50.0,0.0,0.9466149622321437,-20.3212226045,-5.027900225,-0.052870585,6.055131315,21.97834544049991,0.9466149622321437,-20.3212226045,-5.027900225,-0.052870585,6.055131315,21.97834544049991
OLD_1M,PRIMARY_CLEAN,ENTRY_PROBE,STALLED_REVERSAL_PROBE,SELL_STALLED,180,600,110,55,55,0,50.0,0.0,1.8672761680909076,-20.357328897000002,-8.644647405,-0.030398709999999995,8.8182693775,21.893175892999995,1.8672761680909076,-20.357328897000002,-8.644647405,-0.030398709999999995,8.8182693775,21.893175892999995
OLD_1M,PRIMARY_CLEAN,ENTRY_PROBE,STALLED_REVERSAL_PROBE,SELL_STALLED,300,60,54,25,29,0,46.2962962962963,0.0,-0.5749395255555556,-7.343167664999999,-2.8404243275,-0.398991275,1.8097309275,5.136043597499994,-0.5749395255555556,-7.343167664999999,-2.8404243275,-0.398991275,1.8097309275,5.136043597499994
OLD_1M,PRIMARY_CLEAN,ENTRY_PROBE,STALLED_REVERSAL_PROBE,SELL_STALLED,300,180,52,25,27,0,48.07692307692308,0.0,0.1690926013461534,-15.106745794499998,-4.4240351425,-0.504705145,5.258010365,12.865220156999994,0.1690926013461534,-15.106745794499998,-4.4240351425,-0.504705145,5.258010365,12.865220156999994
OLD_1M,PRIMARY_CLEAN,ENTRY_PROBE,STALLED_REVERSAL_PROBE,SELL_STALLED,300,300,47,24,23,0,51.06382978723404,0.0,-1.0627448331914895,-22.106557711999997,-4.920277105,0.03002241,5.746149245,11.675084910999994,-1.0627448331914895,-22.106557711999997,-4.920277105,0.03002241,5.746149245,11.675084910999994
OLD_1M,PRIMARY_CLEAN,ENTRY_PROBE,STALLED_REVERSAL_PROBE,SELL_STALLED,300,600,46,20,26,0,43.47826086956522,0.0,-1.3227548017391308,-24.047995540000002,-9.16462456,-3.6075898950000003,9.7029661975,15.4698570325,-1.3227548017391308,-24.047995540000002,-9.16462456,-3.6075898950000003,9.7029661975,15.4698570325
