source_dataset,direction_class,hypothesis,state,window_sec,horizon_sec,jst_hour,n,match_pct,flat_pct,signed_mean_bps,signed_median_bps
NEW_05M,ANALYSIS,EFFECTIVE_CONTINUATION,BUY_EFFECTIVE,30,60,0,63,57.142857142857146,0.0,0.8204153714285723,0.59226194
NEW_05M,ANALYSIS,EFFECTIVE_CONTINUATION,BUY_EFFECTIVE,30,60,1,46,56.52173913043478,2.1739130434782608,0.7307284154347823,0.38983257
NEW_05M,ANALYSIS,EFFECTIVE_CONTINUATION,BUY_EFFECTIVE,30,60,2,103,49.51456310679612,0.0,-0.5624376615533978,-0.28062823
NEW_05M,ANALYSIS,EFFECTIVE_CONTINUATION,BUY_EFFECTIVE,30,60,3,91,59.34065934065934,3.2967032967032965,0.6010770958241759,0.38966909
NEW_05M,ANALYSIS,EFFECTIVE_CONTINUATION,BUY_EFFECTIVE,30,60,4,61,55.73770491803279,4.918032786885246,0.17605563704918034,0.44793871
NEW_05M,ANALYSIS,EFFECTIVE_CONTINUATION,BUY_EFFECTIVE,30,60,5,50,52.0,4.0,0.5635905836000003,0.107898565
NEW_05M,ANALYSIS,EFFECTIVE_CONTINUATION,BUY_EFFECTIVE,30,60,6,40,50.0,2.5,0.3718935147500001,0.16890284
NEW_05M,ANALYSIS,EFFECTIVE_CONTINUATION,BUY_EFFECTIVE,30,60,7,33,69.6969696969697,0.0,0.8488532563636365,1.09096329
NEW_05M,ANALYSIS,EFFECTIVE_CONTINUATION,BUY_EFFECTIVE,30,60,8,17,35.294117647058826,0.0,-0.720895031764706,-0.73662451
NEW_05M,ANALYSIS,EFFECTIVE_CONTINUATION,BUY_EFFECTIVE,30,60,9,29,55.172413793103445,0.0,0.27608889931034486,0.61699259
NEW_05M,ANALYSIS,EFFECTIVE_CONTINUATION,BUY_EFFECTIVE,30,60,10,37,59.45945945945946,0.0,1.4402018645945944,1.09141777
NEW_05M,ANALYSIS,EFFECTIVE_CONTINUATION,BUY_EFFECTIVE,30,60,11,37,48.648648648648646,2.7027027027027026,0.6057407513513513,0.0
NEW_05M,ANALYSIS,EFFECTIVE_CONTINUATION,BUY_EFFECTIVE,30,60,12,47,70.2127659574468,0.0,1.2232371793617023,1.23900763
NEW_05M,ANALYSIS,EFFECTIVE_CONTINUATION,BUY_EFFECTIVE,30,60,13,15,53.333333333333336,0.0,0.3580074020000001,0.12236719
NEW_05M,ANALYSIS,EFFECTIVE_CONTINUATION,BUY_EFFECTIVE,30,60,14,5,40.0,0.0,0.31152839199999993,-0.21880333
NEW_05M,ANALYSIS,EFFECTIVE_CONTINUATION,BUY_EFFECTIVE,30,60,15,4,100.0,0.0,0.8049032575,0.8516839700000001
NEW_05M,ANALYSIS,EFFECTIVE_CONTINUATION,BUY_EFFECTIVE,30,60,16,2,0.0,50.0,-0.85158778,-0.85158778
NEW_05M,ANALYSIS,EFFECTIVE_CONTINUATION,BUY_EFFECTIVE,30,60,17,9,55.55555555555556,22.22222222222222,1.7923433344444442,0.53298971
NEW_05M,ANALYSIS,EFFECTIVE_CONTINUATION,BUY_EFFECTIVE,30,60,18,19,63.1578947368421,0.0,0.4661298500000001,0.40683737
NEW_05M,ANALYSIS,EFFECTIVE_CONTINUATION,BUY_EFFECTIVE,30,60,19,4,50.0,25.0,0.02336025250000001,0.32027747
NEW_05M,ANALYSIS,EFFECTIVE_CONTINUATION,BUY_EFFECTIVE,30,60,20,14,57.142857142857146,0.0,0.1771692521428571,0.741607765
NEW_05M,ANALYSIS,EFFECTIVE_CONTINUATION,BUY_EFFECTIVE,30,60,21,43,41.86046511627907,0.0,-0.5448494599999999,-0.84631139
NEW_05M,ANALYSIS,EFFECTIVE_CONTINUATION,BUY_EFFECTIVE,30,60,22,71,50.70422535211268,1.408450704225352,0.03766311281690174,0.18607507
NEW_05M,ANALYSIS,EFFECTIVE_CONTINUATION,BUY_EFFECTIVE,30,60,23,96,48.958333333333336,2.0833333333333335,-0.15382574427083326,0.0
NEW_05M,ANALYSIS,EFFECTIVE_CONTINUATION,BUY_EFFECTIVE,30,180,0,59,42.3728813559322,0.0,-3.299166026440677,-1.5178686
NEW_05M,ANALYSIS,EFFECTIVE_CONTINUATION,BUY_EFFECTIVE,30,180,1,46,45.65217391304348,2.1739130434782608,-0.35617512869565215,-0.914275725
NEW_05M,ANALYSIS,EFFECTIVE_CONTINUATION,BUY_EFFECTIVE,30,180,2,100,52.0,0.0,-0.12434581279999986,0.25657220999999997
NEW_05M,ANALYSIS,EFFECTIVE_CONTINUATION,BUY_EFFECTIVE,30,180,3,87,56.32183908045977,0.0,1.1213263057471272,0.81911347
NEW_05M,ANALYSIS,EFFECTIVE_CONTINUATION,BUY_EFFECTIVE,30,180,4,57,66.66666666666667,0.0,2.73071965754386,3.3760608
NEW_05M,ANALYSIS,EFFECTIVE_CONTINUATION,BUY_EFFECTIVE,30,180,5,49,63.265306122448976,0.0,1.6784687661224502,1.445858
NEW_05M,ANALYSIS,EFFECTIVE_CONTINUATION,BUY_EFFECTIVE,30,180,6,40,52.5,0.0,-0.04610880449999992,0.115171285
NEW_05M,ANALYSIS,EFFECTIVE_CONTINUATION,BUY_EFFECTIVE,30,180,7,32,75.0,0.0,2.3806914521875,1.842303855
NEW_05M,ANALYSIS,EFFECTIVE_CONTINUATION,BUY_EFFECTIVE,30,180,8,17,17.647058823529413,0.0,-2.3884363576470586,-1.82621493
NEW_05M,ANALYSIS,EFFECTIVE_CONTINUATION,BUY_EFFECTIVE,30,180,9,29,68.96551724137932,0.0,2.0938210524137926,2.29508298
NEW_05M,ANALYSIS,EFFECTIVE_CONTINUATION,BUY_EFFECTIVE,30,180,10,37,48.648648648648646,0.0,0.10200704621621635,-0.36856282
NEW_05M,ANALYSIS,EFFECTIVE_CONTINUATION,BUY_EFFECTIVE,30,180,11,37,64.86486486486487,0.0,2.1976913283783786,1.84348788
NEW_05M,ANALYSIS,EFFECTIVE_CONTINUATION,BUY_EFFECTIVE,30,180,12,46,54.34782608695652,0.0,0.9333761258695653,0.53867585
NEW_05M,ANALYSIS,EFFECTIVE_CONTINUATION,BUY_EFFECTIVE,30,180,13,15,46.666666666666664,0.0,-1.2037542079999997,-1.14683283
NEW_05M,ANALYSIS,EFFECTIVE_CONTINUATION,BUY_EFFECTIVE,30,180,14,5,20.0,0.0,-1.240008426,-1.26593357
NEW_05M,ANALYSIS,EFFECTIVE_CONTINUATION,BUY_EFFECTIVE,30,180,15,4,50.0,0.0,-0.1599378125,-0.07041867000000002
NEW_05M,ANALYSIS,EFFECTIVE_CONTINUATION,BUY_EFFECTIVE,30,180,16,2,0.0,0.0,-0.58595581,-0.58595581
NEW_05M,ANALYSIS,EFFECTIVE_CONTINUATION,BUY_EFFECTIVE,30,180,17,9,77.77777777777777,0.0,2.8205799833333334,2.71192605
NEW_05M,ANALYSIS,EFFECTIVE_CONTINUATION,BUY_EFFECTIVE,30,180,18,19,31.57894736842105,0.0,-1.0312622468421049,-1.09668535
NEW_05M,ANALYSIS,EFFECTIVE_CONTINUATION,BUY_EFFECTIVE,30,180,19,4,50.0,0.0,1.2109074225,1.38257283
NEW_05M,ANALYSIS,EFFECTIVE_CONTINUATION,BUY_EFFECTIVE,30,180,20,11,45.45454545454545,0.0,-0.729554600909091,-0.46836287
NEW_05M,ANALYSIS,EFFECTIVE_CONTINUATION,BUY_EFFECTIVE,30,180,21,42,23.80952380952381,0.0,-4.164354437619047,-3.70398832
NEW_05M,ANALYSIS,EFFECTIVE_CONTINUATION,BUY_EFFECTIVE,30,180,22,67,40.298507462686565,0.0,-0.893040173731344,-1.96599147
NEW_05M,ANALYSIS,EFFECTIVE_CONTINUATION,BUY_EFFECTIVE,30,180,23,96,50.0,0.0,-0.8060772614583337,-0.039212844999999996
NEW_05M,ANALYSIS,EFFECTIVE_CONTINUATION,BUY_EFFECTIVE,30,300,0,59,42.3728813559322,1.694915254237288,-2.0885742364406776,-0.93528309
NEW_05M,ANALYSIS,EFFECTIVE_CONTINUATION,BUY_EFFECTIVE,30,300,1,46,50.0,0.0,0.12868702565217421,0.12466406000000001
NEW_05M,ANALYSIS,EFFECTIVE_CONTINUATION,BUY_EFFECTIVE,30,300,2,98,50.0,0.0,0.39630342989795936,-0.038134475
NEW_05M,ANALYSIS,EFFECTIVE_CONTINUATION,BUY_EFFECTIVE,30,300,3,82,64.63414634146342,0.0,2.2470424789024395,1.47076167
NEW_05M,ANALYSIS,EFFECTIVE_CONTINUATION,BUY_EFFECTIVE,30,300,4,57,61.40350877192982,0.0,3.7480909884210534,3.28943266
NEW_05M,ANALYSIS,EFFECTIVE_CONTINUATION,BUY_EFFECTIVE,30,300,5,47,59.57446808510638,0.0,2.5749094848936167,1.76609256
NEW_05M,ANALYSIS,EFFECTIVE_CONTINUATION,BUY_EFFECTIVE,30,300,6,40,45.0,0.0,0.18952541249999977,-0.79843752
NEW_05M,ANALYSIS,EFFECTIVE_CONTINUATION,BUY_EFFECTIVE,30,300,7,30,70.0,0.0,4.093837650333334,2.2795501949999997
NEW_05M,ANALYSIS,EFFECTIVE_CONTINUATION,BUY_EFFECTIVE,30,300,8,17,23.529411764705884,0.0,-2.1902657964705883,-2.01125053
NEW_05M,ANALYSIS,EFFECTIVE_CONTINUATION,BUY_EFFECTIVE,30,300,9,29,65.51724137931035,0.0,2.0288981272413795,1.69495704
NEW_05M,ANALYSIS,EFFECTIVE_CONTINUATION,BUY_EFFECTIVE,30,300,10,37,27.027027027027028,0.0,-1.136050302702702,-2.07576384
NEW_05M,ANALYSIS,EFFECTIVE_CONTINUATION,BUY_EFFECTIVE,30,300,11,37,59.45945945945946,0.0,2.7672517278378383,4.27883209
NEW_05M,ANALYSIS,EFFECTIVE_CONTINUATION,BUY_EFFECTIVE,30,300,12,44,77.27272727272727,2.272727272727273,3.213752492272727,1.818960485
NEW_05M,ANALYSIS,EFFECTIVE_CONTINUATION,BUY_EFFECTIVE,30,300,13,15,46.666666666666664,0.0,-1.1949073913333335,-3.5630943
NEW_05M,ANALYSIS,EFFECTIVE_CONTINUATION,BUY_EFFECTIVE,30,300,14,5,40.0,0.0,-0.463096694,-0.10937756
NEW_05M,ANALYSIS,EFFECTIVE_CONTINUATION,BUY_EFFECTIVE,30,300,15,4,75.0,0.0,-0.44540891999999993,0.28118955
NEW_05M,ANALYSIS,EFFECTIVE_CONTINUATION,BUY_EFFECTIVE,30,300,16,2,0.0,0.0,-1.359433365,-1.359433365
NEW_05M,ANALYSIS,EFFECTIVE_CONTINUATION,BUY_EFFECTIVE,30,300,17,9,77.77777777777777,0.0,3.417862274444444,3.45694925
NEW_05M,ANALYSIS,EFFECTIVE_CONTINUATION,BUY_EFFECTIVE,30,300,18,19,63.1578947368421,0.0,-0.6306679294736843,0.89190712
NEW_05M,ANALYSIS,EFFECTIVE_CONTINUATION,BUY_EFFECTIVE,30,300,19,4,75.0,0.0,2.964147715,3.959908145
NEW_05M,ANALYSIS,EFFECTIVE_CONTINUATION,BUY_EFFECTIVE,30,300,20,11,27.272727272727273,0.0,-3.444282372727273,-3.60579174
NEW_05M,ANALYSIS,EFFECTIVE_CONTINUATION,BUY_EFFECTIVE,30,300,21,40,20.0,0.0,-6.310744286250001,-6.97752267
NEW_05M,ANALYSIS,EFFECTIVE_CONTINUATION,BUY_EFFECTIVE,30,300,22,61,27.868852459016395,0.0,-7.06530577377049,-6.46340932
NEW_05M,ANALYSIS,EFFECTIVE_CONTINUATION,BUY_EFFECTIVE,30,300,23,96,44.791666666666664,0.0,-2.3974084998958323,-0.83067753
NEW_05M,ANALYSIS,EFFECTIVE_CONTINUATION,BUY_EFFECTIVE,30,600,0,59,37.28813559322034,0.0,-2.980308699152541,-3.19724507
NEW_05M,ANALYSIS,EFFECTIVE_CONTINUATION,BUY_EFFECTIVE,30,600,1,44,52.27272727272727,0.0,-1.3214438454545459,0.27301082
NEW_05M,ANALYSIS,EFFECTIVE_CONTINUATION,BUY_EFFECTIVE,30,600,2,92,56.52173913043478,0.0,1.7343036879347826,2.04232146
NEW_05M,ANALYSIS,EFFECTIVE_CONTINUATION,BUY_EFFECTIVE,30,600,3,77,57.142857142857146,0.0,3.169070496363636,1.8236866
NEW_05M,ANALYSIS,EFFECTIVE_CONTINUATION,BUY_EFFECTIVE,30,600,4,56,66.07142857142857,0.0,8.229506161964286,5.9632276950000005
NEW_05M,ANALYSIS,EFFECTIVE_CONTINUATION,BUY_EFFECTIVE,30,600,5,47,53.191489361702125,0.0,3.3509512585106385,0.69123575
NEW_05M,ANALYSIS,EFFECTIVE_CONTINUATION,BUY_EFFECTIVE,30,600,6,39,56.41025641025641,0.0,-0.5440711715384615,0.43003156
NEW_05M,ANALYSIS,EFFECTIVE_CONTINUATION,BUY_EFFECTIVE,30,600,7,29,75.86206896551724,0.0,4.1339429641379315,3.31542594
NEW_05M,ANALYSIS,EFFECTIVE_CONTINUATION,BUY_EFFECTIVE,30,600,8,17,5.882352941176471,0.0,-7.501772504117646,-8.15422699
NEW_05M,ANALYSIS,EFFECTIVE_CONTINUATION,BUY_EFFECTIVE,30,600,9,29,72.41379310344827,0.0,4.511272192068965,4.02185671
NEW_05M,ANALYSIS,EFFECTIVE_CONTINUATION,BUY_EFFECTIVE,30,600,10,37,54.054054054054056,0.0,-0.05931115675675683,0.46087409
NEW_05M,ANALYSIS,EFFECTIVE_CONTINUATION,BUY_EFFECTIVE,30,600,11,37,62.16216216216216,0.0,7.519585507837837,8.00346561
NEW_05M,ANALYSIS,EFFECTIVE_CONTINUATION,BUY_EFFECTIVE,30,600,12,42,66.66666666666667,0.0,5.599339915238095,2.32686119
NEW_05M,ANALYSIS,EFFECTIVE_CONTINUATION,BUY_EFFECTIVE,30,600,13,13,46.15384615384615,0.0,-0.938493576153846,-2.96195601
NEW_05M,ANALYSIS,EFFECTIVE_CONTINUATION,BUY_EFFECTIVE,30,600,14,5,60.0,0.0,1.536712012,2.29692883
NEW_05M,ANALYSIS,EFFECTIVE_CONTINUATION,BUY_EFFECTIVE,30,600,15,4,50.0,0.0,-1.21490286,-0.468654435
NEW_05M,ANALYSIS,EFFECTIVE_CONTINUATION,BUY_EFFECTIVE,30,600,16,2,0.0,0.0,-2.929845285,-2.929845285
NEW_05M,ANALYSIS,EFFECTIVE_CONTINUATION,BUY_EFFECTIVE,30,600,17,9,55.55555555555556,0.0,-0.19713954444444434,0.21942232
NEW_05M,ANALYSIS,EFFECTIVE_CONTINUATION,BUY_EFFECTIVE,30,600,18,19,73.6842105263158,0.0,1.1352783573684213,2.12805908
NEW_05M,ANALYSIS,EFFECTIVE_CONTINUATION,BUY_EFFECTIVE,30,600,19,4,50.0,0.0,3.1676793225,3.28868511
NEW_05M,ANALYSIS,EFFECTIVE_CONTINUATION,BUY_EFFECTIVE,30,600,20,8,0.0,0.0,-2.49192549,-2.1859427499999997
NEW_05M,ANALYSIS,EFFECTIVE_CONTINUATION,BUY_EFFECTIVE,30,600,21,36,16.666666666666668,0.0,-14.637189689444446,-10.65025112
NEW_05M,ANALYSIS,EFFECTIVE_CONTINUATION,BUY_EFFECTIVE,30,600,22,53,41.509433962264154,0.0,-14.614850881886792,-13.97113666
NEW_05M,ANALYSIS,EFFECTIVE_CONTINUATION,BUY_EFFECTIVE,30,600,23,96,44.791666666666664,0.0,-3.985711440312499,-1.308709315
NEW_05M,ANALYSIS,EFFECTIVE_CONTINUATION,BUY_EFFECTIVE,60,60,0,32,59.375,0.0,1.5233045999999992,0.31192963500000004
NEW_05M,ANALYSIS,EFFECTIVE_CONTINUATION,BUY_EFFECTIVE,60,60,1,40,50.0,0.0,-0.2728739415000002,0.04643973000000001
NEW_05M,ANALYSIS,EFFECTIVE_CONTINUATION,BUY_EFFECTIVE,60,60,2,89,41.57303370786517,3.3707865168539324,-0.5729253026966291,-0.29339325
NEW_05M,ANALYSIS,EFFECTIVE_CONTINUATION,BUY_EFFECTIVE,60,60,3,80,65.0,0.0,0.8854245940000004,0.721440695
NEW_05M,ANALYSIS,EFFECTIVE_CONTINUATION,BUY_EFFECTIVE,60,60,4,44,38.63636363636363,2.272727272727273,-0.6344009340909094,-0.61122983
NEW_05M,ANALYSIS,EFFECTIVE_CONTINUATION,BUY_EFFECTIVE,60,60,5,47,65.95744680851064,4.25531914893617,0.8489076634042555,0.38389484
NEW_05M,ANALYSIS,EFFECTIVE_CONTINUATION,BUY_EFFECTIVE,60,60,6,34,64.70588235294117,0.0,0.8453097817647063,0.57942639
NEW_05M,ANALYSIS,EFFECTIVE_CONTINUATION,BUY_EFFECTIVE,60,60,7,39,66.66666666666667,0.0,0.4635576592307692,1.1053286
NEW_05M,ANALYSIS,EFFECTIVE_CONTINUATION,BUY_EFFECTIVE,60,60,8,17,23.529411764705884,0.0,-1.8145731582352942,-2.68480264
NEW_05M,ANALYSIS,EFFECTIVE_CONTINUATION,BUY_EFFECTIVE,60,60,9,17,82.3529411764706,0.0,2.03888320882353,1.06441237
NEW_05M,ANALYSIS,EFFECTIVE_CONTINUATION,BUY_EFFECTIVE,60,60,10,34,58.8235294117647,0.0,0.961768950294118,0.86844084
NEW_05M,ANALYSIS,EFFECTIVE_CONTINUATION,BUY_EFFECTIVE,60,60,11,22,50.0,4.545454545454546,0.5898010177272728,0.238525025
NEW_05M,ANALYSIS,EFFECTIVE_CONTINUATION,BUY_EFFECTIVE,60,60,12,32,75.0,3.125,1.8484013640625,0.936763395
NEW_05M,ANALYSIS,EFFECTIVE_CONTINUATION,BUY_EFFECTIVE,60,60,13,12,41.666666666666664,0.0,-0.07826055833333329,-0.35936925
NEW_05M,ANALYSIS,EFFECTIVE_CONTINUATION,BUY_EFFECTIVE,60,60,14,3,0.0,33.333333333333336,-0.45196215666666667,-0.01562534
NEW_05M,ANALYSIS,EFFECTIVE_CONTINUATION,BUY_EFFECTIVE,60,60,15,7,71.42857142857143,14.285714285714286,0.551692357142857,1.20388119
NEW_05M,ANALYSIS,EFFECTIVE_CONTINUATION,BUY_EFFECTIVE,60,60,16,7,14.285714285714286,14.285714285714286,-0.8906631071428571,-1.14065886
NEW_05M,ANALYSIS,EFFECTIVE_CONTINUATION,BUY_EFFECTIVE,60,60,17,9,44.44444444444444,11.11111111111111,-0.9465786944444444,0.0
NEW_05M,ANALYSIS,EFFECTIVE_CONTINUATION,BUY_EFFECTIVE,60,60,18,25,64.0,4.0,0.44257649720000003,0.42311128
NEW_05M,ANALYSIS,EFFECTIVE_CONTINUATION,BUY_EFFECTIVE,60,60,19,10,70.0,0.0,0.19682623800000001,0.570157215
NEW_05M,ANALYSIS,EFFECTIVE_CONTINUATION,BUY_EFFECTIVE,60,60,20,12,66.66666666666667,16.666666666666668,2.1638326316666667,0.77285591
NEW_05M,ANALYSIS,EFFECTIVE_CONTINUATION,BUY_EFFECTIVE,60,60,21,34,38.23529411764706,5.882352941176471,-0.22081619088235296,-0.28885415
NEW_05M,ANALYSIS,EFFECTIVE_CONTINUATION,BUY_EFFECTIVE,60,60,22,45,46.666666666666664,2.2222222222222223,-0.6657745864444445,-0.01560135
NEW_05M,ANALYSIS,EFFECTIVE_CONTINUATION,BUY_EFFECTIVE,60,60,23,65,53.84615384615385,1.5384615384615385,1.355832933846154,0.37409224
NEW_05M,ANALYSIS,EFFECTIVE_CONTINUATION,BUY_EFFECTIVE,60,180,0,29,65.51724137931035,0.0,1.6909319651724144,2.27976103
NEW_05M,ANALYSIS,EFFECTIVE_CONTINUATION,BUY_EFFECTIVE,60,180,1,40,57.5,0.0,-0.17570665300000002,0.88850631
NEW_05M,ANALYSIS,EFFECTIVE_CONTINUATION,BUY_EFFECTIVE,60,180,2,85,49.411764705882355,0.0,-0.008966166000000128,-0.01556638
NEW_05M,ANALYSIS,EFFECTIVE_CONTINUATION,BUY_EFFECTIVE,60,180,3,78,50.0,0.0,0.2950686379487181,-0.015783984999999997
NEW_05M,ANALYSIS,EFFECTIVE_CONTINUATION,BUY_EFFECTIVE,60,180,4,44,54.54545454545455,0.0,0.9562906279545456,0.496599745
NEW_05M,ANALYSIS,EFFECTIVE_CONTINUATION,BUY_EFFECTIVE,60,180,5,46,47.82608695652174,4.3478260869565215,1.434426811086957,0.0
NEW_05M,ANALYSIS,EFFECTIVE_CONTINUATION,BUY_EFFECTIVE,60,180,6,34,55.88235294117647,0.0,0.5558413785294122,0.391474075
NEW_05M,ANALYSIS,EFFECTIVE_CONTINUATION,BUY_EFFECTIVE,60,180,7,38,63.1578947368421,0.0,1.9577924855263158,1.396764235
NEW_05M,ANALYSIS,EFFECTIVE_CONTINUATION,BUY_EFFECTIVE,60,180,8,17,5.882352941176471,0.0,-2.8232647694117645,-2.53145913
NEW_05M,ANALYSIS,EFFECTIVE_CONTINUATION,BUY_EFFECTIVE,60,180,9,17,82.3529411764706,0.0,3.9809671423529416,3.52733686
NEW_05M,ANALYSIS,EFFECTIVE_CONTINUATION,BUY_EFFECTIVE,60,180,10,34,50.0,0.0,1.5447608952941176,0.760988965
NEW_05M,ANALYSIS,EFFECTIVE_CONTINUATION,BUY_EFFECTIVE,60,180,11,21,66.66666666666667,0.0,2.7521007838095235,2.4775825
NEW_05M,ANALYSIS,EFFECTIVE_CONTINUATION,BUY_EFFECTIVE,60,180,12,30,73.33333333333333,0.0,2.869655633666665,3.1043560550000002
NEW_05M,ANALYSIS,EFFECTIVE_CONTINUATION,BUY_EFFECTIVE,60,180,13,12,41.666666666666664,0.0,-1.7476251258333333,-3.28117453
NEW_05M,ANALYSIS,EFFECTIVE_CONTINUATION,BUY_EFFECTIVE,60,180,14,3,33.333333333333336,0.0,-1.22224204,-1.98441841
NEW_05M,ANALYSIS,EFFECTIVE_CONTINUATION,BUY_EFFECTIVE,60,180,15,7,42.857142857142854,0.0,0.6572784100000001,-0.01562112
NEW_05M,ANALYSIS,EFFECTIVE_CONTINUATION,BUY_EFFECTIVE,60,180,16,7,0.0,0.0,-1.1384115914285713,-1.14065886
NEW_05M,ANALYSIS,EFFECTIVE_CONTINUATION,BUY_EFFECTIVE,60,180,17,9,55.55555555555556,0.0,1.7215034811111112,0.64122715
NEW_05M,ANALYSIS,EFFECTIVE_CONTINUATION,BUY_EFFECTIVE,60,180,18,25,36.0,0.0,-0.4838412292000001,-1.09668535
NEW_05M,ANALYSIS,EFFECTIVE_CONTINUATION,BUY_EFFECTIVE,60,180,19,10,60.0,0.0,0.9563401590000001,0.804884785
NEW_05M,ANALYSIS,EFFECTIVE_CONTINUATION,BUY_EFFECTIVE,60,180,20,9,22.22222222222222,0.0,-0.5376712077777778,-0.82756252
NEW_05M,ANALYSIS,EFFECTIVE_CONTINUATION,BUY_EFFECTIVE,60,180,21,34,32.35294117647059,0.0,-3.55299348,-1.76947617
NEW_05M,ANALYSIS,EFFECTIVE_CONTINUATION,BUY_EFFECTIVE,60,180,22,45,46.666666666666664,0.0,-0.6684837519999995,-0.24885256
NEW_05M,ANALYSIS,EFFECTIVE_CONTINUATION,BUY_EFFECTIVE,60,180,23,65,47.69230769230769,0.0,0.14102681461538477,-0.79890722
NEW_05M,ANALYSIS,EFFECTIVE_CONTINUATION,BUY_EFFECTIVE,60,300,0,29,55.172413793103445,0.0,2.7614219762068966,1.88652182
NEW_05M,ANALYSIS,EFFECTIVE_CONTINUATION,BUY_EFFECTIVE,60,300,1,40,50.0,2.5,0.67630099175,0.82596845
NEW_05M,ANALYSIS,EFFECTIVE_CONTINUATION,BUY_EFFECTIVE,60,300,2,84,52.38095238095238,0.0,0.3205742589285713,0.49642129
NEW_05M,ANALYSIS,EFFECTIVE_CONTINUATION,BUY_EFFECTIVE,60,300,3,76,47.36842105263158,0.0,0.6916445219736835,-0.39445278000000006
NEW_05M,ANALYSIS,EFFECTIVE_CONTINUATION,BUY_EFFECTIVE,60,300,4,44,54.54545454545455,0.0,2.4766170772727274,1.53527372
NEW_05M,ANALYSIS,EFFECTIVE_CONTINUATION,BUY_EFFECTIVE,60,300,5,44,52.27272727272727,0.0,1.3473156125000008,0.890068605
NEW_05M,ANALYSIS,EFFECTIVE_CONTINUATION,BUY_EFFECTIVE,60,300,6,34,41.1764705882353,0.0,0.07598965529411783,-0.890077435
NEW_05M,ANALYSIS,EFFECTIVE_CONTINUATION,BUY_EFFECTIVE,60,300,7,36,61.111111111111114,0.0,2.43770847,1.2966895649999999
NEW_05M,ANALYSIS,EFFECTIVE_CONTINUATION,BUY_EFFECTIVE,60,300,8,17,29.41176470588235,0.0,-2.7100924047058825,-2.69707344
NEW_05M,ANALYSIS,EFFECTIVE_CONTINUATION,BUY_EFFECTIVE,60,300,9,17,64.70588235294117,0.0,2.150909791764706,1.75536927
NEW_05M,ANALYSIS,EFFECTIVE_CONTINUATION,BUY_EFFECTIVE,60,300,10,34,32.35294117647059,0.0,-0.6664314414705883,-2.534562705
NEW_05M,ANALYSIS,EFFECTIVE_CONTINUATION,BUY_EFFECTIVE,60,300,11,21,61.904761904761905,0.0,2.852867674761905,5.11154563
NEW_05M,ANALYSIS,EFFECTIVE_CONTINUATION,BUY_EFFECTIVE,60,300,12,29,72.41379310344827,0.0,4.6211547468965515,5.82781781
NEW_05M,ANALYSIS,EFFECTIVE_CONTINUATION,BUY_EFFECTIVE,60,300,13,12,41.666666666666664,0.0,-1.5128127449999997,-2.752615035
NEW_05M,ANALYSIS,EFFECTIVE_CONTINUATION,BUY_EFFECTIVE,60,300,14,3,33.333333333333336,0.0,-1.4390451166666665,-0.10937739
NEW_05M,ANALYSIS,EFFECTIVE_CONTINUATION,BUY_EFFECTIVE,60,300,15,7,57.142857142857146,0.0,-0.2361876999999999,0.17183526
NEW_05M,ANALYSIS,EFFECTIVE_CONTINUATION,BUY_EFFECTIVE,60,300,16,7,0.0,0.0,-1.4933339800000003,-1.64052503
NEW_05M,ANALYSIS,EFFECTIVE_CONTINUATION,BUY_EFFECTIVE,60,300,17,9,88.88888888888889,0.0,2.1449955722222223,2.63355494
NEW_05M,ANALYSIS,EFFECTIVE_CONTINUATION,BUY_EFFECTIVE,60,300,18,25,48.0,0.0,-0.6697275747999997,-0.1096268
NEW_05M,ANALYSIS,EFFECTIVE_CONTINUATION,BUY_EFFECTIVE,60,300,19,10,80.0,0.0,2.0574187230000005,1.843832205
NEW_05M,ANALYSIS,EFFECTIVE_CONTINUATION,BUY_EFFECTIVE,60,300,20,9,33.333333333333336,0.0,-1.5434118122222222,-1.04601041
NEW_05M,ANALYSIS,EFFECTIVE_CONTINUATION,BUY_EFFECTIVE,60,300,21,32,34.375,0.0,-5.0301298193749995,-6.612622145
NEW_05M,ANALYSIS,EFFECTIVE_CONTINUATION,BUY_EFFECTIVE,60,300,22,40,37.5,0.0,-4.795577822249999,-4.02288414
NEW_05M,ANALYSIS,EFFECTIVE_CONTINUATION,BUY_EFFECTIVE,60,300,23,65,56.92307692307692,1.5384615384615385,0.30935926184615375,0.7329469
NEW_05M,ANALYSIS,EFFECTIVE_CONTINUATION,BUY_EFFECTIVE,60,600,0,29,48.275862068965516,0.0,-1.1064267855172423,-1.09008799
NEW_05M,ANALYSIS,EFFECTIVE_CONTINUATION,BUY_EFFECTIVE,60,600,1,37,51.351351351351354,0.0,-1.2248735943243239,0.01559262
NEW_05M,ANALYSIS,EFFECTIVE_CONTINUATION,BUY_EFFECTIVE,60,600,2,76,46.05263157894737,0.0,0.11323201697368375,-0.52656656
NEW_05M,ANALYSIS,EFFECTIVE_CONTINUATION,BUY_EFFECTIVE,60,600,3,73,39.726027397260275,0.0,0.3175305994520546,-1.01714663
NEW_05M,ANALYSIS,EFFECTIVE_CONTINUATION,BUY_EFFECTIVE,60,600,4,43,67.44186046511628,0.0,8.40870221348837,6.21739915
NEW_05M,ANALYSIS,EFFECTIVE_CONTINUATION,BUY_EFFECTIVE,60,600,5,44,38.63636363636363,0.0,1.9855151275000018,-2.0577279
NEW_05M,ANALYSIS,EFFECTIVE_CONTINUATION,BUY_EFFECTIVE,60,600,6,33,54.54545454545455,0.0,-1.202011866666667,0.44567389
NEW_05M,ANALYSIS,EFFECTIVE_CONTINUATION,BUY_EFFECTIVE,60,600,7,35,71.42857142857143,0.0,2.5616060065714295,1.91820468
NEW_05M,ANALYSIS,EFFECTIVE_CONTINUATION,BUY_EFFECTIVE,60,600,8,17,0.0,0.0,-7.087813770588236,-4.81744344
NEW_05M,ANALYSIS,EFFECTIVE_CONTINUATION,BUY_EFFECTIVE,60,600,9,17,88.23529411764706,0.0,6.734025182941177,13.06600725
NEW_05M,ANALYSIS,EFFECTIVE_CONTINUATION,BUY_EFFECTIVE,60,600,10,34,44.11764705882353,0.0,-0.0131481076470588,-0.79682022
NEW_05M,ANALYSIS,EFFECTIVE_CONTINUATION,BUY_EFFECTIVE,60,600,11,21,71.42857142857143,0.0,9.930014653809524,8.00346561
NEW_05M,ANALYSIS,EFFECTIVE_CONTINUATION,BUY_EFFECTIVE,60,600,12,27,74.07407407407408,0.0,9.896527546666668,6.48483634
NEW_05M,ANALYSIS,EFFECTIVE_CONTINUATION,BUY_EFFECTIVE,60,600,13,12,33.333333333333336,0.0,-3.0034601741666673,-6.83147179
NEW_05M,ANALYSIS,EFFECTIVE_CONTINUATION,BUY_EFFECTIVE,60,600,14,3,33.333333333333336,0.0,-0.8245304,-1.0936133
NEW_05M,ANALYSIS,EFFECTIVE_CONTINUATION,BUY_EFFECTIVE,60,600,15,7,28.571428571428573,0.0,-3.038644797142857,-3.06442484
NEW_05M,ANALYSIS,EFFECTIVE_CONTINUATION,BUY_EFFECTIVE,60,600,16,7,14.285714285714286,0.0,-1.4420253342857146,-2.23444133
NEW_05M,ANALYSIS,EFFECTIVE_CONTINUATION,BUY_EFFECTIVE,60,600,17,9,55.55555555555556,0.0,-1.0206517188888886,0.43783385
NEW_05M,ANALYSIS,EFFECTIVE_CONTINUATION,BUY_EFFECTIVE,60,600,18,25,76.0,0.0,2.5127501648000004,2.99043999
NEW_05M,ANALYSIS,EFFECTIVE_CONTINUATION,BUY_EFFECTIVE,60,600,19,10,80.0,0.0,2.327999673,1.29692125
NEW_05M,ANALYSIS,EFFECTIVE_CONTINUATION,BUY_EFFECTIVE,60,600,20,9,22.22222222222222,0.0,-1.3181619744444444,-1.59239895
NEW_05M,ANALYSIS,EFFECTIVE_CONTINUATION,BUY_EFFECTIVE,60,600,21,31,29.032258064516128,0.0,-9.495216436129029,-7.97948133
NEW_05M,ANALYSIS,EFFECTIVE_CONTINUATION,BUY_EFFECTIVE,60,600,22,35,48.57142857142857,0.0,-9.37452833542857,-1.27795328
NEW_05M,ANALYSIS,EFFECTIVE_CONTINUATION,BUY_EFFECTIVE,60,600,23,65,44.61538461538461,0.0,-0.67194340876923,-0.68944877
NEW_05M,ANALYSIS,EFFECTIVE_CONTINUATION,BUY_EFFECTIVE,180,60,0,13,61.53846153846154,0.0,2.6535466476923073,1.12413407
NEW_05M,ANALYSIS,EFFECTIVE_CONTINUATION,BUY_EFFECTIVE,180,60,1,28,60.714285714285715,3.5714285714285716,1.2156108317857142,0.6938462599999999
NEW_05M,ANALYSIS,EFFECTIVE_CONTINUATION,BUY_EFFECTIVE,180,60,2,38,68.42105263157895,0.0,0.6597144949999999,0.81749312
NEW_05M,ANALYSIS,EFFECTIVE_CONTINUATION,BUY_EFFECTIVE,180,60,3,39,48.717948717948715,2.5641025641025643,0.42912403538461563,0.0
NEW_05M,ANALYSIS,EFFECTIVE_CONTINUATION,BUY_EFFECTIVE,180,60,4,21,47.61904761904762,0.0,0.34442606190476194,-0.09268528
NEW_05M,ANALYSIS,EFFECTIVE_CONTINUATION,BUY_EFFECTIVE,180,60,5,34,67.6470588235294,8.823529411764707,0.9683054108823529,0.48412431
NEW_05M,ANALYSIS,EFFECTIVE_CONTINUATION,BUY_EFFECTIVE,180,60,6,24,58.333333333333336,4.166666666666667,0.36211735916666665,0.21494897000000002
NEW_05M,ANALYSIS,EFFECTIVE_CONTINUATION,BUY_EFFECTIVE,180,60,7,23,47.82608695652174,8.695652173913043,0.027341988260869622,0.0
NEW_05M,ANALYSIS,EFFECTIVE_CONTINUATION,BUY_EFFECTIVE,180,60,9,7,57.142857142857146,0.0,-0.3879063885714285,0.75586256
NEW_05M,ANALYSIS,EFFECTIVE_CONTINUATION,BUY_EFFECTIVE,180,60,10,11,63.63636363636363,0.0,2.2169187818181815,2.84386563
NEW_05M,ANALYSIS,EFFECTIVE_CONTINUATION,BUY_EFFECTIVE,180,60,11,3,100.0,0.0,2.485713196666667,2.43016356
NEW_05M,ANALYSIS,EFFECTIVE_CONTINUATION,BUY_EFFECTIVE,180,60,12,14,57.142857142857146,7.142857142857143,-0.03739263071428568,0.5896808499999999
NEW_05M,ANALYSIS,EFFECTIVE_CONTINUATION,BUY_EFFECTIVE,180,60,13,7,71.42857142857143,0.0,0.14235173857142852,0.42134897
NEW_05M,ANALYSIS,EFFECTIVE_CONTINUATION,BUY_EFFECTIVE,180,60,14,3,33.333333333333336,33.333333333333336,0.07272355000000001,0.0
NEW_05M,ANALYSIS,EFFECTIVE_CONTINUATION,BUY_EFFECTIVE,180,60,15,5,60.0,0.0,-0.9063168859999999,0.01562969
NEW_05M,ANALYSIS,EFFECTIVE_CONTINUATION,BUY_EFFECTIVE,180,60,16,3,33.333333333333336,0.0,-0.4218440366666667,-0.01562915
NEW_05M,ANALYSIS,EFFECTIVE_CONTINUATION,BUY_EFFECTIVE,180,60,17,5,60.0,0.0,-0.23782381600000005,0.51604509
NEW_05M,ANALYSIS,EFFECTIVE_CONTINUATION,BUY_EFFECTIVE,180,60,18,14,57.142857142857146,0.0,-0.04316932214285717,0.50089225
NEW_05M,ANALYSIS,EFFECTIVE_CONTINUATION,BUY_EFFECTIVE,180,60,19,10,40.0,10.0,-0.15159725699999999,-0.085930385
NEW_05M,ANALYSIS,EFFECTIVE_CONTINUATION,BUY_EFFECTIVE,180,60,20,8,25.0,25.0,-0.24204690375000007,-0.007807425
NEW_05M,ANALYSIS,EFFECTIVE_CONTINUATION,BUY_EFFECTIVE,180,60,21,17,29.41176470588235,5.882352941176471,-1.4843587194117647,-0.46840967
NEW_05M,ANALYSIS,EFFECTIVE_CONTINUATION,BUY_EFFECTIVE,180,60,22,28,39.285714285714285,0.0,-1.955321217857142,-0.40412985
NEW_05M,ANALYSIS,EFFECTIVE_CONTINUATION,BUY_EFFECTIVE,180,60,23,35,45.714285714285715,0.0,-0.3635869582857144,-0.90485878
NEW_05M,ANALYSIS,EFFECTIVE_CONTINUATION,BUY_EFFECTIVE,180,180,0,13,61.53846153846154,0.0,-0.10681652692307676,2.41410836
NEW_05M,ANALYSIS,EFFECTIVE_CONTINUATION,BUY_EFFECTIVE,180,180,1,28,60.714285714285715,0.0,1.5114975349999997,1.5249973749999999
NEW_05M,ANALYSIS,EFFECTIVE_CONTINUATION,BUY_EFFECTIVE,180,180,2,35,60.0,0.0,0.9616849339999998,0.73143896
NEW_05M,ANALYSIS,EFFECTIVE_CONTINUATION,BUY_EFFECTIVE,180,180,3,38,47.36842105263158,0.0,0.5900126392105264,-1.460937575
NEW_05M,ANALYSIS,EFFECTIVE_CONTINUATION,BUY_EFFECTIVE,180,180,4,21,52.38095238095238,0.0,0.23253574619047607,0.18496853
NEW_05M,ANALYSIS,EFFECTIVE_CONTINUATION,BUY_EFFECTIVE,180,180,5,34,55.88235294117647,0.0,2.033047587352941,1.173333425
NEW_05M,ANALYSIS,EFFECTIVE_CONTINUATION,BUY_EFFECTIVE,180,180,6,24,41.666666666666664,0.0,-0.012191358333333346,-0.83690478
NEW_05M,ANALYSIS,EFFECTIVE_CONTINUATION,BUY_EFFECTIVE,180,180,7,21,76.19047619047619,0.0,1.88645123,1.27398312
NEW_05M,ANALYSIS,EFFECTIVE_CONTINUATION,BUY_EFFECTIVE,180,180,9,7,57.142857142857146,0.0,-1.1829471357142862,0.21560918
NEW_05M,ANALYSIS,EFFECTIVE_CONTINUATION,BUY_EFFECTIVE,180,180,10,11,72.72727272727273,0.0,0.7457983018181821,3.52024448
NEW_05M,ANALYSIS,EFFECTIVE_CONTINUATION,BUY_EFFECTIVE,180,180,11,3,100.0,0.0,6.025665916666667,6.67039635
NEW_05M,ANALYSIS,EFFECTIVE_CONTINUATION,BUY_EFFECTIVE,180,180,12,14,50.0,0.0,3.138516599285714,0.435282905
NEW_05M,ANALYSIS,EFFECTIVE_CONTINUATION,BUY_EFFECTIVE,180,180,13,7,85.71428571428571,0.0,0.8853037200000001,2.27907155
NEW_05M,ANALYSIS,EFFECTIVE_CONTINUATION,BUY_EFFECTIVE,180,180,14,3,0.0,0.0,-1.4060600899999998,-1.96879307
NEW_05M,ANALYSIS,EFFECTIVE_CONTINUATION,BUY_EFFECTIVE,180,180,15,5,0.0,0.0,-3.484738884,-3.67297689
NEW_05M,ANALYSIS,EFFECTIVE_CONTINUATION,BUY_EFFECTIVE,180,180,16,3,33.333333333333336,0.0,-1.2134175366666666,-1.64052503
NEW_05M,ANALYSIS,EFFECTIVE_CONTINUATION,BUY_EFFECTIVE,180,180,17,5,20.0,0.0,-0.21554015799999998,-0.59423374
NEW_05M,ANALYSIS,EFFECTIVE_CONTINUATION,BUY_EFFECTIVE,180,180,18,14,64.28571428571429,0.0,0.9752565028571428,1.12660968
NEW_05M,ANALYSIS,EFFECTIVE_CONTINUATION,BUY_EFFECTIVE,180,180,19,10,70.0,10.0,0.8531682629999999,0.75788879
NEW_05M,ANALYSIS,EFFECTIVE_CONTINUATION,BUY_EFFECTIVE,180,180,20,8,37.5,0.0,-0.43527823,-0.6479623299999999
NEW_05M,ANALYSIS,EFFECTIVE_CONTINUATION,BUY_EFFECTIVE,180,180,21,17,41.1764705882353,0.0,-3.0294570588235294,-0.24981225
NEW_05M,ANALYSIS,EFFECTIVE_CONTINUATION,BUY_EFFECTIVE,180,180,22,28,42.857142857142854,0.0,-3.6367658257142854,-0.83469445
NEW_05M,ANALYSIS,EFFECTIVE_CONTINUATION,BUY_EFFECTIVE,180,180,23,35,40.0,0.0,-1.819466774,-0.62338407
NEW_05M,ANALYSIS,EFFECTIVE_CONTINUATION,BUY_EFFECTIVE,180,300,0,13,61.53846153846154,0.0,1.4567927538461545,1.52633948
NEW_05M,ANALYSIS,EFFECTIVE_CONTINUATION,BUY_EFFECTIVE,180,300,1,28,42.857142857142854,0.0,-1.4972682692857138,-0.726629255
NEW_05M,ANALYSIS,EFFECTIVE_CONTINUATION,BUY_EFFECTIVE,180,300,2,34,41.1764705882353,0.0,-0.1464966570588235,-1.95250948
NEW_05M,ANALYSIS,EFFECTIVE_CONTINUATION,BUY_EFFECTIVE,180,300,3,37,48.648648648648646,0.0,-0.6037320945945948,-0.32443305
NEW_05M,ANALYSIS,EFFECTIVE_CONTINUATION,BUY_EFFECTIVE,180,300,4,21,38.095238095238095,0.0,1.2674596961904763,-2.89784034
NEW_05M,ANALYSIS,EFFECTIVE_CONTINUATION,BUY_EFFECTIVE,180,300,5,34,61.76470588235294,0.0,3.131029159411763,1.6601988300000001
NEW_05M,ANALYSIS,EFFECTIVE_CONTINUATION,BUY_EFFECTIVE,180,300,6,24,41.666666666666664,0.0,0.3997959733333334,-0.79843752
NEW_05M,ANALYSIS,EFFECTIVE_CONTINUATION,BUY_EFFECTIVE,180,300,7,21,57.142857142857146,0.0,2.072188154285714,0.93621462
NEW_05M,ANALYSIS,EFFECTIVE_CONTINUATION,BUY_EFFECTIVE,180,300,9,7,57.142857142857146,0.0,-2.4878366199999995,1.17044984
NEW_05M,ANALYSIS,EFFECTIVE_CONTINUATION,BUY_EFFECTIVE,180,300,10,11,27.272727272727273,0.0,-3.8524582027272727,-5.10358588
NEW_05M,ANALYSIS,EFFECTIVE_CONTINUATION,BUY_EFFECTIVE,180,300,11,3,100.0,0.0,6.45989543,8.1286294
NEW_05M,ANALYSIS,EFFECTIVE_CONTINUATION,BUY_EFFECTIVE,180,300,12,14,57.142857142857146,0.0,4.098108715714287,3.405460275
NEW_05M,ANALYSIS,EFFECTIVE_CONTINUATION,BUY_EFFECTIVE,180,300,13,7,85.71428571428571,0.0,1.0470530628571428,2.38764418
NEW_05M,ANALYSIS,EFFECTIVE_CONTINUATION,BUY_EFFECTIVE,180,300,14,3,0.0,0.0,-1.0704607966666666,-0.12500273
NEW_05M,ANALYSIS,EFFECTIVE_CONTINUATION,BUY_EFFECTIVE,180,300,15,5,40.0,0.0,-3.0535074779999998,-3.61045814
NEW_05M,ANALYSIS,EFFECTIVE_CONTINUATION,BUY_EFFECTIVE,180,300,16,3,33.333333333333336,0.0,-0.6352312000000001,-1.54675899
NEW_05M,ANALYSIS,EFFECTIVE_CONTINUATION,BUY_EFFECTIVE,180,300,17,5,80.0,0.0,1.265207298,1.78270123
NEW_05M,ANALYSIS,EFFECTIVE_CONTINUATION,BUY_EFFECTIVE,180,300,18,14,71.42857142857143,0.0,1.5368225307142858,2.676616985
NEW_05M,ANALYSIS,EFFECTIVE_CONTINUATION,BUY_EFFECTIVE,180,300,19,10,60.0,0.0,0.5875441159999999,0.8905197
NEW_05M,ANALYSIS,EFFECTIVE_CONTINUATION,BUY_EFFECTIVE,180,300,20,8,12.5,0.0,-1.6645893712499997,-1.225547595
NEW_05M,ANALYSIS,EFFECTIVE_CONTINUATION,BUY_EFFECTIVE,180,300,21,17,41.1764705882353,0.0,-3.416615604117647,-2.16739349
NEW_05M,ANALYSIS,EFFECTIVE_CONTINUATION,BUY_EFFECTIVE,180,300,22,22,36.36363636363637,0.0,-9.624863058181816,-5.39759209
NEW_05M,ANALYSIS,EFFECTIVE_CONTINUATION,BUY_EFFECTIVE,180,300,23,35,45.714285714285715,0.0,-0.019833684857143073,-0.90859246
NEW_05M,ANALYSIS,EFFECTIVE_CONTINUATION,BUY_EFFECTIVE,180,600,0,13,38.46153846153846,0.0,-2.708966596923077,-2.44525815
NEW_05M,ANALYSIS,EFFECTIVE_CONTINUATION,BUY_EFFECTIVE,180,600,1,23,39.130434782608695,0.0,-7.203649001739131,-4.4094871
NEW_05M,ANALYSIS,EFFECTIVE_CONTINUATION,BUY_EFFECTIVE,180,600,2,32,46.875,0.0,0.047634295624999906,-0.860152335
NEW_05M,ANALYSIS,EFFECTIVE_CONTINUATION,BUY_EFFECTIVE,180,600,3,37,37.83783783783784,0.0,-0.766664871081081,-1.52307774
NEW_05M,ANALYSIS,EFFECTIVE_CONTINUATION,BUY_EFFECTIVE,180,600,4,21,57.142857142857146,0.0,3.305831562380953,1.11018253
NEW_05M,ANALYSIS,EFFECTIVE_CONTINUATION,BUY_EFFECTIVE,180,600,5,34,61.76470588235294,0.0,5.573548598235294,5.69224306
NEW_05M,ANALYSIS,EFFECTIVE_CONTINUATION,BUY_EFFECTIVE,180,600,6,23,56.52173913043478,0.0,0.8929171299999998,1.2900927
NEW_05M,ANALYSIS,EFFECTIVE_CONTINUATION,BUY_EFFECTIVE,180,600,7,19,73.6842105263158,0.0,1.8745501305263157,2.34798702
NEW_05M,ANALYSIS,EFFECTIVE_CONTINUATION,BUY_EFFECTIVE,180,600,9,7,71.42857142857143,0.0,1.0527422485714284,9.23889405
NEW_05M,ANALYSIS,EFFECTIVE_CONTINUATION,BUY_EFFECTIVE,180,600,10,11,63.63636363636363,0.0,-0.062212932727272664,3.29249701
NEW_05M,ANALYSIS,EFFECTIVE_CONTINUATION,BUY_EFFECTIVE,180,600,11,3,33.333333333333336,0.0,4.600136226666666,-7.02017994
NEW_05M,ANALYSIS,EFFECTIVE_CONTINUATION,BUY_EFFECTIVE,180,600,12,14,71.42857142857143,0.0,11.487418602142862,4.30566958
NEW_05M,ANALYSIS,EFFECTIVE_CONTINUATION,BUY_EFFECTIVE,180,600,13,7,57.142857142857146,0.0,0.26687924142857156,2.80899315
NEW_05M,ANALYSIS,EFFECTIVE_CONTINUATION,BUY_EFFECTIVE,180,600,14,3,66.66666666666667,0.0,0.5960865566666667,2.2812999
NEW_05M,ANALYSIS,EFFECTIVE_CONTINUATION,BUY_EFFECTIVE,180,600,15,5,40.0,0.0,-5.206916286,-6.75202561
NEW_05M,ANALYSIS,EFFECTIVE_CONTINUATION,BUY_EFFECTIVE,180,600,16,3,33.333333333333336,0.0,-0.9947452333333334,-0.25006642
NEW_05M,ANALYSIS,EFFECTIVE_CONTINUATION,BUY_EFFECTIVE,180,600,17,5,60.0,0.0,-2.2596001,0.3127546
NEW_05M,ANALYSIS,EFFECTIVE_CONTINUATION,BUY_EFFECTIVE,180,600,18,14,92.85714285714286,0.0,4.245872360714285,4.96586556
NEW_05M,ANALYSIS,EFFECTIVE_CONTINUATION,BUY_EFFECTIVE,180,600,19,10,70.0,0.0,1.8236217609999996,1.42987715
NEW_05M,ANALYSIS,EFFECTIVE_CONTINUATION,BUY_EFFECTIVE,180,600,20,8,37.5,0.0,-0.3960813012500001,-0.6870127500000001
NEW_05M,ANALYSIS,EFFECTIVE_CONTINUATION,BUY_EFFECTIVE,180,600,21,17,41.1764705882353,0.0,-6.065804084705883,-0.96743187
NEW_05M,ANALYSIS,EFFECTIVE_CONTINUATION,BUY_EFFECTIVE,180,600,22,22,45.45454545454545,0.0,-11.92475030863636,-0.959353515
NEW_05M,ANALYSIS,EFFECTIVE_CONTINUATION,BUY_EFFECTIVE,180,600,23,35,34.285714285714285,0.0,-2.1512887885714287,-1.30066726
NEW_05M,ANALYSIS,EFFECTIVE_CONTINUATION,BUY_EFFECTIVE,300,60,0,9,55.55555555555556,0.0,0.6782573388888888,0.68546396
NEW_05M,ANALYSIS,EFFECTIVE_CONTINUATION,BUY_EFFECTIVE,300,60,1,14,64.28571428571429,14.285714285714286,1.2104978007142857,1.2160674550000001
NEW_05M,ANALYSIS,EFFECTIVE_CONTINUATION,BUY_EFFECTIVE,300,60,2,39,48.717948717948715,2.5641025641025643,0.11696420435897437,0.0
NEW_05M,ANALYSIS,EFFECTIVE_CONTINUATION,BUY_EFFECTIVE,300,60,3,15,46.666666666666664,6.666666666666667,-0.6326132286666666,0.0
NEW_05M,ANALYSIS,EFFECTIVE_CONTINUATION,BUY_EFFECTIVE,300,60,4,16,62.5,0.0,1.3637455443750002,0.501440115
NEW_05M,ANALYSIS,EFFECTIVE_CONTINUATION,BUY_EFFECTIVE,300,60,5,30,46.666666666666664,3.3333333333333335,0.7681154723333331,-0.007679855
NEW_05M,ANALYSIS,EFFECTIVE_CONTINUATION,BUY_EFFECTIVE,300,60,6,15,60.0,0.0,0.7096078620000001,0.39926658
NEW_05M,ANALYSIS,EFFECTIVE_CONTINUATION,BUY_EFFECTIVE,300,60,7,14,42.857142857142854,0.0,-0.11470461499999997,-0.09975281500000001
NEW_05M,ANALYSIS,EFFECTIVE_CONTINUATION,BUY_EFFECTIVE,300,60,8,4,0.0,0.0,-1.868088225,-1.6342422550000002
NEW_05M,ANALYSIS,EFFECTIVE_CONTINUATION,BUY_EFFECTIVE,300,60,9,3,66.66666666666667,0.0,0.2282364199999999,0.47751152
NEW_05M,ANALYSIS,EFFECTIVE_CONTINUATION,BUY_EFFECTIVE,300,60,10,11,27.272727272727273,0.0,-1.0411109563636363,-0.69139399
NEW_05M,ANALYSIS,EFFECTIVE_CONTINUATION,BUY_EFFECTIVE,300,60,11,7,28.571428571428573,0.0,-1.3570164085714285,-2.33761281
NEW_05M,ANALYSIS,EFFECTIVE_CONTINUATION,BUY_EFFECTIVE,300,60,12,10,30.0,20.0,0.6380250759999998,-0.00780432
NEW_05M,ANALYSIS,EFFECTIVE_CONTINUATION,BUY_EFFECTIVE,300,60,13,6,50.0,0.0,0.01812846166666667,0.085821595
NEW_05M,ANALYSIS,EFFECTIVE_CONTINUATION,BUY_EFFECTIVE,300,60,14,3,0.0,0.0,-0.58852884,-0.8593938
NEW_05M,ANALYSIS,EFFECTIVE_CONTINUATION,BUY_EFFECTIVE,300,60,15,3,33.333333333333336,0.0,-1.81726792,-2.92117666
NEW_05M,ANALYSIS,EFFECTIVE_CONTINUATION,BUY_EFFECTIVE,300,60,16,5,60.0,0.0,0.14070491400000001,0.23436072
NEW_05M,ANALYSIS,EFFECTIVE_CONTINUATION,BUY_EFFECTIVE,300,60,17,4,25.0,0.0,-0.019491944999999997,-0.17197032
NEW_05M,ANALYSIS,EFFECTIVE_CONTINUATION,BUY_EFFECTIVE,300,60,18,13,38.46153846153846,0.0,-0.8486995661538462,-0.26587883
NEW_05M,ANALYSIS,EFFECTIVE_CONTINUATION,BUY_EFFECTIVE,300,60,19,8,87.5,0.0,0.5664031900000001,0.68750276
NEW_05M,ANALYSIS,EFFECTIVE_CONTINUATION,BUY_EFFECTIVE,300,60,20,4,75.0,0.0,1.0852867575,1.006857865
NEW_05M,ANALYSIS,EFFECTIVE_CONTINUATION,BUY_EFFECTIVE,300,60,21,11,45.45454545454545,0.0,-0.8849004072727271,-0.20295281
NEW_05M,ANALYSIS,EFFECTIVE_CONTINUATION,BUY_EFFECTIVE,300,60,22,20,30.0,5.0,-0.4029581339999998,-0.79556729
NEW_05M,ANALYSIS,EFFECTIVE_CONTINUATION,BUY_EFFECTIVE,300,60,23,21,38.095238095238095,0.0,-0.5976075823809525,-1.47268714
NEW_05M,ANALYSIS,EFFECTIVE_CONTINUATION,BUY_EFFECTIVE,300,180,0,9,66.66666666666667,0.0,-0.23382978222222198,2.36740581
NEW_05M,ANALYSIS,EFFECTIVE_CONTINUATION,BUY_EFFECTIVE,300,180,1,14,57.142857142857146,0.0,0.3260686457142857,0.1480642
NEW_05M,ANALYSIS,EFFECTIVE_CONTINUATION,BUY_EFFECTIVE,300,180,2,37,37.83783783783784,0.0,0.13573446189189176,-1.43211168
NEW_05M,ANALYSIS,EFFECTIVE_CONTINUATION,BUY_EFFECTIVE,300,180,3,15,53.333333333333336,0.0,0.09225565133333324,1.13454984
NEW_05M,ANALYSIS,EFFECTIVE_CONTINUATION,BUY_EFFECTIVE,300,180,4,16,87.5,0.0,4.507550753125,3.429739155
NEW_05M,ANALYSIS,EFFECTIVE_CONTINUATION,BUY_EFFECTIVE,300,180,5,30,60.0,0.0,2.8950484986666667,1.5344359449999998
NEW_05M,ANALYSIS,EFFECTIVE_CONTINUATION,BUY_EFFECTIVE,300,180,6,15,53.333333333333336,0.0,0.5855707066666668,0.261093
NEW_05M,ANALYSIS,EFFECTIVE_CONTINUATION,BUY_EFFECTIVE,300,180,7,14,64.28571428571429,0.0,1.1037596407142858,1.7573182200000002
NEW_05M,ANALYSIS,EFFECTIVE_CONTINUATION,BUY_EFFECTIVE,300,180,8,4,25.0,0.0,-0.8093245775,-0.5677502750000001
NEW_05M,ANALYSIS,EFFECTIVE_CONTINUATION,BUY_EFFECTIVE,300,180,9,3,33.333333333333336,0.0,-2.8727442133333336,-2.74184033
NEW_05M,ANALYSIS,EFFECTIVE_CONTINUATION,BUY_EFFECTIVE,300,180,10,11,18.181818181818183,0.0,-5.886690231818182,-4.97803672
NEW_05M,ANALYSIS,EFFECTIVE_CONTINUATION,BUY_EFFECTIVE,300,180,11,7,71.42857142857143,0.0,0.9465733657142856,0.90736287
NEW_05M,ANALYSIS,EFFECTIVE_CONTINUATION,BUY_EFFECTIVE,300,180,12,10,30.0,0.0,0.42503203099999975,-1.8550751600000002
NEW_05M,ANALYSIS,EFFECTIVE_CONTINUATION,BUY_EFFECTIVE,300,180,13,6,100.0,0.0,2.113761041666667,0.8656899600000001
NEW_05M,ANALYSIS,EFFECTIVE_CONTINUATION,BUY_EFFECTIVE,300,180,14,3,0.0,0.0,-1.46653316,-1.3437794
NEW_05M,ANALYSIS,EFFECTIVE_CONTINUATION,BUY_EFFECTIVE,300,180,15,3,100.0,0.0,0.18745959,0.07810633
NEW_05M,ANALYSIS,EFFECTIVE_CONTINUATION,BUY_EFFECTIVE,300,180,16,5,40.0,0.0,-0.346823886,-0.68755157
NEW_05M,ANALYSIS,EFFECTIVE_CONTINUATION,BUY_EFFECTIVE,300,180,17,4,50.0,0.0,0.4028095450000001,-0.03898415999999999
NEW_05M,ANALYSIS,EFFECTIVE_CONTINUATION,BUY_EFFECTIVE,300,180,18,13,38.46153846153846,0.0,-1.6104115907692305,-0.95517714
NEW_05M,ANALYSIS,EFFECTIVE_CONTINUATION,BUY_EFFECTIVE,300,180,19,8,87.5,0.0,1.441360015,1.375066995
NEW_05M,ANALYSIS,EFFECTIVE_CONTINUATION,BUY_EFFECTIVE,300,180,20,4,25.0,0.0,-0.7374289325000001,-1.022526365
NEW_05M,ANALYSIS,EFFECTIVE_CONTINUATION,BUY_EFFECTIVE,300,180,21,11,54.54545454545455,0.0,-2.0676382972727274,0.1717293
NEW_05M,ANALYSIS,EFFECTIVE_CONTINUATION,BUY_EFFECTIVE,300,180,22,20,10.0,0.0,-3.4736378670000017,-1.06075638
NEW_05M,ANALYSIS,EFFECTIVE_CONTINUATION,BUY_EFFECTIVE,300,180,23,21,66.66666666666667,0.0,0.9537945623809522,1.48097108
NEW_05M,ANALYSIS,EFFECTIVE_CONTINUATION,BUY_EFFECTIVE,300,300,0,9,44.44444444444444,0.0,-1.3938664333333333,-0.68514375
NEW_05M,ANALYSIS,EFFECTIVE_CONTINUATION,BUY_EFFECTIVE,300,300,1,14,64.28571428571429,0.0,-0.6110533478571429,0.95057309
NEW_05M,ANALYSIS,EFFECTIVE_CONTINUATION,BUY_EFFECTIVE,300,300,2,31,32.25806451612903,0.0,-1.6929516712903234,-2.69680857
NEW_05M,ANALYSIS,EFFECTIVE_CONTINUATION,BUY_EFFECTIVE,300,300,3,15,60.0,0.0,0.43086717066666674,0.74616541
NEW_05M,ANALYSIS,EFFECTIVE_CONTINUATION,BUY_EFFECTIVE,300,300,4,16,68.75,0.0,6.763544035625,4.20748663
NEW_05M,ANALYSIS,EFFECTIVE_CONTINUATION,BUY_EFFECTIVE,300,300,5,30,66.66666666666667,0.0,3.6082370999999993,2.4037964450000002
NEW_05M,ANALYSIS,EFFECTIVE_CONTINUATION,BUY_EFFECTIVE,300,300,6,15,66.66666666666667,0.0,0.33696583266666685,1.09032665
NEW_05M,ANALYSIS,EFFECTIVE_CONTINUATION,BUY_EFFECTIVE,300,300,7,14,42.857142857142854,0.0,-0.10014336428571434,-1.58883442
NEW_05M,ANALYSIS,EFFECTIVE_CONTINUATION,BUY_EFFECTIVE,300,300,8,4,50.0,0.0,-0.09198600749999997,0.27621229
NEW_05M,ANALYSIS,EFFECTIVE_CONTINUATION,BUY_EFFECTIVE,300,300,9,3,33.333333333333336,0.0,-1.5634002766666668,-3.09612307
NEW_05M,ANALYSIS,EFFECTIVE_CONTINUATION,BUY_EFFECTIVE,300,300,10,11,0.0,0.0,-7.67968516,-8.12619723
NEW_05M,ANALYSIS,EFFECTIVE_CONTINUATION,BUY_EFFECTIVE,300,300,11,7,57.142857142857146,0.0,-0.06440782142857149,0.3383387
NEW_05M,ANALYSIS,EFFECTIVE_CONTINUATION,BUY_EFFECTIVE,300,300,12,10,70.0,0.0,2.6557346090000005,1.933856405
NEW_05M,ANALYSIS,EFFECTIVE_CONTINUATION,BUY_EFFECTIVE,300,300,13,6,66.66666666666667,33.333333333333336,2.2309789983333332,1.3496840749999999
NEW_05M,ANALYSIS,EFFECTIVE_CONTINUATION,BUY_EFFECTIVE,300,300,14,3,66.66666666666667,0.0,0.7730991666666668,2.51568003
NEW_05M,ANALYSIS,EFFECTIVE_CONTINUATION,BUY_EFFECTIVE,300,300,15,3,100.0,0.0,0.1874595933333333,0.09372759
NEW_05M,ANALYSIS,EFFECTIVE_CONTINUATION,BUY_EFFECTIVE,300,300,16,5,40.0,0.0,-0.099922412,-0.20314024
NEW_05M,ANALYSIS,EFFECTIVE_CONTINUATION,BUY_EFFECTIVE,300,300,17,4,0.0,50.0,-0.5901613825,-0.539353245
NEW_05M,ANALYSIS,EFFECTIVE_CONTINUATION,BUY_EFFECTIVE,300,300,18,13,61.53846153846154,0.0,-0.4587411530769235,1.65815429
NEW_05M,ANALYSIS,EFFECTIVE_CONTINUATION,BUY_EFFECTIVE,300,300,19,8,75.0,12.5,1.47069098625,1.992237285
NEW_05M,ANALYSIS,EFFECTIVE_CONTINUATION,BUY_EFFECTIVE,300,300,20,4,25.0,0.0,-1.3574088225,-2.802465875
NEW_05M,ANALYSIS,EFFECTIVE_CONTINUATION,BUY_EFFECTIVE,300,300,21,11,54.54545454545455,0.0,-2.358932995454546,0.24973271
NEW_05M,ANALYSIS,EFFECTIVE_CONTINUATION,BUY_EFFECTIVE,300,300,22,20,15.0,0.0,-6.349965139499999,-1.93432046
NEW_05M,ANALYSIS,EFFECTIVE_CONTINUATION,BUY_EFFECTIVE,300,300,23,21,33.333333333333336,0.0,-1.3522686642857142,-1.87024257
NEW_05M,ANALYSIS,EFFECTIVE_CONTINUATION,BUY_EFFECTIVE,300,600,0,9,33.333333333333336,0.0,0.6044692744444446,-0.80990199
NEW_05M,ANALYSIS,EFFECTIVE_CONTINUATION,BUY_EFFECTIVE,300,600,1,13,69.23076923076923,0.0,-2.494786353076923,2.82308755
NEW_05M,ANALYSIS,EFFECTIVE_CONTINUATION,BUY_EFFECTIVE,300,600,2,30,26.666666666666668,0.0,-4.206617682666666,-2.98427461
NEW_05M,ANALYSIS,EFFECTIVE_CONTINUATION,BUY_EFFECTIVE,300,600,3,15,26.666666666666668,0.0,-0.5771516026666668,-1.51416127
NEW_05M,ANALYSIS,EFFECTIVE_CONTINUATION,BUY_EFFECTIVE,300,600,4,16,50.0,0.0,9.580235810625002,11.290545035000001
NEW_05M,ANALYSIS,EFFECTIVE_CONTINUATION,BUY_EFFECTIVE,300,600,5,30,60.0,0.0,4.242216417,6.336015175
NEW_05M,ANALYSIS,EFFECTIVE_CONTINUATION,BUY_EFFECTIVE,300,600,6,14,64.28571428571429,0.0,-1.3671296950000005,2.127413895
NEW_05M,ANALYSIS,EFFECTIVE_CONTINUATION,BUY_EFFECTIVE,300,600,7,13,69.23076923076923,0.0,1.5477519484615383,1.33514832
NEW_05M,ANALYSIS,EFFECTIVE_CONTINUATION,BUY_EFFECTIVE,300,600,8,4,0.0,0.0,-4.158321515,-4.434193565
NEW_05M,ANALYSIS,EFFECTIVE_CONTINUATION,BUY_EFFECTIVE,300,600,9,3,66.66666666666667,0.0,-4.23842036,1.12446261
NEW_05M,ANALYSIS,EFFECTIVE_CONTINUATION,BUY_EFFECTIVE,300,600,10,11,72.72727272727273,0.0,-0.1525900245454544,1.33676282
NEW_05M,ANALYSIS,EFFECTIVE_CONTINUATION,BUY_EFFECTIVE,300,600,11,7,14.285714285714286,0.0,-2.9984015085714284,-5.96706427
NEW_05M,ANALYSIS,EFFECTIVE_CONTINUATION,BUY_EFFECTIVE,300,600,12,10,90.0,0.0,5.391114817,0.58866628
NEW_05M,ANALYSIS,EFFECTIVE_CONTINUATION,BUY_EFFECTIVE,300,600,13,6,66.66666666666667,0.0,1.3406217766666666,2.2000400449999997
NEW_05M,ANALYSIS,EFFECTIVE_CONTINUATION,BUY_EFFECTIVE,300,600,14,3,66.66666666666667,0.0,0.21745312000000006,2.68755879
NEW_05M,ANALYSIS,EFFECTIVE_CONTINUATION,BUY_EFFECTIVE,300,600,15,3,66.66666666666667,0.0,-0.4999033633333334,0.28118234
NEW_05M,ANALYSIS,EFFECTIVE_CONTINUATION,BUY_EFFECTIVE,300,600,16,5,60.0,0.0,0.421974688,0.04687214
NEW_05M,ANALYSIS,EFFECTIVE_CONTINUATION,BUY_EFFECTIVE,300,600,17,4,50.0,0.0,-2.0710564775,-2.64187134
NEW_05M,ANALYSIS,EFFECTIVE_CONTINUATION,BUY_EFFECTIVE,300,600,18,13,61.53846153846154,0.0,1.4754474784615392,3.36267462
NEW_05M,ANALYSIS,EFFECTIVE_CONTINUATION,BUY_EFFECTIVE,300,600,19,8,87.5,0.0,1.22838461875,0.43751777
NEW_05M,ANALYSIS,EFFECTIVE_CONTINUATION,BUY_EFFECTIVE,300,600,20,4,25.0,0.0,-1.3072309999999998,-1.6159746099999999
NEW_05M,ANALYSIS,EFFECTIVE_CONTINUATION,BUY_EFFECTIVE,300,600,21,10,70.0,0.0,-2.6477629379999996,0.85851339
NEW_05M,ANALYSIS,EFFECTIVE_CONTINUATION,BUY_EFFECTIVE,300,600,22,20,25.0,0.0,-8.1150182,-1.2791474
NEW_05M,ANALYSIS,EFFECTIVE_CONTINUATION,BUY_EFFECTIVE,300,600,23,21,23.80952380952381,0.0,-5.889451550952381,-3.74134813
NEW_05M,ANALYSIS,EFFECTIVE_CONTINUATION,BUY_EFFECTIVE,900,60,0,2,50.0,0.0,-2.218124585,-2.218124585
NEW_05M,ANALYSIS,EFFECTIVE_CONTINUATION,BUY_EFFECTIVE,900,60,1,3,33.333333333333336,0.0,-0.2958540166666666,-0.01558171
NEW_05M,ANALYSIS,EFFECTIVE_CONTINUATION,BUY_EFFECTIVE,900,60,2,5,40.0,20.0,-0.17081103999999994,0.0
NEW_05M,ANALYSIS,EFFECTIVE_CONTINUATION,BUY_EFFECTIVE,900,60,3,16,25.0,18.75,-0.3559707525,-0.341314735
NEW_05M,ANALYSIS,EFFECTIVE_CONTINUATION,BUY_EFFECTIVE,900,60,4,1,0.0,0.0,-0.18528212,-0.18528212
NEW_05M,ANALYSIS,EFFECTIVE_CONTINUATION,BUY_EFFECTIVE,900,60,5,5,40.0,0.0,-0.04623890999999993,-0.73704641
NEW_05M,ANALYSIS,EFFECTIVE_CONTINUATION,BUY_EFFECTIVE,900,60,6,4,25.0,0.0,-2.0419929225,-2.86376496
NEW_05M,ANALYSIS,EFFECTIVE_CONTINUATION,BUY_EFFECTIVE,900,60,7,9,33.333333333333336,0.0,-0.8583416733333333,-0.23012241
NEW_05M,ANALYSIS,EFFECTIVE_CONTINUATION,BUY_EFFECTIVE,900,60,9,3,33.333333333333336,0.0,-0.7131560166666667,-0.64670504
NEW_05M,ANALYSIS,EFFECTIVE_CONTINUATION,BUY_EFFECTIVE,900,60,10,5,20.0,0.0,-3.4139879699999995,-3.90429257
NEW_05M,ANALYSIS,EFFECTIVE_CONTINUATION,BUY_EFFECTIVE,900,60,12,1,0.0,0.0,-0.12261382,-0.12261382
NEW_05M,ANALYSIS,EFFECTIVE_CONTINUATION,BUY_EFFECTIVE,900,60,18,5,60.0,0.0,1.5423360179999999,1.23626417
NEW_05M,ANALYSIS,EFFECTIVE_CONTINUATION,BUY_EFFECTIVE,900,60,19,7,28.571428571428573,28.571428571428573,0.13168795714285714,0.0
NEW_05M,ANALYSIS,EFFECTIVE_CONTINUATION,BUY_EFFECTIVE,900,60,21,5,60.0,20.0,0.48693812200000003,0.01560525
NEW_05M,ANALYSIS,EFFECTIVE_CONTINUATION,BUY_EFFECTIVE,900,60,22,6,66.66666666666667,16.666666666666668,0.4003295283333334,0.52246221
NEW_05M,ANALYSIS,EFFECTIVE_CONTINUATION,BUY_EFFECTIVE,900,60,23,11,36.36363636363637,0.0,-0.8421442945454544,-0.01559004
NEW_05M,ANALYSIS,EFFECTIVE_CONTINUATION,BUY_EFFECTIVE,900,180,0,2,50.0,0.0,0.4061761749999999,0.4061761749999999
NEW_05M,ANALYSIS,EFFECTIVE_CONTINUATION,BUY_EFFECTIVE,900,180,1,3,33.333333333333336,0.0,-0.3581872566666667,-0.01558171
NEW_05M,ANALYSIS,EFFECTIVE_CONTINUATION,BUY_EFFECTIVE,900,180,2,3,33.333333333333336,0.0,0.6014064466666668,-1.5408944
NEW_05M,ANALYSIS,EFFECTIVE_CONTINUATION,BUY_EFFECTIVE,900,180,3,16,31.25,6.25,-0.591863153125,-1.809515465
NEW_05M,ANALYSIS,EFFECTIVE_CONTINUATION,BUY_EFFECTIVE,900,180,4,1,100.0,0.0,12.47566242,12.47566242
NEW_05M,ANALYSIS,EFFECTIVE_CONTINUATION,BUY_EFFECTIVE,900,180,5,5,60.0,20.0,2.689671188,0.3224578
NEW_05M,ANALYSIS,EFFECTIVE_CONTINUATION,BUY_EFFECTIVE,900,180,6,4,50.0,0.0,-1.5961385074999999,-0.67560053
NEW_05M,ANALYSIS,EFFECTIVE_CONTINUATION,BUY_EFFECTIVE,900,180,7,8,37.5,0.0,-0.37064585375000003,-1.5272204299999999
NEW_05M,ANALYSIS,EFFECTIVE_CONTINUATION,BUY_EFFECTIVE,900,180,9,3,66.66666666666667,0.0,0.8676484766666667,1.61676259
NEW_05M,ANALYSIS,EFFECTIVE_CONTINUATION,BUY_EFFECTIVE,900,180,10,5,0.0,0.0,-5.64003836,-5.47215809
NEW_05M,ANALYSIS,EFFECTIVE_CONTINUATION,BUY_EFFECTIVE,900,180,12,1,100.0,0.0,3.77037497,3.77037497
NEW_05M,ANALYSIS,EFFECTIVE_CONTINUATION,BUY_EFFECTIVE,900,180,18,5,100.0,0.0,3.4760250799999994,1.86254715
NEW_05M,ANALYSIS,EFFECTIVE_CONTINUATION,BUY_EFFECTIVE,900,180,19,7,28.571428571428573,0.0,0.2856332742857143,-0.32812397
NEW_05M,ANALYSIS,EFFECTIVE_CONTINUATION,BUY_EFFECTIVE,900,180,21,5,80.0,0.0,0.511890874,1.10797272
NEW_05M,ANALYSIS,EFFECTIVE_CONTINUATION,BUY_EFFECTIVE,900,180,22,6,50.0,0.0,0.61533387,0.38146699000000006
NEW_05M,ANALYSIS,EFFECTIVE_CONTINUATION,BUY_EFFECTIVE,900,180,23,11,36.36363636363637,0.0,-0.39451342999999994,-0.62356385
NEW_05M,ANALYSIS,EFFECTIVE_CONTINUATION,BUY_EFFECTIVE,900,300,0,2,50.0,0.0,-2.46700776,-2.46700776
NEW_05M,ANALYSIS,EFFECTIVE_CONTINUATION,BUY_EFFECTIVE,900,300,1,3,66.66666666666667,0.0,0.6861312866666668,0.26489612
NEW_05M,ANALYSIS,EFFECTIVE_CONTINUATION,BUY_EFFECTIVE,900,300,2,3,33.333333333333336,0.0,0.04139708333333333,-1.69801504
NEW_05M,ANALYSIS,EFFECTIVE_CONTINUATION,BUY_EFFECTIVE,900,300,3,16,81.25,0.0,-0.05181484062500004,1.08773462
NEW_05M,ANALYSIS,EFFECTIVE_CONTINUATION,BUY_EFFECTIVE,900,300,4,1,100.0,0.0,14.15864164,14.15864164
NEW_05M,ANALYSIS,EFFECTIVE_CONTINUATION,BUY_EFFECTIVE,900,300,5,5,100.0,0.0,6.364419637999999,4.2997543
NEW_05M,ANALYSIS,EFFECTIVE_CONTINUATION,BUY_EFFECTIVE,900,300,6,4,25.0,0.0,-3.266011525,-1.727451675
NEW_05M,ANALYSIS,EFFECTIVE_CONTINUATION,BUY_EFFECTIVE,900,300,7,8,75.0,0.0,2.4635356075,1.212913075
NEW_05M,ANALYSIS,EFFECTIVE_CONTINUATION,BUY_EFFECTIVE,900,300,9,3,100.0,0.0,10.23376941,12.37978215
NEW_05M,ANALYSIS,EFFECTIVE_CONTINUATION,BUY_EFFECTIVE,900,300,10,5,40.0,0.0,-3.3682153000000006,-2.02966697
NEW_05M,ANALYSIS,EFFECTIVE_CONTINUATION,BUY_EFFECTIVE,900,300,12,1,100.0,0.0,6.97366102,6.97366102
NEW_05M,ANALYSIS,EFFECTIVE_CONTINUATION,BUY_EFFECTIVE,900,300,18,5,100.0,0.0,4.615350340000001,3.00511809
NEW_05M,ANALYSIS,EFFECTIVE_CONTINUATION,BUY_EFFECTIVE,900,300,19,7,57.142857142857146,0.0,1.2253841257142857,0.92179866
NEW_05M,ANALYSIS,EFFECTIVE_CONTINUATION,BUY_EFFECTIVE,900,300,21,5,40.0,0.0,0.23413511799999992,-0.26528924
NEW_05M,ANALYSIS,EFFECTIVE_CONTINUATION,BUY_EFFECTIVE,900,300,22,6,50.0,0.0,3.709574096666666,3.8893448900000003
NEW_05M,ANALYSIS,EFFECTIVE_CONTINUATION,BUY_EFFECTIVE,900,300,23,11,27.272727272727273,0.0,-2.789138227272728,-1.35608226
NEW_05M,ANALYSIS,EFFECTIVE_CONTINUATION,BUY_EFFECTIVE,900,600,0,2,0.0,0.0,-6.65597941,-6.65597941
NEW_05M,ANALYSIS,EFFECTIVE_CONTINUATION,BUY_EFFECTIVE,900,600,1,3,33.333333333333336,0.0,-1.3393525333333332,-0.43628794
NEW_05M,ANALYSIS,EFFECTIVE_CONTINUATION,BUY_EFFECTIVE,900,600,2,3,100.0,0.0,2.3922303499999997,1.80549243
NEW_05M,ANALYSIS,EFFECTIVE_CONTINUATION,BUY_EFFECTIVE,900,600,3,16,25.0,0.0,-2.644838965,-3.85956347
NEW_05M,ANALYSIS,EFFECTIVE_CONTINUATION,BUY_EFFECTIVE,900,600,4,1,100.0,0.0,36.28441422,36.28441422
NEW_05M,ANALYSIS,EFFECTIVE_CONTINUATION,BUY_EFFECTIVE,900,600,5,5,20.0,0.0,0.8071777539999996,-3.25552826
NEW_05M,ANALYSIS,EFFECTIVE_CONTINUATION,BUY_EFFECTIVE,900,600,6,4,50.0,0.0,-6.5013136199999995,-4.714123205
NEW_05M,ANALYSIS,EFFECTIVE_CONTINUATION,BUY_EFFECTIVE,900,600,7,4,0.0,0.0,-4.2997662299999995,-3.4748934
NEW_05M,ANALYSIS,EFFECTIVE_CONTINUATION,BUY_EFFECTIVE,900,600,9,3,100.0,0.0,15.135944236666665,15.32256698
NEW_05M,ANALYSIS,EFFECTIVE_CONTINUATION,BUY_EFFECTIVE,900,600,10,5,0.0,0.0,-12.630003344,-10.6522628
NEW_05M,ANALYSIS,EFFECTIVE_CONTINUATION,BUY_EFFECTIVE,900,600,12,1,100.0,0.0,13.56415385,13.56415385
NEW_05M,ANALYSIS,EFFECTIVE_CONTINUATION,BUY_EFFECTIVE,900,600,18,5,100.0,0.0,5.25431603,4.39539813
NEW_05M,ANALYSIS,EFFECTIVE_CONTINUATION,BUY_EFFECTIVE,900,600,19,7,57.142857142857146,0.0,1.9465036257142856,2.78184114
NEW_05M,ANALYSIS,EFFECTIVE_CONTINUATION,BUY_EFFECTIVE,900,600,21,5,100.0,0.0,1.9695568599999997,1.12357797
NEW_05M,ANALYSIS,EFFECTIVE_CONTINUATION,BUY_EFFECTIVE,900,600,22,6,66.66666666666667,0.0,3.2733872133333333,2.860458575
NEW_05M,ANALYSIS,EFFECTIVE_CONTINUATION,BUY_EFFECTIVE,900,600,23,11,63.63636363636363,0.0,3.4053964881818186,2.04229579
NEW_05M,ANALYSIS,EFFECTIVE_CONTINUATION,BUY_EFFECTIVE,1800,60,3,7,28.571428571428573,14.285714285714286,-0.3508442757142857,-1.15664345
NEW_05M,ANALYSIS,EFFECTIVE_CONTINUATION,BUY_EFFECTIVE,1800,60,5,9,55.55555555555556,0.0,1.3013654833333335,0.35331889
NEW_05M,ANALYSIS,EFFECTIVE_CONTINUATION,BUY_EFFECTIVE,1800,60,7,1,0.0,0.0,-2.40850001,-2.40850001
NEW_05M,ANALYSIS,EFFECTIVE_CONTINUATION,BUY_EFFECTIVE,1800,60,18,5,60.0,0.0,0.137836868,0.01564749
NEW_05M,ANALYSIS,EFFECTIVE_CONTINUATION,BUY_EFFECTIVE,1800,60,20,1,0.0,0.0,-2.09204694,-2.09204694
NEW_05M,ANALYSIS,EFFECTIVE_CONTINUATION,BUY_EFFECTIVE,1800,60,22,7,28.571428571428573,42.857142857142854,-0.02459720714285715,0.0
NEW_05M,ANALYSIS,EFFECTIVE_CONTINUATION,BUY_EFFECTIVE,1800,60,23,3,33.333333333333336,0.0,-0.32716853333333334,-0.01558098
NEW_05M,ANALYSIS,EFFECTIVE_CONTINUATION,BUY_EFFECTIVE,1800,180,3,7,42.857142857142854,0.0,-1.8659789114285716,-2.63725688
NEW_05M,ANALYSIS,EFFECTIVE_CONTINUATION,BUY_EFFECTIVE,1800,180,5,9,33.333333333333336,11.11111111111111,1.246085952222222,-0.87558545
NEW_05M,ANALYSIS,EFFECTIVE_CONTINUATION,BUY_EFFECTIVE,1800,180,18,5,40.0,0.0,0.29738723400000006,-0.53196566
NEW_05M,ANALYSIS,EFFECTIVE_CONTINUATION,BUY_EFFECTIVE,1800,180,20,1,100.0,0.0,0.6713285,0.6713285
NEW_05M,ANALYSIS,EFFECTIVE_CONTINUATION,BUY_EFFECTIVE,1800,180,22,7,42.857142857142854,0.0,-1.0720235228571426,-0.31203049
NEW_05M,ANALYSIS,EFFECTIVE_CONTINUATION,BUY_EFFECTIVE,1800,180,23,3,0.0,0.0,-3.24593804,-3.3031737
NEW_05M,ANALYSIS,EFFECTIVE_CONTINUATION,BUY_EFFECTIVE,1800,300,3,7,28.571428571428573,0.0,-4.0474714828571425,-5.65248111
NEW_05M,ANALYSIS,EFFECTIVE_CONTINUATION,BUY_EFFECTIVE,1800,300,5,9,88.88888888888889,0.0,2.756517744444445,1.70508746
NEW_05M,ANALYSIS,EFFECTIVE_CONTINUATION,BUY_EFFECTIVE,1800,300,18,5,60.0,0.0,0.21606753800000006,0.28165488
NEW_05M,ANALYSIS,EFFECTIVE_CONTINUATION,BUY_EFFECTIVE,1800,300,20,1,0.0,0.0,-2.62286482,-2.62286482
NEW_05M,ANALYSIS,EFFECTIVE_CONTINUATION,BUY_EFFECTIVE,1800,300,22,7,28.571428571428573,0.0,-0.8973058728571429,-0.78003972
NEW_05M,ANALYSIS,EFFECTIVE_CONTINUATION,BUY_EFFECTIVE,1800,300,23,3,0.0,0.0,-4.575466,-4.54964725
NEW_05M,ANALYSIS,EFFECTIVE_CONTINUATION,BUY_EFFECTIVE,1800,600,3,7,28.571428571428573,0.0,-2.6286932199999997,-4.82725967
NEW_05M,ANALYSIS,EFFECTIVE_CONTINUATION,BUY_EFFECTIVE,1800,600,5,9,88.88888888888889,0.0,3.4176543188888884,3.0728905
NEW_05M,ANALYSIS,EFFECTIVE_CONTINUATION,BUY_EFFECTIVE,1800,600,18,5,60.0,0.0,1.0298060679999999,1.75251925
NEW_05M,ANALYSIS,EFFECTIVE_CONTINUATION,BUY_EFFECTIVE,1800,600,20,1,0.0,0.0,-3.62205142,-3.62205142
NEW_05M,ANALYSIS,EFFECTIVE_CONTINUATION,BUY_EFFECTIVE,1800,600,22,7,42.857142857142854,0.0,-2.359426755714286,-0.54605336
NEW_05M,ANALYSIS,EFFECTIVE_CONTINUATION,BUY_EFFECTIVE,1800,600,23,1,0.0,0.0,-0.18695345,-0.18695345
NEW_05M,ANALYSIS,EFFECTIVE_CONTINUATION,SELL_EFFECTIVE,30,60,0,59,61.016949152542374,0.0,0.9277667935593222,0.67189915
NEW_05M,ANALYSIS,EFFECTIVE_CONTINUATION,SELL_EFFECTIVE,30,60,1,63,63.492063492063494,1.5873015873015872,0.554375832063492,0.78136476
NEW_05M,ANALYSIS,EFFECTIVE_CONTINUATION,SELL_EFFECTIVE,30,60,2,61,47.540983606557376,1.639344262295082,-0.16309802360655737,-0.03089772
NEW_05M,ANALYSIS,EFFECTIVE_CONTINUATION,SELL_EFFECTIVE,30,60,3,48,52.083333333333336,0.0,-0.16185358750000006,0.015557695
NEW_05M,ANALYSIS,EFFECTIVE_CONTINUATION,SELL_EFFECTIVE,30,60,4,38,50.0,2.6315789473684212,0.49665548789473685,0.14033293
NEW_05M,ANALYSIS,EFFECTIVE_CONTINUATION,SELL_EFFECTIVE,30,60,5,32,56.25,0.0,0.5107133837500001,0.42468794
NEW_05M,ANALYSIS,EFFECTIVE_CONTINUATION,SELL_EFFECTIVE,30,60,6,46,58.69565217391305,4.3478260869565215,0.3231166734782612,0.10085704000000001
NEW_05M,ANALYSIS,EFFECTIVE_CONTINUATION,SELL_EFFECTIVE,30,60,7,27,59.25925925925926,3.7037037037037037,0.8337002340740739,0.90414504
NEW_05M,ANALYSIS,EFFECTIVE_CONTINUATION,SELL_EFFECTIVE,30,60,8,31,51.61290322580645,0.0,-0.15782419451612903,0.10915839
NEW_05M,ANALYSIS,EFFECTIVE_CONTINUATION,SELL_EFFECTIVE,30,60,9,55,56.36363636363637,0.0,0.8495306469090907,0.21556602
NEW_05M,ANALYSIS,EFFECTIVE_CONTINUATION,SELL_EFFECTIVE,30,60,10,45,46.666666666666664,0.0,-0.20370675088888884,-0.17161784
NEW_05M,ANALYSIS,EFFECTIVE_CONTINUATION,SELL_EFFECTIVE,30,60,11,39,61.53846153846154,5.128205128205129,1.2350441423076923,0.85922598
NEW_05M,ANALYSIS,EFFECTIVE_CONTINUATION,SELL_EFFECTIVE,30,60,12,33,48.484848484848484,0.0,-0.66126906030303,-0.5512561
NEW_05M,ANALYSIS,EFFECTIVE_CONTINUATION,SELL_EFFECTIVE,30,60,13,34,58.8235294117647,2.9411764705882355,0.010691512058823497,0.03839947
NEW_05M,ANALYSIS,EFFECTIVE_CONTINUATION,SELL_EFFECTIVE,30,60,14,8,62.5,12.5,0.8244863199999999,0.7185487850000001
NEW_05M,ANALYSIS,EFFECTIVE_CONTINUATION,SELL_EFFECTIVE,30,60,15,11,45.45454545454545,0.0,-0.01972862636363631,-0.01562969
NEW_05M,ANALYSIS,EFFECTIVE_CONTINUATION,SELL_EFFECTIVE,30,60,16,3,100.0,0.0,0.7189583133333333,0.37510902
NEW_05M,ANALYSIS,EFFECTIVE_CONTINUATION,SELL_EFFECTIVE,30,60,17,13,38.46153846153846,0.0,-0.513789366923077,-2.25783185
NEW_05M,ANALYSIS,EFFECTIVE_CONTINUATION,SELL_EFFECTIVE,30,60,18,7,71.42857142857143,14.285714285714286,0.29582846428571435,0.53287109
NEW_05M,ANALYSIS,EFFECTIVE_CONTINUATION,SELL_EFFECTIVE,30,60,19,4,25.0,0.0,-0.8557400825,-0.281267655
NEW_05M,ANALYSIS,EFFECTIVE_CONTINUATION,SELL_EFFECTIVE,30,60,20,8,37.5,0.0,-0.80562879125,-1.35115032
NEW_05M,ANALYSIS,EFFECTIVE_CONTINUATION,SELL_EFFECTIVE,30,60,21,39,46.15384615384615,0.0,-0.20826373538461537,-0.0617163
NEW_05M,ANALYSIS,EFFECTIVE_CONTINUATION,SELL_EFFECTIVE,30,60,22,61,50.81967213114754,1.639344262295082,0.9165193304918035,0.32601052
NEW_05M,ANALYSIS,EFFECTIVE_CONTINUATION,SELL_EFFECTIVE,30,60,23,41,65.85365853658537,2.4390243902439024,1.692823468048781,0.95656265
NEW_05M,ANALYSIS,EFFECTIVE_CONTINUATION,SELL_EFFECTIVE,30,180,0,58,65.51724137931035,0.0,2.557255324482758,2.24428532
NEW_05M,ANALYSIS,EFFECTIVE_CONTINUATION,SELL_EFFECTIVE,30,180,1,63,58.73015873015873,0.0,0.4148985457142857,0.65736958
NEW_05M,ANALYSIS,EFFECTIVE_CONTINUATION,SELL_EFFECTIVE,30,180,2,60,43.333333333333336,0.0,-0.3043116825000001,-0.85742837
NEW_05M,ANALYSIS,EFFECTIVE_CONTINUATION,SELL_EFFECTIVE,30,180,3,46,52.17391304347826,0.0,-0.6914969819565219,0.27919789500000003
NEW_05M,ANALYSIS,EFFECTIVE_CONTINUATION,SELL_EFFECTIVE,30,180,4,31,58.064516129032256,0.0,0.9812310106451614,0.76349199
NEW_05M,ANALYSIS,EFFECTIVE_CONTINUATION,SELL_EFFECTIVE,30,180,5,32,62.5,0.0,0.8949027043749999,1.05036133
NEW_05M,ANALYSIS,EFFECTIVE_CONTINUATION,SELL_EFFECTIVE,30,180,6,46,54.34782608695652,0.0,0.824474146521739,0.9028959599999999
NEW_05M,ANALYSIS,EFFECTIVE_CONTINUATION,SELL_EFFECTIVE,30,180,7,26,65.38461538461539,0.0,0.10976276961538461,0.553320465
NEW_05M,ANALYSIS,EFFECTIVE_CONTINUATION,SELL_EFFECTIVE,30,180,8,31,41.935483870967744,0.0,-0.6972736951612903,-0.78299278
NEW_05M,ANALYSIS,EFFECTIVE_CONTINUATION,SELL_EFFECTIVE,30,180,9,55,63.63636363636363,0.0,2.352407991272727,2.61976163
NEW_05M,ANALYSIS,EFFECTIVE_CONTINUATION,SELL_EFFECTIVE,30,180,10,45,51.111111111111114,0.0,-0.20608239399999995,0.35899749
NEW_05M,ANALYSIS,EFFECTIVE_CONTINUATION,SELL_EFFECTIVE,30,180,11,39,61.53846153846154,0.0,2.1907289020512817,1.48307962
NEW_05M,ANALYSIS,EFFECTIVE_CONTINUATION,SELL_EFFECTIVE,30,180,12,30,33.333333333333336,0.0,-2.9323924703333333,-1.820819455
NEW_05M,ANALYSIS,EFFECTIVE_CONTINUATION,SELL_EFFECTIVE,30,180,13,31,45.16129032258065,0.0,-0.6352489125806452,-0.33640327
NEW_05M,ANALYSIS,EFFECTIVE_CONTINUATION,SELL_EFFECTIVE,30,180,14,8,62.5,12.5,2.30523199375,0.483605615
NEW_05M,ANALYSIS,EFFECTIVE_CONTINUATION,SELL_EFFECTIVE,30,180,15,11,63.63636363636363,0.0,-0.01674147909090905,0.50044258
NEW_05M,ANALYSIS,EFFECTIVE_CONTINUATION,SELL_EFFECTIVE,30,180,16,3,100.0,0.0,2.1206612166666665,0.60955215
NEW_05M,ANALYSIS,EFFECTIVE_CONTINUATION,SELL_EFFECTIVE,30,180,17,13,46.15384615384615,0.0,-0.6589733646153847,-0.3442998
NEW_05M,ANALYSIS,EFFECTIVE_CONTINUATION,SELL_EFFECTIVE,30,180,18,7,42.857142857142854,0.0,0.23511720285714302,-1.28335551
NEW_05M,ANALYSIS,EFFECTIVE_CONTINUATION,SELL_EFFECTIVE,30,180,19,4,25.0,0.0,-0.6760054375,-0.13283350500000002
NEW_05M,ANALYSIS,EFFECTIVE_CONTINUATION,SELL_EFFECTIVE,30,180,20,8,37.5,0.0,-1.2483017575,-1.835142595
NEW_05M,ANALYSIS,EFFECTIVE_CONTINUATION,SELL_EFFECTIVE,30,180,21,35,51.42857142857143,0.0,0.15319874457142854,0.24609365
NEW_05M,ANALYSIS,EFFECTIVE_CONTINUATION,SELL_EFFECTIVE,30,180,22,53,75.47169811320755,0.0,7.844742694150941,4.97550875
NEW_05M,ANALYSIS,EFFECTIVE_CONTINUATION,SELL_EFFECTIVE,30,180,23,41,56.09756097560975,0.0,3.776691553658538,2.38824049
NEW_05M,ANALYSIS,EFFECTIVE_CONTINUATION,SELL_EFFECTIVE,30,300,0,58,62.06896551724138,0.0,1.3606449889655166,3.2556198700000003
NEW_05M,ANALYSIS,EFFECTIVE_CONTINUATION,SELL_EFFECTIVE,30,300,1,60,75.0,0.0,1.8204533798333338,3.115417645
NEW_05M,ANALYSIS,EFFECTIVE_CONTINUATION,SELL_EFFECTIVE,30,300,2,59,35.59322033898305,0.0,-1.9472492072881349,-2.88822269
NEW_05M,ANALYSIS,EFFECTIVE_CONTINUATION,SELL_EFFECTIVE,30,300,3,44,36.36363636363637,0.0,-1.500292501590909,-1.36970402
NEW_05M,ANALYSIS,EFFECTIVE_CONTINUATION,SELL_EFFECTIVE,30,300,4,27,44.44444444444444,3.7037037037037037,-0.5689115948148147,-0.40179199
NEW_05M,ANALYSIS,EFFECTIVE_CONTINUATION,SELL_EFFECTIVE,30,300,5,32,59.375,0.0,0.4713190556250002,1.10498817
NEW_05M,ANALYSIS,EFFECTIVE_CONTINUATION,SELL_EFFECTIVE,30,300,6,46,65.21739130434783,0.0,2.064722912391304,1.97989825
NEW_05M,ANALYSIS,EFFECTIVE_CONTINUATION,SELL_EFFECTIVE,30,300,7,25,36.0,0.0,-1.007054506,-2.13399656
NEW_05M,ANALYSIS,EFFECTIVE_CONTINUATION,SELL_EFFECTIVE,30,300,8,31,45.16129032258065,0.0,0.006578819032257981,-0.29627597
NEW_05M,ANALYSIS,EFFECTIVE_CONTINUATION,SELL_EFFECTIVE,30,300,9,55,60.0,0.0,1.7164625054545453,2.1733568
NEW_05M,ANALYSIS,EFFECTIVE_CONTINUATION,SELL_EFFECTIVE,30,300,10,45,55.55555555555556,0.0,-0.25633490177777807,0.95325905
NEW_05M,ANALYSIS,EFFECTIVE_CONTINUATION,SELL_EFFECTIVE,30,300,11,39,53.84615384615385,0.0,1.3416416215384612,0.26143228
NEW_05M,ANALYSIS,EFFECTIVE_CONTINUATION,SELL_EFFECTIVE,30,300,12,28,28.571428571428573,0.0,-3.1359715439285716,-2.443072985
NEW_05M,ANALYSIS,EFFECTIVE_CONTINUATION,SELL_EFFECTIVE,30,300,13,25,80.0,0.0,1.2437156280000001,2.23290755
NEW_05M,ANALYSIS,EFFECTIVE_CONTINUATION,SELL_EFFECTIVE,30,300,14,8,50.0,0.0,2.5853785525,0.07024028000000004
NEW_05M,ANALYSIS,EFFECTIVE_CONTINUATION,SELL_EFFECTIVE,30,300,15,10,70.0,0.0,0.685913786,0.75834394
NEW_05M,ANALYSIS,EFFECTIVE_CONTINUATION,SELL_EFFECTIVE,30,300,16,3,33.333333333333336,0.0,0.7140127733333334,-1.56295423
NEW_05M,ANALYSIS,EFFECTIVE_CONTINUATION,SELL_EFFECTIVE,30,300,17,13,38.46153846153846,0.0,-1.382103406153846,-1.37715611
NEW_05M,ANALYSIS,EFFECTIVE_CONTINUATION,SELL_EFFECTIVE,30,300,18,7,42.857142857142854,0.0,-0.8455004628571429,-2.36325221
NEW_05M,ANALYSIS,EFFECTIVE_CONTINUATION,SELL_EFFECTIVE,30,300,19,4,0.0,0.0,-1.64521749,-1.5945295000000002
NEW_05M,ANALYSIS,EFFECTIVE_CONTINUATION,SELL_EFFECTIVE,30,300,20,8,50.0,0.0,-0.5642042650000001,0.22783543499999998
NEW_05M,ANALYSIS,EFFECTIVE_CONTINUATION,SELL_EFFECTIVE,30,300,21,33,69.6969696969697,0.0,4.2105002727272725,2.49228085
NEW_05M,ANALYSIS,EFFECTIVE_CONTINUATION,SELL_EFFECTIVE,30,300,22,48,83.33333333333333,0.0,16.093357306041664,12.88163708
NEW_05M,ANALYSIS,EFFECTIVE_CONTINUATION,SELL_EFFECTIVE,30,300,23,41,41.46341463414634,0.0,-0.5383612929268281,-2.82329012
NEW_05M,ANALYSIS,EFFECTIVE_CONTINUATION,SELL_EFFECTIVE,30,600,0,55,50.90909090909091,0.0,-3.2350753001818178,0.39075322
NEW_05M,ANALYSIS,EFFECTIVE_CONTINUATION,SELL_EFFECTIVE,30,600,1,60,68.33333333333333,0.0,2.708275898000001,5.813349295
NEW_05M,ANALYSIS,EFFECTIVE_CONTINUATION,SELL_EFFECTIVE,30,600,2,59,28.8135593220339,0.0,-3.424833579830509,-4.5854818
NEW_05M,ANALYSIS,EFFECTIVE_CONTINUATION,SELL_EFFECTIVE,30,600,3,40,20.0,2.5,-4.7973321237499995,-3.692804205
NEW_05M,ANALYSIS,EFFECTIVE_CONTINUATION,SELL_EFFECTIVE,30,600,4,27,55.55555555555556,0.0,0.7486900614814812,0.52806839
NEW_05M,ANALYSIS,EFFECTIVE_CONTINUATION,SELL_EFFECTIVE,30,600,5,31,61.29032258064516,0.0,1.579296777741935,0.70109402
NEW_05M,ANALYSIS,EFFECTIVE_CONTINUATION,SELL_EFFECTIVE,30,600,6,46,63.04347826086956,0.0,1.9809789319565214,0.67827143
NEW_05M,ANALYSIS,EFFECTIVE_CONTINUATION,SELL_EFFECTIVE,30,600,7,20,35.0,0.0,-2.6194279580000006,-2.8996073850000004
NEW_05M,ANALYSIS,EFFECTIVE_CONTINUATION,SELL_EFFECTIVE,30,600,8,31,58.064516129032256,0.0,1.7204708583870965,2.44043946
NEW_05M,ANALYSIS,EFFECTIVE_CONTINUATION,SELL_EFFECTIVE,30,600,9,55,60.0,0.0,1.355588994727272,3.20345974
NEW_05M,ANALYSIS,EFFECTIVE_CONTINUATION,SELL_EFFECTIVE,30,600,10,45,48.888888888888886,0.0,-0.9887321317777781,-0.29207134
NEW_05M,ANALYSIS,EFFECTIVE_CONTINUATION,SELL_EFFECTIVE,30,600,11,39,48.717948717948715,0.0,-3.0083142148717945,-1.062183
NEW_05M,ANALYSIS,EFFECTIVE_CONTINUATION,SELL_EFFECTIVE,30,600,12,22,18.181818181818183,0.0,-7.437158341818182,-4.682739835
NEW_05M,ANALYSIS,EFFECTIVE_CONTINUATION,SELL_EFFECTIVE,30,600,13,16,75.0,0.0,2.7590563506249994,4.75707268
NEW_05M,ANALYSIS,EFFECTIVE_CONTINUATION,SELL_EFFECTIVE,30,600,14,8,62.5,0.0,2.3039202787499997,1.769655825
NEW_05M,ANALYSIS,EFFECTIVE_CONTINUATION,SELL_EFFECTIVE,30,600,15,9,55.55555555555556,0.0,0.9339254222222224,0.54686646
NEW_05M,ANALYSIS,EFFECTIVE_CONTINUATION,SELL_EFFECTIVE,30,600,16,3,33.333333333333336,0.0,1.8812275700000003,-1.23472806
NEW_05M,ANALYSIS,EFFECTIVE_CONTINUATION,SELL_EFFECTIVE,30,600,17,13,46.15384615384615,0.0,0.6964712284615383,-0.61119905
NEW_05M,ANALYSIS,EFFECTIVE_CONTINUATION,SELL_EFFECTIVE,30,600,18,7,14.285714285714286,0.0,-4.563186152857142,-3.78746381
NEW_05M,ANALYSIS,EFFECTIVE_CONTINUATION,SELL_EFFECTIVE,30,600,19,4,0.0,0.0,-2.9505128725000005,-3.4936068899999997
NEW_05M,ANALYSIS,EFFECTIVE_CONTINUATION,SELL_EFFECTIVE,30,600,20,7,28.571428571428573,0.0,-0.8280718671428573,-1.17159309
NEW_05M,ANALYSIS,EFFECTIVE_CONTINUATION,SELL_EFFECTIVE,30,600,21,32,84.375,0.0,10.581761935000001,13.429229145
NEW_05M,ANALYSIS,EFFECTIVE_CONTINUATION,SELL_EFFECTIVE,30,600,22,44,86.36363636363636,0.0,18.639191662272733,16.46967342
NEW_05M,ANALYSIS,EFFECTIVE_CONTINUATION,SELL_EFFECTIVE,30,600,23,41,43.90243902439025,0.0,1.786731834390245,-4.1640349
NEW_05M,ANALYSIS,EFFECTIVE_CONTINUATION,SELL_EFFECTIVE,60,60,0,31,41.935483870967744,0.0,-0.17539359741935467,-1.30994152
NEW_05M,ANALYSIS,EFFECTIVE_CONTINUATION,SELL_EFFECTIVE,60,60,1,39,56.41025641025641,2.5641025641025643,0.2232891282051282,0.53172107
NEW_05M,ANALYSIS,EFFECTIVE_CONTINUATION,SELL_EFFECTIVE,60,60,2,38,34.21052631578947,0.0,-0.4989862807894737,-0.5688025050000001
NEW_05M,ANALYSIS,EFFECTIVE_CONTINUATION,SELL_EFFECTIVE,60,60,3,43,46.51162790697674,0.0,-0.5927546813953488,-0.53000118
NEW_05M,ANALYSIS,EFFECTIVE_CONTINUATION,SELL_EFFECTIVE,60,60,4,43,55.81395348837209,0.0,0.4916672109302325,0.12464632
NEW_05M,ANALYSIS,EFFECTIVE_CONTINUATION,SELL_EFFECTIVE,60,60,5,24,70.83333333333333,0.0,1.1326625516666666,1.035872825
NEW_05M,ANALYSIS,EFFECTIVE_CONTINUATION,SELL_EFFECTIVE,60,60,6,41,48.78048780487805,2.4390243902439024,-0.0062279699999998875,-0.0
NEW_05M,ANALYSIS,EFFECTIVE_CONTINUATION,SELL_EFFECTIVE,60,60,7,23,60.869565217391305,4.3478260869565215,1.214851832173913,0.51427904
NEW_05M,ANALYSIS,EFFECTIVE_CONTINUATION,SELL_EFFECTIVE,60,60,8,39,46.15384615384615,7.6923076923076925,0.04404502923076937,-0.0
NEW_05M,ANALYSIS,EFFECTIVE_CONTINUATION,SELL_EFFECTIVE,60,60,9,36,47.22222222222222,2.7777777777777777,0.5271883283333333,-0.007801775
NEW_05M,ANALYSIS,EFFECTIVE_CONTINUATION,SELL_EFFECTIVE,60,60,10,47,40.42553191489362,0.0,-0.7414116040425532,-0.99845163
NEW_05M,ANALYSIS,EFFECTIVE_CONTINUATION,SELL_EFFECTIVE,60,60,11,22,59.09090909090909,9.090909090909092,1.4198895927272728,0.577931725
NEW_05M,ANALYSIS,EFFECTIVE_CONTINUATION,SELL_EFFECTIVE,60,60,12,20,55.0,10.0,0.14018466350000022,0.194934545
NEW_05M,ANALYSIS,EFFECTIVE_CONTINUATION,SELL_EFFECTIVE,60,60,13,34,64.70588235294117,5.882352941176471,0.3975189385294117,0.5582301199999999
NEW_05M,ANALYSIS,EFFECTIVE_CONTINUATION,SELL_EFFECTIVE,60,60,14,10,50.0,20.0,1.073727736,0.28911626
NEW_05M,ANALYSIS,EFFECTIVE_CONTINUATION,SELL_EFFECTIVE,60,60,15,7,71.42857142857143,0.0,0.19881102142857146,0.89145796
NEW_05M,ANALYSIS,EFFECTIVE_CONTINUATION,SELL_EFFECTIVE,60,60,16,2,100.0,0.0,0.633058435,0.633058435
NEW_05M,ANALYSIS,EFFECTIVE_CONTINUATION,SELL_EFFECTIVE,60,60,17,19,42.10526315789474,0.0,-0.42182983105263167,-0.36025707
NEW_05M,ANALYSIS,EFFECTIVE_CONTINUATION,SELL_EFFECTIVE,60,60,18,12,50.0,0.0,0.5261164558333333,0.29700182999999997
NEW_05M,ANALYSIS,EFFECTIVE_CONTINUATION,SELL_EFFECTIVE,60,60,19,5,60.0,0.0,-0.16876455999999998,0.01563294
NEW_05M,ANALYSIS,EFFECTIVE_CONTINUATION,SELL_EFFECTIVE,60,60,20,7,42.857142857142854,0.0,-3.012311301428571,-1.70244934
NEW_05M,ANALYSIS,EFFECTIVE_CONTINUATION,SELL_EFFECTIVE,60,60,21,22,63.63636363636363,0.0,0.2901563618181819,0.84673553
NEW_05M,ANALYSIS,EFFECTIVE_CONTINUATION,SELL_EFFECTIVE,60,60,22,31,64.51612903225806,0.0,0.6695204412903225,0.21733764
NEW_05M,ANALYSIS,EFFECTIVE_CONTINUATION,SELL_EFFECTIVE,60,60,23,29,51.724137931034484,0.0,-0.3758733817241377,0.01559542
NEW_05M,ANALYSIS,EFFECTIVE_CONTINUATION,SELL_EFFECTIVE,60,180,0,30,53.333333333333336,0.0,0.449634272666667,0.771295145
NEW_05M,ANALYSIS,EFFECTIVE_CONTINUATION,SELL_EFFECTIVE,60,180,1,39,53.84615384615385,0.0,-0.19496559999999993,0.61009949
NEW_05M,ANALYSIS,EFFECTIVE_CONTINUATION,SELL_EFFECTIVE,60,180,2,38,34.21052631578947,2.6315789473684212,-0.7385444678947369,-1.588749905
NEW_05M,ANALYSIS,EFFECTIVE_CONTINUATION,SELL_EFFECTIVE,60,180,3,40,52.5,0.0,-1.3085700742500002,0.202712395
NEW_05M,ANALYSIS,EFFECTIVE_CONTINUATION,SELL_EFFECTIVE,60,180,4,37,40.54054054054054,0.0,-0.829495677837838,-0.82316926
NEW_05M,ANALYSIS,EFFECTIVE_CONTINUATION,SELL_EFFECTIVE,60,180,5,24,58.333333333333336,0.0,0.7593511849999999,0.708940685
NEW_05M,ANALYSIS,EFFECTIVE_CONTINUATION,SELL_EFFECTIVE,60,180,6,41,56.09756097560975,0.0,0.4796128331707316,0.43673299
NEW_05M,ANALYSIS,EFFECTIVE_CONTINUATION,SELL_EFFECTIVE,60,180,7,21,57.142857142857146,4.761904761904762,0.34543664619047626,0.56119347
NEW_05M,ANALYSIS,EFFECTIVE_CONTINUATION,SELL_EFFECTIVE,60,180,8,39,41.02564102564103,0.0,-0.4425738876923077,-0.73699322
NEW_05M,ANALYSIS,EFFECTIVE_CONTINUATION,SELL_EFFECTIVE,60,180,9,36,63.888888888888886,0.0,1.2366424694444444,1.74748858
NEW_05M,ANALYSIS,EFFECTIVE_CONTINUATION,SELL_EFFECTIVE,60,180,10,47,40.42553191489362,0.0,-1.652452217021276,-0.86090669
NEW_05M,ANALYSIS,EFFECTIVE_CONTINUATION,SELL_EFFECTIVE,60,180,11,22,68.18181818181819,0.0,2.9135257695454544,1.9199680399999999
NEW_05M,ANALYSIS,EFFECTIVE_CONTINUATION,SELL_EFFECTIVE,60,180,12,18,33.333333333333336,0.0,-2.7239362438888888,-0.82779761
NEW_05M,ANALYSIS,EFFECTIVE_CONTINUATION,SELL_EFFECTIVE,60,180,13,34,55.88235294117647,2.9411764705882355,0.23807406352941166,0.45121466
NEW_05M,ANALYSIS,EFFECTIVE_CONTINUATION,SELL_EFFECTIVE,60,180,14,10,80.0,0.0,2.6339980990000003,0.803101375
NEW_05M,ANALYSIS,EFFECTIVE_CONTINUATION,SELL_EFFECTIVE,60,180,15,7,57.142857142857146,0.0,-0.053820560000000094,0.5628201
NEW_05M,ANALYSIS,EFFECTIVE_CONTINUATION,SELL_EFFECTIVE,60,180,16,2,50.0,0.0,-0.39083532000000004,-0.39083532000000004
NEW_05M,ANALYSIS,EFFECTIVE_CONTINUATION,SELL_EFFECTIVE,60,180,17,19,52.63157894736842,0.0,0.927798891052632,0.06271824
NEW_05M,ANALYSIS,EFFECTIVE_CONTINUATION,SELL_EFFECTIVE,60,180,18,12,41.666666666666664,0.0,-0.12640920833333336,-1.2132638
NEW_05M,ANALYSIS,EFFECTIVE_CONTINUATION,SELL_EFFECTIVE,60,180,19,5,60.0,0.0,-0.906535936,0.31249902
NEW_05M,ANALYSIS,EFFECTIVE_CONTINUATION,SELL_EFFECTIVE,60,180,20,7,42.857142857142854,0.0,-1.6827263914285713,-0.78088152
NEW_05M,ANALYSIS,EFFECTIVE_CONTINUATION,SELL_EFFECTIVE,60,180,21,15,60.0,6.666666666666667,1.666182398,0.24646439
NEW_05M,ANALYSIS,EFFECTIVE_CONTINUATION,SELL_EFFECTIVE,60,180,22,29,79.3103448275862,0.0,6.573385157241382,5.39059201
NEW_05M,ANALYSIS,EFFECTIVE_CONTINUATION,SELL_EFFECTIVE,60,180,23,29,34.48275862068966,0.0,-2.9465813758620687,-2.66741541
NEW_05M,ANALYSIS,EFFECTIVE_CONTINUATION,SELL_EFFECTIVE,60,300,0,29,65.51724137931035,0.0,1.9657643944827587,2.86641866
NEW_05M,ANALYSIS,EFFECTIVE_CONTINUATION,SELL_EFFECTIVE,60,300,1,39,69.23076923076923,0.0,1.0816239520512818,3.10435468
NEW_05M,ANALYSIS,EFFECTIVE_CONTINUATION,SELL_EFFECTIVE,60,300,2,37,40.54054054054054,2.7027027027027026,-1.6462008040540541,-1.84056352
NEW_05M,ANALYSIS,EFFECTIVE_CONTINUATION,SELL_EFFECTIVE,60,300,3,39,38.46153846153846,0.0,-2.464350695897436,-1.20058876
NEW_05M,ANALYSIS,EFFECTIVE_CONTINUATION,SELL_EFFECTIVE,60,300,4,35,25.714285714285715,2.857142857142857,-3.5660911717142856,-3.05970462
NEW_05M,ANALYSIS,EFFECTIVE_CONTINUATION,SELL_EFFECTIVE,60,300,5,24,50.0,0.0,0.4539835204166667,0.228827945
NEW_05M,ANALYSIS,EFFECTIVE_CONTINUATION,SELL_EFFECTIVE,60,300,6,41,60.97560975609756,0.0,1.1491066792682934,1.09155155
NEW_05M,ANALYSIS,EFFECTIVE_CONTINUATION,SELL_EFFECTIVE,60,300,7,19,31.57894736842105,0.0,-0.7535990910526319,-1.87153474
NEW_05M,ANALYSIS,EFFECTIVE_CONTINUATION,SELL_EFFECTIVE,60,300,8,39,51.282051282051285,0.0,1.0821782948717948,0.07674998
NEW_05M,ANALYSIS,EFFECTIVE_CONTINUATION,SELL_EFFECTIVE,60,300,9,36,58.333333333333336,2.7777777777777777,2.9757084244444423,1.629246825
NEW_05M,ANALYSIS,EFFECTIVE_CONTINUATION,SELL_EFFECTIVE,60,300,10,47,44.680851063829785,0.0,-1.8868527946808518,-0.79935068
NEW_05M,ANALYSIS,EFFECTIVE_CONTINUATION,SELL_EFFECTIVE,60,300,11,22,68.18181818181819,0.0,3.909121238636364,3.613040975
NEW_05M,ANALYSIS,EFFECTIVE_CONTINUATION,SELL_EFFECTIVE,60,300,12,18,27.77777777777778,0.0,-2.791199005555556,-2.5141028050000003
NEW_05M,ANALYSIS,EFFECTIVE_CONTINUATION,SELL_EFFECTIVE,60,300,13,30,83.33333333333333,0.0,1.9572113623333345,2.531055735
NEW_05M,ANALYSIS,EFFECTIVE_CONTINUATION,SELL_EFFECTIVE,60,300,14,10,70.0,0.0,2.7410297110000004,0.803805825
NEW_05M,ANALYSIS,EFFECTIVE_CONTINUATION,SELL_EFFECTIVE,60,300,15,6,83.33333333333333,0.0,0.14248601166666652,0.836367705
NEW_05M,ANALYSIS,EFFECTIVE_CONTINUATION,SELL_EFFECTIVE,60,300,16,2,0.0,0.0,-2.57912454,-2.57912454
NEW_05M,ANALYSIS,EFFECTIVE_CONTINUATION,SELL_EFFECTIVE,60,300,17,19,47.36842105263158,0.0,1.198080655789474,-0.39119896
NEW_05M,ANALYSIS,EFFECTIVE_CONTINUATION,SELL_EFFECTIVE,60,300,18,12,33.333333333333336,0.0,-2.2649535916666665,-3.831367425
NEW_05M,ANALYSIS,EFFECTIVE_CONTINUATION,SELL_EFFECTIVE,60,300,19,5,20.0,0.0,-2.213339298,-1.35998699
NEW_05M,ANALYSIS,EFFECTIVE_CONTINUATION,SELL_EFFECTIVE,60,300,20,7,42.857142857142854,0.0,-0.6045681285714286,-0.01561824
NEW_05M,ANALYSIS,EFFECTIVE_CONTINUATION,SELL_EFFECTIVE,60,300,21,15,60.0,0.0,4.1121215100000015,2.10801337
NEW_05M,ANALYSIS,EFFECTIVE_CONTINUATION,SELL_EFFECTIVE,60,300,22,28,78.57142857142857,0.0,15.415433800357144,9.34878152
NEW_05M,ANALYSIS,EFFECTIVE_CONTINUATION,SELL_EFFECTIVE,60,300,23,29,24.137931034482758,0.0,-4.799579313793105,-4.92853622
NEW_05M,ANALYSIS,EFFECTIVE_CONTINUATION,SELL_EFFECTIVE,60,600,0,26,26.923076923076923,0.0,-6.653536517692307,-4.44803538
NEW_05M,ANALYSIS,EFFECTIVE_CONTINUATION,SELL_EFFECTIVE,60,600,1,39,56.41025641025641,0.0,0.39992302923076944,0.99715033
NEW_05M,ANALYSIS,EFFECTIVE_CONTINUATION,SELL_EFFECTIVE,60,600,2,37,32.432432432432435,0.0,-2.821821503783783,-4.46105377
NEW_05M,ANALYSIS,EFFECTIVE_CONTINUATION,SELL_EFFECTIVE,60,600,3,35,22.857142857142858,0.0,-6.2323086748571415,-5.16046895
NEW_05M,ANALYSIS,EFFECTIVE_CONTINUATION,SELL_EFFECTIVE,60,600,4,35,42.857142857142854,0.0,-1.3204577217142854,-2.12809253
NEW_05M,ANALYSIS,EFFECTIVE_CONTINUATION,SELL_EFFECTIVE,60,600,5,23,69.56521739130434,0.0,1.0692178369565215,2.18130713
NEW_05M,ANALYSIS,EFFECTIVE_CONTINUATION,SELL_EFFECTIVE,60,600,6,41,65.85365853658537,0.0,1.103916414634147,1.55914297
NEW_05M,ANALYSIS,EFFECTIVE_CONTINUATION,SELL_EFFECTIVE,60,600,7,19,31.57894736842105,0.0,-3.011267617368422,-3.11655613
NEW_05M,ANALYSIS,EFFECTIVE_CONTINUATION,SELL_EFFECTIVE,60,600,8,39,58.97435897435897,0.0,2.3947846171794867,2.76579268
NEW_05M,ANALYSIS,EFFECTIVE_CONTINUATION,SELL_EFFECTIVE,60,600,9,36,72.22222222222223,2.7777777777777777,4.545858189166668,3.74478343
NEW_05M,ANALYSIS,EFFECTIVE_CONTINUATION,SELL_EFFECTIVE,60,600,10,47,40.42553191489362,0.0,-2.3615978593617015,-1.32127795
NEW_05M,ANALYSIS,EFFECTIVE_CONTINUATION,SELL_EFFECTIVE,60,600,11,22,59.09090909090909,0.0,0.6148152068181816,1.02728148
NEW_05M,ANALYSIS,EFFECTIVE_CONTINUATION,SELL_EFFECTIVE,60,600,12,16,12.5,0.0,-8.486346536249998,-6.5490060450000005
NEW_05M,ANALYSIS,EFFECTIVE_CONTINUATION,SELL_EFFECTIVE,60,600,13,22,77.27272727272727,0.0,2.288416371363636,5.689011785
NEW_05M,ANALYSIS,EFFECTIVE_CONTINUATION,SELL_EFFECTIVE,60,600,14,10,80.0,0.0,3.0922631460000005,1.280340605
NEW_05M,ANALYSIS,EFFECTIVE_CONTINUATION,SELL_EFFECTIVE,60,600,15,6,50.0,0.0,0.658348355,0.31242277499999993
NEW_05M,ANALYSIS,EFFECTIVE_CONTINUATION,SELL_EFFECTIVE,60,600,16,2,0.0,0.0,-3.634113215,-3.634113215
NEW_05M,ANALYSIS,EFFECTIVE_CONTINUATION,SELL_EFFECTIVE,60,600,17,19,42.10526315789474,0.0,0.7333881257894739,-4.41155075
NEW_05M,ANALYSIS,EFFECTIVE_CONTINUATION,SELL_EFFECTIVE,60,600,18,12,8.333333333333334,0.0,-6.0761442316666665,-6.1240642
NEW_05M,ANALYSIS,EFFECTIVE_CONTINUATION,SELL_EFFECTIVE,60,600,19,5,20.0,0.0,-4.392332964,-3.95490471
NEW_05M,ANALYSIS,EFFECTIVE_CONTINUATION,SELL_EFFECTIVE,60,600,20,5,40.0,0.0,-0.4500184300000001,-1.78040987
NEW_05M,ANALYSIS,EFFECTIVE_CONTINUATION,SELL_EFFECTIVE,60,600,21,15,93.33333333333333,0.0,12.344028024000002,12.4849903
NEW_05M,ANALYSIS,EFFECTIVE_CONTINUATION,SELL_EFFECTIVE,60,600,22,28,75.0,0.0,17.522052334285714,13.1474643
NEW_05M,ANALYSIS,EFFECTIVE_CONTINUATION,SELL_EFFECTIVE,60,600,23,29,20.689655172413794,0.0,-3.0757476506896535,-4.52461155
NEW_05M,ANALYSIS,EFFECTIVE_CONTINUATION,SELL_EFFECTIVE,180,60,0,19,36.8421052631579,10.526315789473685,-1.339492152105263,-0.01558808
NEW_05M,ANALYSIS,EFFECTIVE_CONTINUATION,SELL_EFFECTIVE,180,60,1,26,61.53846153846154,0.0,0.39303023346153854,0.42959632999999997
NEW_05M,ANALYSIS,EFFECTIVE_CONTINUATION,SELL_EFFECTIVE,180,60,2,14,50.0,0.0,0.035070524999999755,-0.202504195
NEW_05M,ANALYSIS,EFFECTIVE_CONTINUATION,SELL_EFFECTIVE,180,60,3,22,36.36363636363637,4.545454545454546,-1.002478731818182,-0.452328415
NEW_05M,ANALYSIS,EFFECTIVE_CONTINUATION,SELL_EFFECTIVE,180,60,4,21,47.61904761904762,4.761904761904762,-0.16020138809523804,-0.0
NEW_05M,ANALYSIS,EFFECTIVE_CONTINUATION,SELL_EFFECTIVE,180,60,5,13,69.23076923076923,0.0,1.2089366553846153,0.9661354
NEW_05M,ANALYSIS,EFFECTIVE_CONTINUATION,SELL_EFFECTIVE,180,60,6,27,51.851851851851855,18.51851851851852,0.09098499777777773,0.0155944
NEW_05M,ANALYSIS,EFFECTIVE_CONTINUATION,SELL_EFFECTIVE,180,60,7,16,43.75,6.25,0.976293790625,-0.031170225
NEW_05M,ANALYSIS,EFFECTIVE_CONTINUATION,SELL_EFFECTIVE,180,60,8,26,30.76923076923077,7.6923076923076925,-0.5634856399999999,-0.49553374
NEW_05M,ANALYSIS,EFFECTIVE_CONTINUATION,SELL_EFFECTIVE,180,60,9,18,55.55555555555556,5.555555555555555,0.08560272944444443,0.015595359999999999
NEW_05M,ANALYSIS,EFFECTIVE_CONTINUATION,SELL_EFFECTIVE,180,60,10,28,35.714285714285715,0.0,-0.8382979664285714,-1.038922335
NEW_05M,ANALYSIS,EFFECTIVE_CONTINUATION,SELL_EFFECTIVE,180,60,11,21,66.66666666666667,4.761904761904762,1.52461243952381,0.87484827
NEW_05M,ANALYSIS,EFFECTIVE_CONTINUATION,SELL_EFFECTIVE,180,60,12,15,40.0,20.0,-0.7756811466666667,-0.0
NEW_05M,ANALYSIS,EFFECTIVE_CONTINUATION,SELL_EFFECTIVE,180,60,13,29,75.86206896551724,0.0,0.6255686896551725,0.73339981
NEW_05M,ANALYSIS,EFFECTIVE_CONTINUATION,SELL_EFFECTIVE,180,60,14,6,50.0,0.0,1.2069139699999998,0.28132074
NEW_05M,ANALYSIS,EFFECTIVE_CONTINUATION,SELL_EFFECTIVE,180,60,15,7,14.285714285714286,28.571428571428573,-0.42221368285714284,-0.01563546
NEW_05M,ANALYSIS,EFFECTIVE_CONTINUATION,SELL_EFFECTIVE,180,60,16,3,33.333333333333336,33.333333333333336,-0.4846145933333333,-0.0
NEW_05M,ANALYSIS,EFFECTIVE_CONTINUATION,SELL_EFFECTIVE,180,60,17,7,71.42857142857143,0.0,2.514797737142857,1.21995089
NEW_05M,ANALYSIS,EFFECTIVE_CONTINUATION,SELL_EFFECTIVE,180,60,18,2,100.0,0.0,2.264230175,2.264230175
NEW_05M,ANALYSIS,EFFECTIVE_CONTINUATION,SELL_EFFECTIVE,180,60,19,4,50.0,25.0,-0.22278049249999998,0.070343165
NEW_05M,ANALYSIS,EFFECTIVE_CONTINUATION,SELL_EFFECTIVE,180,60,20,3,33.333333333333336,33.333333333333336,-0.15090295333333334,-0.0
NEW_05M,ANALYSIS,EFFECTIVE_CONTINUATION,SELL_EFFECTIVE,180,60,21,19,36.8421052631579,5.2631578947368425,-0.8876200252631581,-0.90605039
NEW_05M,ANALYSIS,EFFECTIVE_CONTINUATION,SELL_EFFECTIVE,180,60,22,3,66.66666666666667,0.0,0.9819222233333332,1.2777422
NEW_05M,ANALYSIS,EFFECTIVE_CONTINUATION,SELL_EFFECTIVE,180,60,23,8,62.5,0.0,0.13034095625000006,0.374376845
NEW_05M,ANALYSIS,EFFECTIVE_CONTINUATION,SELL_EFFECTIVE,180,180,0,17,64.70588235294117,0.0,-0.782383758235294,0.654437
NEW_05M,ANALYSIS,EFFECTIVE_CONTINUATION,SELL_EFFECTIVE,180,180,1,26,76.92307692307692,0.0,1.3062451907692307,2.7703204
NEW_05M,ANALYSIS,EFFECTIVE_CONTINUATION,SELL_EFFECTIVE,180,180,2,14,35.714285714285715,0.0,-1.8882441657142854,-3.22411214
NEW_05M,ANALYSIS,EFFECTIVE_CONTINUATION,SELL_EFFECTIVE,180,180,3,22,27.272727272727273,0.0,-1.8606381322727272,-1.87776151
NEW_05M,ANALYSIS,EFFECTIVE_CONTINUATION,SELL_EFFECTIVE,180,180,4,18,38.888888888888886,0.0,-1.1494526416666666,-0.68534646
NEW_05M,ANALYSIS,EFFECTIVE_CONTINUATION,SELL_EFFECTIVE,180,180,5,13,46.15384615384615,7.6923076923076925,-0.02348757384615369,-0.0
NEW_05M,ANALYSIS,EFFECTIVE_CONTINUATION,SELL_EFFECTIVE,180,180,6,27,51.851851851851855,0.0,0.18877201925925918,0.01559452
NEW_05M,ANALYSIS,EFFECTIVE_CONTINUATION,SELL_EFFECTIVE,180,180,7,12,41.666666666666664,0.0,-1.2349843474999997,-0.5300545
NEW_05M,ANALYSIS,EFFECTIVE_CONTINUATION,SELL_EFFECTIVE,180,180,8,26,30.76923076923077,7.6923076923076925,-1.034601341153846,-1.263219185
NEW_05M,ANALYSIS,EFFECTIVE_CONTINUATION,SELL_EFFECTIVE,180,180,9,18,61.111111111111114,0.0,0.23695781111111108,0.6768793850000001
NEW_05M,ANALYSIS,EFFECTIVE_CONTINUATION,SELL_EFFECTIVE,180,180,10,28,35.714285714285715,3.5714285714285716,-1.243421247142857,-1.001015545
NEW_05M,ANALYSIS,EFFECTIVE_CONTINUATION,SELL_EFFECTIVE,180,180,11,21,42.857142857142854,0.0,-0.3571623176190476,-0.92124165
NEW_05M,ANALYSIS,EFFECTIVE_CONTINUATION,SELL_EFFECTIVE,180,180,12,15,40.0,0.0,-0.7669318346666668,-1.01524428
NEW_05M,ANALYSIS,EFFECTIVE_CONTINUATION,SELL_EFFECTIVE,180,180,13,28,78.57142857142857,0.0,1.6898247967857147,0.9046562300000001
NEW_05M,ANALYSIS,EFFECTIVE_CONTINUATION,SELL_EFFECTIVE,180,180,14,6,50.0,16.666666666666668,1.4893819783333333,0.078114015
NEW_05M,ANALYSIS,EFFECTIVE_CONTINUATION,SELL_EFFECTIVE,180,180,15,7,42.857142857142854,14.285714285714286,-0.4204086928571429,-0.0
NEW_05M,ANALYSIS,EFFECTIVE_CONTINUATION,SELL_EFFECTIVE,180,180,16,3,0.0,0.0,-2.7094298366666667,-2.20376202
NEW_05M,ANALYSIS,EFFECTIVE_CONTINUATION,SELL_EFFECTIVE,180,180,17,7,100.0,0.0,4.159614331428572,1.87684752
NEW_05M,ANALYSIS,EFFECTIVE_CONTINUATION,SELL_EFFECTIVE,180,180,18,2,100.0,0.0,0.89315654,0.89315654
NEW_05M,ANALYSIS,EFFECTIVE_CONTINUATION,SELL_EFFECTIVE,180,180,19,4,75.0,0.0,-0.2775983999999999,0.62527621
NEW_05M,ANALYSIS,EFFECTIVE_CONTINUATION,SELL_EFFECTIVE,180,180,20,3,0.0,33.333333333333336,-0.072889,-0.01561941
NEW_05M,ANALYSIS,EFFECTIVE_CONTINUATION,SELL_EFFECTIVE,180,180,21,17,29.41176470588235,0.0,-1.3434413088235293,-2.68686607
NEW_05M,ANALYSIS,EFFECTIVE_CONTINUATION,SELL_EFFECTIVE,180,180,22,3,33.333333333333336,0.0,0.9813311466666667,-0.37453125
NEW_05M,ANALYSIS,EFFECTIVE_CONTINUATION,SELL_EFFECTIVE,180,180,23,8,12.5,0.0,-1.00284599625,-1.7313671300000002
NEW_05M,ANALYSIS,EFFECTIVE_CONTINUATION,SELL_EFFECTIVE,180,300,0,13,69.23076923076923,0.0,0.016171545384615592,3.83389569
NEW_05M,ANALYSIS,EFFECTIVE_CONTINUATION,SELL_EFFECTIVE,180,300,1,26,76.92307692307692,0.0,2.2719596219230764,3.791159145
NEW_05M,ANALYSIS,EFFECTIVE_CONTINUATION,SELL_EFFECTIVE,180,300,2,14,28.571428571428573,0.0,-5.315362035714285,-3.77456551
NEW_05M,ANALYSIS,EFFECTIVE_CONTINUATION,SELL_EFFECTIVE,180,300,3,22,36.36363636363637,0.0,-0.4615774427272727,-1.73133505
NEW_05M,ANALYSIS,EFFECTIVE_CONTINUATION,SELL_EFFECTIVE,180,300,4,18,11.11111111111111,0.0,-2.77680194,-1.958841285
NEW_05M,ANALYSIS,EFFECTIVE_CONTINUATION,SELL_EFFECTIVE,180,300,5,13,53.84615384615385,0.0,0.606206786923077,0.4818558
NEW_05M,ANALYSIS,EFFECTIVE_CONTINUATION,SELL_EFFECTIVE,180,300,6,27,62.96296296296296,0.0,1.2445740040740747,1.41837118
NEW_05M,ANALYSIS,EFFECTIVE_CONTINUATION,SELL_EFFECTIVE,180,300,7,12,25.0,0.0,-2.6851211691666665,-2.261430345
NEW_05M,ANALYSIS,EFFECTIVE_CONTINUATION,SELL_EFFECTIVE,180,300,8,26,34.61538461538461,3.8461538461538463,-0.2927983923076922,-0.14817327000000002
NEW_05M,ANALYSIS,EFFECTIVE_CONTINUATION,SELL_EFFECTIVE,180,300,9,18,66.66666666666667,0.0,1.2635621594444444,1.055976635
NEW_05M,ANALYSIS,EFFECTIVE_CONTINUATION,SELL_EFFECTIVE,180,300,10,28,46.42857142857143,0.0,-0.7265920660714286,-0.622341975
NEW_05M,ANALYSIS,EFFECTIVE_CONTINUATION,SELL_EFFECTIVE,180,300,11,20,50.0,0.0,-1.1271656785,-0.35150573500000004
NEW_05M,ANALYSIS,EFFECTIVE_CONTINUATION,SELL_EFFECTIVE,180,300,12,14,21.428571428571427,0.0,-1.682467255,-1.3749703549999999
NEW_05M,ANALYSIS,EFFECTIVE_CONTINUATION,SELL_EFFECTIVE,180,300,13,24,95.83333333333333,0.0,2.6823829829166663,2.1689770250000002
NEW_05M,ANALYSIS,EFFECTIVE_CONTINUATION,SELL_EFFECTIVE,180,300,14,6,33.333333333333336,0.0,2.2593746366666663,-0.17947166
NEW_05M,ANALYSIS,EFFECTIVE_CONTINUATION,SELL_EFFECTIVE,180,300,15,6,50.0,0.0,-0.8346574183333334,0.5081703399999999
NEW_05M,ANALYSIS,EFFECTIVE_CONTINUATION,SELL_EFFECTIVE,180,300,16,3,0.0,0.0,-3.3607647433333336,-2.46971859
NEW_05M,ANALYSIS,EFFECTIVE_CONTINUATION,SELL_EFFECTIVE,180,300,17,7,57.142857142857146,0.0,6.571395974285714,4.47113228
NEW_05M,ANALYSIS,EFFECTIVE_CONTINUATION,SELL_EFFECTIVE,180,300,18,2,0.0,0.0,-0.01566941,-0.01566941
NEW_05M,ANALYSIS,EFFECTIVE_CONTINUATION,SELL_EFFECTIVE,180,300,19,4,25.0,0.0,-0.8406287849999999,-1.12550021
NEW_05M,ANALYSIS,EFFECTIVE_CONTINUATION,SELL_EFFECTIVE,180,300,20,3,33.333333333333336,0.0,-1.1402157299999998,-0.53104754
NEW_05M,ANALYSIS,EFFECTIVE_CONTINUATION,SELL_EFFECTIVE,180,300,21,17,23.529411764705884,0.0,-0.2656282770588232,-3.15577663
NEW_05M,ANALYSIS,EFFECTIVE_CONTINUATION,SELL_EFFECTIVE,180,300,22,3,66.66666666666667,0.0,4.1293154366666665,5.62919071
NEW_05M,ANALYSIS,EFFECTIVE_CONTINUATION,SELL_EFFECTIVE,180,300,23,8,37.5,0.0,-0.9386588812500001,-2.4803558399999996
NEW_05M,ANALYSIS,EFFECTIVE_CONTINUATION,SELL_EFFECTIVE,180,600,0,10,60.0,0.0,5.158860603,9.488600385
NEW_05M,ANALYSIS,EFFECTIVE_CONTINUATION,SELL_EFFECTIVE,180,600,1,26,69.23076923076923,0.0,2.4878708803846146,3.16498408
NEW_05M,ANALYSIS,EFFECTIVE_CONTINUATION,SELL_EFFECTIVE,180,600,2,14,35.714285714285715,0.0,-7.8130177171428565,-14.42233371
NEW_05M,ANALYSIS,EFFECTIVE_CONTINUATION,SELL_EFFECTIVE,180,600,3,12,0.0,0.0,-6.721911544166667,-7.875965535
NEW_05M,ANALYSIS,EFFECTIVE_CONTINUATION,SELL_EFFECTIVE,180,600,4,18,44.44444444444444,0.0,-0.7679852638888891,-0.33405759
NEW_05M,ANALYSIS,EFFECTIVE_CONTINUATION,SELL_EFFECTIVE,180,600,5,12,50.0,0.0,0.7415062683333334,-0.21798613
NEW_05M,ANALYSIS,EFFECTIVE_CONTINUATION,SELL_EFFECTIVE,180,600,6,27,55.55555555555556,0.0,0.7007407666666666,0.77998496
NEW_05M,ANALYSIS,EFFECTIVE_CONTINUATION,SELL_EFFECTIVE,180,600,7,12,25.0,0.0,-3.2789947491666673,-1.88702557
NEW_05M,ANALYSIS,EFFECTIVE_CONTINUATION,SELL_EFFECTIVE,180,600,8,26,34.61538461538461,0.0,-0.8996305834615382,-2.2223898899999996
NEW_05M,ANALYSIS,EFFECTIVE_CONTINUATION,SELL_EFFECTIVE,180,600,9,18,77.77777777777777,0.0,1.4322107694444444,2.92926688
NEW_05M,ANALYSIS,EFFECTIVE_CONTINUATION,SELL_EFFECTIVE,180,600,10,28,35.714285714285715,0.0,-2.2062090435714286,-1.456628435
NEW_05M,ANALYSIS,EFFECTIVE_CONTINUATION,SELL_EFFECTIVE,180,600,11,18,27.77777777777778,0.0,-2.6618679255555566,-1.522103545
NEW_05M,ANALYSIS,EFFECTIVE_CONTINUATION,SELL_EFFECTIVE,180,600,12,11,0.0,0.0,-6.782216420909091,-5.81032113
NEW_05M,ANALYSIS,EFFECTIVE_CONTINUATION,SELL_EFFECTIVE,180,600,13,18,88.88888888888889,0.0,2.514079494444445,1.989244445
NEW_05M,ANALYSIS,EFFECTIVE_CONTINUATION,SELL_EFFECTIVE,180,600,14,6,66.66666666666667,0.0,1.8469656599999997,0.671791735
NEW_05M,ANALYSIS,EFFECTIVE_CONTINUATION,SELL_EFFECTIVE,180,600,15,6,33.333333333333336,0.0,-1.1108499016666666,-2.54918025
NEW_05M,ANALYSIS,EFFECTIVE_CONTINUATION,SELL_EFFECTIVE,180,600,16,3,0.0,0.0,-2.6573596533333337,-2.89175911
NEW_05M,ANALYSIS,EFFECTIVE_CONTINUATION,SELL_EFFECTIVE,180,600,17,7,71.42857142857143,0.0,6.8671218242857135,9.27056447
NEW_05M,ANALYSIS,EFFECTIVE_CONTINUATION,SELL_EFFECTIVE,180,600,18,2,0.0,0.0,-4.78700567,-4.78700567
NEW_05M,ANALYSIS,EFFECTIVE_CONTINUATION,SELL_EFFECTIVE,180,600,19,4,25.0,0.0,-2.9193903949999997,-3.89234963
NEW_05M,ANALYSIS,EFFECTIVE_CONTINUATION,SELL_EFFECTIVE,180,600,20,3,33.333333333333336,0.0,-1.5465116066666666,-2.98323764
NEW_05M,ANALYSIS,EFFECTIVE_CONTINUATION,SELL_EFFECTIVE,180,600,21,17,70.58823529411765,5.882352941176471,2.548771189411764,0.73421439
NEW_05M,ANALYSIS,EFFECTIVE_CONTINUATION,SELL_EFFECTIVE,180,600,22,3,66.66666666666667,0.0,3.130691603333334,0.54576641
NEW_05M,ANALYSIS,EFFECTIVE_CONTINUATION,SELL_EFFECTIVE,180,600,23,8,0.0,0.0,-4.258802017500001,-4.586285075
NEW_05M,ANALYSIS,EFFECTIVE_CONTINUATION,SELL_EFFECTIVE,300,60,0,5,80.0,0.0,-0.14070776799999998,0.49879277
NEW_05M,ANALYSIS,EFFECTIVE_CONTINUATION,SELL_EFFECTIVE,300,60,1,15,66.66666666666667,0.0,1.1427118560000005,0.79699081
NEW_05M,ANALYSIS,EFFECTIVE_CONTINUATION,SELL_EFFECTIVE,300,60,2,5,60.0,0.0,2.516466904,0.40485389
NEW_05M,ANALYSIS,EFFECTIVE_CONTINUATION,SELL_EFFECTIVE,300,60,3,9,55.55555555555556,11.11111111111111,0.12122625333333328,0.59266191
NEW_05M,ANALYSIS,EFFECTIVE_CONTINUATION,SELL_EFFECTIVE,300,60,4,21,42.857142857142854,0.0,-0.17940495999999997,-0.49862333
NEW_05M,ANALYSIS,EFFECTIVE_CONTINUATION,SELL_EFFECTIVE,300,60,5,11,72.72727272727273,0.0,-0.712364930909091,0.3272491
NEW_05M,ANALYSIS,EFFECTIVE_CONTINUATION,SELL_EFFECTIVE,300,60,6,36,47.22222222222222,11.11111111111111,-0.45017282749999993,-0.0
NEW_05M,ANALYSIS,EFFECTIVE_CONTINUATION,SELL_EFFECTIVE,300,60,7,10,0.0,20.0,-1.141629485,-0.998179355
NEW_05M,ANALYSIS,EFFECTIVE_CONTINUATION,SELL_EFFECTIVE,300,60,8,19,52.63157894736842,15.789473684210526,0.32576916263157907,0.30700509
NEW_05M,ANALYSIS,EFFECTIVE_CONTINUATION,SELL_EFFECTIVE,300,60,9,15,66.66666666666667,0.0,1.10867095,1.06052808
NEW_05M,ANALYSIS,EFFECTIVE_CONTINUATION,SELL_EFFECTIVE,300,60,10,26,46.15384615384615,0.0,-0.4175192830769231,-0.41359453
NEW_05M,ANALYSIS,EFFECTIVE_CONTINUATION,SELL_EFFECTIVE,300,60,11,15,60.0,6.666666666666667,1.0967607173333334,0.60907998
NEW_05M,ANALYSIS,EFFECTIVE_CONTINUATION,SELL_EFFECTIVE,300,60,12,4,100.0,0.0,2.7653576424999997,2.833334925
NEW_05M,ANALYSIS,EFFECTIVE_CONTINUATION,SELL_EFFECTIVE,300,60,13,18,55.55555555555556,0.0,0.06278224777777776,0.194324245
NEW_05M,ANALYSIS,EFFECTIVE_CONTINUATION,SELL_EFFECTIVE,300,60,14,14,21.428571428571427,28.571428571428573,-0.6127443735714287,-0.00779552
NEW_05M,ANALYSIS,EFFECTIVE_CONTINUATION,SELL_EFFECTIVE,300,60,15,7,71.42857142857143,0.0,0.7479071385714287,0.42226956
NEW_05M,ANALYSIS,EFFECTIVE_CONTINUATION,SELL_EFFECTIVE,300,60,16,4,25.0,0.0,-0.6955288325,-0.78933934
NEW_05M,ANALYSIS,EFFECTIVE_CONTINUATION,SELL_EFFECTIVE,300,60,17,6,83.33333333333333,0.0,0.34577800833333344,0.5083828450000001
NEW_05M,ANALYSIS,EFFECTIVE_CONTINUATION,SELL_EFFECTIVE,300,60,19,3,66.66666666666667,33.333333333333336,0.9116949766666665,0.14068633
NEW_05M,ANALYSIS,EFFECTIVE_CONTINUATION,SELL_EFFECTIVE,300,60,20,11,54.54545454545455,9.090909090909092,0.23563542454545452,0.51542849
NEW_05M,ANALYSIS,EFFECTIVE_CONTINUATION,SELL_EFFECTIVE,300,60,21,7,28.571428571428573,0.0,-0.40334389428571427,-0.9529895
NEW_05M,ANALYSIS,EFFECTIVE_CONTINUATION,SELL_EFFECTIVE,300,60,22,4,75.0,0.0,0.47113155500000004,0.803117275
NEW_05M,ANALYSIS,EFFECTIVE_CONTINUATION,SELL_EFFECTIVE,300,60,23,4,25.0,0.0,-5.526303169999999,-5.981615779999999
NEW_05M,ANALYSIS,EFFECTIVE_CONTINUATION,SELL_EFFECTIVE,300,180,0,5,40.0,0.0,-1.094670084,-1.32501742
NEW_05M,ANALYSIS,EFFECTIVE_CONTINUATION,SELL_EFFECTIVE,300,180,1,15,53.333333333333336,0.0,0.7379451839999998,0.39076787
NEW_05M,ANALYSIS,EFFECTIVE_CONTINUATION,SELL_EFFECTIVE,300,180,2,5,60.0,0.0,0.58210572,1.5580304
NEW_05M,ANALYSIS,EFFECTIVE_CONTINUATION,SELL_EFFECTIVE,300,180,3,9,44.44444444444444,0.0,-0.14314058777777783,-0.96332827
NEW_05M,ANALYSIS,EFFECTIVE_CONTINUATION,SELL_EFFECTIVE,300,180,4,18,0.0,0.0,-2.9513400794444453,-2.260023115
NEW_05M,ANALYSIS,EFFECTIVE_CONTINUATION,SELL_EFFECTIVE,300,180,5,11,36.36363636363637,0.0,-1.0090453227272727,-1.18432822
NEW_05M,ANALYSIS,EFFECTIVE_CONTINUATION,SELL_EFFECTIVE,300,180,6,36,52.77777777777778,0.0,-0.3242079511111111,0.47576876
NEW_05M,ANALYSIS,EFFECTIVE_CONTINUATION,SELL_EFFECTIVE,300,180,7,10,20.0,0.0,-3.45878526,-4.6836969
NEW_05M,ANALYSIS,EFFECTIVE_CONTINUATION,SELL_EFFECTIVE,300,180,8,19,31.57894736842105,10.526315789473685,-1.0091222489473686,-1.57534845
NEW_05M,ANALYSIS,EFFECTIVE_CONTINUATION,SELL_EFFECTIVE,300,180,9,15,66.66666666666667,0.0,0.515433924,1.06052808
NEW_05M,ANALYSIS,EFFECTIVE_CONTINUATION,SELL_EFFECTIVE,300,180,10,26,38.46153846153846,0.0,-0.14769737153846166,-1.368015435
NEW_05M,ANALYSIS,EFFECTIVE_CONTINUATION,SELL_EFFECTIVE,300,180,11,15,66.66666666666667,0.0,1.253765677333333,1.95083586
NEW_05M,ANALYSIS,EFFECTIVE_CONTINUATION,SELL_EFFECTIVE,300,180,12,4,50.0,0.0,-0.740856435,0.32917405
NEW_05M,ANALYSIS,EFFECTIVE_CONTINUATION,SELL_EFFECTIVE,300,180,13,15,73.33333333333333,0.0,0.8487581606666669,2.35557568
NEW_05M,ANALYSIS,EFFECTIVE_CONTINUATION,SELL_EFFECTIVE,300,180,14,14,21.428571428571427,0.0,0.7452130892857143,-0.241981195
NEW_05M,ANALYSIS,EFFECTIVE_CONTINUATION,SELL_EFFECTIVE,300,180,15,5,60.0,0.0,1.0941852979999998,2.65802756
NEW_05M,ANALYSIS,EFFECTIVE_CONTINUATION,SELL_EFFECTIVE,300,180,16,4,25.0,0.0,-1.3441821950000001,-1.6490027550000002
NEW_05M,ANALYSIS,EFFECTIVE_CONTINUATION,SELL_EFFECTIVE,300,180,17,6,16.666666666666668,0.0,-0.2274657683333333,-1.157541025
NEW_05M,ANALYSIS,EFFECTIVE_CONTINUATION,SELL_EFFECTIVE,300,180,19,3,100.0,0.0,1.6097506333333333,1.57830256
NEW_05M,ANALYSIS,EFFECTIVE_CONTINUATION,SELL_EFFECTIVE,300,180,20,11,45.45454545454545,0.0,-1.0777903272727274,-0.20304759
NEW_05M,ANALYSIS,EFFECTIVE_CONTINUATION,SELL_EFFECTIVE,300,180,21,7,57.142857142857146,0.0,0.6856250257142857,1.09334854
NEW_05M,ANALYSIS,EFFECTIVE_CONTINUATION,SELL_EFFECTIVE,300,180,22,4,50.0,0.0,1.713306365,2.11207589
NEW_05M,ANALYSIS,EFFECTIVE_CONTINUATION,SELL_EFFECTIVE,300,180,23,4,0.0,0.0,-1.4144467125,-1.4096704150000001
NEW_05M,ANALYSIS,EFFECTIVE_CONTINUATION,SELL_EFFECTIVE,300,300,0,4,50.0,0.0,-1.3061546474999999,-1.6294049449999999
NEW_05M,ANALYSIS,EFFECTIVE_CONTINUATION,SELL_EFFECTIVE,300,300,1,15,86.66666666666667,0.0,3.1929780800000005,3.62632588
NEW_05M,ANALYSIS,EFFECTIVE_CONTINUATION,SELL_EFFECTIVE,300,300,2,5,20.0,0.0,-4.888673043999999,-2.64659407
NEW_05M,ANALYSIS,EFFECTIVE_CONTINUATION,SELL_EFFECTIVE,300,300,3,9,22.22222222222222,0.0,-2.313213748888889,-0.97886734
NEW_05M,ANALYSIS,EFFECTIVE_CONTINUATION,SELL_EFFECTIVE,300,300,4,18,27.77777777777778,0.0,-3.771474600000001,-1.483383355
NEW_05M,ANALYSIS,EFFECTIVE_CONTINUATION,SELL_EFFECTIVE,300,300,5,11,36.36363636363637,0.0,-0.6221466436363637,-1.6050764
NEW_05M,ANALYSIS,EFFECTIVE_CONTINUATION,SELL_EFFECTIVE,300,300,6,36,58.333333333333336,0.0,0.10753991277777776,0.444515825
NEW_05M,ANALYSIS,EFFECTIVE_CONTINUATION,SELL_EFFECTIVE,300,300,7,10,20.0,0.0,-4.019418721999999,-5.950598514999999
NEW_05M,ANALYSIS,EFFECTIVE_CONTINUATION,SELL_EFFECTIVE,300,300,8,19,36.8421052631579,0.0,-0.680672152631579,-0.87515123
NEW_05M,ANALYSIS,EFFECTIVE_CONTINUATION,SELL_EFFECTIVE,300,300,9,15,66.66666666666667,0.0,-1.4075960446666664,0.37458152
NEW_05M,ANALYSIS,EFFECTIVE_CONTINUATION,SELL_EFFECTIVE,300,300,10,26,61.53846153846154,0.0,0.8028466580769233,1.8927673600000001
NEW_05M,ANALYSIS,EFFECTIVE_CONTINUATION,SELL_EFFECTIVE,300,300,11,14,71.42857142857143,0.0,1.8813989949999999,2.9272138300000003
NEW_05M,ANALYSIS,EFFECTIVE_CONTINUATION,SELL_EFFECTIVE,300,300,12,4,50.0,0.0,-0.72823401,-0.375284255
NEW_05M,ANALYSIS,EFFECTIVE_CONTINUATION,SELL_EFFECTIVE,300,300,13,15,73.33333333333333,0.0,1.323491857333333,3.22681283
NEW_05M,ANALYSIS,EFFECTIVE_CONTINUATION,SELL_EFFECTIVE,300,300,14,14,50.0,14.285714285714286,1.573129985,0.078140995
NEW_05M,ANALYSIS,EFFECTIVE_CONTINUATION,SELL_EFFECTIVE,300,300,15,4,75.0,0.0,1.7696357875,2.8762353149999997
NEW_05M,ANALYSIS,EFFECTIVE_CONTINUATION,SELL_EFFECTIVE,300,300,16,4,0.0,0.0,-1.805284695,-1.93814548
NEW_05M,ANALYSIS,EFFECTIVE_CONTINUATION,SELL_EFFECTIVE,300,300,17,6,33.333333333333336,0.0,0.6699184816666667,-2.69047875
NEW_05M,ANALYSIS,EFFECTIVE_CONTINUATION,SELL_EFFECTIVE,300,300,19,3,66.66666666666667,0.0,1.34905845,0.96899225
NEW_05M,ANALYSIS,EFFECTIVE_CONTINUATION,SELL_EFFECTIVE,300,300,20,11,18.181818181818183,0.0,-0.35364949454545447,-0.53104754
NEW_05M,ANALYSIS,EFFECTIVE_CONTINUATION,SELL_EFFECTIVE,300,300,21,7,57.142857142857146,0.0,1.7549384042857146,1.79621545
NEW_05M,ANALYSIS,EFFECTIVE_CONTINUATION,SELL_EFFECTIVE,300,300,22,4,50.0,0.0,1.0466176375,1.050536255
NEW_05M,ANALYSIS,EFFECTIVE_CONTINUATION,SELL_EFFECTIVE,300,300,23,4,50.0,0.0,0.07186302250000032,-0.09739843999999964
NEW_05M,ANALYSIS,EFFECTIVE_CONTINUATION,SELL_EFFECTIVE,300,600,0,3,0.0,0.0,-2.478825593333333,-2.68121172
NEW_05M,ANALYSIS,EFFECTIVE_CONTINUATION,SELL_EFFECTIVE,300,600,1,15,86.66666666666667,0.0,6.736728426666667,8.58124911
NEW_05M,ANALYSIS,EFFECTIVE_CONTINUATION,SELL_EFFECTIVE,300,600,2,5,20.0,0.0,-6.860521295999999,-6.93554772
NEW_05M,ANALYSIS,EFFECTIVE_CONTINUATION,SELL_EFFECTIVE,300,600,3,7,0.0,0.0,-7.319972392857144,-3.72902424
NEW_05M,ANALYSIS,EFFECTIVE_CONTINUATION,SELL_EFFECTIVE,300,600,4,18,38.888888888888886,0.0,-1.6524920005555552,-0.6925902349999999
NEW_05M,ANALYSIS,EFFECTIVE_CONTINUATION,SELL_EFFECTIVE,300,600,5,9,66.66666666666667,0.0,0.7048220644444445,0.03116658
NEW_05M,ANALYSIS,EFFECTIVE_CONTINUATION,SELL_EFFECTIVE,300,600,6,36,44.44444444444444,0.0,-0.766874878611111,-0.35096110999999997
NEW_05M,ANALYSIS,EFFECTIVE_CONTINUATION,SELL_EFFECTIVE,300,600,7,10,40.0,0.0,-4.51487085,-6.71841768
NEW_05M,ANALYSIS,EFFECTIVE_CONTINUATION,SELL_EFFECTIVE,300,600,8,19,42.10526315789474,0.0,-0.7608018736842103,-2.24606938
NEW_05M,ANALYSIS,EFFECTIVE_CONTINUATION,SELL_EFFECTIVE,300,600,9,15,66.66666666666667,0.0,-1.027539798,2.60344857
NEW_05M,ANALYSIS,EFFECTIVE_CONTINUATION,SELL_EFFECTIVE,300,600,10,26,30.76923076923077,0.0,-3.480598325384616,-4.388299935
NEW_05M,ANALYSIS,EFFECTIVE_CONTINUATION,SELL_EFFECTIVE,300,600,11,9,33.333333333333336,0.0,-1.5372141677777778,-2.7542487
NEW_05M,ANALYSIS,EFFECTIVE_CONTINUATION,SELL_EFFECTIVE,300,600,12,3,0.0,0.0,-8.53714841,-11.25575996
NEW_05M,ANALYSIS,EFFECTIVE_CONTINUATION,SELL_EFFECTIVE,300,600,13,8,37.5,0.0,-4.9864475625,-4.039118439999999
NEW_05M,ANALYSIS,EFFECTIVE_CONTINUATION,SELL_EFFECTIVE,300,600,14,14,64.28571428571429,0.0,1.0124737242857151,1.0936133
NEW_05M,ANALYSIS,EFFECTIVE_CONTINUATION,SELL_EFFECTIVE,300,600,15,4,50.0,0.0,0.7530048174999999,1.9690138499999998
NEW_05M,ANALYSIS,EFFECTIVE_CONTINUATION,SELL_EFFECTIVE,300,600,16,4,25.0,0.0,-1.8873756849999999,-2.36799362
NEW_05M,ANALYSIS,EFFECTIVE_CONTINUATION,SELL_EFFECTIVE,300,600,17,6,100.0,0.0,3.86443579,0.31284633500000003
NEW_05M,ANALYSIS,EFFECTIVE_CONTINUATION,SELL_EFFECTIVE,300,600,19,3,33.333333333333336,0.0,-1.5110898199999998,-1.96924231
NEW_05M,ANALYSIS,EFFECTIVE_CONTINUATION,SELL_EFFECTIVE,300,600,20,11,9.090909090909092,0.0,-2.930786542727273,-2.98323764
NEW_05M,ANALYSIS,EFFECTIVE_CONTINUATION,SELL_EFFECTIVE,300,600,21,7,57.142857142857146,0.0,2.6782353728571424,0.09371559
NEW_05M,ANALYSIS,EFFECTIVE_CONTINUATION,SELL_EFFECTIVE,300,600,22,4,25.0,0.0,0.27851220250000014,-1.80160925
NEW_05M,ANALYSIS,EFFECTIVE_CONTINUATION,SELL_EFFECTIVE,300,600,23,4,0.0,0.0,-9.14595253,-9.59018158
NEW_05M,ANALYSIS,EFFECTIVE_CONTINUATION,SELL_EFFECTIVE,900,60,0,3,100.0,0.0,1.0231587233333335,0.60789231
NEW_05M,ANALYSIS,EFFECTIVE_CONTINUATION,SELL_EFFECTIVE,900,60,1,2,50.0,0.0,0.34421243,0.34421243
NEW_05M,ANALYSIS,EFFECTIVE_CONTINUATION,SELL_EFFECTIVE,900,60,5,1,100.0,0.0,0.15549294,0.15549294
NEW_05M,ANALYSIS,EFFECTIVE_CONTINUATION,SELL_EFFECTIVE,900,60,6,18,38.888888888888886,0.0,-0.6179496238888889,-0.7407573199999999
NEW_05M,ANALYSIS,EFFECTIVE_CONTINUATION,SELL_EFFECTIVE,900,60,7,7,42.857142857142854,0.0,-0.1829437142857143,-0.01559038
NEW_05M,ANALYSIS,EFFECTIVE_CONTINUATION,SELL_EFFECTIVE,900,60,8,15,33.333333333333336,20.0,-0.2808534019999999,-0.0
NEW_05M,ANALYSIS,EFFECTIVE_CONTINUATION,SELL_EFFECTIVE,900,60,9,18,55.55555555555556,0.0,-0.02819546277777772,1.21133877
NEW_05M,ANALYSIS,EFFECTIVE_CONTINUATION,SELL_EFFECTIVE,900,60,10,5,60.0,0.0,0.5901122200000002,1.40625
NEW_05M,ANALYSIS,EFFECTIVE_CONTINUATION,SELL_EFFECTIVE,900,60,12,3,33.333333333333336,0.0,-0.11956334333333336,-0.01561509
NEW_05M,ANALYSIS,EFFECTIVE_CONTINUATION,SELL_EFFECTIVE,900,60,13,9,55.55555555555556,0.0,-0.8183422044444444,0.01560579
NEW_05M,ANALYSIS,EFFECTIVE_CONTINUATION,SELL_EFFECTIVE,900,60,14,4,50.0,50.0,1.7317378125,0.76436976
NEW_05M,ANALYSIS,EFFECTIVE_CONTINUATION,SELL_EFFECTIVE,900,60,15,2,100.0,0.0,0.7346819800000001,0.7346819800000001
NEW_05M,ANALYSIS,EFFECTIVE_CONTINUATION,SELL_EFFECTIVE,900,60,16,2,0.0,0.0,-1.12553033,-1.12553033
NEW_05M,ANALYSIS,EFFECTIVE_CONTINUATION,SELL_EFFECTIVE,900,60,17,14,78.57142857142857,0.0,1.653681161428571,2.625600165
NEW_05M,ANALYSIS,EFFECTIVE_CONTINUATION,SELL_EFFECTIVE,900,60,19,1,0.0,100.0,0.0,-0.0
NEW_05M,ANALYSIS,EFFECTIVE_CONTINUATION,SELL_EFFECTIVE,900,60,20,2,0.0,0.0,-1.02297955,-1.02297955
NEW_05M,ANALYSIS,EFFECTIVE_CONTINUATION,SELL_EFFECTIVE,900,60,21,2,0.0,0.0,-3.07739412,-3.07739412
NEW_05M,ANALYSIS,EFFECTIVE_CONTINUATION,SELL_EFFECTIVE,900,60,23,1,0.0,0.0,-0.56166715,-0.56166715
NEW_05M,ANALYSIS,EFFECTIVE_CONTINUATION,SELL_EFFECTIVE,900,180,0,1,0.0,0.0,-4.90999129,-4.90999129
NEW_05M,ANALYSIS,EFFECTIVE_CONTINUATION,SELL_EFFECTIVE,900,180,1,2,100.0,0.0,2.76098919,2.76098919
NEW_05M,ANALYSIS,EFFECTIVE_CONTINUATION,SELL_EFFECTIVE,900,180,5,1,0.0,0.0,-4.24495736,-4.24495736
NEW_05M,ANALYSIS,EFFECTIVE_CONTINUATION,SELL_EFFECTIVE,900,180,6,18,61.111111111111114,0.0,1.0339752733333334,0.44453144
NEW_05M,ANALYSIS,EFFECTIVE_CONTINUATION,SELL_EFFECTIVE,900,180,7,7,57.142857142857146,0.0,-0.6597777557142858,0.04679319
NEW_05M,ANALYSIS,EFFECTIVE_CONTINUATION,SELL_EFFECTIVE,900,180,8,15,26.666666666666668,13.333333333333334,-1.142254546666667,-0.73293547
NEW_05M,ANALYSIS,EFFECTIVE_CONTINUATION,SELL_EFFECTIVE,900,180,9,18,38.888888888888886,0.0,-1.765557575,-4.099122865
NEW_05M,ANALYSIS,EFFECTIVE_CONTINUATION,SELL_EFFECTIVE,900,180,10,5,80.0,0.0,1.8205662639999995,0.609375
NEW_05M,ANALYSIS,EFFECTIVE_CONTINUATION,SELL_EFFECTIVE,900,180,12,3,0.0,0.0,-1.9517713500000002,-2.54476761
NEW_05M,ANALYSIS,EFFECTIVE_CONTINUATION,SELL_EFFECTIVE,900,180,13,7,57.142857142857146,0.0,0.45263339999999996,1.59167585
NEW_05M,ANALYSIS,EFFECTIVE_CONTINUATION,SELL_EFFECTIVE,900,180,14,4,75.0,0.0,5.3744318775,5.4762151900000005
NEW_05M,ANALYSIS,EFFECTIVE_CONTINUATION,SELL_EFFECTIVE,900,180,15,2,100.0,0.0,1.266204875,1.266204875
NEW_05M,ANALYSIS,EFFECTIVE_CONTINUATION,SELL_EFFECTIVE,900,180,16,2,0.0,0.0,-3.22024767,-3.22024767
NEW_05M,ANALYSIS,EFFECTIVE_CONTINUATION,SELL_EFFECTIVE,900,180,17,14,50.0,0.0,1.1925982257142866,0.18941719499999987
NEW_05M,ANALYSIS,EFFECTIVE_CONTINUATION,SELL_EFFECTIVE,900,180,19,1,0.0,0.0,-1.62582561,-1.62582561
NEW_05M,ANALYSIS,EFFECTIVE_CONTINUATION,SELL_EFFECTIVE,900,180,20,2,0.0,0.0,-1.772664325,-1.772664325
NEW_05M,ANALYSIS,EFFECTIVE_CONTINUATION,SELL_EFFECTIVE,900,180,21,2,0.0,0.0,-0.67171547,-0.67171547
NEW_05M,ANALYSIS,EFFECTIVE_CONTINUATION,SELL_EFFECTIVE,900,180,23,1,0.0,0.0,-0.78009327,-0.78009327
NEW_05M,ANALYSIS,EFFECTIVE_CONTINUATION,SELL_EFFECTIVE,900,300,1,2,100.0,0.0,7.016065655,7.016065655
NEW_05M,ANALYSIS,EFFECTIVE_CONTINUATION,SELL_EFFECTIVE,900,300,5,1,0.0,0.0,-4.52484466,-4.52484466
NEW_05M,ANALYSIS,EFFECTIVE_CONTINUATION,SELL_EFFECTIVE,900,300,6,18,44.44444444444444,0.0,-0.5133474305555557,-1.053058625
NEW_05M,ANALYSIS,EFFECTIVE_CONTINUATION,SELL_EFFECTIVE,900,300,7,7,42.857142857142854,0.0,-0.8781950385714284,-0.98265689
NEW_05M,ANALYSIS,EFFECTIVE_CONTINUATION,SELL_EFFECTIVE,900,300,8,15,26.666666666666668,0.0,-1.0495910173333334,-0.72260889
NEW_05M,ANALYSIS,EFFECTIVE_CONTINUATION,SELL_EFFECTIVE,900,300,9,18,44.44444444444444,0.0,0.30733597111111116,-0.6392025299999999
NEW_05M,ANALYSIS,EFFECTIVE_CONTINUATION,SELL_EFFECTIVE,900,300,10,5,60.0,0.0,2.485391608,2.1875
NEW_05M,ANALYSIS,EFFECTIVE_CONTINUATION,SELL_EFFECTIVE,900,300,12,3,0.0,0.0,-3.268646993333333,-3.2167094
NEW_05M,ANALYSIS,EFFECTIVE_CONTINUATION,SELL_EFFECTIVE,900,300,13,7,28.571428571428573,0.0,-1.1930164757142856,-1.99739714
NEW_05M,ANALYSIS,EFFECTIVE_CONTINUATION,SELL_EFFECTIVE,900,300,14,4,50.0,0.0,7.23093482,7.293880295
NEW_05M,ANALYSIS,EFFECTIVE_CONTINUATION,SELL_EFFECTIVE,900,300,15,2,50.0,0.0,0.14065096499999996,0.14065096499999996
NEW_05M,ANALYSIS,EFFECTIVE_CONTINUATION,SELL_EFFECTIVE,900,300,16,2,0.0,0.0,-3.1733524500000003,-3.1733524500000003
NEW_05M,ANALYSIS,EFFECTIVE_CONTINUATION,SELL_EFFECTIVE,900,300,17,14,42.857142857142854,0.0,5.229366145714286,-1.8257744150000002
NEW_05M,ANALYSIS,EFFECTIVE_CONTINUATION,SELL_EFFECTIVE,900,300,19,1,0.0,0.0,-2.68886544,-2.68886544
NEW_05M,ANALYSIS,EFFECTIVE_CONTINUATION,SELL_EFFECTIVE,900,300,20,2,0.0,0.0,-0.99175062,-0.99175062
NEW_05M,ANALYSIS,EFFECTIVE_CONTINUATION,SELL_EFFECTIVE,900,300,21,2,0.0,0.0,-4.694197625,-4.694197625
NEW_05M,ANALYSIS,EFFECTIVE_CONTINUATION,SELL_EFFECTIVE,900,300,23,1,0.0,0.0,-4.94579132,-4.94579132
NEW_05M,ANALYSIS,EFFECTIVE_CONTINUATION,SELL_EFFECTIVE,900,600,1,2,100.0,0.0,4.8573447000000005,4.8573447000000005
NEW_05M,ANALYSIS,EFFECTIVE_CONTINUATION,SELL_EFFECTIVE,900,600,6,18,44.44444444444444,0.0,-0.675527337777778,-0.639597085
NEW_05M,ANALYSIS,EFFECTIVE_CONTINUATION,SELL_EFFECTIVE,900,600,7,7,42.857142857142854,0.0,-0.5042170928571428,-0.53032111
NEW_05M,ANALYSIS,EFFECTIVE_CONTINUATION,SELL_EFFECTIVE,900,600,8,15,73.33333333333333,0.0,3.7685416280000004,0.46780416
NEW_05M,ANALYSIS,EFFECTIVE_CONTINUATION,SELL_EFFECTIVE,900,600,9,18,100.0,0.0,9.403746745555557,5.29239574
NEW_05M,ANALYSIS,EFFECTIVE_CONTINUATION,SELL_EFFECTIVE,900,600,10,5,60.0,0.0,0.9762943619999997,0.09375
NEW_05M,ANALYSIS,EFFECTIVE_CONTINUATION,SELL_EFFECTIVE,900,600,12,3,0.0,0.0,-6.605139133333334,-6.99420792
NEW_05M,ANALYSIS,EFFECTIVE_CONTINUATION,SELL_EFFECTIVE,900,600,13,6,0.0,0.0,-5.414650769999999,-5.079688645
NEW_05M,ANALYSIS,EFFECTIVE_CONTINUATION,SELL_EFFECTIVE,900,600,14,4,75.0,0.0,7.784228282500001,8.065135665
NEW_05M,ANALYSIS,EFFECTIVE_CONTINUATION,SELL_EFFECTIVE,900,600,15,2,50.0,0.0,1.391146335,1.391146335
NEW_05M,ANALYSIS,EFFECTIVE_CONTINUATION,SELL_EFFECTIVE,900,600,16,2,0.0,0.0,-3.595422655,-3.595422655
NEW_05M,ANALYSIS,EFFECTIVE_CONTINUATION,SELL_EFFECTIVE,900,600,17,14,35.714285714285715,0.0,0.2232790621428575,-6.215897265
NEW_05M,ANALYSIS,EFFECTIVE_CONTINUATION,SELL_EFFECTIVE,900,600,19,1,0.0,0.0,-4.54918513,-4.54918513
NEW_05M,ANALYSIS,EFFECTIVE_CONTINUATION,SELL_EFFECTIVE,900,600,20,2,50.0,0.0,-0.937127405,-0.937127405
NEW_05M,ANALYSIS,EFFECTIVE_CONTINUATION,SELL_EFFECTIVE,900,600,21,2,0.0,0.0,-7.927804645,-7.927804645
NEW_05M,ANALYSIS,EFFECTIVE_CONTINUATION,SELL_EFFECTIVE,900,600,23,1,0.0,0.0,-3.37000292,-3.37000292
NEW_05M,ANALYSIS,EFFECTIVE_CONTINUATION,SELL_EFFECTIVE,1800,60,4,1,0.0,0.0,-3.6020527,-3.6020527
NEW_05M,ANALYSIS,EFFECTIVE_CONTINUATION,SELL_EFFECTIVE,1800,60,6,14,42.857142857142854,0.0,0.02875943214285716,-0.335256475
NEW_05M,ANALYSIS,EFFECTIVE_CONTINUATION,SELL_EFFECTIVE,1800,60,7,1,0.0,0.0,-3.71180197,-3.71180197
NEW_05M,ANALYSIS,EFFECTIVE_CONTINUATION,SELL_EFFECTIVE,1800,60,8,4,25.0,25.0,-0.6512342025,-0.670498385
NEW_05M,ANALYSIS,EFFECTIVE_CONTINUATION,SELL_EFFECTIVE,1800,60,9,1,100.0,0.0,1.68490157,1.68490157
NEW_05M,ANALYSIS,EFFECTIVE_CONTINUATION,SELL_EFFECTIVE,1800,60,10,1,0.0,100.0,0.0,-0.0
NEW_05M,ANALYSIS,EFFECTIVE_CONTINUATION,SELL_EFFECTIVE,1800,60,14,1,100.0,0.0,1.52873952,1.52873952
NEW_05M,ANALYSIS,EFFECTIVE_CONTINUATION,SELL_EFFECTIVE,1800,60,15,11,63.63636363636363,0.0,-0.15919871545454545,0.17205135
NEW_05M,ANALYSIS,EFFECTIVE_CONTINUATION,SELL_EFFECTIVE,1800,180,4,1,0.0,0.0,-10.80615811,-10.80615811
NEW_05M,ANALYSIS,EFFECTIVE_CONTINUATION,SELL_EFFECTIVE,1800,180,6,14,71.42857142857143,0.0,0.09417618142857143,1.3096994450000001
NEW_05M,ANALYSIS,EFFECTIVE_CONTINUATION,SELL_EFFECTIVE,1800,180,7,1,0.0,0.0,-1.49719743,-1.49719743
NEW_05M,ANALYSIS,EFFECTIVE_CONTINUATION,SELL_EFFECTIVE,1800,180,8,4,0.0,0.0,-2.281031855,-2.136531855
NEW_05M,ANALYSIS,EFFECTIVE_CONTINUATION,SELL_EFFECTIVE,1800,180,9,1,100.0,0.0,4.61787837,4.61787837
NEW_05M,ANALYSIS,EFFECTIVE_CONTINUATION,SELL_EFFECTIVE,1800,180,10,1,100.0,0.0,4.27323768,4.27323768
NEW_05M,ANALYSIS,EFFECTIVE_CONTINUATION,SELL_EFFECTIVE,1800,180,14,1,100.0,0.0,10.99756494,10.99756494
NEW_05M,ANALYSIS,EFFECTIVE_CONTINUATION,SELL_EFFECTIVE,1800,180,15,11,36.36363636363637,0.0,-0.32113340090909087,-0.42227946
NEW_05M,ANALYSIS,EFFECTIVE_CONTINUATION,SELL_EFFECTIVE,1800,300,4,1,0.0,0.0,-20.25569896,-20.25569896
NEW_05M,ANALYSIS,EFFECTIVE_CONTINUATION,SELL_EFFECTIVE,1800,300,6,14,57.142857142857146,0.0,0.3167027599999999,0.678280625
NEW_05M,ANALYSIS,EFFECTIVE_CONTINUATION,SELL_EFFECTIVE,1800,300,7,1,0.0,0.0,-0.28072452,-0.28072452
NEW_05M,ANALYSIS,EFFECTIVE_CONTINUATION,SELL_EFFECTIVE,1800,300,8,4,25.0,0.0,-1.4232412425,-1.996155245
NEW_05M,ANALYSIS,EFFECTIVE_CONTINUATION,SELL_EFFECTIVE,1800,300,9,1,100.0,0.0,3.49461066,3.49461066
NEW_05M,ANALYSIS,EFFECTIVE_CONTINUATION,SELL_EFFECTIVE,1800,300,10,1,100.0,0.0,8.46849657,8.46849657
NEW_05M,ANALYSIS,EFFECTIVE_CONTINUATION,SELL_EFFECTIVE,1800,300,14,1,100.0,0.0,14.91301004,14.91301004
NEW_05M,ANALYSIS,EFFECTIVE_CONTINUATION,SELL_EFFECTIVE,1800,300,15,11,36.36363636363637,0.0,-0.7905927654545454,-1.07923121
NEW_05M,ANALYSIS,EFFECTIVE_CONTINUATION,SELL_EFFECTIVE,1800,600,4,1,0.0,0.0,-7.36003842,-7.36003842
NEW_05M,ANALYSIS,EFFECTIVE_CONTINUATION,SELL_EFFECTIVE,1800,600,6,14,57.142857142857146,0.0,1.7775211585714286,0.966814295
NEW_05M,ANALYSIS,EFFECTIVE_CONTINUATION,SELL_EFFECTIVE,1800,600,7,1,0.0,0.0,-3.0723739,-3.0723739
NEW_05M,ANALYSIS,EFFECTIVE_CONTINUATION,SELL_EFFECTIVE,1800,600,8,4,50.0,0.0,-1.981139415,-1.4739617
NEW_05M,ANALYSIS,EFFECTIVE_CONTINUATION,SELL_EFFECTIVE,1800,600,9,1,100.0,0.0,4.61787837,4.61787837
NEW_05M,ANALYSIS,EFFECTIVE_CONTINUATION,SELL_EFFECTIVE,1800,600,10,1,100.0,0.0,17.85714286,17.85714286
NEW_05M,ANALYSIS,EFFECTIVE_CONTINUATION,SELL_EFFECTIVE,1800,600,14,1,100.0,0.0,15.14700078,15.14700078
NEW_05M,ANALYSIS,EFFECTIVE_CONTINUATION,SELL_EFFECTIVE,1800,600,15,11,18.181818181818183,0.0,-2.6147629845454547,-2.93763311
NEW_05M,ANALYSIS,TRAPPED_REVERSAL,BUY_TRAPPED,30,60,0,11,54.54545454545455,0.0,-1.6035253754545453,0.77949613
NEW_05M,ANALYSIS,TRAPPED_REVERSAL,BUY_TRAPPED,30,60,1,6,50.0,0.0,-0.35656629666666667,-0.512804075
NEW_05M,ANALYSIS,TRAPPED_REVERSAL,BUY_TRAPPED,30,60,2,21,42.857142857142854,0.0,-0.31338995047619056,-0.81752275
NEW_05M,ANALYSIS,TRAPPED_REVERSAL,BUY_TRAPPED,30,60,3,9,77.77777777777777,0.0,1.3341618844444443,2.16064303
NEW_05M,ANALYSIS,TRAPPED_REVERSAL,BUY_TRAPPED,30,60,4,14,35.714285714285715,0.0,-0.658402235,-1.69658509
NEW_05M,ANALYSIS,TRAPPED_REVERSAL,BUY_TRAPPED,30,60,5,11,27.272727272727273,0.0,-2.4315895763636357,-1.42834324
NEW_05M,ANALYSIS,TRAPPED_REVERSAL,BUY_TRAPPED,30,60,6,15,40.0,0.0,-0.18608951266666665,-0.85992973
NEW_05M,ANALYSIS,TRAPPED_REVERSAL,BUY_TRAPPED,30,60,7,2,0.0,0.0,-1.63495718,-1.63495718
NEW_05M,ANALYSIS,TRAPPED_REVERSAL,BUY_TRAPPED,30,60,8,1,100.0,0.0,1.15094577,1.15094577
NEW_05M,ANALYSIS,TRAPPED_REVERSAL,BUY_TRAPPED,30,60,9,1,0.0,0.0,-8.39185003,-8.39185003
NEW_05M,ANALYSIS,TRAPPED_REVERSAL,BUY_TRAPPED,30,60,10,8,25.0,0.0,-1.48051041625,-1.359608575
NEW_05M,ANALYSIS,TRAPPED_REVERSAL,BUY_TRAPPED,30,60,11,6,50.0,0.0,-3.457877943333333,-2.580433745
NEW_05M,ANALYSIS,TRAPPED_REVERSAL,BUY_TRAPPED,30,60,12,2,50.0,0.0,-5.76953812,-5.76953812
NEW_05M,ANALYSIS,TRAPPED_REVERSAL,BUY_TRAPPED,30,60,13,1,0.0,0.0,-0.87281251,-0.87281251
NEW_05M,ANALYSIS,TRAPPED_REVERSAL,BUY_TRAPPED,30,60,16,2,0.0,0.0,-0.63294104,-0.63294104
NEW_05M,ANALYSIS,TRAPPED_REVERSAL,BUY_TRAPPED,30,60,20,2,50.0,0.0,-2.565267535,-2.565267535
NEW_05M,ANALYSIS,TRAPPED_REVERSAL,BUY_TRAPPED,30,60,21,11,54.54545454545455,0.0,0.3603155809090909,0.01537584
NEW_05M,ANALYSIS,TRAPPED_REVERSAL,BUY_TRAPPED,30,60,22,32,62.5,0.0,0.2808006259374996,1.499021455
NEW_05M,ANALYSIS,TRAPPED_REVERSAL,BUY_TRAPPED,30,60,23,32,46.875,0.0,-0.5831128171874999,-0.9247217050000001
NEW_05M,ANALYSIS,TRAPPED_REVERSAL,BUY_TRAPPED,30,180,0,11,27.272727272727273,0.0,-6.2598310445454555,-4.58654561
NEW_05M,ANALYSIS,TRAPPED_REVERSAL,BUY_TRAPPED,30,180,1,6,66.66666666666667,0.0,0.3957547166666667,0.717168865
NEW_05M,ANALYSIS,TRAPPED_REVERSAL,BUY_TRAPPED,30,180,2,20,20.0,0.0,-3.1583082064999997,-3.159950845
NEW_05M,ANALYSIS,TRAPPED_REVERSAL,BUY_TRAPPED,30,180,3,8,50.0,0.0,-0.7630145849999997,-0.629532675
NEW_05M,ANALYSIS,TRAPPED_REVERSAL,BUY_TRAPPED,30,180,4,13,15.384615384615385,0.0,-3.523031681538461,-3.53922122
NEW_05M,ANALYSIS,TRAPPED_REVERSAL,BUY_TRAPPED,30,180,5,11,9.090909090909092,0.0,-6.685784805454546,-4.14761835
NEW_05M,ANALYSIS,TRAPPED_REVERSAL,BUY_TRAPPED,30,180,6,15,26.666666666666668,0.0,-2.0906005826666663,-2.3805282
NEW_05M,ANALYSIS,TRAPPED_REVERSAL,BUY_TRAPPED,30,180,7,2,50.0,0.0,-1.688259265,-1.688259265
NEW_05M,ANALYSIS,TRAPPED_REVERSAL,BUY_TRAPPED,30,180,8,1,100.0,0.0,0.33761076,0.33761076
NEW_05M,ANALYSIS,TRAPPED_REVERSAL,BUY_TRAPPED,30,180,9,1,0.0,0.0,-8.87006208,-8.87006208
NEW_05M,ANALYSIS,TRAPPED_REVERSAL,BUY_TRAPPED,30,180,10,8,12.5,0.0,-2.1470992425,-3.034309595
NEW_05M,ANALYSIS,TRAPPED_REVERSAL,BUY_TRAPPED,30,180,11,6,33.333333333333336,0.0,-4.9438466666666665,-6.25849768
NEW_05M,ANALYSIS,TRAPPED_REVERSAL,BUY_TRAPPED,30,180,12,2,0.0,0.0,-5.240027525,-5.240027525
NEW_05M,ANALYSIS,TRAPPED_REVERSAL,BUY_TRAPPED,30,180,13,1,100.0,0.0,0.31171875,0.31171875
NEW_05M,ANALYSIS,TRAPPED_REVERSAL,BUY_TRAPPED,30,180,16,2,0.0,0.0,-0.5938707249999999,-0.5938707249999999
NEW_05M,ANALYSIS,TRAPPED_REVERSAL,BUY_TRAPPED,30,180,20,1,0.0,0.0,-2.18605857,-2.18605857
NEW_05M,ANALYSIS,TRAPPED_REVERSAL,BUY_TRAPPED,30,180,21,11,81.81818181818181,0.0,5.5957476663636365,7.30532089
NEW_05M,ANALYSIS,TRAPPED_REVERSAL,BUY_TRAPPED,30,180,22,30,56.666666666666664,3.3333333333333335,0.5249160679999997,1.33551715
NEW_05M,ANALYSIS,TRAPPED_REVERSAL,BUY_TRAPPED,30,180,23,32,46.875,0.0,-0.3082834606249996,-1.1891498
NEW_05M,ANALYSIS,TRAPPED_REVERSAL,BUY_TRAPPED,30,300,0,11,27.272727272727273,0.0,-15.187702480000002,-21.71255211
NEW_05M,ANALYSIS,TRAPPED_REVERSAL,BUY_TRAPPED,30,300,1,6,33.333333333333336,0.0,-1.443421853333333,-2.11104121
NEW_05M,ANALYSIS,TRAPPED_REVERSAL,BUY_TRAPPED,30,300,2,20,30.0,0.0,-4.192680906,-3.770995555
NEW_05M,ANALYSIS,TRAPPED_REVERSAL,BUY_TRAPPED,30,300,3,8,37.5,0.0,-2.880914035,-2.4752983449999997
NEW_05M,ANALYSIS,TRAPPED_REVERSAL,BUY_TRAPPED,30,300,4,13,15.384615384615385,0.0,-9.110070592307693,-6.92389129
NEW_05M,ANALYSIS,TRAPPED_REVERSAL,BUY_TRAPPED,30,300,5,11,18.181818181818183,0.0,-6.096638284545455,-5.3011515
NEW_05M,ANALYSIS,TRAPPED_REVERSAL,BUY_TRAPPED,30,300,6,15,26.666666666666668,0.0,-2.979308317333333,-3.32205706
NEW_05M,ANALYSIS,TRAPPED_REVERSAL,BUY_TRAPPED,30,300,7,2,50.0,0.0,0.13805006999999997,0.13805006999999997
NEW_05M,ANALYSIS,TRAPPED_REVERSAL,BUY_TRAPPED,30,300,8,1,0.0,0.0,-0.64452963,-0.64452963
NEW_05M,ANALYSIS,TRAPPED_REVERSAL,BUY_TRAPPED,30,300,9,1,0.0,0.0,-11.60049857,-11.60049857
NEW_05M,ANALYSIS,TRAPPED_REVERSAL,BUY_TRAPPED,30,300,10,8,50.0,0.0,-0.30481243874999986,-1.0754050999999998
NEW_05M,ANALYSIS,TRAPPED_REVERSAL,BUY_TRAPPED,30,300,11,6,33.333333333333336,0.0,-3.694779485,-9.89002348
NEW_05M,ANALYSIS,TRAPPED_REVERSAL,BUY_TRAPPED,30,300,12,2,50.0,0.0,-6.262018169999999,-6.262018169999999
NEW_05M,ANALYSIS,TRAPPED_REVERSAL,BUY_TRAPPED,30,300,13,1,0.0,0.0,-1.23128908,-1.23128908
NEW_05M,ANALYSIS,TRAPPED_REVERSAL,BUY_TRAPPED,30,300,16,2,100.0,0.0,0.86736361,0.86736361
NEW_05M,ANALYSIS,TRAPPED_REVERSAL,BUY_TRAPPED,30,300,20,1,100.0,0.0,2.99802318,2.99802318
NEW_05M,ANALYSIS,TRAPPED_REVERSAL,BUY_TRAPPED,30,300,21,11,90.9090909090909,0.0,8.567679652727273,8.54464423
NEW_05M,ANALYSIS,TRAPPED_REVERSAL,BUY_TRAPPED,30,300,22,25,52.0,0.0,4.448398358,0.77790259
NEW_05M,ANALYSIS,TRAPPED_REVERSAL,BUY_TRAPPED,30,300,23,32,46.875,0.0,0.4947149431250003,-0.352510295
NEW_05M,ANALYSIS,TRAPPED_REVERSAL,BUY_TRAPPED,30,600,0,11,18.181818181818183,0.0,-7.409630214545455,-6.60405852
NEW_05M,ANALYSIS,TRAPPED_REVERSAL,BUY_TRAPPED,30,600,1,6,50.0,0.0,0.4784607999999997,0.14736622500000007
NEW_05M,ANALYSIS,TRAPPED_REVERSAL,BUY_TRAPPED,30,600,2,13,53.84615384615385,0.0,0.035585227692308034,0.4825113
NEW_05M,ANALYSIS,TRAPPED_REVERSAL,BUY_TRAPPED,30,600,3,8,50.0,0.0,-1.5426094325,-0.16319843
NEW_05M,ANALYSIS,TRAPPED_REVERSAL,BUY_TRAPPED,30,600,4,13,7.6923076923076925,0.0,-23.333240184615384,-24.17086514
NEW_05M,ANALYSIS,TRAPPED_REVERSAL,BUY_TRAPPED,30,600,5,11,45.45454545454545,0.0,-6.890645419999999,-6.7129971
NEW_05M,ANALYSIS,TRAPPED_REVERSAL,BUY_TRAPPED,30,600,6,15,20.0,0.0,-4.038871244666667,-3.37946819
NEW_05M,ANALYSIS,TRAPPED_REVERSAL,BUY_TRAPPED,30,600,7,2,0.0,0.0,-3.469448035,-3.469448035
NEW_05M,ANALYSIS,TRAPPED_REVERSAL,BUY_TRAPPED,30,600,8,1,100.0,0.0,3.69837241,3.69837241
NEW_05M,ANALYSIS,TRAPPED_REVERSAL,BUY_TRAPPED,30,600,9,1,0.0,0.0,-11.56964618,-11.56964618
NEW_05M,ANALYSIS,TRAPPED_REVERSAL,BUY_TRAPPED,30,600,10,8,75.0,12.5,2.1383909575,1.8663128599999999
NEW_05M,ANALYSIS,TRAPPED_REVERSAL,BUY_TRAPPED,30,600,11,6,83.33333333333333,0.0,4.638548081666667,2.3711021150000002
NEW_05M,ANALYSIS,TRAPPED_REVERSAL,BUY_TRAPPED,30,600,12,2,50.0,0.0,-8.961307115,-8.961307115
NEW_05M,ANALYSIS,TRAPPED_REVERSAL,BUY_TRAPPED,30,600,13,1,100.0,0.0,5.57976571,5.57976571
NEW_05M,ANALYSIS,TRAPPED_REVERSAL,BUY_TRAPPED,30,600,16,2,100.0,0.0,0.500101485,0.500101485
NEW_05M,ANALYSIS,TRAPPED_REVERSAL,BUY_TRAPPED,30,600,20,1,100.0,0.0,0.24983526,0.24983526
NEW_05M,ANALYSIS,TRAPPED_REVERSAL,BUY_TRAPPED,30,600,21,8,100.0,0.0,16.4288878575,15.84480498
NEW_05M,ANALYSIS,TRAPPED_REVERSAL,BUY_TRAPPED,30,600,22,19,78.94736842105263,0.0,25.903866195789472,18.42703252
NEW_05M,ANALYSIS,TRAPPED_REVERSAL,BUY_TRAPPED,30,600,23,32,53.125,0.0,6.102256445625001,1.71585879
NEW_05M,ANALYSIS,TRAPPED_REVERSAL,BUY_TRAPPED,60,60,0,5,60.0,0.0,4.263136574,0.62308693
NEW_05M,ANALYSIS,TRAPPED_REVERSAL,BUY_TRAPPED,60,60,1,7,71.42857142857143,0.0,2.0847849714285713,1.50265547
NEW_05M,ANALYSIS,TRAPPED_REVERSAL,BUY_TRAPPED,60,60,2,14,50.0,0.0,-0.331077885,-0.09397855499999999
NEW_05M,ANALYSIS,TRAPPED_REVERSAL,BUY_TRAPPED,60,60,3,7,71.42857142857143,0.0,0.5423436057142857,1.49238186
NEW_05M,ANALYSIS,TRAPPED_REVERSAL,BUY_TRAPPED,60,60,4,9,33.333333333333336,0.0,-1.3365433299999998,-1.53013674
NEW_05M,ANALYSIS,TRAPPED_REVERSAL,BUY_TRAPPED,60,60,5,1,100.0,0.0,2.02772141,2.02772141
NEW_05M,ANALYSIS,TRAPPED_REVERSAL,BUY_TRAPPED,60,60,6,8,0.0,0.0,-2.51967853875,-2.351140925
NEW_05M,ANALYSIS,TRAPPED_REVERSAL,BUY_TRAPPED,60,60,7,1,100.0,0.0,0.01534394,0.01534394
NEW_05M,ANALYSIS,TRAPPED_REVERSAL,BUY_TRAPPED,60,60,8,2,100.0,0.0,3.3762118500000002,3.3762118500000002
NEW_05M,ANALYSIS,TRAPPED_REVERSAL,BUY_TRAPPED,60,60,9,2,50.0,0.0,-3.435413005,-3.435413005
NEW_05M,ANALYSIS,TRAPPED_REVERSAL,BUY_TRAPPED,60,60,10,5,20.0,0.0,-2.329018454,-1.52085881
NEW_05M,ANALYSIS,TRAPPED_REVERSAL,BUY_TRAPPED,60,60,16,3,0.0,0.0,-0.5938694066666667,-0.57824155
NEW_05M,ANALYSIS,TRAPPED_REVERSAL,BUY_TRAPPED,60,60,20,1,100.0,0.0,1.87376449,1.87376449
NEW_05M,ANALYSIS,TRAPPED_REVERSAL,BUY_TRAPPED,60,60,21,11,72.72727272727273,0.0,1.8062265609090906,0.78488104
NEW_05M,ANALYSIS,TRAPPED_REVERSAL,BUY_TRAPPED,60,60,22,25,80.0,0.0,3.5775097372000007,3.22025118
NEW_05M,ANALYSIS,TRAPPED_REVERSAL,BUY_TRAPPED,60,60,23,23,26.08695652173913,0.0,-0.09935558086956521,-1.20495503
NEW_05M,ANALYSIS,TRAPPED_REVERSAL,BUY_TRAPPED,60,180,0,5,60.0,0.0,-0.23585249599999977,1.35546744
NEW_05M,ANALYSIS,TRAPPED_REVERSAL,BUY_TRAPPED,60,180,1,7,71.42857142857143,0.0,3.07593138,3.19314288
NEW_05M,ANALYSIS,TRAPPED_REVERSAL,BUY_TRAPPED,60,180,2,14,50.0,0.0,-1.8213092021428572,0.10761968499999999
NEW_05M,ANALYSIS,TRAPPED_REVERSAL,BUY_TRAPPED,60,180,3,6,16.666666666666668,0.0,-2.1976790183333335,-2.790338105
NEW_05M,ANALYSIS,TRAPPED_REVERSAL,BUY_TRAPPED,60,180,4,9,22.22222222222222,0.0,-4.793405957777778,-4.96136012
NEW_05M,ANALYSIS,TRAPPED_REVERSAL,BUY_TRAPPED,60,180,5,1,0.0,0.0,-4.13225045,-4.13225045
NEW_05M,ANALYSIS,TRAPPED_REVERSAL,BUY_TRAPPED,60,180,6,8,12.5,0.0,-3.4553074437499998,-3.417944335
NEW_05M,ANALYSIS,TRAPPED_REVERSAL,BUY_TRAPPED,60,180,7,1,100.0,0.0,1.58042604,1.58042604
NEW_05M,ANALYSIS,TRAPPED_REVERSAL,BUY_TRAPPED,60,180,8,2,100.0,0.0,2.34800318,2.34800318
NEW_05M,ANALYSIS,TRAPPED_REVERSAL,BUY_TRAPPED,60,180,9,2,50.0,0.0,0.027498800000000045,0.027498800000000045
NEW_05M,ANALYSIS,TRAPPED_REVERSAL,BUY_TRAPPED,60,180,10,5,0.0,0.0,-4.212587608,-3.57959294
NEW_05M,ANALYSIS,TRAPPED_REVERSAL,BUY_TRAPPED,60,180,16,3,0.0,0.0,-0.7345226366666667,-0.79703441
NEW_05M,ANALYSIS,TRAPPED_REVERSAL,BUY_TRAPPED,60,180,20,1,0.0,0.0,-2.18605857,-2.18605857
NEW_05M,ANALYSIS,TRAPPED_REVERSAL,BUY_TRAPPED,60,180,21,11,100.0,0.0,8.133416143636364,9.07999631
NEW_05M,ANALYSIS,TRAPPED_REVERSAL,BUY_TRAPPED,60,180,22,23,91.30434782608695,0.0,9.952458280869566,8.20554503
NEW_05M,ANALYSIS,TRAPPED_REVERSAL,BUY_TRAPPED,60,180,23,23,30.434782608695652,0.0,-2.2266911804347824,-1.31271947
NEW_05M,ANALYSIS,TRAPPED_REVERSAL,BUY_TRAPPED,60,300,0,5,40.0,0.0,-4.36466723,-3.41426226
NEW_05M,ANALYSIS,TRAPPED_REVERSAL,BUY_TRAPPED,60,300,1,7,42.857142857142854,0.0,0.7188820614285715,-1.18526651
NEW_05M,ANALYSIS,TRAPPED_REVERSAL,BUY_TRAPPED,60,300,2,14,64.28571428571429,0.0,-1.5034609757142854,1.152612115
NEW_05M,ANALYSIS,TRAPPED_REVERSAL,BUY_TRAPPED,60,300,3,6,16.666666666666668,0.0,-1.4429894200000002,-1.702270575
NEW_05M,ANALYSIS,TRAPPED_REVERSAL,BUY_TRAPPED,60,300,4,9,22.22222222222222,0.0,-9.121774480000001,-7.91386255
NEW_05M,ANALYSIS,TRAPPED_REVERSAL,BUY_TRAPPED,60,300,5,1,0.0,0.0,-1.95091378,-1.95091378
NEW_05M,ANALYSIS,TRAPPED_REVERSAL,BUY_TRAPPED,60,300,6,8,12.5,0.0,-3.1019423562500004,-2.9800203200000004
NEW_05M,ANALYSIS,TRAPPED_REVERSAL,BUY_TRAPPED,60,300,7,1,100.0,0.0,2.56243834,2.56243834
NEW_05M,ANALYSIS,TRAPPED_REVERSAL,BUY_TRAPPED,60,300,8,2,50.0,0.0,1.0051885299999999,1.0051885299999999
NEW_05M,ANALYSIS,TRAPPED_REVERSAL,BUY_TRAPPED,60,300,9,2,50.0,0.0,1.17369492,1.17369492
NEW_05M,ANALYSIS,TRAPPED_REVERSAL,BUY_TRAPPED,60,300,10,5,0.0,0.0,-4.255579142,-3.56439416
NEW_05M,ANALYSIS,TRAPPED_REVERSAL,BUY_TRAPPED,60,300,16,3,100.0,0.0,0.8960134633333334,0.89080455
NEW_05M,ANALYSIS,TRAPPED_REVERSAL,BUY_TRAPPED,60,300,20,1,100.0,0.0,2.99802318,2.99802318
NEW_05M,ANALYSIS,TRAPPED_REVERSAL,BUY_TRAPPED,60,300,21,11,100.0,0.0,8.373528474545454,9.46474191
NEW_05M,ANALYSIS,TRAPPED_REVERSAL,BUY_TRAPPED,60,300,22,17,94.11764705882354,0.0,20.843734821764706,19.41174644
NEW_05M,ANALYSIS,TRAPPED_REVERSAL,BUY_TRAPPED,60,300,23,23,39.130434782608695,0.0,-3.5325278200000003,-3.50798964
NEW_05M,ANALYSIS,TRAPPED_REVERSAL,BUY_TRAPPED,60,600,0,5,60.0,0.0,3.653640806,4.42474429
NEW_05M,ANALYSIS,TRAPPED_REVERSAL,BUY_TRAPPED,60,600,1,7,57.142857142857146,0.0,6.806077907142858,15.65799447
NEW_05M,ANALYSIS,TRAPPED_REVERSAL,BUY_TRAPPED,60,600,2,13,61.53846153846154,0.0,-0.7010836653846155,3.30517755
NEW_05M,ANALYSIS,TRAPPED_REVERSAL,BUY_TRAPPED,60,600,3,6,16.666666666666668,0.0,-1.3688970733333334,-1.54916755
NEW_05M,ANALYSIS,TRAPPED_REVERSAL,BUY_TRAPPED,60,600,4,9,11.11111111111111,0.0,-22.819921835555554,-27.172989
NEW_05M,ANALYSIS,TRAPPED_REVERSAL,BUY_TRAPPED,60,600,5,1,0.0,0.0,-6.71298679,-6.71298679
NEW_05M,ANALYSIS,TRAPPED_REVERSAL,BUY_TRAPPED,60,600,6,8,0.0,0.0,-4.1606440475,-2.949551515
NEW_05M,ANALYSIS,TRAPPED_REVERSAL,BUY_TRAPPED,60,600,7,1,100.0,0.0,8.08625751,8.08625751
NEW_05M,ANALYSIS,TRAPPED_REVERSAL,BUY_TRAPPED,60,600,8,2,100.0,0.0,4.918528465,4.918528465
NEW_05M,ANALYSIS,TRAPPED_REVERSAL,BUY_TRAPPED,60,600,9,2,50.0,0.0,7.17319245,7.17319245
NEW_05M,ANALYSIS,TRAPPED_REVERSAL,BUY_TRAPPED,60,600,10,5,80.0,20.0,1.385722196,1.52094292
NEW_05M,ANALYSIS,TRAPPED_REVERSAL,BUY_TRAPPED,60,600,16,3,100.0,0.0,0.5313568233333333,0.5313571
NEW_05M,ANALYSIS,TRAPPED_REVERSAL,BUY_TRAPPED,60,600,20,1,100.0,0.0,0.24983526,0.24983526
NEW_05M,ANALYSIS,TRAPPED_REVERSAL,BUY_TRAPPED,60,600,21,8,100.0,0.0,18.69870684625,21.954067515
NEW_05M,ANALYSIS,TRAPPED_REVERSAL,BUY_TRAPPED,60,600,22,12,91.66666666666667,0.0,36.90115789916667,26.204439215
NEW_05M,ANALYSIS,TRAPPED_REVERSAL,BUY_TRAPPED,60,600,23,23,43.47826086956522,0.0,0.933794632608695,-0.15670322
NEW_05M,ANALYSIS,TRAPPED_REVERSAL,BUY_TRAPPED,180,60,0,4,50.0,0.0,-0.45972737749999987,0.03879944500000001
NEW_05M,ANALYSIS,TRAPPED_REVERSAL,BUY_TRAPPED,180,60,1,2,0.0,0.0,-2.658896685,-2.658896685
NEW_05M,ANALYSIS,TRAPPED_REVERSAL,BUY_TRAPPED,180,60,2,17,52.94117647058823,0.0,0.033283972941176465,0.10810744
NEW_05M,ANALYSIS,TRAPPED_REVERSAL,BUY_TRAPPED,180,60,3,4,25.0,0.0,-1.7614982525,-2.4642293950000003
NEW_05M,ANALYSIS,TRAPPED_REVERSAL,BUY_TRAPPED,180,60,4,2,50.0,0.0,0.42227934499999986,0.42227934499999986
NEW_05M,ANALYSIS,TRAPPED_REVERSAL,BUY_TRAPPED,180,60,5,1,0.0,0.0,-0.98294589,-0.98294589
NEW_05M,ANALYSIS,TRAPPED_REVERSAL,BUY_TRAPPED,180,60,6,10,20.0,10.0,-1.3039024989999997,-1.56632134
NEW_05M,ANALYSIS,TRAPPED_REVERSAL,BUY_TRAPPED,180,60,8,3,66.66666666666667,0.0,0.6442700366666667,1.07461183
NEW_05M,ANALYSIS,TRAPPED_REVERSAL,BUY_TRAPPED,180,60,9,1,100.0,0.0,2.32631229,2.32631229
NEW_05M,ANALYSIS,TRAPPED_REVERSAL,BUY_TRAPPED,180,60,18,2,50.0,0.0,-0.712077085,-0.712077085
NEW_05M,ANALYSIS,TRAPPED_REVERSAL,BUY_TRAPPED,180,60,19,1,0.0,0.0,-0.01562988,-0.01562988
NEW_05M,ANALYSIS,TRAPPED_REVERSAL,BUY_TRAPPED,180,60,21,6,83.33333333333333,0.0,4.3581639533333325,5.446592495
NEW_05M,ANALYSIS,TRAPPED_REVERSAL,BUY_TRAPPED,180,60,22,4,25.0,0.0,0.804166275,-1.468432825
NEW_05M,ANALYSIS,TRAPPED_REVERSAL,BUY_TRAPPED,180,60,23,6,50.0,0.0,1.5360601366666666,-0.861947485
NEW_05M,ANALYSIS,TRAPPED_REVERSAL,BUY_TRAPPED,180,180,0,4,75.0,0.0,0.4873684049999999,1.0047862
NEW_05M,ANALYSIS,TRAPPED_REVERSAL,BUY_TRAPPED,180,180,1,2,0.0,0.0,-3.11055877,-3.11055877
NEW_05M,ANALYSIS,TRAPPED_REVERSAL,BUY_TRAPPED,180,180,2,15,46.666666666666664,0.0,-0.8960772713333334,-0.03112748
NEW_05M,ANALYSIS,TRAPPED_REVERSAL,BUY_TRAPPED,180,180,3,4,0.0,0.0,-3.9440698650000003,-4.555467815
NEW_05M,ANALYSIS,TRAPPED_REVERSAL,BUY_TRAPPED,180,180,4,2,50.0,0.0,-2.3966113850000004,-2.3966113850000004
NEW_05M,ANALYSIS,TRAPPED_REVERSAL,BUY_TRAPPED,180,180,5,1,0.0,0.0,-7.12635769,-7.12635769
NEW_05M,ANALYSIS,TRAPPED_REVERSAL,BUY_TRAPPED,180,180,6,10,20.0,0.0,-1.7969846880000002,-2.1656572599999997
NEW_05M,ANALYSIS,TRAPPED_REVERSAL,BUY_TRAPPED,180,180,8,3,66.66666666666667,0.0,0.5626898066666667,0.46054793
NEW_05M,ANALYSIS,TRAPPED_REVERSAL,BUY_TRAPPED,180,180,9,1,100.0,0.0,8.05735977,8.05735977
NEW_05M,ANALYSIS,TRAPPED_REVERSAL,BUY_TRAPPED,180,180,18,2,100.0,0.0,0.39104728499999997,0.39104728499999997
NEW_05M,ANALYSIS,TRAPPED_REVERSAL,BUY_TRAPPED,180,180,19,1,0.0,0.0,-1.56298843,-1.56298843
NEW_05M,ANALYSIS,TRAPPED_REVERSAL,BUY_TRAPPED,180,180,21,6,83.33333333333333,0.0,6.829926405000001,8.21664372
NEW_05M,ANALYSIS,TRAPPED_REVERSAL,BUY_TRAPPED,180,180,22,2,100.0,0.0,16.619505685,16.619505685
NEW_05M,ANALYSIS,TRAPPED_REVERSAL,BUY_TRAPPED,180,180,23,6,66.66666666666667,0.0,3.986876648333333,3.371394585
NEW_05M,ANALYSIS,TRAPPED_REVERSAL,BUY_TRAPPED,180,300,0,4,75.0,0.0,3.9392162600000002,1.869371345
NEW_05M,ANALYSIS,TRAPPED_REVERSAL,BUY_TRAPPED,180,300,1,2,50.0,0.0,0.9058960050000002,0.9058960050000002
NEW_05M,ANALYSIS,TRAPPED_REVERSAL,BUY_TRAPPED,180,300,2,13,84.61538461538461,0.0,1.3115520584615383,2.78582312
NEW_05M,ANALYSIS,TRAPPED_REVERSAL,BUY_TRAPPED,180,300,3,4,0.0,0.0,-1.2629964724999998,-1.39932337
NEW_05M,ANALYSIS,TRAPPED_REVERSAL,BUY_TRAPPED,180,300,4,2,50.0,0.0,-0.40086054499999957,-0.40086054499999957
NEW_05M,ANALYSIS,TRAPPED_REVERSAL,BUY_TRAPPED,180,300,5,1,0.0,0.0,-6.17412886,-6.17412886
NEW_05M,ANALYSIS,TRAPPED_REVERSAL,BUY_TRAPPED,180,300,6,10,30.0,0.0,-1.065987065,-0.93684957
NEW_05M,ANALYSIS,TRAPPED_REVERSAL,BUY_TRAPPED,180,300,8,3,33.333333333333336,0.0,-0.5685490933333334,-0.12281278
NEW_05M,ANALYSIS,TRAPPED_REVERSAL,BUY_TRAPPED,180,300,9,1,100.0,0.0,9.18200081,9.18200081
NEW_05M,ANALYSIS,TRAPPED_REVERSAL,BUY_TRAPPED,180,300,18,2,50.0,0.0,0.007183519999999999,0.007183519999999999
NEW_05M,ANALYSIS,TRAPPED_REVERSAL,BUY_TRAPPED,180,300,19,1,0.0,0.0,-3.12597687,-3.12597687
NEW_05M,ANALYSIS,TRAPPED_REVERSAL,BUY_TRAPPED,180,300,21,6,83.33333333333333,0.0,6.329103388333333,4.77987353
NEW_05M,ANALYSIS,TRAPPED_REVERSAL,BUY_TRAPPED,180,300,22,2,100.0,0.0,29.191440635,29.191440635
NEW_05M,ANALYSIS,TRAPPED_REVERSAL,BUY_TRAPPED,180,300,23,6,0.0,0.0,-6.608186951666667,-4.5058324
NEW_05M,ANALYSIS,TRAPPED_REVERSAL,BUY_TRAPPED,180,600,0,4,75.0,0.0,4.89844883,5.413388055
NEW_05M,ANALYSIS,TRAPPED_REVERSAL,BUY_TRAPPED,180,600,1,2,50.0,0.0,7.045205885000001,7.045205885000001
NEW_05M,ANALYSIS,TRAPPED_REVERSAL,BUY_TRAPPED,180,600,2,12,41.666666666666664,0.0,-0.5120118641666668,-1.05521894
NEW_05M,ANALYSIS,TRAPPED_REVERSAL,BUY_TRAPPED,180,600,3,4,50.0,0.0,-0.7229728225000001,-1.702738225
NEW_05M,ANALYSIS,TRAPPED_REVERSAL,BUY_TRAPPED,180,600,4,2,50.0,0.0,-4.145559655,-4.145559655
NEW_05M,ANALYSIS,TRAPPED_REVERSAL,BUY_TRAPPED,180,600,5,1,100.0,0.0,3.85499091,3.85499091
NEW_05M,ANALYSIS,TRAPPED_REVERSAL,BUY_TRAPPED,180,600,6,10,10.0,0.0,-0.8820207810000001,-1.8892771449999999
NEW_05M,ANALYSIS,TRAPPED_REVERSAL,BUY_TRAPPED,180,600,8,3,100.0,0.0,6.012357823333333,5.41911397
NEW_05M,ANALYSIS,TRAPPED_REVERSAL,BUY_TRAPPED,180,600,9,1,100.0,0.0,8.75063165,8.75063165
NEW_05M,ANALYSIS,TRAPPED_REVERSAL,BUY_TRAPPED,180,600,18,2,0.0,0.0,-7.26669536,-7.26669536
NEW_05M,ANALYSIS,TRAPPED_REVERSAL,BUY_TRAPPED,180,600,19,1,0.0,0.0,-4.8921538,-4.8921538
NEW_05M,ANALYSIS,TRAPPED_REVERSAL,BUY_TRAPPED,180,600,21,4,100.0,0.0,13.739676655,14.207847619999999
NEW_05M,ANALYSIS,TRAPPED_REVERSAL,BUY_TRAPPED,180,600,22,2,100.0,0.0,36.45605639,36.45605639
NEW_05M,ANALYSIS,TRAPPED_REVERSAL,BUY_TRAPPED,180,600,23,6,50.0,0.0,-5.796185348333334,-4.302366065
NEW_05M,ANALYSIS,TRAPPED_REVERSAL,BUY_TRAPPED,300,60,0,3,33.333333333333336,0.0,0.15056926,-0.09347629
NEW_05M,ANALYSIS,TRAPPED_REVERSAL,BUY_TRAPPED,300,60,1,6,50.0,0.0,-0.09599784166666663,-0.14822822999999996
NEW_05M,ANALYSIS,TRAPPED_REVERSAL,BUY_TRAPPED,300,60,2,13,61.53846153846154,0.0,0.8111843253846155,1.04272852
NEW_05M,ANALYSIS,TRAPPED_REVERSAL,BUY_TRAPPED,300,60,3,5,40.0,0.0,-1.07587095,-1.81911187
NEW_05M,ANALYSIS,TRAPPED_REVERSAL,BUY_TRAPPED,300,60,6,11,45.45454545454545,0.0,-0.43149436818181824,-0.35319573
NEW_05M,ANALYSIS,TRAPPED_REVERSAL,BUY_TRAPPED,300,60,13,1,0.0,0.0,-1.04439945,-1.04439945
NEW_05M,ANALYSIS,TRAPPED_REVERSAL,BUY_TRAPPED,300,60,19,1,0.0,0.0,-0.60947404,-0.60947404
NEW_05M,ANALYSIS,TRAPPED_REVERSAL,BUY_TRAPPED,300,60,20,3,66.66666666666667,0.0,-0.00524596333333327,0.82766849
NEW_05M,ANALYSIS,TRAPPED_REVERSAL,BUY_TRAPPED,300,60,21,2,50.0,50.0,0.676496365,0.676496365
NEW_05M,ANALYSIS,TRAPPED_REVERSAL,BUY_TRAPPED,300,60,22,7,100.0,0.0,7.597202019999999,8.53924475
NEW_05M,ANALYSIS,TRAPPED_REVERSAL,BUY_TRAPPED,300,60,23,1,100.0,0.0,3.30627205,3.30627205
NEW_05M,ANALYSIS,TRAPPED_REVERSAL,BUY_TRAPPED,300,180,0,3,100.0,0.0,1.3657767133333334,1.35546744
NEW_05M,ANALYSIS,TRAPPED_REVERSAL,BUY_TRAPPED,300,180,1,6,100.0,0.0,4.302326585,5.070114425
NEW_05M,ANALYSIS,TRAPPED_REVERSAL,BUY_TRAPPED,300,180,2,10,70.0,0.0,-0.558440193,0.794722425
NEW_05M,ANALYSIS,TRAPPED_REVERSAL,BUY_TRAPPED,300,180,3,5,0.0,0.0,-1.522548274,-0.85492538
NEW_05M,ANALYSIS,TRAPPED_REVERSAL,BUY_TRAPPED,300,180,6,11,27.272727272727273,0.0,-1.7706255327272729,-2.28857204
NEW_05M,ANALYSIS,TRAPPED_REVERSAL,BUY_TRAPPED,300,180,13,1,0.0,0.0,-2.58761654,-2.58761654
NEW_05M,ANALYSIS,TRAPPED_REVERSAL,BUY_TRAPPED,300,180,19,1,0.0,0.0,-3.35992099,-3.35992099
NEW_05M,ANALYSIS,TRAPPED_REVERSAL,BUY_TRAPPED,300,180,20,3,66.66666666666667,0.0,1.1347851500000001,1.90520214
NEW_05M,ANALYSIS,TRAPPED_REVERSAL,BUY_TRAPPED,300,180,21,2,0.0,0.0,-1.38374364,-1.38374364
NEW_05M,ANALYSIS,TRAPPED_REVERSAL,BUY_TRAPPED,300,180,22,7,100.0,0.0,16.44254302,6.84392431
NEW_05M,ANALYSIS,TRAPPED_REVERSAL,BUY_TRAPPED,300,180,23,1,0.0,0.0,-1.08119797,-1.08119797
NEW_05M,ANALYSIS,TRAPPED_REVERSAL,BUY_TRAPPED,300,300,0,3,100.0,0.0,2.4095794600000002,2.4302283
NEW_05M,ANALYSIS,TRAPPED_REVERSAL,BUY_TRAPPED,300,300,1,6,100.0,0.0,8.675084205,7.1668568950000004
NEW_05M,ANALYSIS,TRAPPED_REVERSAL,BUY_TRAPPED,300,300,2,10,70.0,0.0,0.343082332,2.862543885
NEW_05M,ANALYSIS,TRAPPED_REVERSAL,BUY_TRAPPED,300,300,3,5,0.0,0.0,-3.1246303060000002,-2.62695253
NEW_05M,ANALYSIS,TRAPPED_REVERSAL,BUY_TRAPPED,300,300,6,11,0.0,0.0,-2.102936460909091,-1.81203931
NEW_05M,ANALYSIS,TRAPPED_REVERSAL,BUY_TRAPPED,300,300,13,1,100.0,0.0,3.44495937,3.44495937
NEW_05M,ANALYSIS,TRAPPED_REVERSAL,BUY_TRAPPED,300,300,19,1,0.0,0.0,-6.18850563,-6.18850563
NEW_05M,ANALYSIS,TRAPPED_REVERSAL,BUY_TRAPPED,300,300,20,3,100.0,0.0,1.775086,1.90520214
NEW_05M,ANALYSIS,TRAPPED_REVERSAL,BUY_TRAPPED,300,300,21,2,100.0,0.0,3.74379525,3.74379525
NEW_05M,ANALYSIS,TRAPPED_REVERSAL,BUY_TRAPPED,300,300,22,4,100.0,0.0,37.1687448225,46.27278888
NEW_05M,ANALYSIS,TRAPPED_REVERSAL,BUY_TRAPPED,300,300,23,1,100.0,0.0,0.42307747,0.42307747
NEW_05M,ANALYSIS,TRAPPED_REVERSAL,BUY_TRAPPED,300,600,0,3,100.0,0.0,4.938613193333333,4.87634645
NEW_05M,ANALYSIS,TRAPPED_REVERSAL,BUY_TRAPPED,300,600,1,6,100.0,0.0,13.759783226666665,16.76405399
NEW_05M,ANALYSIS,TRAPPED_REVERSAL,BUY_TRAPPED,300,600,2,10,10.0,0.0,-3.1435054430000005,-3.371279515
NEW_05M,ANALYSIS,TRAPPED_REVERSAL,BUY_TRAPPED,300,600,3,5,20.0,0.0,-0.9536705700000001,-1.07254275
NEW_05M,ANALYSIS,TRAPPED_REVERSAL,BUY_TRAPPED,300,600,6,11,0.0,0.0,-4.792085771818183,-4.77640731
NEW_05M,ANALYSIS,TRAPPED_REVERSAL,BUY_TRAPPED,300,600,13,1,100.0,0.0,5.20640918,5.20640918
NEW_05M,ANALYSIS,TRAPPED_REVERSAL,BUY_TRAPPED,300,600,19,1,0.0,0.0,-9.76721217,-9.76721217
NEW_05M,ANALYSIS,TRAPPED_REVERSAL,BUY_TRAPPED,300,600,20,3,66.66666666666667,0.0,-0.010432020000000023,0.68712208
NEW_05M,ANALYSIS,TRAPPED_REVERSAL,BUY_TRAPPED,300,600,22,3,100.0,0.0,36.212221819999996,35.49005672
NEW_05M,ANALYSIS,TRAPPED_REVERSAL,BUY_TRAPPED,300,600,23,1,100.0,0.0,8.69659235,8.69659235
NEW_05M,ANALYSIS,TRAPPED_REVERSAL,BUY_TRAPPED,900,60,3,1,0.0,0.0,-3.82500152,-3.82500152
NEW_05M,ANALYSIS,TRAPPED_REVERSAL,BUY_TRAPPED,900,60,4,2,0.0,0.0,-1.4980328699999998,-1.4980328699999998
NEW_05M,ANALYSIS,TRAPPED_REVERSAL,BUY_TRAPPED,900,180,3,1,0.0,0.0,-4.08933089,-4.08933089
NEW_05M,ANALYSIS,TRAPPED_REVERSAL,BUY_TRAPPED,900,180,4,2,0.0,0.0,-9.58230608,-9.58230608
NEW_05M,ANALYSIS,TRAPPED_REVERSAL,BUY_TRAPPED,900,300,3,1,0.0,0.0,-3.07865976,-3.07865976
NEW_05M,ANALYSIS,TRAPPED_REVERSAL,BUY_TRAPPED,900,300,4,2,0.0,0.0,-16.563051955,-16.563051955
NEW_05M,ANALYSIS,TRAPPED_REVERSAL,BUY_TRAPPED,900,600,3,1,0.0,0.0,-4.36920905,-4.36920905
NEW_05M,ANALYSIS,TRAPPED_REVERSAL,BUY_TRAPPED,900,600,4,2,0.0,0.0,-32.59291762,-32.59291762
NEW_05M,ANALYSIS,TRAPPED_REVERSAL,SELL_TRAPPED,30,60,0,11,81.81818181818181,0.0,2.6654759027272728,1.65506301
NEW_05M,ANALYSIS,TRAPPED_REVERSAL,SELL_TRAPPED,30,60,1,12,41.666666666666664,0.0,-0.27420665333333333,-0.5862311899999999
NEW_05M,ANALYSIS,TRAPPED_REVERSAL,SELL_TRAPPED,30,60,2,4,75.0,0.0,1.8149393299999999,1.7775472749999999
NEW_05M,ANALYSIS,TRAPPED_REVERSAL,SELL_TRAPPED,30,60,3,5,100.0,0.0,2.298601116,2.02750229
NEW_05M,ANALYSIS,TRAPPED_REVERSAL,SELL_TRAPPED,30,60,4,8,25.0,0.0,-2.2247334587500003,-3.12664224
NEW_05M,ANALYSIS,TRAPPED_REVERSAL,SELL_TRAPPED,30,60,5,2,100.0,0.0,2.3991068650000003,2.3991068650000003
NEW_05M,ANALYSIS,TRAPPED_REVERSAL,SELL_TRAPPED,30,60,6,9,11.11111111111111,22.22222222222222,-0.8297793577777777,-0.51453242
NEW_05M,ANALYSIS,TRAPPED_REVERSAL,SELL_TRAPPED,30,60,7,8,50.0,0.0,0.7329083587499998,0.484569945
NEW_05M,ANALYSIS,TRAPPED_REVERSAL,SELL_TRAPPED,30,60,8,3,100.0,0.0,0.8443463533333335,0.16879735
NEW_05M,ANALYSIS,TRAPPED_REVERSAL,SELL_TRAPPED,30,60,9,5,20.0,0.0,-4.3290107859999996,-5.46813387
NEW_05M,ANALYSIS,TRAPPED_REVERSAL,SELL_TRAPPED,30,60,10,7,57.142857142857146,0.0,0.9161131699999999,2.55157721
NEW_05M,ANALYSIS,TRAPPED_REVERSAL,SELL_TRAPPED,30,60,11,8,50.0,0.0,-0.19698439,-0.44571637000000003
NEW_05M,ANALYSIS,TRAPPED_REVERSAL,SELL_TRAPPED,30,60,12,6,83.33333333333333,0.0,1.9068010099999997,0.937990785
NEW_05M,ANALYSIS,TRAPPED_REVERSAL,SELL_TRAPPED,30,60,13,11,45.45454545454545,0.0,-0.2911539072727274,-0.01530283
NEW_05M,ANALYSIS,TRAPPED_REVERSAL,SELL_TRAPPED,30,60,14,1,100.0,0.0,2.07910933,2.07910933
NEW_05M,ANALYSIS,TRAPPED_REVERSAL,SELL_TRAPPED,30,60,15,1,100.0,0.0,1.65760198,1.65760198
NEW_05M,ANALYSIS,TRAPPED_REVERSAL,SELL_TRAPPED,30,60,17,4,75.0,0.0,0.8024196575000001,2.378286745
NEW_05M,ANALYSIS,TRAPPED_REVERSAL,SELL_TRAPPED,30,60,18,1,0.0,0.0,-1.09696548,-1.09696548
NEW_05M,ANALYSIS,TRAPPED_REVERSAL,SELL_TRAPPED,30,60,19,1,0.0,0.0,-2.06312216,-2.06312216
NEW_05M,ANALYSIS,TRAPPED_REVERSAL,SELL_TRAPPED,30,60,21,3,33.333333333333336,0.0,-0.18947075000000005,-0.46138514
NEW_05M,ANALYSIS,TRAPPED_REVERSAL,SELL_TRAPPED,30,60,22,2,100.0,0.0,2.762059945,2.762059945
NEW_05M,ANALYSIS,TRAPPED_REVERSAL,SELL_TRAPPED,30,60,23,5,100.0,0.0,5.223196242,2.13660218
NEW_05M,ANALYSIS,TRAPPED_REVERSAL,SELL_TRAPPED,30,180,0,11,63.63636363636363,0.0,3.003121734545455,0.90312575
NEW_05M,ANALYSIS,TRAPPED_REVERSAL,SELL_TRAPPED,30,180,1,12,8.333333333333334,0.0,-2.9598253866666666,-2.63780457
NEW_05M,ANALYSIS,TRAPPED_REVERSAL,SELL_TRAPPED,30,180,2,4,100.0,0.0,10.080160455,7.43938089
NEW_05M,ANALYSIS,TRAPPED_REVERSAL,SELL_TRAPPED,30,180,3,4,100.0,0.0,4.900759675,5.582794865
NEW_05M,ANALYSIS,TRAPPED_REVERSAL,SELL_TRAPPED,30,180,4,6,50.0,0.0,-2.892648710000001,-4.48661301
NEW_05M,ANALYSIS,TRAPPED_REVERSAL,SELL_TRAPPED,30,180,5,2,100.0,0.0,2.4374099,2.4374099
NEW_05M,ANALYSIS,TRAPPED_REVERSAL,SELL_TRAPPED,30,180,6,9,11.11111111111111,0.0,-2.828847117777778,-2.24514487
NEW_05M,ANALYSIS,TRAPPED_REVERSAL,SELL_TRAPPED,30,180,7,8,50.0,0.0,3.7566654675000013,0.675435215
NEW_05M,ANALYSIS,TRAPPED_REVERSAL,SELL_TRAPPED,30,180,8,3,0.0,0.0,-0.5424073166666666,-0.16879735
NEW_05M,ANALYSIS,TRAPPED_REVERSAL,SELL_TRAPPED,30,180,9,5,20.0,0.0,0.4610897340000001,-1.8021737
NEW_05M,ANALYSIS,TRAPPED_REVERSAL,SELL_TRAPPED,30,180,10,7,85.71428571428571,0.0,5.340190054285714,4.16474566
NEW_05M,ANALYSIS,TRAPPED_REVERSAL,SELL_TRAPPED,30,180,11,8,75.0,0.0,3.39973679875,5.01606479
NEW_05M,ANALYSIS,TRAPPED_REVERSAL,SELL_TRAPPED,30,180,12,6,66.66666666666667,0.0,2.935431975,1.93664667
NEW_05M,ANALYSIS,TRAPPED_REVERSAL,SELL_TRAPPED,30,180,13,7,0.0,0.0,-3.0030029042857143,-3.2139676
NEW_05M,ANALYSIS,TRAPPED_REVERSAL,SELL_TRAPPED,30,180,14,1,100.0,0.0,1.04737086,1.04737086
NEW_05M,ANALYSIS,TRAPPED_REVERSAL,SELL_TRAPPED,30,180,15,1,100.0,0.0,1.98599483,1.98599483
NEW_05M,ANALYSIS,TRAPPED_REVERSAL,SELL_TRAPPED,30,180,17,4,25.0,0.0,-1.1532127474999998,-2.00279997
NEW_05M,ANALYSIS,TRAPPED_REVERSAL,SELL_TRAPPED,30,180,18,1,100.0,0.0,0.09402561,0.09402561
NEW_05M,ANALYSIS,TRAPPED_REVERSAL,SELL_TRAPPED,30,180,19,1,0.0,0.0,-2.07875187,-2.07875187
NEW_05M,ANALYSIS,TRAPPED_REVERSAL,SELL_TRAPPED,30,180,21,3,33.333333333333336,0.0,-3.0294803233333334,-6.13642236
NEW_05M,ANALYSIS,TRAPPED_REVERSAL,SELL_TRAPPED,30,180,22,2,0.0,0.0,-8.29199259,-8.29199259
NEW_05M,ANALYSIS,TRAPPED_REVERSAL,SELL_TRAPPED,30,180,23,5,100.0,0.0,9.293172574,2.12100654
NEW_05M,ANALYSIS,TRAPPED_REVERSAL,SELL_TRAPPED,30,300,0,10,50.0,0.0,4.352561317,0.19490068500000002
NEW_05M,ANALYSIS,TRAPPED_REVERSAL,SELL_TRAPPED,30,300,1,12,0.0,0.0,-4.814680654166668,-4.71879205
NEW_05M,ANALYSIS,TRAPPED_REVERSAL,SELL_TRAPPED,30,300,2,3,100.0,0.0,6.83137122,1.79328842
NEW_05M,ANALYSIS,TRAPPED_REVERSAL,SELL_TRAPPED,30,300,3,4,100.0,0.0,6.210651535,5.55127928
NEW_05M,ANALYSIS,TRAPPED_REVERSAL,SELL_TRAPPED,30,300,4,3,100.0,0.0,6.161606303333333,3.75158632
NEW_05M,ANALYSIS,TRAPPED_REVERSAL,SELL_TRAPPED,30,300,5,2,100.0,0.0,2.92182547,2.92182547
NEW_05M,ANALYSIS,TRAPPED_REVERSAL,SELL_TRAPPED,30,300,6,9,33.333333333333336,11.11111111111111,-1.6367669822222222,-0.70157386
NEW_05M,ANALYSIS,TRAPPED_REVERSAL,SELL_TRAPPED,30,300,7,8,50.0,0.0,5.542670384999999,0.028922859999999995
NEW_05M,ANALYSIS,TRAPPED_REVERSAL,SELL_TRAPPED,30,300,8,3,33.333333333333336,0.0,0.7066864433333332,-1.41175965
NEW_05M,ANALYSIS,TRAPPED_REVERSAL,SELL_TRAPPED,30,300,9,5,0.0,0.0,-2.1538785000000003,-1.96063296
NEW_05M,ANALYSIS,TRAPPED_REVERSAL,SELL_TRAPPED,30,300,10,7,57.142857142857146,0.0,4.163941305714285,0.83083698
NEW_05M,ANALYSIS,TRAPPED_REVERSAL,SELL_TRAPPED,30,300,11,8,87.5,0.0,8.556524835,8.947368619999999
NEW_05M,ANALYSIS,TRAPPED_REVERSAL,SELL_TRAPPED,30,300,12,6,100.0,0.0,7.783871563333334,4.915342535
NEW_05M,ANALYSIS,TRAPPED_REVERSAL,SELL_TRAPPED,30,300,13,7,0.0,0.0,-6.666094414285715,-7.84271759
NEW_05M,ANALYSIS,TRAPPED_REVERSAL,SELL_TRAPPED,30,300,14,1,100.0,0.0,4.50213148,4.50213148
NEW_05M,ANALYSIS,TRAPPED_REVERSAL,SELL_TRAPPED,30,300,15,1,100.0,0.0,1.12591833,1.12591833
NEW_05M,ANALYSIS,TRAPPED_REVERSAL,SELL_TRAPPED,30,300,17,4,25.0,0.0,-5.506980875,-8.197438845
NEW_05M,ANALYSIS,TRAPPED_REVERSAL,SELL_TRAPPED,30,300,18,1,100.0,0.0,2.53869154,2.53869154
NEW_05M,ANALYSIS,TRAPPED_REVERSAL,SELL_TRAPPED,30,300,19,1,0.0,0.0,-0.45326169,-0.45326169
NEW_05M,ANALYSIS,TRAPPED_REVERSAL,SELL_TRAPPED,30,300,21,3,0.0,0.0,-3.896723793333333,-4.33853496
NEW_05M,ANALYSIS,TRAPPED_REVERSAL,SELL_TRAPPED,30,300,23,5,100.0,0.0,12.174080523999999,5.10188957
NEW_05M,ANALYSIS,TRAPPED_REVERSAL,SELL_TRAPPED,30,600,0,10,40.0,0.0,2.9771618650000007,-0.17955872
NEW_05M,ANALYSIS,TRAPPED_REVERSAL,SELL_TRAPPED,30,600,1,12,0.0,0.0,-10.730313128333334,-10.808410915
NEW_05M,ANALYSIS,TRAPPED_REVERSAL,SELL_TRAPPED,30,600,2,3,100.0,0.0,6.142278946666667,4.69373752
NEW_05M,ANALYSIS,TRAPPED_REVERSAL,SELL_TRAPPED,30,600,3,1,100.0,0.0,1.23205335,1.23205335
NEW_05M,ANALYSIS,TRAPPED_REVERSAL,SELL_TRAPPED,30,600,4,3,100.0,0.0,3.32124552,3.8183405
NEW_05M,ANALYSIS,TRAPPED_REVERSAL,SELL_TRAPPED,30,600,5,2,100.0,0.0,10.42823384,10.42823384
NEW_05M,ANALYSIS,TRAPPED_REVERSAL,SELL_TRAPPED,30,600,6,9,22.22222222222222,0.0,-2.8027029244444446,-4.05374644
NEW_05M,ANALYSIS,TRAPPED_REVERSAL,SELL_TRAPPED,30,600,7,8,100.0,0.0,9.238424807499998,3.30624402
NEW_05M,ANALYSIS,TRAPPED_REVERSAL,SELL_TRAPPED,30,600,8,3,33.333333333333336,0.0,-1.5390720500000004,-4.03579118
NEW_05M,ANALYSIS,TRAPPED_REVERSAL,SELL_TRAPPED,30,600,9,5,20.0,0.0,-3.477844228,-6.23829357
NEW_05M,ANALYSIS,TRAPPED_REVERSAL,SELL_TRAPPED,30,600,10,7,100.0,0.0,8.873768777142855,9.78541327
NEW_05M,ANALYSIS,TRAPPED_REVERSAL,SELL_TRAPPED,30,600,11,8,87.5,0.0,12.21418461875,14.32111559
NEW_05M,ANALYSIS,TRAPPED_REVERSAL,SELL_TRAPPED,30,600,12,6,100.0,0.0,13.968186008333333,14.75661165
NEW_05M,ANALYSIS,TRAPPED_REVERSAL,SELL_TRAPPED,30,600,13,1,0.0,0.0,-10.79329165,-10.79329165
NEW_05M,ANALYSIS,TRAPPED_REVERSAL,SELL_TRAPPED,30,600,14,1,100.0,0.0,7.05021284,7.05021284
NEW_05M,ANALYSIS,TRAPPED_REVERSAL,SELL_TRAPPED,30,600,15,1,100.0,0.0,5.05099472,5.05099472
NEW_05M,ANALYSIS,TRAPPED_REVERSAL,SELL_TRAPPED,30,600,17,4,50.0,0.0,-6.9434256350000005,-7.25250357
NEW_05M,ANALYSIS,TRAPPED_REVERSAL,SELL_TRAPPED,30,600,18,1,100.0,0.0,4.32517818,4.32517818
NEW_05M,ANALYSIS,TRAPPED_REVERSAL,SELL_TRAPPED,30,600,19,1,100.0,0.0,2.48512442,2.48512442
NEW_05M,ANALYSIS,TRAPPED_REVERSAL,SELL_TRAPPED,30,600,21,1,0.0,0.0,-3.66160043,-3.66160043
NEW_05M,ANALYSIS,TRAPPED_REVERSAL,SELL_TRAPPED,30,600,23,5,100.0,0.0,18.782721962,5.98872435
NEW_05M,ANALYSIS,TRAPPED_REVERSAL,SELL_TRAPPED,60,60,0,5,60.0,40.0,1.227598934,0.0155863
NEW_05M,ANALYSIS,TRAPPED_REVERSAL,SELL_TRAPPED,60,60,1,4,0.0,25.0,-1.2851101125,-1.0390946300000001
NEW_05M,ANALYSIS,TRAPPED_REVERSAL,SELL_TRAPPED,60,60,2,4,75.0,0.0,1.6219495675,1.567893745
NEW_05M,ANALYSIS,TRAPPED_REVERSAL,SELL_TRAPPED,60,60,3,6,100.0,0.0,1.515304493333333,1.660942655
NEW_05M,ANALYSIS,TRAPPED_REVERSAL,SELL_TRAPPED,60,60,4,12,50.0,0.0,-0.8247521191666668,0.13247060000000002
NEW_05M,ANALYSIS,TRAPPED_REVERSAL,SELL_TRAPPED,60,60,5,2,50.0,0.0,0.12384372999999993,0.12384372999999993
NEW_05M,ANALYSIS,TRAPPED_REVERSAL,SELL_TRAPPED,60,60,6,23,26.08695652173913,4.3478260869565215,-0.9752664191304348,-0.51453242
NEW_05M,ANALYSIS,TRAPPED_REVERSAL,SELL_TRAPPED,60,60,7,9,55.55555555555556,0.0,0.6044735877777778,0.01558501
NEW_05M,ANALYSIS,TRAPPED_REVERSAL,SELL_TRAPPED,60,60,8,9,55.55555555555556,0.0,0.12531939444444445,0.01534498
NEW_05M,ANALYSIS,TRAPPED_REVERSAL,SELL_TRAPPED,60,60,9,3,66.66666666666667,0.0,1.1509661533333333,0.0468194
NEW_05M,ANALYSIS,TRAPPED_REVERSAL,SELL_TRAPPED,60,60,10,12,66.66666666666667,0.0,2.2075565466666665,0.37685212
NEW_05M,ANALYSIS,TRAPPED_REVERSAL,SELL_TRAPPED,60,60,11,7,71.42857142857143,0.0,1.6566651071428573,1.38495203
NEW_05M,ANALYSIS,TRAPPED_REVERSAL,SELL_TRAPPED,60,60,12,6,66.66666666666667,0.0,-0.5385199233333332,0.35140739499999996
NEW_05M,ANALYSIS,TRAPPED_REVERSAL,SELL_TRAPPED,60,60,13,7,14.285714285714286,14.285714285714286,-1.044649267142857,-0.62741977
NEW_05M,ANALYSIS,TRAPPED_REVERSAL,SELL_TRAPPED,60,60,15,2,50.0,0.0,-0.5629041850000001,-0.5629041850000001
NEW_05M,ANALYSIS,TRAPPED_REVERSAL,SELL_TRAPPED,60,60,16,1,100.0,0.0,0.25007854,0.25007854
NEW_05M,ANALYSIS,TRAPPED_REVERSAL,SELL_TRAPPED,60,60,17,3,66.66666666666667,0.0,-0.33876404000000004,0.56388063
NEW_05M,ANALYSIS,TRAPPED_REVERSAL,SELL_TRAPPED,60,60,20,2,100.0,0.0,0.747572005,0.747572005
NEW_05M,ANALYSIS,TRAPPED_REVERSAL,SELL_TRAPPED,60,60,21,3,66.66666666666667,0.0,2.1213716666666667,2.36926722
NEW_05M,ANALYSIS,TRAPPED_REVERSAL,SELL_TRAPPED,60,60,22,1,100.0,0.0,0.49934461,0.49934461
NEW_05M,ANALYSIS,TRAPPED_REVERSAL,SELL_TRAPPED,60,60,23,2,100.0,0.0,1.5519679700000002,1.5519679700000002
NEW_05M,ANALYSIS,TRAPPED_REVERSAL,SELL_TRAPPED,60,180,0,5,20.0,0.0,-0.296115182,-1.37159459
NEW_05M,ANALYSIS,TRAPPED_REVERSAL,SELL_TRAPPED,60,180,1,4,0.0,0.0,-4.0427071325,-4.788669414999999
NEW_05M,ANALYSIS,TRAPPED_REVERSAL,SELL_TRAPPED,60,180,2,4,25.0,0.0,-0.10963731500000001,-1.031807005
NEW_05M,ANALYSIS,TRAPPED_REVERSAL,SELL_TRAPPED,60,180,3,5,100.0,0.0,3.3935256439999995,2.0118967
NEW_05M,ANALYSIS,TRAPPED_REVERSAL,SELL_TRAPPED,60,180,4,6,83.33333333333333,0.0,2.932368921666667,2.146193295
NEW_05M,ANALYSIS,TRAPPED_REVERSAL,SELL_TRAPPED,60,180,5,2,50.0,0.0,-3.631727965,-3.631727965
NEW_05M,ANALYSIS,TRAPPED_REVERSAL,SELL_TRAPPED,60,180,6,23,13.043478260869565,0.0,-2.9106746356521738,-2.60319242
NEW_05M,ANALYSIS,TRAPPED_REVERSAL,SELL_TRAPPED,60,180,7,9,33.333333333333336,0.0,1.5178788055555554,-1.49700599
NEW_05M,ANALYSIS,TRAPPED_REVERSAL,SELL_TRAPPED,60,180,8,9,0.0,0.0,-1.4570802977777777,-1.3814614
NEW_05M,ANALYSIS,TRAPPED_REVERSAL,SELL_TRAPPED,60,180,9,3,66.66666666666667,0.0,2.5349158800000002,2.77408756
NEW_05M,ANALYSIS,TRAPPED_REVERSAL,SELL_TRAPPED,60,180,10,12,66.66666666666667,0.0,6.191237024166667,9.77489291
NEW_05M,ANALYSIS,TRAPPED_REVERSAL,SELL_TRAPPED,60,180,11,7,85.71428571428571,0.0,6.571230495714287,7.82411151
NEW_05M,ANALYSIS,TRAPPED_REVERSAL,SELL_TRAPPED,60,180,12,6,83.33333333333333,0.0,2.1740729733333333,1.7648184850000002
NEW_05M,ANALYSIS,TRAPPED_REVERSAL,SELL_TRAPPED,60,180,13,5,0.0,0.0,-3.7919376139999996,-4.26948892
NEW_05M,ANALYSIS,TRAPPED_REVERSAL,SELL_TRAPPED,60,180,15,2,100.0,0.0,2.4863791749999997,2.4863791749999997
NEW_05M,ANALYSIS,TRAPPED_REVERSAL,SELL_TRAPPED,60,180,16,1,100.0,0.0,2.43826577,2.43826577
NEW_05M,ANALYSIS,TRAPPED_REVERSAL,SELL_TRAPPED,60,180,17,3,33.333333333333336,0.0,-4.498273213333333,-7.28998659
NEW_05M,ANALYSIS,TRAPPED_REVERSAL,SELL_TRAPPED,60,180,20,2,50.0,0.0,-0.057013784999999984,-0.057013784999999984
NEW_05M,ANALYSIS,TRAPPED_REVERSAL,SELL_TRAPPED,60,180,21,3,33.333333333333336,0.0,-1.6629918199999996,-0.74951633
NEW_05M,ANALYSIS,TRAPPED_REVERSAL,SELL_TRAPPED,60,180,22,1,100.0,0.0,2.02858748,2.02858748
NEW_05M,ANALYSIS,TRAPPED_REVERSAL,SELL_TRAPPED,60,180,23,2,100.0,0.0,1.4661593650000002,1.4661593650000002
NEW_05M,ANALYSIS,TRAPPED_REVERSAL,SELL_TRAPPED,60,300,0,4,50.0,0.0,-0.5252704375000001,0.3662781
NEW_05M,ANALYSIS,TRAPPED_REVERSAL,SELL_TRAPPED,60,300,1,4,0.0,0.0,-3.5311154700000005,-3.6250116549999998
NEW_05M,ANALYSIS,TRAPPED_REVERSAL,SELL_TRAPPED,60,300,2,4,75.0,0.0,0.36388119750000003,0.99048409
NEW_05M,ANALYSIS,TRAPPED_REVERSAL,SELL_TRAPPED,60,300,3,5,60.0,0.0,2.198682606,0.23395279
NEW_05M,ANALYSIS,TRAPPED_REVERSAL,SELL_TRAPPED,60,300,4,6,83.33333333333333,0.0,1.41752437,0.92318606
NEW_05M,ANALYSIS,TRAPPED_REVERSAL,SELL_TRAPPED,60,300,5,2,50.0,0.0,-3.6472958299999996,-3.6472958299999996
NEW_05M,ANALYSIS,TRAPPED_REVERSAL,SELL_TRAPPED,60,300,6,23,13.043478260869565,0.0,-2.4912235895652177,-2.47993437
NEW_05M,ANALYSIS,TRAPPED_REVERSAL,SELL_TRAPPED,60,300,7,9,22.22222222222222,0.0,2.4069384455555554,-1.24750499
NEW_05M,ANALYSIS,TRAPPED_REVERSAL,SELL_TRAPPED,60,300,8,9,33.333333333333336,0.0,-0.43923591888888897,-1.26303972
NEW_05M,ANALYSIS,TRAPPED_REVERSAL,SELL_TRAPPED,60,300,9,3,66.66666666666667,0.0,2.82618546,3.29808187
NEW_05M,ANALYSIS,TRAPPED_REVERSAL,SELL_TRAPPED,60,300,10,12,66.66666666666667,0.0,7.100316360833335,10.28136691
NEW_05M,ANALYSIS,TRAPPED_REVERSAL,SELL_TRAPPED,60,300,11,7,85.71428571428571,0.0,9.799262874285716,9.02649415
NEW_05M,ANALYSIS,TRAPPED_REVERSAL,SELL_TRAPPED,60,300,12,6,66.66666666666667,0.0,2.281967846666667,4.169891045
NEW_05M,ANALYSIS,TRAPPED_REVERSAL,SELL_TRAPPED,60,300,13,5,0.0,0.0,-7.19520436,-9.08987963
NEW_05M,ANALYSIS,TRAPPED_REVERSAL,SELL_TRAPPED,60,300,15,2,100.0,0.0,7.3731265100000005,7.3731265100000005
NEW_05M,ANALYSIS,TRAPPED_REVERSAL,SELL_TRAPPED,60,300,16,1,100.0,0.0,3.14161166,3.14161166
NEW_05M,ANALYSIS,TRAPPED_REVERSAL,SELL_TRAPPED,60,300,17,3,33.333333333333336,0.0,-6.438340986666667,-8.56785285
NEW_05M,ANALYSIS,TRAPPED_REVERSAL,SELL_TRAPPED,60,300,20,2,50.0,0.0,-4.316414175,-4.316414175
NEW_05M,ANALYSIS,TRAPPED_REVERSAL,SELL_TRAPPED,60,300,21,3,0.0,0.0,-4.751208340000001,-4.33852829
NEW_05M,ANALYSIS,TRAPPED_REVERSAL,SELL_TRAPPED,60,300,22,1,100.0,0.0,2.02858748,2.02858748
NEW_05M,ANALYSIS,TRAPPED_REVERSAL,SELL_TRAPPED,60,300,23,2,100.0,0.0,3.89998181,3.89998181
NEW_05M,ANALYSIS,TRAPPED_REVERSAL,SELL_TRAPPED,60,600,0,4,25.0,0.0,-1.81836799,-0.52214112
NEW_05M,ANALYSIS,TRAPPED_REVERSAL,SELL_TRAPPED,60,600,1,4,0.0,0.0,-11.593212632499998,-12.295866185
NEW_05M,ANALYSIS,TRAPPED_REVERSAL,SELL_TRAPPED,60,600,2,4,100.0,0.0,8.40065203,8.9391204
NEW_05M,ANALYSIS,TRAPPED_REVERSAL,SELL_TRAPPED,60,600,3,1,100.0,0.0,2.02759083,2.02759083
NEW_05M,ANALYSIS,TRAPPED_REVERSAL,SELL_TRAPPED,60,600,4,5,40.0,0.0,1.1510864140000001,-0.93215323
NEW_05M,ANALYSIS,TRAPPED_REVERSAL,SELL_TRAPPED,60,600,5,2,50.0,0.0,-2.221038555,-2.221038555
NEW_05M,ANALYSIS,TRAPPED_REVERSAL,SELL_TRAPPED,60,600,6,23,34.78260869565217,0.0,-2.3592283556521743,-3.5555112
NEW_05M,ANALYSIS,TRAPPED_REVERSAL,SELL_TRAPPED,60,600,7,9,33.333333333333336,0.0,3.6154104266666676,-0.53009373
NEW_05M,ANALYSIS,TRAPPED_REVERSAL,SELL_TRAPPED,60,600,8,9,77.77777777777777,0.0,1.0492167533333339,0.87321264
NEW_05M,ANALYSIS,TRAPPED_REVERSAL,SELL_TRAPPED,60,600,9,3,66.66666666666667,0.0,2.0098340100000005,5.17829677
NEW_05M,ANALYSIS,TRAPPED_REVERSAL,SELL_TRAPPED,60,600,10,12,75.0,0.0,8.918685698333334,13.111167145
NEW_05M,ANALYSIS,TRAPPED_REVERSAL,SELL_TRAPPED,60,600,11,7,85.71428571428571,0.0,15.910491577142855,20.96184205
NEW_05M,ANALYSIS,TRAPPED_REVERSAL,SELL_TRAPPED,60,600,12,5,100.0,0.0,7.865330426,6.38780039
NEW_05M,ANALYSIS,TRAPPED_REVERSAL,SELL_TRAPPED,60,600,13,1,0.0,0.0,-11.09232641,-11.09232641
NEW_05M,ANALYSIS,TRAPPED_REVERSAL,SELL_TRAPPED,60,600,15,2,100.0,0.0,2.45520736,2.45520736
NEW_05M,ANALYSIS,TRAPPED_REVERSAL,SELL_TRAPPED,60,600,16,1,100.0,0.0,1.39106188,1.39106188
NEW_05M,ANALYSIS,TRAPPED_REVERSAL,SELL_TRAPPED,60,600,17,3,66.66666666666667,0.0,-1.7764789299999997,3.83752093
NEW_05M,ANALYSIS,TRAPPED_REVERSAL,SELL_TRAPPED,60,600,20,1,100.0,0.0,3.01448515,3.01448515
NEW_05M,ANALYSIS,TRAPPED_REVERSAL,SELL_TRAPPED,60,600,21,3,0.0,0.0,-8.82660127,-3.71635179
NEW_05M,ANALYSIS,TRAPPED_REVERSAL,SELL_TRAPPED,60,600,22,1,100.0,0.0,2.60595468,2.60595468
NEW_05M,ANALYSIS,TRAPPED_REVERSAL,SELL_TRAPPED,60,600,23,2,100.0,0.0,5.272277165,5.272277165
NEW_05M,ANALYSIS,TRAPPED_REVERSAL,SELL_TRAPPED,180,60,0,3,33.333333333333336,33.333333333333336,0.31230791666666663,0.0
NEW_05M,ANALYSIS,TRAPPED_REVERSAL,SELL_TRAPPED,180,60,1,5,40.0,0.0,-1.3167910779999996,-2.37480334
NEW_05M,ANALYSIS,TRAPPED_REVERSAL,SELL_TRAPPED,180,60,3,2,50.0,0.0,0.460104555,0.460104555
NEW_05M,ANALYSIS,TRAPPED_REVERSAL,SELL_TRAPPED,180,60,4,8,75.0,0.0,0.557059525,0.5048490649999999
NEW_05M,ANALYSIS,TRAPPED_REVERSAL,SELL_TRAPPED,180,60,5,1,100.0,0.0,0.01554451,0.01554451
NEW_05M,ANALYSIS,TRAPPED_REVERSAL,SELL_TRAPPED,180,60,6,23,21.73913043478261,8.695652173913043,-1.4275972817391307,-1.63682195
NEW_05M,ANALYSIS,TRAPPED_REVERSAL,SELL_TRAPPED,180,60,7,6,16.666666666666668,16.666666666666668,-0.8655574083333333,-0.568959365
NEW_05M,ANALYSIS,TRAPPED_REVERSAL,SELL_TRAPPED,180,60,8,2,100.0,0.0,1.136887765,1.136887765
NEW_05M,ANALYSIS,TRAPPED_REVERSAL,SELL_TRAPPED,180,60,9,4,0.0,50.0,-0.1872735,-0.007796735
NEW_05M,ANALYSIS,TRAPPED_REVERSAL,SELL_TRAPPED,180,60,10,8,62.5,0.0,3.52079410125,1.667628205
NEW_05M,ANALYSIS,TRAPPED_REVERSAL,SELL_TRAPPED,180,60,11,3,100.0,0.0,3.71696311,4.26434637
NEW_05M,ANALYSIS,TRAPPED_REVERSAL,SELL_TRAPPED,180,60,12,7,85.71428571428571,0.0,1.5740556028571429,1.81163664
NEW_05M,ANALYSIS,TRAPPED_REVERSAL,SELL_TRAPPED,180,60,13,1,0.0,0.0,-1.19287395,-1.19287395
NEW_05M,ANALYSIS,TRAPPED_REVERSAL,SELL_TRAPPED,180,60,15,2,50.0,50.0,1.10208427,1.10208427
NEW_05M,ANALYSIS,TRAPPED_REVERSAL,SELL_TRAPPED,180,60,16,2,50.0,50.0,1.039364565,1.039364565
NEW_05M,ANALYSIS,TRAPPED_REVERSAL,SELL_TRAPPED,180,60,17,4,0.0,25.0,-3.6370213949999997,-3.98003413
NEW_05M,ANALYSIS,TRAPPED_REVERSAL,SELL_TRAPPED,180,60,20,2,50.0,0.0,-0.54294164,-0.54294164
NEW_05M,ANALYSIS,TRAPPED_REVERSAL,SELL_TRAPPED,180,60,21,5,40.0,0.0,-1.0773713,-0.39041271
NEW_05M,ANALYSIS,TRAPPED_REVERSAL,SELL_TRAPPED,180,60,22,2,0.0,0.0,-5.565966830000001,-5.565966830000001
NEW_05M,ANALYSIS,TRAPPED_REVERSAL,SELL_TRAPPED,180,60,23,1,0.0,100.0,0.0,0.0
NEW_05M,ANALYSIS,TRAPPED_REVERSAL,SELL_TRAPPED,180,180,0,3,66.66666666666667,0.0,1.2064601766666667,2.86783042
NEW_05M,ANALYSIS,TRAPPED_REVERSAL,SELL_TRAPPED,180,180,1,5,40.0,0.0,-1.859234522,-4.42163319
NEW_05M,ANALYSIS,TRAPPED_REVERSAL,SELL_TRAPPED,180,180,3,2,100.0,0.0,0.974713795,0.974713795
NEW_05M,ANALYSIS,TRAPPED_REVERSAL,SELL_TRAPPED,180,180,4,8,62.5,0.0,0.785213885,2.850724565
NEW_05M,ANALYSIS,TRAPPED_REVERSAL,SELL_TRAPPED,180,180,5,1,0.0,0.0,-3.23325779,-3.23325779
NEW_05M,ANALYSIS,TRAPPED_REVERSAL,SELL_TRAPPED,180,180,6,23,4.3478260869565215,0.0,-3.4400202582608697,-4.0850756
NEW_05M,ANALYSIS,TRAPPED_REVERSAL,SELL_TRAPPED,180,180,7,6,33.333333333333336,0.0,-1.748733115,-1.496616615
NEW_05M,ANALYSIS,TRAPPED_REVERSAL,SELL_TRAPPED,180,180,8,2,0.0,0.0,-2.90969135,-2.90969135
NEW_05M,ANALYSIS,TRAPPED_REVERSAL,SELL_TRAPPED,180,180,9,4,50.0,0.0,4.879988615,5.253975055000001
NEW_05M,ANALYSIS,TRAPPED_REVERSAL,SELL_TRAPPED,180,180,10,8,50.0,0.0,2.000739295,-0.8522248899999999
NEW_05M,ANALYSIS,TRAPPED_REVERSAL,SELL_TRAPPED,180,180,11,3,100.0,0.0,4.184703146666666,4.55684666
NEW_05M,ANALYSIS,TRAPPED_REVERSAL,SELL_TRAPPED,180,180,12,7,100.0,0.0,1.9630211314285717,1.57737328
NEW_05M,ANALYSIS,TRAPPED_REVERSAL,SELL_TRAPPED,180,180,13,1,0.0,0.0,-4.75620256,-4.75620256
NEW_05M,ANALYSIS,TRAPPED_REVERSAL,SELL_TRAPPED,180,180,15,2,50.0,0.0,-0.24996438999999993,-0.24996438999999993
NEW_05M,ANALYSIS,TRAPPED_REVERSAL,SELL_TRAPPED,180,180,16,2,100.0,0.0,1.414447385,1.414447385
NEW_05M,ANALYSIS,TRAPPED_REVERSAL,SELL_TRAPPED,180,180,17,4,0.0,0.0,-8.4745163225,-7.51720352
NEW_05M,ANALYSIS,TRAPPED_REVERSAL,SELL_TRAPPED,180,180,20,2,50.0,0.0,-0.6430531349999999,-0.6430531349999999
NEW_05M,ANALYSIS,TRAPPED_REVERSAL,SELL_TRAPPED,180,180,21,5,40.0,0.0,-2.1344828700000003,-1.93761793
NEW_05M,ANALYSIS,TRAPPED_REVERSAL,SELL_TRAPPED,180,180,22,2,0.0,0.0,-6.244130445,-6.244130445
NEW_05M,ANALYSIS,TRAPPED_REVERSAL,SELL_TRAPPED,180,180,23,1,100.0,0.0,0.56132385,0.56132385
NEW_05M,ANALYSIS,TRAPPED_REVERSAL,SELL_TRAPPED,180,300,0,2,50.0,0.0,-1.750320275,-1.750320275
NEW_05M,ANALYSIS,TRAPPED_REVERSAL,SELL_TRAPPED,180,300,1,5,40.0,0.0,-2.9795625019999994,-4.48400367
NEW_05M,ANALYSIS,TRAPPED_REVERSAL,SELL_TRAPPED,180,300,3,2,50.0,0.0,-0.9745663649999999,-0.9745663649999999
NEW_05M,ANALYSIS,TRAPPED_REVERSAL,SELL_TRAPPED,180,300,4,8,75.0,0.0,2.1718953587500005,3.81391216
NEW_05M,ANALYSIS,TRAPPED_REVERSAL,SELL_TRAPPED,180,300,5,1,100.0,0.0,1.18138265,1.18138265
NEW_05M,ANALYSIS,TRAPPED_REVERSAL,SELL_TRAPPED,180,300,6,23,26.08695652173913,0.0,-1.7056039156521738,-1.32529219
NEW_05M,ANALYSIS,TRAPPED_REVERSAL,SELL_TRAPPED,180,300,7,6,16.666666666666668,0.0,-1.0419542050000001,-0.28052262
NEW_05M,ANALYSIS,TRAPPED_REVERSAL,SELL_TRAPPED,180,300,8,2,50.0,0.0,0.5740530000000001,0.5740530000000001
NEW_05M,ANALYSIS,TRAPPED_REVERSAL,SELL_TRAPPED,180,300,9,4,50.0,0.0,3.6087078049999994,4.941717055
NEW_05M,ANALYSIS,TRAPPED_REVERSAL,SELL_TRAPPED,180,300,10,8,62.5,0.0,3.98894162875,0.9615961550000001
NEW_05M,ANALYSIS,TRAPPED_REVERSAL,SELL_TRAPPED,180,300,11,2,100.0,0.0,6.76605703,6.76605703
NEW_05M,ANALYSIS,TRAPPED_REVERSAL,SELL_TRAPPED,180,300,12,7,100.0,0.0,4.364256772857144,4.21674046
NEW_05M,ANALYSIS,TRAPPED_REVERSAL,SELL_TRAPPED,180,300,13,1,0.0,0.0,-6.6831528,-6.6831528
NEW_05M,ANALYSIS,TRAPPED_REVERSAL,SELL_TRAPPED,180,300,15,2,50.0,0.0,1.0007255000000002,1.0007255000000002
NEW_05M,ANALYSIS,TRAPPED_REVERSAL,SELL_TRAPPED,180,300,16,2,100.0,0.0,1.5707004900000001,1.5707004900000001
NEW_05M,ANALYSIS,TRAPPED_REVERSAL,SELL_TRAPPED,180,300,17,4,0.0,0.0,-11.30663677,-10.93349204
NEW_05M,ANALYSIS,TRAPPED_REVERSAL,SELL_TRAPPED,180,300,20,2,50.0,0.0,-3.8624909149999995,-3.8624909149999995
NEW_05M,ANALYSIS,TRAPPED_REVERSAL,SELL_TRAPPED,180,300,21,5,40.0,0.0,-5.844910894,-9.10372868
NEW_05M,ANALYSIS,TRAPPED_REVERSAL,SELL_TRAPPED,180,300,22,2,0.0,0.0,-6.41562954,-6.41562954
NEW_05M,ANALYSIS,TRAPPED_REVERSAL,SELL_TRAPPED,180,300,23,1,100.0,0.0,0.56132385,0.56132385
NEW_05M,ANALYSIS,TRAPPED_REVERSAL,SELL_TRAPPED,180,600,0,2,0.0,0.0,-4.811861275,-4.811861275
NEW_05M,ANALYSIS,TRAPPED_REVERSAL,SELL_TRAPPED,180,600,1,5,0.0,0.0,-8.8808909,-11.85839298
NEW_05M,ANALYSIS,TRAPPED_REVERSAL,SELL_TRAPPED,180,600,4,8,25.0,0.0,-0.13920900125000002,-1.55352837
NEW_05M,ANALYSIS,TRAPPED_REVERSAL,SELL_TRAPPED,180,600,6,23,21.73913043478261,0.0,-2.0002029100000005,-3.30575935
NEW_05M,ANALYSIS,TRAPPED_REVERSAL,SELL_TRAPPED,180,600,7,6,50.0,0.0,1.47133396,0.3972788
NEW_05M,ANALYSIS,TRAPPED_REVERSAL,SELL_TRAPPED,180,600,8,2,50.0,0.0,-7.187385355,-7.187385355
NEW_05M,ANALYSIS,TRAPPED_REVERSAL,SELL_TRAPPED,180,600,9,4,0.0,0.0,-3.3145190675000005,-2.1459052350000003
NEW_05M,ANALYSIS,TRAPPED_REVERSAL,SELL_TRAPPED,180,600,10,8,100.0,0.0,9.336583323749998,9.62784016
NEW_05M,ANALYSIS,TRAPPED_REVERSAL,SELL_TRAPPED,180,600,11,2,100.0,0.0,17.673341235000002,17.673341235000002
NEW_05M,ANALYSIS,TRAPPED_REVERSAL,SELL_TRAPPED,180,600,12,7,100.0,0.0,8.848768674285717,6.87030887
NEW_05M,ANALYSIS,TRAPPED_REVERSAL,SELL_TRAPPED,180,600,15,2,50.0,0.0,2.235779615,2.235779615
NEW_05M,ANALYSIS,TRAPPED_REVERSAL,SELL_TRAPPED,180,600,16,2,50.0,0.0,-0.14070954000000002,-0.14070954000000002
NEW_05M,ANALYSIS,TRAPPED_REVERSAL,SELL_TRAPPED,180,600,17,4,50.0,0.0,-7.2480084174999995,-7.13319002
NEW_05M,ANALYSIS,TRAPPED_REVERSAL,SELL_TRAPPED,180,600,20,1,100.0,0.0,1.98358467,1.98358467
NEW_05M,ANALYSIS,TRAPPED_REVERSAL,SELL_TRAPPED,180,600,21,2,0.0,0.0,-2.17070229,-2.17070229
NEW_05M,ANALYSIS,TRAPPED_REVERSAL,SELL_TRAPPED,180,600,22,2,100.0,0.0,1.340829775,1.340829775
NEW_05M,ANALYSIS,TRAPPED_REVERSAL,SELL_TRAPPED,180,600,23,1,100.0,0.0,4.45940615,4.45940615
NEW_05M,ANALYSIS,TRAPPED_REVERSAL,SELL_TRAPPED,300,60,0,2,100.0,0.0,0.5454283950000001,0.5454283950000001
NEW_05M,ANALYSIS,TRAPPED_REVERSAL,SELL_TRAPPED,300,60,1,3,100.0,0.0,1.6937965933333334,2.10439679
NEW_05M,ANALYSIS,TRAPPED_REVERSAL,SELL_TRAPPED,300,60,3,3,100.0,0.0,0.8108499333333334,1.12273698
NEW_05M,ANALYSIS,TRAPPED_REVERSAL,SELL_TRAPPED,300,60,4,7,71.42857142857143,0.0,0.736042292857143,1.23076348
NEW_05M,ANALYSIS,TRAPPED_REVERSAL,SELL_TRAPPED,300,60,5,2,100.0,0.0,2.250735295,2.250735295
NEW_05M,ANALYSIS,TRAPPED_REVERSAL,SELL_TRAPPED,300,60,6,8,25.0,0.0,-1.30942359625,-1.605819615
NEW_05M,ANALYSIS,TRAPPED_REVERSAL,SELL_TRAPPED,300,60,7,5,40.0,0.0,0.20575305400000002,-0.01558504
NEW_05M,ANALYSIS,TRAPPED_REVERSAL,SELL_TRAPPED,300,60,8,1,100.0,0.0,0.85963668,0.85963668
NEW_05M,ANALYSIS,TRAPPED_REVERSAL,SELL_TRAPPED,300,60,10,4,50.0,0.0,0.40873381,-0.54598517
NEW_05M,ANALYSIS,TRAPPED_REVERSAL,SELL_TRAPPED,300,60,12,3,100.0,0.0,2.1874515100000003,2.57648652
NEW_05M,ANALYSIS,TRAPPED_REVERSAL,SELL_TRAPPED,300,60,13,1,0.0,0.0,-0.94820651,-0.94820651
NEW_05M,ANALYSIS,TRAPPED_REVERSAL,SELL_TRAPPED,300,60,15,1,0.0,0.0,-1.29720335,-1.29720335
NEW_05M,ANALYSIS,TRAPPED_REVERSAL,SELL_TRAPPED,300,60,16,2,0.0,50.0,-0.05469485,-0.05469485
NEW_05M,ANALYSIS,TRAPPED_REVERSAL,SELL_TRAPPED,300,60,17,1,0.0,0.0,-3.56640075,-3.56640075
NEW_05M,ANALYSIS,TRAPPED_REVERSAL,SELL_TRAPPED,300,60,19,1,100.0,0.0,0.67210814,0.67210814
NEW_05M,ANALYSIS,TRAPPED_REVERSAL,SELL_TRAPPED,300,60,20,1,100.0,0.0,0.96832787,0.96832787
NEW_05M,ANALYSIS,TRAPPED_REVERSAL,SELL_TRAPPED,300,60,21,3,66.66666666666667,33.333333333333336,0.036439903333333336,0.01561612
NEW_05M,ANALYSIS,TRAPPED_REVERSAL,SELL_TRAPPED,300,60,23,1,0.0,0.0,-0.18712633,-0.18712633
NEW_05M,ANALYSIS,TRAPPED_REVERSAL,SELL_TRAPPED,300,180,0,1,0.0,0.0,-1.38718089,-1.38718089
NEW_05M,ANALYSIS,TRAPPED_REVERSAL,SELL_TRAPPED,300,180,1,3,100.0,0.0,1.9639901566666669,2.16650275
NEW_05M,ANALYSIS,TRAPPED_REVERSAL,SELL_TRAPPED,300,180,3,3,0.0,0.0,-1.2162654933333334,-0.92002058
NEW_05M,ANALYSIS,TRAPPED_REVERSAL,SELL_TRAPPED,300,180,4,7,85.71428571428571,0.0,4.921473304285714,5.40537172
NEW_05M,ANALYSIS,TRAPPED_REVERSAL,SELL_TRAPPED,300,180,5,2,100.0,0.0,1.946993915,1.946993915
NEW_05M,ANALYSIS,TRAPPED_REVERSAL,SELL_TRAPPED,300,180,6,8,25.0,0.0,-1.8906606350000001,-1.964497825
NEW_05M,ANALYSIS,TRAPPED_REVERSAL,SELL_TRAPPED,300,180,7,5,40.0,0.0,-0.09338301600000001,-0.01558504
NEW_05M,ANALYSIS,TRAPPED_REVERSAL,SELL_TRAPPED,300,180,8,1,0.0,0.0,-3.26968952,-3.26968952
NEW_05M,ANALYSIS,TRAPPED_REVERSAL,SELL_TRAPPED,300,180,10,4,25.0,0.0,-0.31187063999999975,-1.3532931750000001
NEW_05M,ANALYSIS,TRAPPED_REVERSAL,SELL_TRAPPED,300,180,12,3,100.0,0.0,1.79555705,1.92065658
NEW_05M,ANALYSIS,TRAPPED_REVERSAL,SELL_TRAPPED,300,180,13,1,0.0,0.0,-4.49633411,-4.49633411
NEW_05M,ANALYSIS,TRAPPED_REVERSAL,SELL_TRAPPED,300,180,15,1,0.0,0.0,-3.48525721,-3.48525721
NEW_05M,ANALYSIS,TRAPPED_REVERSAL,SELL_TRAPPED,300,180,16,2,0.0,0.0,-0.07813396,-0.07813396
NEW_05M,ANALYSIS,TRAPPED_REVERSAL,SELL_TRAPPED,300,180,17,1,100.0,0.0,0.01564211,0.01564211
NEW_05M,ANALYSIS,TRAPPED_REVERSAL,SELL_TRAPPED,300,180,19,1,100.0,0.0,2.75095424,2.75095424
NEW_05M,ANALYSIS,TRAPPED_REVERSAL,SELL_TRAPPED,300,180,20,1,100.0,0.0,0.21865468,0.21865468
NEW_05M,ANALYSIS,TRAPPED_REVERSAL,SELL_TRAPPED,300,180,21,3,33.333333333333336,33.333333333333336,0.24467087,0.0
NEW_05M,ANALYSIS,TRAPPED_REVERSAL,SELL_TRAPPED,300,180,23,1,0.0,0.0,-0.46781583,-0.46781583
NEW_05M,ANALYSIS,TRAPPED_REVERSAL,SELL_TRAPPED,300,300,0,1,0.0,0.0,-0.04675891,-0.04675891
NEW_05M,ANALYSIS,TRAPPED_REVERSAL,SELL_TRAPPED,300,300,1,3,66.66666666666667,0.0,0.020778249999999998,0.07793175
NEW_05M,ANALYSIS,TRAPPED_REVERSAL,SELL_TRAPPED,300,300,4,7,100.0,0.0,4.6987195985714285,4.95362596
NEW_05M,ANALYSIS,TRAPPED_REVERSAL,SELL_TRAPPED,300,300,5,2,50.0,0.0,0.26480201999999997,0.26480201999999997
NEW_05M,ANALYSIS,TRAPPED_REVERSAL,SELL_TRAPPED,300,300,6,8,12.5,0.0,-0.41886127875,-0.951097975
NEW_05M,ANALYSIS,TRAPPED_REVERSAL,SELL_TRAPPED,300,300,7,5,80.0,0.0,1.166423626,3.13525098
NEW_05M,ANALYSIS,TRAPPED_REVERSAL,SELL_TRAPPED,300,300,8,1,100.0,0.0,3.56135196,3.56135196
NEW_05M,ANALYSIS,TRAPPED_REVERSAL,SELL_TRAPPED,300,300,10,4,100.0,0.0,1.6658955925,1.8701992
NEW_05M,ANALYSIS,TRAPPED_REVERSAL,SELL_TRAPPED,300,300,12,3,100.0,0.0,5.458478993333333,4.48153203
NEW_05M,ANALYSIS,TRAPPED_REVERSAL,SELL_TRAPPED,300,300,13,1,0.0,0.0,-6.42333444,-6.42333444
NEW_05M,ANALYSIS,TRAPPED_REVERSAL,SELL_TRAPPED,300,300,15,1,0.0,0.0,-7.11117502,-7.11117502
NEW_05M,ANALYSIS,TRAPPED_REVERSAL,SELL_TRAPPED,300,300,16,2,50.0,0.0,0.62511476,0.62511476
NEW_05M,ANALYSIS,TRAPPED_REVERSAL,SELL_TRAPPED,300,300,17,1,100.0,0.0,3.33176912,3.33176912
NEW_05M,ANALYSIS,TRAPPED_REVERSAL,SELL_TRAPPED,300,300,19,1,100.0,0.0,2.92288888,2.92288888
NEW_05M,ANALYSIS,TRAPPED_REVERSAL,SELL_TRAPPED,300,300,20,1,100.0,0.0,2.43643787,2.43643787
NEW_05M,ANALYSIS,TRAPPED_REVERSAL,SELL_TRAPPED,300,300,21,3,33.333333333333336,0.0,-2.014460346666667,-2.5766555
NEW_05M,ANALYSIS,TRAPPED_REVERSAL,SELL_TRAPPED,300,300,23,1,100.0,0.0,3.00961517,3.00961517
NEW_05M,ANALYSIS,TRAPPED_REVERSAL,SELL_TRAPPED,300,600,0,1,100.0,0.0,0.04675891,0.04675891
NEW_05M,ANALYSIS,TRAPPED_REVERSAL,SELL_TRAPPED,300,600,1,3,0.0,0.0,-4.32796258,-4.02173608
NEW_05M,ANALYSIS,TRAPPED_REVERSAL,SELL_TRAPPED,300,600,4,7,0.0,0.0,-2.354233482857143,-2.57058195
NEW_05M,ANALYSIS,TRAPPED_REVERSAL,SELL_TRAPPED,300,600,5,2,0.0,0.0,-4.75841017,-4.75841017
NEW_05M,ANALYSIS,TRAPPED_REVERSAL,SELL_TRAPPED,300,600,6,8,37.5,0.0,0.09928268124999995,-2.042450225
NEW_05M,ANALYSIS,TRAPPED_REVERSAL,SELL_TRAPPED,300,600,7,5,60.0,0.0,0.9835416399999998,0.01558504
NEW_05M,ANALYSIS,TRAPPED_REVERSAL,SELL_TRAPPED,300,600,8,1,100.0,0.0,2.13374105,2.13374105
NEW_05M,ANALYSIS,TRAPPED_REVERSAL,SELL_TRAPPED,300,600,10,4,25.0,0.0,-3.5741773575,-2.874628935
NEW_05M,ANALYSIS,TRAPPED_REVERSAL,SELL_TRAPPED,300,600,12,3,100.0,0.0,10.28408203,7.35470936
NEW_05M,ANALYSIS,TRAPPED_REVERSAL,SELL_TRAPPED,300,600,15,1,100.0,0.0,0.60952929,0.60952929
NEW_05M,ANALYSIS,TRAPPED_REVERSAL,SELL_TRAPPED,300,600,16,2,50.0,0.0,-1.5938247099999998,-1.5938247099999998
NEW_05M,ANALYSIS,TRAPPED_REVERSAL,SELL_TRAPPED,300,600,17,1,100.0,0.0,4.14515877,4.14515877
NEW_05M,ANALYSIS,TRAPPED_REVERSAL,SELL_TRAPPED,300,600,19,1,100.0,0.0,4.36088768,4.36088768
NEW_05M,ANALYSIS,TRAPPED_REVERSAL,SELL_TRAPPED,300,600,20,1,100.0,0.0,1.60867372,1.60867372
NEW_05M,ANALYSIS,TRAPPED_REVERSAL,SELL_TRAPPED,300,600,21,3,0.0,0.0,-1.8531977566666669,-1.03066381
NEW_05M,ANALYSIS,TRAPPED_REVERSAL,SELL_TRAPPED,300,600,23,1,100.0,0.0,3.477431,3.477431
NEW_05M,ANALYSIS,TRAPPED_REVERSAL,SELL_TRAPPED,900,60,0,2,100.0,0.0,0.47507007,0.47507007
NEW_05M,ANALYSIS,TRAPPED_REVERSAL,SELL_TRAPPED,900,60,6,14,35.714285714285715,0.0,-1.3207932592857143,-1.7926802849999999
NEW_05M,ANALYSIS,TRAPPED_REVERSAL,SELL_TRAPPED,900,60,7,5,80.0,0.0,1.110289022,1.55978013
NEW_05M,ANALYSIS,TRAPPED_REVERSAL,SELL_TRAPPED,900,60,8,3,66.66666666666667,0.0,0.04680587,0.14032024
NEW_05M,ANALYSIS,TRAPPED_REVERSAL,SELL_TRAPPED,900,60,10,1,100.0,0.0,4.49439605,4.49439605
NEW_05M,ANALYSIS,TRAPPED_REVERSAL,SELL_TRAPPED,900,60,13,1,0.0,100.0,0.0,0.0
NEW_05M,ANALYSIS,TRAPPED_REVERSAL,SELL_TRAPPED,900,180,0,2,0.0,0.0,-1.323971405,-1.323971405
NEW_05M,ANALYSIS,TRAPPED_REVERSAL,SELL_TRAPPED,900,180,6,14,14.285714285714286,0.0,-3.358387234285715,-4.108482765
NEW_05M,ANALYSIS,TRAPPED_REVERSAL,SELL_TRAPPED,900,180,7,5,80.0,0.0,0.23105161999999999,0.29636701
NEW_05M,ANALYSIS,TRAPPED_REVERSAL,SELL_TRAPPED,900,180,8,3,100.0,0.0,0.77962255,0.91987714
NEW_05M,ANALYSIS,TRAPPED_REVERSAL,SELL_TRAPPED,900,180,10,1,100.0,0.0,6.28903336,6.28903336
NEW_05M,ANALYSIS,TRAPPED_REVERSAL,SELL_TRAPPED,900,180,13,1,100.0,0.0,1.68567473,1.68567473
NEW_05M,ANALYSIS,TRAPPED_REVERSAL,SELL_TRAPPED,900,300,0,2,0.0,0.0,-1.978165475,-1.978165475
NEW_05M,ANALYSIS,TRAPPED_REVERSAL,SELL_TRAPPED,900,300,6,14,35.714285714285715,0.0,-1.5076313935714285,-1.200571385
NEW_05M,ANALYSIS,TRAPPED_REVERSAL,SELL_TRAPPED,900,300,7,5,80.0,0.0,2.4207827660000003,3.13525098
NEW_05M,ANALYSIS,TRAPPED_REVERSAL,SELL_TRAPPED,900,300,8,3,100.0,0.0,0.51451798,0.42096138
NEW_05M,ANALYSIS,TRAPPED_REVERSAL,SELL_TRAPPED,900,300,10,1,100.0,0.0,2.40325344,2.40325344
NEW_05M,ANALYSIS,TRAPPED_REVERSAL,SELL_TRAPPED,900,300,13,1,100.0,0.0,2.87189028,2.87189028
NEW_05M,ANALYSIS,TRAPPED_REVERSAL,SELL_TRAPPED,900,600,0,2,0.0,0.0,-3.9018277450000003,-3.9018277450000003
NEW_05M,ANALYSIS,TRAPPED_REVERSAL,SELL_TRAPPED,900,600,6,14,21.428571428571427,0.0,-3.2970113049999994,-4.373422505
NEW_05M,ANALYSIS,TRAPPED_REVERSAL,SELL_TRAPPED,900,600,7,5,80.0,0.0,2.7672170100000004,2.94798445
NEW_05M,ANALYSIS,TRAPPED_REVERSAL,SELL_TRAPPED,900,600,8,3,66.66666666666667,0.0,-0.2857290499999999,1.02901671
NEW_05M,ANALYSIS,TRAPPED_REVERSAL,SELL_TRAPPED,900,600,10,1,0.0,0.0,-9.33211402,-9.33211402
NEW_05M,ANALYSIS,TRAPPED_REVERSAL,SELL_TRAPPED,900,600,13,1,100.0,0.0,4.46391642,4.46391642
NEW_05M,ANALYSIS,TRAPPED_REVERSAL,SELL_TRAPPED,1800,60,4,1,0.0,0.0,-1.96331407,-1.96331407
NEW_05M,ANALYSIS,TRAPPED_REVERSAL,SELL_TRAPPED,1800,60,6,18,22.22222222222222,5.555555555555555,-1.510499026111111,-2.24535123
NEW_05M,ANALYSIS,TRAPPED_REVERSAL,SELL_TRAPPED,1800,60,8,6,66.66666666666667,0.0,-0.36362450166666666,0.27288785000000004
NEW_05M,ANALYSIS,TRAPPED_REVERSAL,SELL_TRAPPED,1800,180,4,1,100.0,0.0,2.02564151,2.02564151
NEW_05M,ANALYSIS,TRAPPED_REVERSAL,SELL_TRAPPED,1800,180,6,18,5.555555555555555,0.0,-3.5390979227777772,-3.975498365
NEW_05M,ANALYSIS,TRAPPED_REVERSAL,SELL_TRAPPED,1800,180,8,6,33.333333333333336,0.0,-2.0969450600000004,-2.665846665
NEW_05M,ANALYSIS,TRAPPED_REVERSAL,SELL_TRAPPED,1800,300,4,1,100.0,0.0,5.7497055,5.7497055
NEW_05M,ANALYSIS,TRAPPED_REVERSAL,SELL_TRAPPED,1800,300,6,18,22.22222222222222,5.555555555555555,-2.09674738,-1.200571385
NEW_05M,ANALYSIS,TRAPPED_REVERSAL,SELL_TRAPPED,1800,300,8,6,50.0,0.0,-0.7249304466666667,-0.015572734999999997
NEW_05M,ANALYSIS,TRAPPED_REVERSAL,SELL_TRAPPED,1800,600,4,1,0.0,0.0,-1.88540479,-1.88540479
NEW_05M,ANALYSIS,TRAPPED_REVERSAL,SELL_TRAPPED,1800,600,6,18,11.11111111111111,0.0,-4.160779695,-4.17105991
NEW_05M,ANALYSIS,TRAPPED_REVERSAL,SELL_TRAPPED,1800,600,8,6,33.333333333333336,0.0,-1.6317169016666666,-1.76952574
NEW_05M,ENTRY_PROBE,STALLED_PRESSURE_PROBE,BUY_STALLED,30,60,0,58,36.206896551724135,0.0,-0.71341228137931,-1.19573661
NEW_05M,ENTRY_PROBE,STALLED_PRESSURE_PROBE,BUY_STALLED,30,60,1,82,52.4390243902439,3.658536585365854,-0.23214621987804884,0.062380639999999994
NEW_05M,ENTRY_PROBE,STALLED_PRESSURE_PROBE,BUY_STALLED,30,60,2,155,58.064516129032256,1.935483870967742,0.10639425006451615,0.38560729
NEW_05M,ENTRY_PROBE,STALLED_PRESSURE_PROBE,BUY_STALLED,30,60,3,122,50.0,2.459016393442623,0.11053630393442643,0.007771215
NEW_05M,ENTRY_PROBE,STALLED_PRESSURE_PROBE,BUY_STALLED,30,60,4,90,45.55555555555556,4.444444444444445,0.10694716688888896,-0.0077091
NEW_05M,ENTRY_PROBE,STALLED_PRESSURE_PROBE,BUY_STALLED,30,60,5,120,46.666666666666664,7.5,0.2812399609166671,0.0
NEW_05M,ENTRY_PROBE,STALLED_PRESSURE_PROBE,BUY_STALLED,30,60,6,61,49.18032786885246,3.278688524590164,0.085264934590164,0.0
NEW_05M,ENTRY_PROBE,STALLED_PRESSURE_PROBE,BUY_STALLED,30,60,7,60,50.0,5.0,0.3027154351666666,0.06905855
NEW_05M,ENTRY_PROBE,STALLED_PRESSURE_PROBE,BUY_STALLED,30,60,8,53,30.18867924528302,15.09433962264151,-0.8775553709433959,-0.21491973
NEW_05M,ENTRY_PROBE,STALLED_PRESSURE_PROBE,BUY_STALLED,30,60,9,26,61.53846153846154,11.538461538461538,0.4139063173076925,0.5813439899999999
NEW_05M,ENTRY_PROBE,STALLED_PRESSURE_PROBE,BUY_STALLED,30,60,10,60,51.666666666666664,10.0,0.7723915189999998,0.08584306
NEW_05M,ENTRY_PROBE,STALLED_PRESSURE_PROBE,BUY_STALLED,30,60,11,43,48.83720930232558,4.651162790697675,1.267211158837209,0.0
NEW_05M,ENTRY_PROBE,STALLED_PRESSURE_PROBE,BUY_STALLED,30,60,12,63,57.142857142857146,6.349206349206349,0.6224391684126981,0.12281222
NEW_05M,ENTRY_PROBE,STALLED_PRESSURE_PROBE,BUY_STALLED,30,60,13,45,62.22222222222222,0.0,-0.1503295268888889,0.20281855
NEW_05M,ENTRY_PROBE,STALLED_PRESSURE_PROBE,BUY_STALLED,30,60,14,19,31.57894736842105,26.31578947368421,-0.07183486631578946,0.0
NEW_05M,ENTRY_PROBE,STALLED_PRESSURE_PROBE,BUY_STALLED,30,60,15,28,64.28571428571429,0.0,-0.26608013928571433,0.12500566
NEW_05M,ENTRY_PROBE,STALLED_PRESSURE_PROBE,BUY_STALLED,30,60,16,49,46.93877551020408,14.285714285714286,-0.271326121632653,0.0
NEW_05M,ENTRY_PROBE,STALLED_PRESSURE_PROBE,BUY_STALLED,30,60,17,33,45.45454545454545,9.090909090909092,-1.231413139090909,0.0
NEW_05M,ENTRY_PROBE,STALLED_PRESSURE_PROBE,BUY_STALLED,30,60,18,66,63.63636363636363,16.666666666666668,0.5776528139393936,0.30511449
NEW_05M,ENTRY_PROBE,STALLED_PRESSURE_PROBE,BUY_STALLED,30,60,19,67,43.28358208955224,20.895522388059703,0.17310766985074627,0.0
NEW_05M,ENTRY_PROBE,STALLED_PRESSURE_PROBE,BUY_STALLED,30,60,20,54,51.851851851851855,11.11111111111111,0.22537034962962962,0.01561424
NEW_05M,ENTRY_PROBE,STALLED_PRESSURE_PROBE,BUY_STALLED,30,60,21,100,42.0,7.0,-0.4607821809000002,-0.023416755
NEW_05M,ENTRY_PROBE,STALLED_PRESSURE_PROBE,BUY_STALLED,30,60,22,127,44.09448818897638,2.3622047244094486,-1.4388697644094488,-0.06235668
NEW_05M,ENTRY_PROBE,STALLED_PRESSURE_PROBE,BUY_STALLED,30,60,23,114,48.24561403508772,4.385964912280702,-0.0721281468421053,0.0
NEW_05M,ENTRY_PROBE,STALLED_PRESSURE_PROBE,BUY_STALLED,30,180,0,57,49.12280701754386,0.0,0.6689500908771929,-0.12468536
NEW_05M,ENTRY_PROBE,STALLED_PRESSURE_PROBE,BUY_STALLED,30,180,1,82,54.8780487804878,0.0,-0.394657792195122,0.187025765
NEW_05M,ENTRY_PROBE,STALLED_PRESSURE_PROBE,BUY_STALLED,30,180,2,150,56.666666666666664,0.0,0.7321008011333334,0.751890265
NEW_05M,ENTRY_PROBE,STALLED_PRESSURE_PROBE,BUY_STALLED,30,180,3,121,52.892561983471076,0.0,0.5654200247107436,0.32368545
NEW_05M,ENTRY_PROBE,STALLED_PRESSURE_PROBE,BUY_STALLED,30,180,4,89,48.31460674157304,0.0,0.2266464752808989,-0.07763372
NEW_05M,ENTRY_PROBE,STALLED_PRESSURE_PROBE,BUY_STALLED,30,180,5,120,50.0,1.6666666666666667,0.9665937401666663,0.295310775
NEW_05M,ENTRY_PROBE,STALLED_PRESSURE_PROBE,BUY_STALLED,30,180,6,61,52.459016393442624,0.0,0.15646604508196704,0.95248191
NEW_05M,ENTRY_PROBE,STALLED_PRESSURE_PROBE,BUY_STALLED,30,180,7,56,60.714285714285715,1.7857142857142858,1.454552136964286,1.281658705
NEW_05M,ENTRY_PROBE,STALLED_PRESSURE_PROBE,BUY_STALLED,30,180,8,53,22.641509433962263,0.0,-2.374988050566037,-2.19495161
NEW_05M,ENTRY_PROBE,STALLED_PRESSURE_PROBE,BUY_STALLED,30,180,9,26,57.69230769230769,0.0,0.48815615653846156,1.11688865
NEW_05M,ENTRY_PROBE,STALLED_PRESSURE_PROBE,BUY_STALLED,30,180,10,60,51.666666666666664,0.0,2.0215464236666674,0.131038625
NEW_05M,ENTRY_PROBE,STALLED_PRESSURE_PROBE,BUY_STALLED,30,180,11,42,50.0,2.380952380952381,1.5089448507142862,0.140511275
NEW_05M,ENTRY_PROBE,STALLED_PRESSURE_PROBE,BUY_STALLED,30,180,12,63,50.79365079365079,0.0,1.099237342380953,0.39041332
NEW_05M,ENTRY_PROBE,STALLED_PRESSURE_PROBE,BUY_STALLED,30,180,13,45,66.66666666666667,0.0,0.06708707111111134,0.40562255
NEW_05M,ENTRY_PROBE,STALLED_PRESSURE_PROBE,BUY_STALLED,30,180,14,19,36.8421052631579,0.0,-0.694180417894737,-0.43664717
NEW_05M,ENTRY_PROBE,STALLED_PRESSURE_PROBE,BUY_STALLED,30,180,15,28,53.57142857142857,0.0,0.18296807000000007,0.1249711
NEW_05M,ENTRY_PROBE,STALLED_PRESSURE_PROBE,BUY_STALLED,30,180,16,49,57.142857142857146,0.0,-0.5717098520408164,0.37509964
NEW_05M,ENTRY_PROBE,STALLED_PRESSURE_PROBE,BUY_STALLED,30,180,17,33,45.45454545454545,0.0,-1.106476933030303,-0.42213026
NEW_05M,ENTRY_PROBE,STALLED_PRESSURE_PROBE,BUY_STALLED,30,180,18,66,59.09090909090909,1.5151515151515151,1.2474730104545457,1.47783739
NEW_05M,ENTRY_PROBE,STALLED_PRESSURE_PROBE,BUY_STALLED,30,180,19,67,55.223880597014926,8.955223880597014,0.8571555170149253,0.46887161
NEW_05M,ENTRY_PROBE,STALLED_PRESSURE_PROBE,BUY_STALLED,30,180,20,51,31.372549019607842,5.882352941176471,-0.6579871103921568,-0.45279248
NEW_05M,ENTRY_PROBE,STALLED_PRESSURE_PROBE,BUY_STALLED,30,180,21,100,36.0,0.0,-2.1866361892,-0.74345295
NEW_05M,ENTRY_PROBE,STALLED_PRESSURE_PROBE,BUY_STALLED,30,180,22,125,41.6,0.8,-2.7458772085600027,-0.74878323
NEW_05M,ENTRY_PROBE,STALLED_PRESSURE_PROBE,BUY_STALLED,30,180,23,114,50.87719298245614,0.0,-0.7479646815789472,0.054840414999999997
NEW_05M,ENTRY_PROBE,STALLED_PRESSURE_PROBE,BUY_STALLED,30,300,0,55,56.36363636363637,0.0,1.4982977816363634,0.73317671
NEW_05M,ENTRY_PROBE,STALLED_PRESSURE_PROBE,BUY_STALLED,30,300,1,82,54.8780487804878,0.0,-0.11482141695121947,0.296061515
NEW_05M,ENTRY_PROBE,STALLED_PRESSURE_PROBE,BUY_STALLED,30,300,2,148,58.78378378378378,0.0,0.9157046624999992,1.01959347
NEW_05M,ENTRY_PROBE,STALLED_PRESSURE_PROBE,BUY_STALLED,30,300,3,116,55.172413793103445,0.0,0.9547191981896556,1.072416495
NEW_05M,ENTRY_PROBE,STALLED_PRESSURE_PROBE,BUY_STALLED,30,300,4,88,39.77272727272727,0.0,0.8292988429545456,-1.920939555
NEW_05M,ENTRY_PROBE,STALLED_PRESSURE_PROBE,BUY_STALLED,30,300,5,117,59.82905982905983,0.0,1.7002701686324782,1.32064085
NEW_05M,ENTRY_PROBE,STALLED_PRESSURE_PROBE,BUY_STALLED,30,300,6,61,52.459016393442624,1.639344262295082,0.4410263931147541,0.01559768
NEW_05M,ENTRY_PROBE,STALLED_PRESSURE_PROBE,BUY_STALLED,30,300,7,55,69.0909090909091,0.0,1.7999798229090915,1.2895738
NEW_05M,ENTRY_PROBE,STALLED_PRESSURE_PROBE,BUY_STALLED,30,300,8,53,35.84905660377358,0.0,-2.7445559762264153,-2.99225237
NEW_05M,ENTRY_PROBE,STALLED_PRESSURE_PROBE,BUY_STALLED,30,300,9,26,65.38461538461539,0.0,2.070186905384616,2.803961655
NEW_05M,ENTRY_PROBE,STALLED_PRESSURE_PROBE,BUY_STALLED,30,300,10,60,43.333333333333336,1.6666666666666667,0.7482418994999996,-0.659727685
NEW_05M,ENTRY_PROBE,STALLED_PRESSURE_PROBE,BUY_STALLED,30,300,11,42,40.476190476190474,0.0,0.9114961654761912,-0.507845195
NEW_05M,ENTRY_PROBE,STALLED_PRESSURE_PROBE,BUY_STALLED,30,300,12,63,53.96825396825397,0.0,2.878228365079365,1.43750674
NEW_05M,ENTRY_PROBE,STALLED_PRESSURE_PROBE,BUY_STALLED,30,300,13,45,51.111111111111114,6.666666666666667,0.17584533022222215,0.01560114
NEW_05M,ENTRY_PROBE,STALLED_PRESSURE_PROBE,BUY_STALLED,30,300,14,19,26.31578947368421,0.0,-1.1424434115789475,-1.09361501
NEW_05M,ENTRY_PROBE,STALLED_PRESSURE_PROBE,BUY_STALLED,30,300,15,28,64.28571428571429,0.0,-0.37212535857142826,0.21098556000000002
NEW_05M,ENTRY_PROBE,STALLED_PRESSURE_PROBE,BUY_STALLED,30,300,16,49,51.02040816326531,0.0,-0.8679232322448979,0.32821218
NEW_05M,ENTRY_PROBE,STALLED_PRESSURE_PROBE,BUY_STALLED,30,300,17,33,48.484848484848484,3.0303030303030303,-0.522287433030303,0.0
NEW_05M,ENTRY_PROBE,STALLED_PRESSURE_PROBE,BUY_STALLED,30,300,18,66,72.72727272727273,0.0,2.247477094242425,1.99325576
NEW_05M,ENTRY_PROBE,STALLED_PRESSURE_PROBE,BUY_STALLED,30,300,19,67,65.67164179104478,0.0,1.2254775061194028,1.2502227
NEW_05M,ENTRY_PROBE,STALLED_PRESSURE_PROBE,BUY_STALLED,30,300,20,51,47.05882352941177,0.0,-0.6602551331372549,-0.43717895
NEW_05M,ENTRY_PROBE,STALLED_PRESSURE_PROBE,BUY_STALLED,30,300,21,94,39.361702127659576,0.0,-3.0852634359574505,-1.7335651
NEW_05M,ENTRY_PROBE,STALLED_PRESSURE_PROBE,BUY_STALLED,30,300,22,120,44.166666666666664,0.0,-5.0556470236666655,-0.748783815
NEW_05M,ENTRY_PROBE,STALLED_PRESSURE_PROBE,BUY_STALLED,30,300,23,114,60.526315789473685,0.0,-0.009924659649122765,0.82639345
NEW_05M,ENTRY_PROBE,STALLED_PRESSURE_PROBE,BUY_STALLED,30,600,0,54,48.148148148148145,0.0,0.3992250444444449,-0.95886762
NEW_05M,ENTRY_PROBE,STALLED_PRESSURE_PROBE,BUY_STALLED,30,600,1,75,52.0,0.0,-2.0684942319999995,0.40519017
NEW_05M,ENTRY_PROBE,STALLED_PRESSURE_PROBE,BUY_STALLED,30,600,2,136,46.3235294117647,0.0,0.0944304552941173,-0.46296260499999997
NEW_05M,ENTRY_PROBE,STALLED_PRESSURE_PROBE,BUY_STALLED,30,600,3,112,52.67857142857143,0.0,1.022788509553572,0.342006735
NEW_05M,ENTRY_PROBE,STALLED_PRESSURE_PROBE,BUY_STALLED,30,600,4,88,53.40909090909091,0.0,4.7147989979545475,0.55899406
NEW_05M,ENTRY_PROBE,STALLED_PRESSURE_PROBE,BUY_STALLED,30,600,5,117,52.99145299145299,0.0,1.653604828034187,0.82953131
NEW_05M,ENTRY_PROBE,STALLED_PRESSURE_PROBE,BUY_STALLED,30,600,6,61,55.73770491803279,0.0,0.3833434280327866,1.10565111
NEW_05M,ENTRY_PROBE,STALLED_PRESSURE_PROBE,BUY_STALLED,30,600,7,53,75.47169811320755,0.0,1.897636568679246,2.2725458
NEW_05M,ENTRY_PROBE,STALLED_PRESSURE_PROBE,BUY_STALLED,30,600,8,53,24.528301886792452,0.0,-3.1891684584905655,-2.88483818
NEW_05M,ENTRY_PROBE,STALLED_PRESSURE_PROBE,BUY_STALLED,30,600,9,26,69.23076923076923,0.0,3.0757982211538466,4.700355395
NEW_05M,ENTRY_PROBE,STALLED_PRESSURE_PROBE,BUY_STALLED,30,600,10,60,38.333333333333336,0.0,-0.44546481683333333,-1.474814165
NEW_05M,ENTRY_PROBE,STALLED_PRESSURE_PROBE,BUY_STALLED,30,600,11,42,42.857142857142854,0.0,0.13751711309523745,-0.87429237
NEW_05M,ENTRY_PROBE,STALLED_PRESSURE_PROBE,BUY_STALLED,30,600,12,63,68.25396825396825,0.0,4.835867616190476,0.82767624
NEW_05M,ENTRY_PROBE,STALLED_PRESSURE_PROBE,BUY_STALLED,30,600,13,44,34.09090909090909,0.0,-1.2469720940909095,-3.392961115
NEW_05M,ENTRY_PROBE,STALLED_PRESSURE_PROBE,BUY_STALLED,30,600,14,19,26.31578947368421,0.0,-0.9643098047368422,-1.71872046
NEW_05M,ENTRY_PROBE,STALLED_PRESSURE_PROBE,BUY_STALLED,30,600,15,26,53.84615384615385,0.0,-0.4265350050000002,0.1562139
NEW_05M,ENTRY_PROBE,STALLED_PRESSURE_PROBE,BUY_STALLED,30,600,16,49,34.69387755102041,0.0,-1.9347194085714285,-0.76572909
NEW_05M,ENTRY_PROBE,STALLED_PRESSURE_PROBE,BUY_STALLED,30,600,17,33,39.39393939393939,0.0,-4.536218273333333,-2.03283815
NEW_05M,ENTRY_PROBE,STALLED_PRESSURE_PROBE,BUY_STALLED,30,600,18,66,86.36363636363636,0.0,3.9314791130303024,3.36267725
NEW_05M,ENTRY_PROBE,STALLED_PRESSURE_PROBE,BUY_STALLED,30,600,19,67,68.65671641791045,0.0,2.2214104197014928,2.89077857
NEW_05M,ENTRY_PROBE,STALLED_PRESSURE_PROBE,BUY_STALLED,30,600,20,48,47.916666666666664,0.0,-0.3169860645833331,-0.30444397
NEW_05M,ENTRY_PROBE,STALLED_PRESSURE_PROBE,BUY_STALLED,30,600,21,86,37.2093023255814,0.0,-5.322080779186049,-1.069836945
NEW_05M,ENTRY_PROBE,STALLED_PRESSURE_PROBE,BUY_STALLED,30,600,22,106,45.283018867924525,0.0,-10.50080414509434,-0.42121247
NEW_05M,ENTRY_PROBE,STALLED_PRESSURE_PROBE,BUY_STALLED,30,600,23,111,52.252252252252255,0.9009009009009009,-1.506566569549549,0.45208591
NEW_05M,ENTRY_PROBE,STALLED_PRESSURE_PROBE,BUY_STALLED,60,60,0,26,30.76923076923077,0.0,-1.3005992723076925,-1.433052
NEW_05M,ENTRY_PROBE,STALLED_PRESSURE_PROBE,BUY_STALLED,60,60,1,48,33.333333333333336,10.416666666666666,-1.1618916070833334,-0.23372058
NEW_05M,ENTRY_PROBE,STALLED_PRESSURE_PROBE,BUY_STALLED,60,60,2,94,54.255319148936174,2.127659574468085,-0.06671702351063832,0.280576285
NEW_05M,ENTRY_PROBE,STALLED_PRESSURE_PROBE,BUY_STALLED,60,60,3,61,54.09836065573771,8.19672131147541,0.42885684704918003,0.21759437
NEW_05M,ENTRY_PROBE,STALLED_PRESSURE_PROBE,BUY_STALLED,60,60,4,40,55.0,2.5,0.5660290642499999,0.660065285
NEW_05M,ENTRY_PROBE,STALLED_PRESSURE_PROBE,BUY_STALLED,60,60,5,70,67.14285714285714,1.4285714285714286,1.1744004817142857,0.903741075
NEW_05M,ENTRY_PROBE,STALLED_PRESSURE_PROBE,BUY_STALLED,60,60,6,29,58.62068965517241,0.0,0.3709268789655173,0.49885419
NEW_05M,ENTRY_PROBE,STALLED_PRESSURE_PROBE,BUY_STALLED,60,60,7,31,67.74193548387096,0.0,0.6582030277419355,1.1664922
NEW_05M,ENTRY_PROBE,STALLED_PRESSURE_PROBE,BUY_STALLED,60,60,8,12,25.0,8.333333333333334,-1.4011370808333332,-1.626678025
NEW_05M,ENTRY_PROBE,STALLED_PRESSURE_PROBE,BUY_STALLED,60,60,9,16,31.25,43.75,1.04794667625,0.0
NEW_05M,ENTRY_PROBE,STALLED_PRESSURE_PROBE,BUY_STALLED,60,60,10,23,69.56521739130434,4.3478260869565215,1.8876802152173915,1.23233202
NEW_05M,ENTRY_PROBE,STALLED_PRESSURE_PROBE,BUY_STALLED,60,60,11,10,50.0,0.0,-0.02926732199999995,-0.007886265000000003
NEW_05M,ENTRY_PROBE,STALLED_PRESSURE_PROBE,BUY_STALLED,60,60,12,27,51.851851851851855,3.7037037037037037,0.6779883411111107,0.01560866
NEW_05M,ENTRY_PROBE,STALLED_PRESSURE_PROBE,BUY_STALLED,60,60,13,26,50.0,7.6923076923076925,-0.6127651153846153,0.085724795
NEW_05M,ENTRY_PROBE,STALLED_PRESSURE_PROBE,BUY_STALLED,60,60,14,20,15.0,20.0,-0.3270787255000001,-0.01562535
NEW_05M,ENTRY_PROBE,STALLED_PRESSURE_PROBE,BUY_STALLED,60,60,15,9,66.66666666666667,11.11111111111111,0.9137183633333331,2.62508203
NEW_05M,ENTRY_PROBE,STALLED_PRESSURE_PROBE,BUY_STALLED,60,60,16,29,48.275862068965516,6.896551724137931,-0.23059160275862067,0.0
NEW_05M,ENTRY_PROBE,STALLED_PRESSURE_PROBE,BUY_STALLED,60,60,17,14,50.0,7.142857142857143,-0.06168433285714291,0.211102425
NEW_05M,ENTRY_PROBE,STALLED_PRESSURE_PROBE,BUY_STALLED,60,60,18,29,51.724137931034484,13.793103448275861,-0.13497472724137954,0.03129215
NEW_05M,ENTRY_PROBE,STALLED_PRESSURE_PROBE,BUY_STALLED,60,60,19,34,44.11764705882353,11.764705882352942,0.26520504647058823,0.0
NEW_05M,ENTRY_PROBE,STALLED_PRESSURE_PROBE,BUY_STALLED,60,60,20,22,45.45454545454545,13.636363636363637,0.205510020909091,0.0
NEW_05M,ENTRY_PROBE,STALLED_PRESSURE_PROBE,BUY_STALLED,60,60,21,39,35.8974358974359,7.6923076923076925,-1.5744135456410255,-0.42149236
NEW_05M,ENTRY_PROBE,STALLED_PRESSURE_PROBE,BUY_STALLED,60,60,22,76,34.21052631578947,7.894736842105263,-2.1964898368421046,-0.97508251
NEW_05M,ENTRY_PROBE,STALLED_PRESSURE_PROBE,BUY_STALLED,60,60,23,55,41.81818181818182,7.2727272727272725,-0.7686719230909095,-0.0155923
NEW_05M,ENTRY_PROBE,STALLED_PRESSURE_PROBE,BUY_STALLED,60,180,0,26,46.15384615384615,0.0,1.7454540819230773,-0.576277995
NEW_05M,ENTRY_PROBE,STALLED_PRESSURE_PROBE,BUY_STALLED,60,180,1,48,54.166666666666664,0.0,-1.1107093214583332,0.280543895
NEW_05M,ENTRY_PROBE,STALLED_PRESSURE_PROBE,BUY_STALLED,60,180,2,91,57.142857142857146,0.0,0.6737362643956044,1.26562741
NEW_05M,ENTRY_PROBE,STALLED_PRESSURE_PROBE,BUY_STALLED,60,180,3,60,63.333333333333336,0.0,1.2035928971666658,1.173594135
NEW_05M,ENTRY_PROBE,STALLED_PRESSURE_PROBE,BUY_STALLED,60,180,4,40,57.5,0.0,0.5801492994999997,1.215109505
NEW_05M,ENTRY_PROBE,STALLED_PRESSURE_PROBE,BUY_STALLED,60,180,5,69,62.31884057971015,1.4492753623188406,1.4090473769565222,1.12146719
NEW_05M,ENTRY_PROBE,STALLED_PRESSURE_PROBE,BUY_STALLED,60,180,6,29,31.03448275862069,0.0,-1.2252203927586207,-1.88579266
NEW_05M,ENTRY_PROBE,STALLED_PRESSURE_PROBE,BUY_STALLED,60,180,7,30,63.333333333333336,0.0,1.0379175250000001,1.1359064600000002
NEW_05M,ENTRY_PROBE,STALLED_PRESSURE_PROBE,BUY_STALLED,60,180,8,12,25.0,0.0,-1.1560318708333333,-1.887756275
NEW_05M,ENTRY_PROBE,STALLED_PRESSURE_PROBE,BUY_STALLED,60,180,9,16,37.5,0.0,2.2442533106250004,-0.81879708
NEW_05M,ENTRY_PROBE,STALLED_PRESSURE_PROBE,BUY_STALLED,60,180,10,23,56.52173913043478,0.0,1.9797997356521742,1.96852854
NEW_05M,ENTRY_PROBE,STALLED_PRESSURE_PROBE,BUY_STALLED,60,180,11,8,62.5,0.0,2.2897726300000003,1.2458309300000001
NEW_05M,ENTRY_PROBE,STALLED_PRESSURE_PROBE,BUY_STALLED,60,180,12,27,51.851851851851855,0.0,1.3586886229629629,0.21401819
NEW_05M,ENTRY_PROBE,STALLED_PRESSURE_PROBE,BUY_STALLED,60,180,13,26,61.53846153846154,0.0,-0.7191760230769229,0.39782244
NEW_05M,ENTRY_PROBE,STALLED_PRESSURE_PROBE,BUY_STALLED,60,180,14,20,30.0,0.0,-0.912439169,-0.42105296000000003
NEW_05M,ENTRY_PROBE,STALLED_PRESSURE_PROBE,BUY_STALLED,60,180,15,9,88.88888888888889,0.0,1.394654542222222,0.62501953
NEW_05M,ENTRY_PROBE,STALLED_PRESSURE_PROBE,BUY_STALLED,60,180,16,29,37.93103448275862,0.0,-0.6832191951724138,-0.17191556
NEW_05M,ENTRY_PROBE,STALLED_PRESSURE_PROBE,BUY_STALLED,60,180,17,14,71.42857142857143,0.0,1.3726406142857146,1.6041022200000001
NEW_05M,ENTRY_PROBE,STALLED_PRESSURE_PROBE,BUY_STALLED,60,180,18,29,62.06896551724138,0.0,1.1326309268965518,2.12612951
NEW_05M,ENTRY_PROBE,STALLED_PRESSURE_PROBE,BUY_STALLED,60,180,19,34,52.94117647058823,5.882352941176471,0.48908716323529405,0.328204265
NEW_05M,ENTRY_PROBE,STALLED_PRESSURE_PROBE,BUY_STALLED,60,180,20,21,33.333333333333336,0.0,-1.1606100557142855,-1.06175345
NEW_05M,ENTRY_PROBE,STALLED_PRESSURE_PROBE,BUY_STALLED,60,180,21,39,35.8974358974359,0.0,-2.7160750858974354,-0.96759644
NEW_05M,ENTRY_PROBE,STALLED_PRESSURE_PROBE,BUY_STALLED,60,180,22,74,33.78378378378378,2.7027027027027026,-3.894061626081082,-1.1544213550000002
NEW_05M,ENTRY_PROBE,STALLED_PRESSURE_PROBE,BUY_STALLED,60,180,23,55,34.54545454545455,0.0,-3.018971429818182,-1.56699041
NEW_05M,ENTRY_PROBE,STALLED_PRESSURE_PROBE,BUY_STALLED,60,300,0,26,53.84615384615385,0.0,3.8413017573076904,2.0342859950000003
NEW_05M,ENTRY_PROBE,STALLED_PRESSURE_PROBE,BUY_STALLED,60,300,1,47,55.319148936170215,0.0,-0.20266823361702158,0.65499017
NEW_05M,ENTRY_PROBE,STALLED_PRESSURE_PROBE,BUY_STALLED,60,300,2,91,57.142857142857146,0.0,1.0895061185714285,0.9355981
NEW_05M,ENTRY_PROBE,STALLED_PRESSURE_PROBE,BUY_STALLED,60,300,3,57,64.91228070175438,0.0,1.9330394859649118,1.3056961
NEW_05M,ENTRY_PROBE,STALLED_PRESSURE_PROBE,BUY_STALLED,60,300,4,40,45.0,0.0,1.7549834262500006,-1.939137355
NEW_05M,ENTRY_PROBE,STALLED_PRESSURE_PROBE,BUY_STALLED,60,300,5,68,63.23529411764706,1.4705882352941178,1.7059697666176477,2.094658025
NEW_05M,ENTRY_PROBE,STALLED_PRESSURE_PROBE,BUY_STALLED,60,300,6,29,20.689655172413794,10.344827586206897,-0.991631414827586,-1.06032806
NEW_05M,ENTRY_PROBE,STALLED_PRESSURE_PROBE,BUY_STALLED,60,300,7,28,64.28571428571429,0.0,0.8977787689285712,0.5449261400000001
NEW_05M,ENTRY_PROBE,STALLED_PRESSURE_PROBE,BUY_STALLED,60,300,8,12,58.333333333333336,0.0,-1.0971189608333332,0.725906035
NEW_05M,ENTRY_PROBE,STALLED_PRESSURE_PROBE,BUY_STALLED,60,300,9,16,37.5,0.0,1.834929785,-1.01374956
NEW_05M,ENTRY_PROBE,STALLED_PRESSURE_PROBE,BUY_STALLED,60,300,10,23,52.17391304347826,0.0,1.030260485217392,0.35933457
NEW_05M,ENTRY_PROBE,STALLED_PRESSURE_PROBE,BUY_STALLED,60,300,11,8,75.0,0.0,3.2668986375,4.06170065
NEW_05M,ENTRY_PROBE,STALLED_PRESSURE_PROBE,BUY_STALLED,60,300,12,27,44.44444444444444,0.0,1.9519204714814815,-1.35850047
NEW_05M,ENTRY_PROBE,STALLED_PRESSURE_PROBE,BUY_STALLED,60,300,13,26,50.0,7.6923076923076925,0.6939184542307696,0.195017535
NEW_05M,ENTRY_PROBE,STALLED_PRESSURE_PROBE,BUY_STALLED,60,300,14,20,10.0,0.0,-1.3188474184999999,-1.403509865
NEW_05M,ENTRY_PROBE,STALLED_PRESSURE_PROBE,BUY_STALLED,60,300,15,9,100.0,0.0,1.1059343400000001,0.23451388
NEW_05M,ENTRY_PROBE,STALLED_PRESSURE_PROBE,BUY_STALLED,60,300,16,29,55.172413793103445,0.0,-0.16640429862068962,0.43756358
NEW_05M,ENTRY_PROBE,STALLED_PRESSURE_PROBE,BUY_STALLED,60,300,17,14,64.28571428571429,0.0,0.05648646571428573,0.602101015
NEW_05M,ENTRY_PROBE,STALLED_PRESSURE_PROBE,BUY_STALLED,60,300,18,29,75.86206896551724,0.0,2.298246243448276,2.7201951
NEW_05M,ENTRY_PROBE,STALLED_PRESSURE_PROBE,BUY_STALLED,60,300,19,34,61.76470588235294,0.0,0.9776370014705881,0.39070418
NEW_05M,ENTRY_PROBE,STALLED_PRESSURE_PROBE,BUY_STALLED,60,300,20,21,28.571428571428573,0.0,-1.5715203876190478,-1.10871497
NEW_05M,ENTRY_PROBE,STALLED_PRESSURE_PROBE,BUY_STALLED,60,300,21,39,23.076923076923077,0.0,-4.8564114328205115,-3.01343555
NEW_05M,ENTRY_PROBE,STALLED_PRESSURE_PROBE,BUY_STALLED,60,300,22,65,35.38461538461539,0.0,-7.471136134000001,-1.73171249
NEW_05M,ENTRY_PROBE,STALLED_PRESSURE_PROBE,BUY_STALLED,60,300,23,55,52.72727272727273,0.0,-2.708086578545454,0.14023934
NEW_05M,ENTRY_PROBE,STALLED_PRESSURE_PROBE,BUY_STALLED,60,600,0,26,46.15384615384615,0.0,-1.3924293538461538,-2.95983514
NEW_05M,ENTRY_PROBE,STALLED_PRESSURE_PROBE,BUY_STALLED,60,600,1,45,53.333333333333336,0.0,-2.870289682444446,0.42077507
NEW_05M,ENTRY_PROBE,STALLED_PRESSURE_PROBE,BUY_STALLED,60,600,2,83,49.397590361445786,0.0,0.26010482397590384,-0.20078647
NEW_05M,ENTRY_PROBE,STALLED_PRESSURE_PROBE,BUY_STALLED,60,600,3,57,56.14035087719298,0.0,1.9712677038596491,0.84897243
NEW_05M,ENTRY_PROBE,STALLED_PRESSURE_PROBE,BUY_STALLED,60,600,4,40,60.0,0.0,6.293227480499999,3.88123853
NEW_05M,ENTRY_PROBE,STALLED_PRESSURE_PROBE,BUY_STALLED,60,600,5,68,51.470588235294116,0.0,1.445762727794119,0.637345155
NEW_05M,ENTRY_PROBE,STALLED_PRESSURE_PROBE,BUY_STALLED,60,600,6,29,44.827586206896555,0.0,-0.7725826834482757,-0.0779884
NEW_05M,ENTRY_PROBE,STALLED_PRESSURE_PROBE,BUY_STALLED,60,600,7,26,73.07692307692308,0.0,1.4185644076923078,2.547919375
NEW_05M,ENTRY_PROBE,STALLED_PRESSURE_PROBE,BUY_STALLED,60,600,8,12,16.666666666666668,0.0,-3.9150078425,-3.353440645
NEW_05M,ENTRY_PROBE,STALLED_PRESSURE_PROBE,BUY_STALLED,60,600,9,16,87.5,0.0,2.4474749074999997,2.51097969
NEW_05M,ENTRY_PROBE,STALLED_PRESSURE_PROBE,BUY_STALLED,60,600,10,23,30.434782608695652,0.0,0.06630208217391263,-1.5609147
NEW_05M,ENTRY_PROBE,STALLED_PRESSURE_PROBE,BUY_STALLED,60,600,11,8,37.5,0.0,-1.7875026837499999,-2.990926825
NEW_05M,ENTRY_PROBE,STALLED_PRESSURE_PROBE,BUY_STALLED,60,600,12,27,66.66666666666667,0.0,5.9529533137037065,0.60873773
NEW_05M,ENTRY_PROBE,STALLED_PRESSURE_PROBE,BUY_STALLED,60,600,13,26,34.61538461538461,3.8461538461538463,-0.0984544792307691,-1.9245136999999999
NEW_05M,ENTRY_PROBE,STALLED_PRESSURE_PROBE,BUY_STALLED,60,600,14,20,30.0,0.0,-1.9076342760000002,-2.830098345
NEW_05M,ENTRY_PROBE,STALLED_PRESSURE_PROBE,BUY_STALLED,60,600,15,9,77.77777777777777,0.0,0.5168569422222223,0.96852452
NEW_05M,ENTRY_PROBE,STALLED_PRESSURE_PROBE,BUY_STALLED,60,600,16,29,48.275862068965516,0.0,-1.1989044727586207,-0.25006642
NEW_05M,ENTRY_PROBE,STALLED_PRESSURE_PROBE,BUY_STALLED,60,600,17,14,14.285714285714286,0.0,-5.200979738571428,-4.687071095
NEW_05M,ENTRY_PROBE,STALLED_PRESSURE_PROBE,BUY_STALLED,60,600,18,29,79.3103448275862,0.0,3.096438583103448,3.34703428
NEW_05M,ENTRY_PROBE,STALLED_PRESSURE_PROBE,BUY_STALLED,60,600,19,34,61.76470588235294,0.0,1.8431961382352942,2.7581488800000002
NEW_05M,ENTRY_PROBE,STALLED_PRESSURE_PROBE,BUY_STALLED,60,600,20,21,38.095238095238095,0.0,-1.2518610619047619,-0.56211179
NEW_05M,ENTRY_PROBE,STALLED_PRESSURE_PROBE,BUY_STALLED,60,600,21,34,26.470588235294116,0.0,-9.264074643823525,-2.147289475
NEW_05M,ENTRY_PROBE,STALLED_PRESSURE_PROBE,BUY_STALLED,60,600,22,56,51.785714285714285,0.0,-10.777308326428566,0.179407675
NEW_05M,ENTRY_PROBE,STALLED_PRESSURE_PROBE,BUY_STALLED,60,600,23,54,46.2962962962963,0.0,-5.229599462222222,-1.52293398
NEW_05M,ENTRY_PROBE,STALLED_PRESSURE_PROBE,BUY_STALLED,180,60,0,6,50.0,16.666666666666668,0.3587676766666667,0.390596315
NEW_05M,ENTRY_PROBE,STALLED_PRESSURE_PROBE,BUY_STALLED,180,60,1,18,66.66666666666667,0.0,1.8922093983333328,0.93546656
NEW_05M,ENTRY_PROBE,STALLED_PRESSURE_PROBE,BUY_STALLED,180,60,2,24,58.333333333333336,0.0,0.3988338283333332,0.147587765
NEW_05M,ENTRY_PROBE,STALLED_PRESSURE_PROBE,BUY_STALLED,180,60,3,14,50.0,7.142857142857143,0.6800124885714285,0.310880025
NEW_05M,ENTRY_PROBE,STALLED_PRESSURE_PROBE,BUY_STALLED,180,60,4,6,83.33333333333333,0.0,2.5455826416666665,1.56844042
NEW_05M,ENTRY_PROBE,STALLED_PRESSURE_PROBE,BUY_STALLED,180,60,5,8,62.5,0.0,0.43384659875000003,0.5067567550000001
NEW_05M,ENTRY_PROBE,STALLED_PRESSURE_PROBE,BUY_STALLED,180,60,6,17,58.8235294117647,5.882352941176471,0.7654067935294118,0.85992973
NEW_05M,ENTRY_PROBE,STALLED_PRESSURE_PROBE,BUY_STALLED,180,60,7,4,50.0,0.0,0.46126356249999995,0.39911303
NEW_05M,ENTRY_PROBE,STALLED_PRESSURE_PROBE,BUY_STALLED,180,60,8,4,25.0,0.0,-0.8209907375,-1.93393375
NEW_05M,ENTRY_PROBE,STALLED_PRESSURE_PROBE,BUY_STALLED,180,60,9,2,0.0,0.0,-5.36700377,-5.36700377
NEW_05M,ENTRY_PROBE,STALLED_PRESSURE_PROBE,BUY_STALLED,180,60,12,1,0.0,0.0,-1.98229669,-1.98229669
NEW_05M,ENTRY_PROBE,STALLED_PRESSURE_PROBE,BUY_STALLED,180,60,13,9,66.66666666666667,22.22222222222222,0.06928627777777778,0.07793042
NEW_05M,ENTRY_PROBE,STALLED_PRESSURE_PROBE,BUY_STALLED,180,60,14,5,20.0,0.0,-0.37161668400000003,-0.38988604
NEW_05M,ENTRY_PROBE,STALLED_PRESSURE_PROBE,BUY_STALLED,180,60,15,1,100.0,0.0,1.73431809,1.73431809
NEW_05M,ENTRY_PROBE,STALLED_PRESSURE_PROBE,BUY_STALLED,180,60,16,8,87.5,12.5,0.740338655,0.687620845
NEW_05M,ENTRY_PROBE,STALLED_PRESSURE_PROBE,BUY_STALLED,180,60,17,6,0.0,66.66666666666667,-0.005212185,0.0
NEW_05M,ENTRY_PROBE,STALLED_PRESSURE_PROBE,BUY_STALLED,180,60,18,15,53.333333333333336,6.666666666666667,0.04184667866666668,0.04694108
NEW_05M,ENTRY_PROBE,STALLED_PRESSURE_PROBE,BUY_STALLED,180,60,19,9,44.44444444444444,33.333333333333336,0.11283663222222222,0.0
NEW_05M,ENTRY_PROBE,STALLED_PRESSURE_PROBE,BUY_STALLED,180,60,20,7,71.42857142857143,0.0,1.004048342857143,0.71851985
NEW_05M,ENTRY_PROBE,STALLED_PRESSURE_PROBE,BUY_STALLED,180,60,21,13,15.384615384615385,7.6923076923076925,-2.8719349615384617,-1.40541992
NEW_05M,ENTRY_PROBE,STALLED_PRESSURE_PROBE,BUY_STALLED,180,60,22,19,36.8421052631579,5.2631578947368425,-1.8708884089473679,-0.20203245
NEW_05M,ENTRY_PROBE,STALLED_PRESSURE_PROBE,BUY_STALLED,180,60,23,21,28.571428571428573,14.285714285714286,-1.7592388057142854,-0.43653008
NEW_05M,ENTRY_PROBE,STALLED_PRESSURE_PROBE,BUY_STALLED,180,180,0,6,33.333333333333336,0.0,-0.49393963166666666,-1.098277965
NEW_05M,ENTRY_PROBE,STALLED_PRESSURE_PROBE,BUY_STALLED,180,180,1,18,72.22222222222223,0.0,2.3941700783333335,1.8934966549999999
NEW_05M,ENTRY_PROBE,STALLED_PRESSURE_PROBE,BUY_STALLED,180,180,2,24,58.333333333333336,0.0,1.4014414429166662,2.134603855
NEW_05M,ENTRY_PROBE,STALLED_PRESSURE_PROBE,BUY_STALLED,180,180,3,14,64.28571428571429,0.0,1.9170287942857143,1.2979241
NEW_05M,ENTRY_PROBE,STALLED_PRESSURE_PROBE,BUY_STALLED,180,180,4,6,66.66666666666667,0.0,4.6200361,5.33895152
NEW_05M,ENTRY_PROBE,STALLED_PRESSURE_PROBE,BUY_STALLED,180,180,5,8,62.5,0.0,2.0031368700000005,4.65304705
NEW_05M,ENTRY_PROBE,STALLED_PRESSURE_PROBE,BUY_STALLED,180,180,6,17,47.05882352941177,0.0,0.4639044417647057,-0.16891632
NEW_05M,ENTRY_PROBE,STALLED_PRESSURE_PROBE,BUY_STALLED,180,180,7,4,75.0,0.0,2.3068213525000005,3.05413073
NEW_05M,ENTRY_PROBE,STALLED_PRESSURE_PROBE,BUY_STALLED,180,180,8,4,25.0,0.0,-1.085659905,-1.457996295
NEW_05M,ENTRY_PROBE,STALLED_PRESSURE_PROBE,BUY_STALLED,180,180,9,2,0.0,0.0,-11.719715755,-11.719715755
NEW_05M,ENTRY_PROBE,STALLED_PRESSURE_PROBE,BUY_STALLED,180,180,12,1,0.0,0.0,-1.99790532,-1.99790532
NEW_05M,ENTRY_PROBE,STALLED_PRESSURE_PROBE,BUY_STALLED,180,180,13,9,44.44444444444444,0.0,0.37064069222222223,-0.21820483
NEW_05M,ENTRY_PROBE,STALLED_PRESSURE_PROBE,BUY_STALLED,180,180,14,5,60.0,0.0,-0.055895165999999996,0.06238177
NEW_05M,ENTRY_PROBE,STALLED_PRESSURE_PROBE,BUY_STALLED,180,180,15,1,100.0,0.0,2.90615464,2.90615464
NEW_05M,ENTRY_PROBE,STALLED_PRESSURE_PROBE,BUY_STALLED,180,180,16,8,62.5,0.0,0.5626450424999999,0.6172264199999999
NEW_05M,ENTRY_PROBE,STALLED_PRESSURE_PROBE,BUY_STALLED,180,180,17,6,66.66666666666667,0.0,1.0608862833333335,1.931374435
NEW_05M,ENTRY_PROBE,STALLED_PRESSURE_PROBE,BUY_STALLED,180,180,18,15,33.333333333333336,0.0,-0.024885147999999892,-0.56325688
NEW_05M,ENTRY_PROBE,STALLED_PRESSURE_PROBE,BUY_STALLED,180,180,19,9,44.44444444444444,0.0,-0.0867133088888889,-0.04686673
NEW_05M,ENTRY_PROBE,STALLED_PRESSURE_PROBE,BUY_STALLED,180,180,20,7,42.857142857142854,0.0,0.08806024857142851,-0.01561568
NEW_05M,ENTRY_PROBE,STALLED_PRESSURE_PROBE,BUY_STALLED,180,180,21,13,30.76923076923077,0.0,-3.7001445453846156,-0.52271987
NEW_05M,ENTRY_PROBE,STALLED_PRESSURE_PROBE,BUY_STALLED,180,180,22,18,55.55555555555556,0.0,-2.9863933305555546,0.34322165
NEW_05M,ENTRY_PROBE,STALLED_PRESSURE_PROBE,BUY_STALLED,180,180,23,21,33.333333333333336,0.0,-2.8232518338095236,-2.88333107
NEW_05M,ENTRY_PROBE,STALLED_PRESSURE_PROBE,BUY_STALLED,180,300,0,6,33.333333333333336,0.0,-2.109139323333333,-2.04077182
NEW_05M,ENTRY_PROBE,STALLED_PRESSURE_PROBE,BUY_STALLED,180,300,1,17,52.94117647058823,0.0,0.144064192352941,1.66752381
NEW_05M,ENTRY_PROBE,STALLED_PRESSURE_PROBE,BUY_STALLED,180,300,2,23,56.52173913043478,0.0,0.991396156956522,0.9355981
NEW_05M,ENTRY_PROBE,STALLED_PRESSURE_PROBE,BUY_STALLED,180,300,3,14,92.85714285714286,0.0,2.638483349285714,1.63262084
NEW_05M,ENTRY_PROBE,STALLED_PRESSURE_PROBE,BUY_STALLED,180,300,4,6,66.66666666666667,0.0,8.685439861666667,11.234227965
NEW_05M,ENTRY_PROBE,STALLED_PRESSURE_PROBE,BUY_STALLED,180,300,5,8,62.5,0.0,1.4660152025000002,4.061732185
NEW_05M,ENTRY_PROBE,STALLED_PRESSURE_PROBE,BUY_STALLED,180,300,6,17,41.1764705882353,0.0,0.15937476764705893,-0.19969462
NEW_05M,ENTRY_PROBE,STALLED_PRESSURE_PROBE,BUY_STALLED,180,300,7,4,50.0,0.0,0.6649792124999999,0.030603539999999985
NEW_05M,ENTRY_PROBE,STALLED_PRESSURE_PROBE,BUY_STALLED,180,300,8,4,50.0,0.0,-1.7302784624999998,-0.944016495
NEW_05M,ENTRY_PROBE,STALLED_PRESSURE_PROBE,BUY_STALLED,180,300,9,2,0.0,0.0,-12.41272949,-12.41272949
NEW_05M,ENTRY_PROBE,STALLED_PRESSURE_PROBE,BUY_STALLED,180,300,12,1,0.0,0.0,-1.91986214,-1.91986214
NEW_05M,ENTRY_PROBE,STALLED_PRESSURE_PROBE,BUY_STALLED,180,300,13,9,55.55555555555556,0.0,-1.0529072133333333,0.01560114
NEW_05M,ENTRY_PROBE,STALLED_PRESSURE_PROBE,BUY_STALLED,180,300,14,5,80.0,0.0,0.734357466,0.5614359
NEW_05M,ENTRY_PROBE,STALLED_PRESSURE_PROBE,BUY_STALLED,180,300,15,1,100.0,0.0,2.14055476,2.14055476
NEW_05M,ENTRY_PROBE,STALLED_PRESSURE_PROBE,BUY_STALLED,180,300,16,8,25.0,0.0,-0.535113505,-0.56252637
NEW_05M,ENTRY_PROBE,STALLED_PRESSURE_PROBE,BUY_STALLED,180,300,17,6,16.666666666666668,16.666666666666668,-1.5712643033333336,-0.01563866
NEW_05M,ENTRY_PROBE,STALLED_PRESSURE_PROBE,BUY_STALLED,180,300,18,15,53.333333333333336,0.0,0.3923856793333334,0.56335119
NEW_05M,ENTRY_PROBE,STALLED_PRESSURE_PROBE,BUY_STALLED,180,300,19,9,55.55555555555556,0.0,0.07662369333333333,0.17184842
NEW_05M,ENTRY_PROBE,STALLED_PRESSURE_PROBE,BUY_STALLED,180,300,20,7,28.571428571428573,0.0,-0.8400785328571428,-1.12446939
NEW_05M,ENTRY_PROBE,STALLED_PRESSURE_PROBE,BUY_STALLED,180,300,21,13,38.46153846153846,0.0,-3.2896201338461535,-2.70615604
NEW_05M,ENTRY_PROBE,STALLED_PRESSURE_PROBE,BUY_STALLED,180,300,22,16,56.25,0.0,-8.183010155,0.09360327
NEW_05M,ENTRY_PROBE,STALLED_PRESSURE_PROBE,BUY_STALLED,180,300,23,21,47.61904761904762,0.0,-0.8705480209523809,-1.02864784
NEW_05M,ENTRY_PROBE,STALLED_PRESSURE_PROBE,BUY_STALLED,180,600,0,6,33.333333333333336,0.0,-4.104712545,-5.016248285
NEW_05M,ENTRY_PROBE,STALLED_PRESSURE_PROBE,BUY_STALLED,180,600,1,17,52.94117647058823,0.0,-5.60506389588235,3.02807525
NEW_05M,ENTRY_PROBE,STALLED_PRESSURE_PROBE,BUY_STALLED,180,600,2,21,47.61904761904762,0.0,-0.04983344380952408,-0.56085861
NEW_05M,ENTRY_PROBE,STALLED_PRESSURE_PROBE,BUY_STALLED,180,600,3,14,57.142857142857146,0.0,0.7156145192857143,1.08813252
NEW_05M,ENTRY_PROBE,STALLED_PRESSURE_PROBE,BUY_STALLED,180,600,4,6,83.33333333333333,0.0,20.20905473666667,29.92433389
NEW_05M,ENTRY_PROBE,STALLED_PRESSURE_PROBE,BUY_STALLED,180,600,5,8,12.5,0.0,-2.8687197600000003,-4.2920802600000005
NEW_05M,ENTRY_PROBE,STALLED_PRESSURE_PROBE,BUY_STALLED,180,600,6,16,68.75,6.25,0.9372322281249998,2.00414959
NEW_05M,ENTRY_PROBE,STALLED_PRESSURE_PROBE,BUY_STALLED,180,600,7,3,33.333333333333336,0.0,-1.0994611566666668,-2.53197967
NEW_05M,ENTRY_PROBE,STALLED_PRESSURE_PROBE,BUY_STALLED,180,600,8,4,0.0,0.0,-5.068372525,-5.241503475
NEW_05M,ENTRY_PROBE,STALLED_PRESSURE_PROBE,BUY_STALLED,180,600,9,2,0.0,0.0,-16.33975642,-16.33975642
NEW_05M,ENTRY_PROBE,STALLED_PRESSURE_PROBE,BUY_STALLED,180,600,12,1,0.0,0.0,-1.98229669,-1.98229669
NEW_05M,ENTRY_PROBE,STALLED_PRESSURE_PROBE,BUY_STALLED,180,600,13,9,0.0,0.0,-5.438062335555555,-5.5018789
NEW_05M,ENTRY_PROBE,STALLED_PRESSURE_PROBE,BUY_STALLED,180,600,14,5,20.0,0.0,-0.9713525079999998,-0.84215386
NEW_05M,ENTRY_PROBE,STALLED_PRESSURE_PROBE,BUY_STALLED,180,600,15,1,100.0,0.0,2.35929759,2.35929759
NEW_05M,ENTRY_PROBE,STALLED_PRESSURE_PROBE,BUY_STALLED,180,600,16,8,75.0,0.0,0.60366219375,1.1172398700000001
NEW_05M,ENTRY_PROBE,STALLED_PRESSURE_PROBE,BUY_STALLED,180,600,17,6,66.66666666666667,0.0,0.83169934,1.8375441550000002
NEW_05M,ENTRY_PROBE,STALLED_PRESSURE_PROBE,BUY_STALLED,180,600,18,15,80.0,0.0,3.6861793373333334,2.5824021
NEW_05M,ENTRY_PROBE,STALLED_PRESSURE_PROBE,BUY_STALLED,180,600,19,9,44.44444444444444,0.0,0.6566476588888888,-0.20308914
NEW_05M,ENTRY_PROBE,STALLED_PRESSURE_PROBE,BUY_STALLED,180,600,20,7,57.142857142857146,0.0,-0.7937084442857143,0.39049992
NEW_05M,ENTRY_PROBE,STALLED_PRESSURE_PROBE,BUY_STALLED,180,600,21,11,27.272727272727273,0.0,-5.940641119090907,-2.13936144
NEW_05M,ENTRY_PROBE,STALLED_PRESSURE_PROBE,BUY_STALLED,180,600,22,16,37.5,0.0,-12.207859548750001,-0.8502676250000001
NEW_05M,ENTRY_PROBE,STALLED_PRESSURE_PROBE,BUY_STALLED,180,600,23,17,47.05882352941177,0.0,0.4489451388235294,-0.3291273
NEW_05M,ENTRY_PROBE,STALLED_PRESSURE_PROBE,BUY_STALLED,300,60,0,3,33.333333333333336,0.0,-0.5400497066666666,-0.60755897
NEW_05M,ENTRY_PROBE,STALLED_PRESSURE_PROBE,BUY_STALLED,300,60,1,10,50.0,0.0,-0.92797597,-0.19495013
NEW_05M,ENTRY_PROBE,STALLED_PRESSURE_PROBE,BUY_STALLED,300,60,2,27,59.25925925925926,0.0,0.014926285555555509,0.217966
NEW_05M,ENTRY_PROBE,STALLED_PRESSURE_PROBE,BUY_STALLED,300,60,3,13,61.53846153846154,7.6923076923076925,0.5678549046153847,0.43514005
NEW_05M,ENTRY_PROBE,STALLED_PRESSURE_PROBE,BUY_STALLED,300,60,4,4,75.0,0.0,4.146392875,4.705824965
NEW_05M,ENTRY_PROBE,STALLED_PRESSURE_PROBE,BUY_STALLED,300,60,5,6,33.333333333333336,0.0,-0.8755946450000002,-1.7128496
NEW_05M,ENTRY_PROBE,STALLED_PRESSURE_PROBE,BUY_STALLED,300,60,6,17,35.294117647058826,0.0,-0.5275871094117646,-0.52222369
NEW_05M,ENTRY_PROBE,STALLED_PRESSURE_PROBE,BUY_STALLED,300,60,7,6,33.333333333333336,0.0,-1.2869308433333333,-1.9338341099999998
NEW_05M,ENTRY_PROBE,STALLED_PRESSURE_PROBE,BUY_STALLED,300,60,8,6,66.66666666666667,0.0,0.14824424000000014,1.37365167
NEW_05M,ENTRY_PROBE,STALLED_PRESSURE_PROBE,BUY_STALLED,300,60,13,2,100.0,0.0,0.21821847,0.21821847
NEW_05M,ENTRY_PROBE,STALLED_PRESSURE_PROBE,BUY_STALLED,300,60,15,2,100.0,0.0,1.26550293,1.26550293
NEW_05M,ENTRY_PROBE,STALLED_PRESSURE_PROBE,BUY_STALLED,300,60,16,3,66.66666666666667,0.0,0.8230751033333332,0.8908324
NEW_05M,ENTRY_PROBE,STALLED_PRESSURE_PROBE,BUY_STALLED,300,60,18,7,85.71428571428571,0.0,1.2604579185714286,1.73681196
NEW_05M,ENTRY_PROBE,STALLED_PRESSURE_PROBE,BUY_STALLED,300,60,19,6,33.333333333333336,0.0,0.14322057500000002,-0.015624415
NEW_05M,ENTRY_PROBE,STALLED_PRESSURE_PROBE,BUY_STALLED,300,60,20,4,50.0,0.0,0.8044461449999999,0.78114902
NEW_05M,ENTRY_PROBE,STALLED_PRESSURE_PROBE,BUY_STALLED,300,60,21,8,12.5,12.5,-0.24856334750000003,-0.31215496
NEW_05M,ENTRY_PROBE,STALLED_PRESSURE_PROBE,BUY_STALLED,300,60,22,9,33.333333333333336,0.0,-4.026591503333333,-3.76330375
NEW_05M,ENTRY_PROBE,STALLED_PRESSURE_PROBE,BUY_STALLED,300,60,23,8,37.5,12.5,-0.30480451750000004,-0.180229315
NEW_05M,ENTRY_PROBE,STALLED_PRESSURE_PROBE,BUY_STALLED,300,180,0,3,0.0,0.0,-1.0801242266666666,-1.04381857
NEW_05M,ENTRY_PROBE,STALLED_PRESSURE_PROBE,BUY_STALLED,300,180,1,10,10.0,0.0,-5.080646495,-5.342485775
NEW_05M,ENTRY_PROBE,STALLED_PRESSURE_PROBE,BUY_STALLED,300,180,2,25,44.0,0.0,0.6048139528,-0.27771949
NEW_05M,ENTRY_PROBE,STALLED_PRESSURE_PROBE,BUY_STALLED,300,180,3,13,84.61538461538461,0.0,1.1997554407692308,1.2901521
NEW_05M,ENTRY_PROBE,STALLED_PRESSURE_PROBE,BUY_STALLED,300,180,4,4,100.0,0.0,8.592819624999999,8.07401506
NEW_05M,ENTRY_PROBE,STALLED_PRESSURE_PROBE,BUY_STALLED,300,180,5,6,50.0,0.0,0.4659648166666668,-0.76802589
NEW_05M,ENTRY_PROBE,STALLED_PRESSURE_PROBE,BUY_STALLED,300,180,6,17,47.05882352941177,0.0,0.19074339117647063,-0.1535603
NEW_05M,ENTRY_PROBE,STALLED_PRESSURE_PROBE,BUY_STALLED,300,180,7,6,66.66666666666667,0.0,2.0488013966666663,3.299461435
NEW_05M,ENTRY_PROBE,STALLED_PRESSURE_PROBE,BUY_STALLED,300,180,8,6,50.0,16.666666666666668,1.2918056016666668,1.197148945
NEW_05M,ENTRY_PROBE,STALLED_PRESSURE_PROBE,BUY_STALLED,300,180,13,2,100.0,0.0,1.737926595,1.737926595
NEW_05M,ENTRY_PROBE,STALLED_PRESSURE_PROBE,BUY_STALLED,300,180,15,2,50.0,50.0,1.45307959,1.45307959
NEW_05M,ENTRY_PROBE,STALLED_PRESSURE_PROBE,BUY_STALLED,300,180,16,3,66.66666666666667,0.0,0.28133102666666665,0.40630841
NEW_05M,ENTRY_PROBE,STALLED_PRESSURE_PROBE,BUY_STALLED,300,180,18,7,14.285714285714286,14.285714285714286,-0.6257500699999999,-0.53196566
NEW_05M,ENTRY_PROBE,STALLED_PRESSURE_PROBE,BUY_STALLED,300,180,19,6,33.333333333333336,0.0,0.2579510833333334,-0.023435155
NEW_05M,ENTRY_PROBE,STALLED_PRESSURE_PROBE,BUY_STALLED,300,180,20,4,75.0,0.0,1.0504783149999999,1.4834855949999999
NEW_05M,ENTRY_PROBE,STALLED_PRESSURE_PROBE,BUY_STALLED,300,180,21,8,37.5,12.5,0.27052689,-0.138382765
NEW_05M,ENTRY_PROBE,STALLED_PRESSURE_PROBE,BUY_STALLED,300,180,22,8,37.5,0.0,-5.425214552500001,-2.342177785
NEW_05M,ENTRY_PROBE,STALLED_PRESSURE_PROBE,BUY_STALLED,300,180,23,8,50.0,0.0,-0.07091013249999989,-0.28201402500000006
NEW_05M,ENTRY_PROBE,STALLED_PRESSURE_PROBE,BUY_STALLED,300,300,0,3,0.0,0.0,-2.21736434,-2.41465744
NEW_05M,ENTRY_PROBE,STALLED_PRESSURE_PROBE,BUY_STALLED,300,300,1,10,10.0,0.0,-8.887413263000001,-7.205329015
NEW_05M,ENTRY_PROBE,STALLED_PRESSURE_PROBE,BUY_STALLED,300,300,2,22,27.272727272727273,0.0,-1.227130950909091,-3.03698875
NEW_05M,ENTRY_PROBE,STALLED_PRESSURE_PROBE,BUY_STALLED,300,300,3,13,84.61538461538461,0.0,1.97241777,1.41462725
NEW_05M,ENTRY_PROBE,STALLED_PRESSURE_PROBE,BUY_STALLED,300,300,4,4,100.0,0.0,16.176987482500003,15.189863165
NEW_05M,ENTRY_PROBE,STALLED_PRESSURE_PROBE,BUY_STALLED,300,300,5,6,66.66666666666667,0.0,1.0471480733333334,0.46853733
NEW_05M,ENTRY_PROBE,STALLED_PRESSURE_PROBE,BUY_STALLED,300,300,6,17,58.8235294117647,0.0,-0.053146102941176464,0.55282555
NEW_05M,ENTRY_PROBE,STALLED_PRESSURE_PROBE,BUY_STALLED,300,300,7,6,66.66666666666667,0.0,1.0873842533333333,1.54230639
NEW_05M,ENTRY_PROBE,STALLED_PRESSURE_PROBE,BUY_STALLED,300,300,8,6,66.66666666666667,0.0,0.5677302966666666,2.2331185749999998
NEW_05M,ENTRY_PROBE,STALLED_PRESSURE_PROBE,BUY_STALLED,300,300,13,2,0.0,0.0,-4.122695035,-4.122695035
NEW_05M,ENTRY_PROBE,STALLED_PRESSURE_PROBE,BUY_STALLED,300,300,15,2,50.0,50.0,1.085903565,1.085903565
NEW_05M,ENTRY_PROBE,STALLED_PRESSURE_PROBE,BUY_STALLED,300,300,16,3,66.66666666666667,0.0,0.09373400999999998,0.40630841
NEW_05M,ENTRY_PROBE,STALLED_PRESSURE_PROBE,BUY_STALLED,300,300,18,7,71.42857142857143,0.0,2.058182532857143,1.40822592
NEW_05M,ENTRY_PROBE,STALLED_PRESSURE_PROBE,BUY_STALLED,300,300,19,6,50.0,0.0,0.9013550016666666,0.6953509050000001
NEW_05M,ENTRY_PROBE,STALLED_PRESSURE_PROBE,BUY_STALLED,300,300,20,4,25.0,0.0,-0.16736602250000004,-2.03790112
NEW_05M,ENTRY_PROBE,STALLED_PRESSURE_PROBE,BUY_STALLED,300,300,21,8,12.5,12.5,-1.5928488225,-0.37457626
NEW_05M,ENTRY_PROBE,STALLED_PRESSURE_PROBE,BUY_STALLED,300,300,22,6,33.333333333333336,0.0,-8.860944904999998,-2.792564295
NEW_05M,ENTRY_PROBE,STALLED_PRESSURE_PROBE,BUY_STALLED,300,300,23,8,37.5,0.0,-0.86352547375,-1.551472665
NEW_05M,ENTRY_PROBE,STALLED_PRESSURE_PROBE,BUY_STALLED,300,600,0,3,0.0,0.0,-4.813829156666666,-4.86076707
NEW_05M,ENTRY_PROBE,STALLED_PRESSURE_PROBE,BUY_STALLED,300,600,1,10,10.0,0.0,-13.559669254000003,-16.706789255
NEW_05M,ENTRY_PROBE,STALLED_PRESSURE_PROBE,BUY_STALLED,300,600,2,22,36.36363636363637,0.0,-3.282173591363637,-2.20827629
NEW_05M,ENTRY_PROBE,STALLED_PRESSURE_PROBE,BUY_STALLED,300,600,3,13,61.53846153846154,0.0,1.2364374007692311,0.62173589
NEW_05M,ENTRY_PROBE,STALLED_PRESSURE_PROBE,BUY_STALLED,300,600,4,4,100.0,0.0,31.9657378375,32.12144387
NEW_05M,ENTRY_PROBE,STALLED_PRESSURE_PROBE,BUY_STALLED,300,600,5,6,100.0,0.0,3.4870499566666666,2.18138693
NEW_05M,ENTRY_PROBE,STALLED_PRESSURE_PROBE,BUY_STALLED,300,600,6,17,94.11764705882354,0.0,3.4329385235294123,4.45318018
NEW_05M,ENTRY_PROBE,STALLED_PRESSURE_PROBE,BUY_STALLED,300,600,7,5,60.0,0.0,0.28252663000000006,0.16885098
NEW_05M,ENTRY_PROBE,STALLED_PRESSURE_PROBE,BUY_STALLED,300,600,8,6,0.0,0.0,-6.116922013333333,-1.51943001
NEW_05M,ENTRY_PROBE,STALLED_PRESSURE_PROBE,BUY_STALLED,300,600,13,2,0.0,0.0,-6.0632424149999995,-6.0632424149999995
NEW_05M,ENTRY_PROBE,STALLED_PRESSURE_PROBE,BUY_STALLED,300,600,15,2,0.0,0.0,-1.8279078850000001,-1.8279078850000001
NEW_05M,ENTRY_PROBE,STALLED_PRESSURE_PROBE,BUY_STALLED,300,600,16,3,33.333333333333336,0.0,0.10422027000000005,-0.21880094
NEW_05M,ENTRY_PROBE,STALLED_PRESSURE_PROBE,BUY_STALLED,300,600,18,7,71.42857142857143,0.0,6.159869337142857,6.9303647
NEW_05M,ENTRY_PROBE,STALLED_PRESSURE_PROBE,BUY_STALLED,300,600,19,6,66.66666666666667,0.0,3.35986297,3.67252713
NEW_05M,ENTRY_PROBE,STALLED_PRESSURE_PROBE,BUY_STALLED,300,600,20,4,75.0,0.0,0.37490253250000005,0.726336345
NEW_05M,ENTRY_PROBE,STALLED_PRESSURE_PROBE,BUY_STALLED,300,600,21,5,100.0,0.0,1.3984490739999997,1.26419488
NEW_05M,ENTRY_PROBE,STALLED_PRESSURE_PROBE,BUY_STALLED,300,600,22,5,20.0,0.0,-8.578633115999999,-0.49921919
NEW_05M,ENTRY_PROBE,STALLED_PRESSURE_PROBE,BUY_STALLED,300,600,23,6,33.333333333333336,0.0,-7.16162202,-9.12117052
NEW_05M,ENTRY_PROBE,STALLED_PRESSURE_PROBE,BUY_STALLED,900,60,3,1,100.0,0.0,0.0155483,0.0155483
NEW_05M,ENTRY_PROBE,STALLED_PRESSURE_PROBE,BUY_STALLED,900,60,4,2,100.0,0.0,0.6871541,0.6871541
NEW_05M,ENTRY_PROBE,STALLED_PRESSURE_PROBE,BUY_STALLED,900,60,7,2,50.0,0.0,1.7216731950000002,1.7216731950000002
NEW_05M,ENTRY_PROBE,STALLED_PRESSURE_PROBE,BUY_STALLED,900,60,18,4,75.0,0.0,1.2403254125,1.909305965
NEW_05M,ENTRY_PROBE,STALLED_PRESSURE_PROBE,BUY_STALLED,900,60,20,4,100.0,0.0,1.07773901,0.9293542450000001
NEW_05M,ENTRY_PROBE,STALLED_PRESSURE_PROBE,BUY_STALLED,900,180,3,1,100.0,0.0,3.76268936,3.76268936
NEW_05M,ENTRY_PROBE,STALLED_PRESSURE_PROBE,BUY_STALLED,900,180,4,2,100.0,0.0,11.3959195,11.3959195
NEW_05M,ENTRY_PROBE,STALLED_PRESSURE_PROBE,BUY_STALLED,900,180,7,2,100.0,0.0,4.646937445,4.646937445
NEW_05M,ENTRY_PROBE,STALLED_PRESSURE_PROBE,BUY_STALLED,900,180,18,4,100.0,0.0,3.2747228375,3.6073325699999996
NEW_05M,ENTRY_PROBE,STALLED_PRESSURE_PROBE,BUY_STALLED,900,180,20,4,100.0,0.0,1.6205134325000001,1.24955289
NEW_05M,ENTRY_PROBE,STALLED_PRESSURE_PROBE,BUY_STALLED,900,300,3,1,100.0,0.0,2.76759796,2.76759796
NEW_05M,ENTRY_PROBE,STALLED_PRESSURE_PROBE,BUY_STALLED,900,300,4,2,100.0,0.0,15.11736915,15.11736915
NEW_05M,ENTRY_PROBE,STALLED_PRESSURE_PROBE,BUY_STALLED,900,300,7,2,100.0,0.0,6.336392085,6.336392085
NEW_05M,ENTRY_PROBE,STALLED_PRESSURE_PROBE,BUY_STALLED,900,300,18,4,100.0,0.0,2.5272725975,2.14408904
NEW_05M,ENTRY_PROBE,STALLED_PRESSURE_PROBE,BUY_STALLED,900,300,20,4,100.0,0.0,1.241742705,1.2417431849999998
NEW_05M,ENTRY_PROBE,STALLED_PRESSURE_PROBE,BUY_STALLED,900,600,3,1,100.0,0.0,4.07365542,4.07365542
NEW_05M,ENTRY_PROBE,STALLED_PRESSURE_PROBE,BUY_STALLED,900,600,4,2,100.0,0.0,35.901817405,35.901817405
NEW_05M,ENTRY_PROBE,STALLED_PRESSURE_PROBE,BUY_STALLED,900,600,18,4,100.0,0.0,6.7680395425,5.313271755
NEW_05M,ENTRY_PROBE,STALLED_PRESSURE_PROBE,BUY_STALLED,900,600,20,4,100.0,0.0,4.346099515,4.232860430000001
NEW_05M,ENTRY_PROBE,STALLED_PRESSURE_PROBE,SELL_STALLED,30,60,0,62,53.225806451612904,6.451612903225806,0.36457869483870964,0.015588245
NEW_05M,ENTRY_PROBE,STALLED_PRESSURE_PROBE,SELL_STALLED,30,60,1,81,50.617283950617285,11.11111111111111,0.6743938990123456,0.34306548
NEW_05M,ENTRY_PROBE,STALLED_PRESSURE_PROBE,SELL_STALLED,30,60,2,67,40.298507462686565,7.462686567164179,-0.696856292686567,-0.17182211
NEW_05M,ENTRY_PROBE,STALLED_PRESSURE_PROBE,SELL_STALLED,30,60,3,110,40.90909090909091,4.545454545454546,-0.4269243742727274,-0.23335784
NEW_05M,ENTRY_PROBE,STALLED_PRESSURE_PROBE,SELL_STALLED,30,60,4,106,45.283018867924525,1.8867924528301887,0.12517923330188674,-0.093197995
NEW_05M,ENTRY_PROBE,STALLED_PRESSURE_PROBE,SELL_STALLED,30,60,5,71,32.394366197183096,9.859154929577464,-0.8470228450704227,-0.61438836
NEW_05M,ENTRY_PROBE,STALLED_PRESSURE_PROBE,SELL_STALLED,30,60,6,113,59.29203539823009,3.5398230088495577,0.318417257876106,0.24950606
NEW_05M,ENTRY_PROBE,STALLED_PRESSURE_PROBE,SELL_STALLED,30,60,7,89,37.07865168539326,16.853932584269664,-0.1693438097752809,-0.0
NEW_05M,ENTRY_PROBE,STALLED_PRESSURE_PROBE,SELL_STALLED,30,60,8,133,49.62406015037594,9.022556390977444,0.25160334353383457,-0.0
NEW_05M,ENTRY_PROBE,STALLED_PRESSURE_PROBE,SELL_STALLED,30,60,9,98,44.89795918367347,20.408163265306122,0.7903886406122452,-0.0
NEW_05M,ENTRY_PROBE,STALLED_PRESSURE_PROBE,SELL_STALLED,30,60,10,93,45.16129032258065,5.376344086021505,0.22283205150537624,-0.0
NEW_05M,ENTRY_PROBE,STALLED_PRESSURE_PROBE,SELL_STALLED,30,60,11,102,46.07843137254902,10.784313725490197,0.1605254501960784,-0.0
NEW_05M,ENTRY_PROBE,STALLED_PRESSURE_PROBE,SELL_STALLED,30,60,12,85,35.294117647058826,9.411764705882353,-0.6717647423529418,-0.01562305
NEW_05M,ENTRY_PROBE,STALLED_PRESSURE_PROBE,SELL_STALLED,30,60,13,100,52.0,14.0,0.13270599480000003,0.023106355
NEW_05M,ENTRY_PROBE,STALLED_PRESSURE_PROBE,SELL_STALLED,30,60,14,60,58.333333333333336,21.666666666666668,0.5639021346666666,0.023435365
NEW_05M,ENTRY_PROBE,STALLED_PRESSURE_PROBE,SELL_STALLED,30,60,15,49,42.857142857142854,20.408163265306122,-0.1328040771428571,-0.0
NEW_05M,ENTRY_PROBE,STALLED_PRESSURE_PROBE,SELL_STALLED,30,60,16,35,34.285714285714285,17.142857142857142,-0.044696082857142876,-0.0
NEW_05M,ENTRY_PROBE,STALLED_PRESSURE_PROBE,SELL_STALLED,30,60,17,58,43.10344827586207,8.620689655172415,0.10232414586206896,-0.0
NEW_05M,ENTRY_PROBE,STALLED_PRESSURE_PROBE,SELL_STALLED,30,60,18,18,27.77777777777778,5.555555555555555,-0.23180688666666674,-0.023491739999999997
NEW_05M,ENTRY_PROBE,STALLED_PRESSURE_PROBE,SELL_STALLED,30,60,19,35,40.0,25.714285714285715,-0.010304529999999966,-0.0
NEW_05M,ENTRY_PROBE,STALLED_PRESSURE_PROBE,SELL_STALLED,30,60,20,45,40.0,22.22222222222222,-0.18902460222222217,-0.0
NEW_05M,ENTRY_PROBE,STALLED_PRESSURE_PROBE,SELL_STALLED,30,60,21,64,43.75,17.1875,-0.01576116374999999,-0.0
NEW_05M,ENTRY_PROBE,STALLED_PRESSURE_PROBE,SELL_STALLED,30,60,22,30,63.333333333333336,0.0,0.5254660003333333,0.84617129
NEW_05M,ENTRY_PROBE,STALLED_PRESSURE_PROBE,SELL_STALLED,30,60,23,37,35.13513513513514,2.7027027027027026,-0.7569865948648649,-0.54606529
NEW_05M,ENTRY_PROBE,STALLED_PRESSURE_PROBE,SELL_STALLED,30,180,0,60,61.666666666666664,0.0,0.5890799018333331,0.8262412050000001
NEW_05M,ENTRY_PROBE,STALLED_PRESSURE_PROBE,SELL_STALLED,30,180,1,81,66.66666666666667,0.0,1.092803140246914,1.67163209
NEW_05M,ENTRY_PROBE,STALLED_PRESSURE_PROBE,SELL_STALLED,30,180,2,67,38.80597014925373,0.0,-1.1017718782089556,-1.09608835
NEW_05M,ENTRY_PROBE,STALLED_PRESSURE_PROBE,SELL_STALLED,30,180,3,101,35.64356435643565,1.9801980198019802,-1.3982243012871285,-1.5374724
NEW_05M,ENTRY_PROBE,STALLED_PRESSURE_PROBE,SELL_STALLED,30,180,4,101,45.54455445544554,1.9801980198019802,0.1799919134653465,-0.13982494
NEW_05M,ENTRY_PROBE,STALLED_PRESSURE_PROBE,SELL_STALLED,30,180,5,68,29.41176470588235,7.352941176470588,-1.1947792579411762,-1.19934214
NEW_05M,ENTRY_PROBE,STALLED_PRESSURE_PROBE,SELL_STALLED,30,180,6,113,64.60176991150442,1.7699115044247788,1.1394187012389372,1.12308199
NEW_05M,ENTRY_PROBE,STALLED_PRESSURE_PROBE,SELL_STALLED,30,180,7,85,45.88235294117647,3.5294117647058822,-0.6124768385882351,-0.06239111
NEW_05M,ENTRY_PROBE,STALLED_PRESSURE_PROBE,SELL_STALLED,30,180,8,133,49.62406015037594,2.255639097744361,0.3279181787969928,-0.0
NEW_05M,ENTRY_PROBE,STALLED_PRESSURE_PROBE,SELL_STALLED,30,180,9,98,48.97959183673469,7.142857142857143,0.9477989002040813,-0.0
NEW_05M,ENTRY_PROBE,STALLED_PRESSURE_PROBE,SELL_STALLED,30,180,10,93,45.16129032258065,0.0,-0.5019310356989248,-0.21880231
NEW_05M,ENTRY_PROBE,STALLED_PRESSURE_PROBE,SELL_STALLED,30,180,11,102,50.0,1.9607843137254901,0.7481862231372554,0.054695535
NEW_05M,ENTRY_PROBE,STALLED_PRESSURE_PROBE,SELL_STALLED,30,180,12,83,37.34939759036145,0.0,-1.9722601391566266,-2.01390374
NEW_05M,ENTRY_PROBE,STALLED_PRESSURE_PROBE,SELL_STALLED,30,180,13,94,57.4468085106383,4.25531914893617,-0.07526104372340431,0.22413437
NEW_05M,ENTRY_PROBE,STALLED_PRESSURE_PROBE,SELL_STALLED,30,180,14,60,66.66666666666667,6.666666666666667,1.4459221396666666,0.827296
NEW_05M,ENTRY_PROBE,STALLED_PRESSURE_PROBE,SELL_STALLED,30,180,15,48,43.75,4.166666666666667,-0.3357765058333333,-0.093828445
NEW_05M,ENTRY_PROBE,STALLED_PRESSURE_PROBE,SELL_STALLED,30,180,16,35,31.428571428571427,0.0,-0.6752908031428573,-0.84388713
NEW_05M,ENTRY_PROBE,STALLED_PRESSURE_PROBE,SELL_STALLED,30,180,17,58,51.724137931034484,0.0,0.6209942427586207,0.03910472
NEW_05M,ENTRY_PROBE,STALLED_PRESSURE_PROBE,SELL_STALLED,30,180,18,18,38.888888888888886,0.0,-0.6841076255555557,-0.799212995
NEW_05M,ENTRY_PROBE,STALLED_PRESSURE_PROBE,SELL_STALLED,30,180,19,35,60.0,0.0,0.32224196142857153,0.31249902
NEW_05M,ENTRY_PROBE,STALLED_PRESSURE_PROBE,SELL_STALLED,30,180,20,45,48.888888888888886,6.666666666666667,0.16213337533333327,-0.0
NEW_05M,ENTRY_PROBE,STALLED_PRESSURE_PROBE,SELL_STALLED,30,180,21,58,50.0,1.7241379310344827,0.1684487865517242,0.00780395
NEW_05M,ENTRY_PROBE,STALLED_PRESSURE_PROBE,SELL_STALLED,30,180,22,30,66.66666666666667,0.0,3.6355194279999994,3.005993455
NEW_05M,ENTRY_PROBE,STALLED_PRESSURE_PROBE,SELL_STALLED,30,180,23,37,35.13513513513514,0.0,-0.7140902237837838,-0.78009327
NEW_05M,ENTRY_PROBE,STALLED_PRESSURE_PROBE,SELL_STALLED,30,300,0,53,56.60377358490566,0.0,0.6317266215094337,0.63899158
NEW_05M,ENTRY_PROBE,STALLED_PRESSURE_PROBE,SELL_STALLED,30,300,1,81,69.1358024691358,0.0,1.727698583209877,3.35118032
NEW_05M,ENTRY_PROBE,STALLED_PRESSURE_PROBE,SELL_STALLED,30,300,2,66,28.78787878787879,0.0,-2.229082457575758,-2.6484569899999997
NEW_05M,ENTRY_PROBE,STALLED_PRESSURE_PROBE,SELL_STALLED,30,300,3,97,26.804123711340207,0.0,-1.9641143817525764,-1.38814802
NEW_05M,ENTRY_PROBE,STALLED_PRESSURE_PROBE,SELL_STALLED,30,300,4,95,41.05263157894737,1.0526315789473684,-0.7679289413684212,-0.59037197
NEW_05M,ENTRY_PROBE,STALLED_PRESSURE_PROBE,SELL_STALLED,30,300,5,68,39.705882352941174,0.0,-1.423872439558824,-2.111871335
NEW_05M,ENTRY_PROBE,STALLED_PRESSURE_PROBE,SELL_STALLED,30,300,6,113,69.02654867256638,0.0,2.0301657794690255,1.89031559
NEW_05M,ENTRY_PROBE,STALLED_PRESSURE_PROBE,SELL_STALLED,30,300,7,85,41.1764705882353,1.1764705882352942,-1.672636454941177,-0.42081442
NEW_05M,ENTRY_PROBE,STALLED_PRESSURE_PROBE,SELL_STALLED,30,300,8,133,54.13533834586466,0.7518796992481203,0.7372458938345858,0.33767709
NEW_05M,ENTRY_PROBE,STALLED_PRESSURE_PROBE,SELL_STALLED,30,300,9,98,54.08163265306123,1.0204081632653061,1.338541513367346,0.356956205
NEW_05M,ENTRY_PROBE,STALLED_PRESSURE_PROBE,SELL_STALLED,30,300,10,93,44.086021505376344,0.0,-0.8701704364516137,-1.01581388
NEW_05M,ENTRY_PROBE,STALLED_PRESSURE_PROBE,SELL_STALLED,30,300,11,100,45.0,0.0,0.16685944510000017,-0.80455777
NEW_05M,ENTRY_PROBE,STALLED_PRESSURE_PROBE,SELL_STALLED,30,300,12,81,30.864197530864196,1.2345679012345678,-2.6618978153086417,-2.59277771
NEW_05M,ENTRY_PROBE,STALLED_PRESSURE_PROBE,SELL_STALLED,30,300,13,90,63.333333333333336,3.3333333333333335,0.44626844166666685,1.16421577
NEW_05M,ENTRY_PROBE,STALLED_PRESSURE_PROBE,SELL_STALLED,30,300,14,60,73.33333333333333,3.3333333333333335,2.172456057166667,1.10923288
NEW_05M,ENTRY_PROBE,STALLED_PRESSURE_PROBE,SELL_STALLED,30,300,15,46,34.78260869565217,0.0,-1.1086310678260871,-1.8367402099999999
NEW_05M,ENTRY_PROBE,STALLED_PRESSURE_PROBE,SELL_STALLED,30,300,16,35,40.0,0.0,-0.17837799685714276,-1.67204743
NEW_05M,ENTRY_PROBE,STALLED_PRESSURE_PROBE,SELL_STALLED,30,300,17,58,50.0,1.7241379310344827,1.4602184027586205,0.00781933
NEW_05M,ENTRY_PROBE,STALLED_PRESSURE_PROBE,SELL_STALLED,30,300,18,18,16.666666666666668,0.0,-2.0877516722222222,-2.74721092
NEW_05M,ENTRY_PROBE,STALLED_PRESSURE_PROBE,SELL_STALLED,30,300,19,35,48.57142857142857,0.0,-0.06367993742857117,-0.04687632
NEW_05M,ENTRY_PROBE,STALLED_PRESSURE_PROBE,SELL_STALLED,30,300,20,45,44.44444444444444,2.2222222222222223,0.38066976177777784,-0.0156157
NEW_05M,ENTRY_PROBE,STALLED_PRESSURE_PROBE,SELL_STALLED,30,300,21,58,44.827586206896555,0.0,0.25158797793103427,-0.3044062
NEW_05M,ENTRY_PROBE,STALLED_PRESSURE_PROBE,SELL_STALLED,30,300,22,29,65.51724137931035,0.0,5.3774492455172425,2.41751592
NEW_05M,ENTRY_PROBE,STALLED_PRESSURE_PROBE,SELL_STALLED,30,300,23,37,29.72972972972973,0.0,-1.1630617016216216,-2.35499618
NEW_05M,ENTRY_PROBE,STALLED_PRESSURE_PROBE,SELL_STALLED,30,600,0,40,40.0,0.0,-1.01618289475,-0.99762596
NEW_05M,ENTRY_PROBE,STALLED_PRESSURE_PROBE,SELL_STALLED,30,600,1,81,62.96296296296296,0.0,1.7739245127160503,1.12365688
NEW_05M,ENTRY_PROBE,STALLED_PRESSURE_PROBE,SELL_STALLED,30,600,2,66,22.727272727272727,0.0,-3.727416329545455,-2.180972235
NEW_05M,ENTRY_PROBE,STALLED_PRESSURE_PROBE,SELL_STALLED,30,600,3,76,30.263157894736842,0.0,-4.295561220789476,-3.8298353900000004
NEW_05M,ENTRY_PROBE,STALLED_PRESSURE_PROBE,SELL_STALLED,30,600,4,87,52.87356321839081,1.1494252873563218,-0.08788202517241381,0.46602087
NEW_05M,ENTRY_PROBE,STALLED_PRESSURE_PROBE,SELL_STALLED,30,600,5,63,36.507936507936506,0.0,-2.1957818714285713,-0.94816786
NEW_05M,ENTRY_PROBE,STALLED_PRESSURE_PROBE,SELL_STALLED,30,600,6,113,57.52212389380531,0.0,1.7207718326548667,0.74841896
NEW_05M,ENTRY_PROBE,STALLED_PRESSURE_PROBE,SELL_STALLED,30,600,7,84,32.142857142857146,2.380952380952381,-2.3222723617857137,-0.943100375
NEW_05M,ENTRY_PROBE,STALLED_PRESSURE_PROBE,SELL_STALLED,30,600,8,133,54.88721804511278,1.5037593984962405,1.6048783519548877,0.10915941
NEW_05M,ENTRY_PROBE,STALLED_PRESSURE_PROBE,SELL_STALLED,30,600,9,98,56.12244897959184,0.0,1.735904534081633,0.6159888149999999
NEW_05M,ENTRY_PROBE,STALLED_PRESSURE_PROBE,SELL_STALLED,30,600,10,93,35.483870967741936,0.0,-2.329559403010754,-2.47421286
NEW_05M,ENTRY_PROBE,STALLED_PRESSURE_PROBE,SELL_STALLED,30,600,11,93,44.086021505376344,1.075268817204301,-2.2131828524731167,-1.73316179
NEW_05M,ENTRY_PROBE,STALLED_PRESSURE_PROBE,SELL_STALLED,30,600,12,78,20.512820512820515,1.2820512820512822,-5.474612871666662,-4.52102468
NEW_05M,ENTRY_PROBE,STALLED_PRESSURE_PROBE,SELL_STALLED,30,600,13,74,56.75675675675676,0.0,-0.20954212337837871,1.1001025599999998
NEW_05M,ENTRY_PROBE,STALLED_PRESSURE_PROBE,SELL_STALLED,30,600,14,60,78.33333333333333,0.0,4.186884833666666,2.82197838
NEW_05M,ENTRY_PROBE,STALLED_PRESSURE_PROBE,SELL_STALLED,30,600,15,42,30.952380952380953,0.0,-1.8319418952380953,-2.00173901
NEW_05M,ENTRY_PROBE,STALLED_PRESSURE_PROBE,SELL_STALLED,30,600,16,35,48.57142857142857,2.857142857142857,0.7092053351428571,-0.0
NEW_05M,ENTRY_PROBE,STALLED_PRESSURE_PROBE,SELL_STALLED,30,600,17,58,48.275862068965516,0.0,1.6531335736206896,-1.228680835
NEW_05M,ENTRY_PROBE,STALLED_PRESSURE_PROBE,SELL_STALLED,30,600,18,18,5.555555555555555,0.0,-4.414789020555554,-4.03373327
NEW_05M,ENTRY_PROBE,STALLED_PRESSURE_PROBE,SELL_STALLED,30,600,19,35,45.714285714285715,0.0,-1.0862576817142857,-1.12512658
NEW_05M,ENTRY_PROBE,STALLED_PRESSURE_PROBE,SELL_STALLED,30,600,20,44,40.90909090909091,0.0,-0.5701116563636363,-1.5693782299999999
NEW_05M,ENTRY_PROBE,STALLED_PRESSURE_PROBE,SELL_STALLED,30,600,21,56,51.785714285714285,1.7857142857142858,0.8656514769642863,0.124946925
NEW_05M,ENTRY_PROBE,STALLED_PRESSURE_PROBE,SELL_STALLED,30,600,22,28,60.714285714285715,0.0,7.376474229285715,2.69722843
NEW_05M,ENTRY_PROBE,STALLED_PRESSURE_PROBE,SELL_STALLED,30,600,23,37,16.216216216216218,0.0,-2.3121828267567577,-3.60127214
NEW_05M,ENTRY_PROBE,STALLED_PRESSURE_PROBE,SELL_STALLED,60,60,0,19,36.8421052631579,21.05263157894737,-0.44035291157894724,-0.0
NEW_05M,ENTRY_PROBE,STALLED_PRESSURE_PROBE,SELL_STALLED,60,60,1,45,53.333333333333336,8.88888888888889,0.4817113553333333,0.01560162
NEW_05M,ENTRY_PROBE,STALLED_PRESSURE_PROBE,SELL_STALLED,60,60,2,37,40.54054054054054,2.7027027027027026,-0.6200618856756758,-0.86428823
NEW_05M,ENTRY_PROBE,STALLED_PRESSURE_PROBE,SELL_STALLED,60,60,3,37,48.648648648648646,2.7027027027027026,0.06843839243243248,-0.0
NEW_05M,ENTRY_PROBE,STALLED_PRESSURE_PROBE,SELL_STALLED,60,60,4,53,41.509433962264154,3.7735849056603774,-0.15948610452830186,-0.57483497
NEW_05M,ENTRY_PROBE,STALLED_PRESSURE_PROBE,SELL_STALLED,60,60,5,27,33.333333333333336,7.407407407407407,-0.3105076855555555,-0.23373151
NEW_05M,ENTRY_PROBE,STALLED_PRESSURE_PROBE,SELL_STALLED,60,60,6,75,52.0,4.0,0.25097928786666673,0.07798195
NEW_05M,ENTRY_PROBE,STALLED_PRESSURE_PROBE,SELL_STALLED,60,60,7,41,41.46341463414634,12.195121951219512,-0.22885892146341463,-0.0
NEW_05M,ENTRY_PROBE,STALLED_PRESSURE_PROBE,SELL_STALLED,60,60,8,58,48.275862068965516,8.620689655172415,0.19447369879310344,-0.0
NEW_05M,ENTRY_PROBE,STALLED_PRESSURE_PROBE,SELL_STALLED,60,60,9,44,52.27272727272727,22.727272727272727,0.5901764011363636,0.01541161
NEW_05M,ENTRY_PROBE,STALLED_PRESSURE_PROBE,SELL_STALLED,60,60,10,44,43.18181818181818,0.0,-0.5267117663636365,-0.269164545
NEW_05M,ENTRY_PROBE,STALLED_PRESSURE_PROBE,SELL_STALLED,60,60,11,49,55.10204081632653,6.122448979591836,-0.0055688832653061505,0.19967744
NEW_05M,ENTRY_PROBE,STALLED_PRESSURE_PROBE,SELL_STALLED,60,60,12,39,28.205128205128204,10.256410256410257,-0.6006526115384615,-0.57760606
NEW_05M,ENTRY_PROBE,STALLED_PRESSURE_PROBE,SELL_STALLED,60,60,13,49,53.06122448979592,6.122448979591836,0.281495794897959,0.01560111
NEW_05M,ENTRY_PROBE,STALLED_PRESSURE_PROBE,SELL_STALLED,60,60,14,32,62.5,18.75,0.7423774187500002,0.39810711499999996
NEW_05M,ENTRY_PROBE,STALLED_PRESSURE_PROBE,SELL_STALLED,60,60,15,38,34.21052631578947,21.05263157894737,-0.1773382357894737,-0.0
NEW_05M,ENTRY_PROBE,STALLED_PRESSURE_PROBE,SELL_STALLED,60,60,16,19,42.10526315789474,5.2631578947368425,-0.20569795210526315,-0.01562625
NEW_05M,ENTRY_PROBE,STALLED_PRESSURE_PROBE,SELL_STALLED,60,60,17,34,58.8235294117647,8.823529411764707,0.9435000835294116,0.55520773
NEW_05M,ENTRY_PROBE,STALLED_PRESSURE_PROBE,SELL_STALLED,60,60,18,9,22.22222222222222,11.11111111111111,0.5437322055555556,-0.04690014
NEW_05M,ENTRY_PROBE,STALLED_PRESSURE_PROBE,SELL_STALLED,60,60,19,21,61.904761904761905,19.047619047619047,0.7322363404761904,0.01563294
NEW_05M,ENTRY_PROBE,STALLED_PRESSURE_PROBE,SELL_STALLED,60,60,20,23,26.08695652173913,17.391304347826086,-0.46330769260869564,-0.0156157
NEW_05M,ENTRY_PROBE,STALLED_PRESSURE_PROBE,SELL_STALLED,60,60,21,24,41.666666666666664,12.5,-0.3009012079166667,-0.0
NEW_05M,ENTRY_PROBE,STALLED_PRESSURE_PROBE,SELL_STALLED,60,60,22,20,55.0,5.0,1.0057497560000002,0.740212945
NEW_05M,ENTRY_PROBE,STALLED_PRESSURE_PROBE,SELL_STALLED,60,60,23,15,33.333333333333336,20.0,-0.8816792353333334,-0.0
NEW_05M,ENTRY_PROBE,STALLED_PRESSURE_PROBE,SELL_STALLED,60,180,0,18,61.111111111111114,0.0,-0.04271416944444444,0.35852183
NEW_05M,ENTRY_PROBE,STALLED_PRESSURE_PROBE,SELL_STALLED,60,180,1,45,64.44444444444444,0.0,1.123455664,2.06271916
NEW_05M,ENTRY_PROBE,STALLED_PRESSURE_PROBE,SELL_STALLED,60,180,2,37,45.945945945945944,0.0,-1.555982162162162,-0.35855145
NEW_05M,ENTRY_PROBE,STALLED_PRESSURE_PROBE,SELL_STALLED,60,180,3,30,23.333333333333332,3.3333333333333335,-1.2844980633333332,-1.73902969
NEW_05M,ENTRY_PROBE,STALLED_PRESSURE_PROBE,SELL_STALLED,60,180,4,47,40.42553191489362,0.0,-0.5446516557446809,-0.57483586
NEW_05M,ENTRY_PROBE,STALLED_PRESSURE_PROBE,SELL_STALLED,60,180,5,26,46.15384615384615,7.6923076923076925,0.8700128549999999,-0.0
NEW_05M,ENTRY_PROBE,STALLED_PRESSURE_PROBE,SELL_STALLED,60,180,6,75,57.333333333333336,0.0,1.0087054704,0.53022269
NEW_05M,ENTRY_PROBE,STALLED_PRESSURE_PROBE,SELL_STALLED,60,180,7,41,46.34146341463415,2.4390243902439024,-0.3412575995121951,-0.01559038
NEW_05M,ENTRY_PROBE,STALLED_PRESSURE_PROBE,SELL_STALLED,60,180,8,58,48.275862068965516,1.7241379310344827,0.0896609055172413,-0.304108745
NEW_05M,ENTRY_PROBE,STALLED_PRESSURE_PROBE,SELL_STALLED,60,180,9,44,54.54545454545455,4.545454545454546,0.6577394559090911,0.17154331
NEW_05M,ENTRY_PROBE,STALLED_PRESSURE_PROBE,SELL_STALLED,60,180,10,44,34.09090909090909,0.0,-2.9808497470454536,-1.51416113
NEW_05M,ENTRY_PROBE,STALLED_PRESSURE_PROBE,SELL_STALLED,60,180,11,49,51.02040816326531,0.0,0.12280900469387762,0.01562336
NEW_05M,ENTRY_PROBE,STALLED_PRESSURE_PROBE,SELL_STALLED,60,180,12,38,31.57894736842105,0.0,-1.9191822965789473,-1.99824652
NEW_05M,ENTRY_PROBE,STALLED_PRESSURE_PROBE,SELL_STALLED,60,180,13,44,63.63636363636363,4.545454545454546,0.4752997704545454,0.85797002
NEW_05M,ENTRY_PROBE,STALLED_PRESSURE_PROBE,SELL_STALLED,60,180,14,32,75.0,3.125,1.8368027228125001,0.91308168
NEW_05M,ENTRY_PROBE,STALLED_PRESSURE_PROBE,SELL_STALLED,60,180,15,38,44.73684210526316,2.6315789473684212,-0.5775284955263158,-0.35959457
NEW_05M,ENTRY_PROBE,STALLED_PRESSURE_PROBE,SELL_STALLED,60,180,16,19,26.31578947368421,0.0,-0.7380266768421052,-1.15647587
NEW_05M,ENTRY_PROBE,STALLED_PRESSURE_PROBE,SELL_STALLED,60,180,17,34,64.70588235294117,0.0,2.0774368447058826,2.47118712
NEW_05M,ENTRY_PROBE,STALLED_PRESSURE_PROBE,SELL_STALLED,60,180,18,9,55.55555555555556,0.0,0.28216269333333327,0.29705788
NEW_05M,ENTRY_PROBE,STALLED_PRESSURE_PROBE,SELL_STALLED,60,180,19,21,61.904761904761905,0.0,0.6219528823809526,0.54712035
NEW_05M,ENTRY_PROBE,STALLED_PRESSURE_PROBE,SELL_STALLED,60,180,20,23,52.17391304347826,0.0,-0.1608038230434783,0.35921896
NEW_05M,ENTRY_PROBE,STALLED_PRESSURE_PROBE,SELL_STALLED,60,180,21,24,41.666666666666664,8.333333333333334,0.7970930162499997,-0.007803965
NEW_05M,ENTRY_PROBE,STALLED_PRESSURE_PROBE,SELL_STALLED,60,180,22,20,70.0,0.0,2.4256700990000004,3.10403596
NEW_05M,ENTRY_PROBE,STALLED_PRESSURE_PROBE,SELL_STALLED,60,180,23,15,26.666666666666668,6.666666666666667,-2.053603201333333,-2.49539522
NEW_05M,ENTRY_PROBE,STALLED_PRESSURE_PROBE,SELL_STALLED,60,300,0,16,56.25,0.0,0.562372074375,0.646870385
NEW_05M,ENTRY_PROBE,STALLED_PRESSURE_PROBE,SELL_STALLED,60,300,1,45,68.88888888888889,0.0,1.8678899753333336,3.296602
NEW_05M,ENTRY_PROBE,STALLED_PRESSURE_PROBE,SELL_STALLED,60,300,2,36,25.0,0.0,-3.1869374102777766,-2.306636945
NEW_05M,ENTRY_PROBE,STALLED_PRESSURE_PROBE,SELL_STALLED,60,300,3,28,28.571428571428573,0.0,-1.262497294285714,-1.6459435949999999
NEW_05M,ENTRY_PROBE,STALLED_PRESSURE_PROBE,SELL_STALLED,60,300,4,44,38.63636363636363,0.0,-1.2230786402272729,-0.59800511
NEW_05M,ENTRY_PROBE,STALLED_PRESSURE_PROBE,SELL_STALLED,60,300,5,26,46.15384615384615,0.0,-0.010259254230769139,-0.72456767
NEW_05M,ENTRY_PROBE,STALLED_PRESSURE_PROBE,SELL_STALLED,60,300,6,75,64.0,1.3333333333333333,1.1080357126666671,1.18490247
NEW_05M,ENTRY_PROBE,STALLED_PRESSURE_PROBE,SELL_STALLED,60,300,7,41,58.53658536585366,4.878048780487805,-0.6798123402439029,0.15590117
NEW_05M,ENTRY_PROBE,STALLED_PRESSURE_PROBE,SELL_STALLED,60,300,8,58,41.37931034482759,1.7241379310344827,0.164985960862069,-0.33007781
NEW_05M,ENTRY_PROBE,STALLED_PRESSURE_PROBE,SELL_STALLED,60,300,9,44,61.36363636363637,0.0,0.6909439543181821,0.8580018
NEW_05M,ENTRY_PROBE,STALLED_PRESSURE_PROBE,SELL_STALLED,60,300,10,44,45.45454545454545,0.0,-3.266368227727274,-1.65275735
NEW_05M,ENTRY_PROBE,STALLED_PRESSURE_PROBE,SELL_STALLED,60,300,11,47,48.93617021276596,0.0,-0.7687332278723404,-0.01562231
NEW_05M,ENTRY_PROBE,STALLED_PRESSURE_PROBE,SELL_STALLED,60,300,12,38,39.473684210526315,0.0,-1.6709256852631582,-2.031789995
NEW_05M,ENTRY_PROBE,STALLED_PRESSURE_PROBE,SELL_STALLED,60,300,13,42,71.42857142857143,0.0,1.3460206890476194,2.4095408000000003
NEW_05M,ENTRY_PROBE,STALLED_PRESSURE_PROBE,SELL_STALLED,60,300,14,32,84.375,0.0,2.8177731809374995,1.489342765
NEW_05M,ENTRY_PROBE,STALLED_PRESSURE_PROBE,SELL_STALLED,60,300,15,37,24.324324324324323,0.0,-1.770149628918919,-2.23652066
NEW_05M,ENTRY_PROBE,STALLED_PRESSURE_PROBE,SELL_STALLED,60,300,16,19,47.36842105263158,0.0,0.0038458678947369015,-0.35947891
NEW_05M,ENTRY_PROBE,STALLED_PRESSURE_PROBE,SELL_STALLED,60,300,17,34,61.76470588235294,0.0,3.450387632941177,3.588202645
NEW_05M,ENTRY_PROBE,STALLED_PRESSURE_PROBE,SELL_STALLED,60,300,18,9,11.11111111111111,0.0,-0.9968452233333335,-0.34473681
NEW_05M,ENTRY_PROBE,STALLED_PRESSURE_PROBE,SELL_STALLED,60,300,19,21,52.38095238095238,0.0,0.9357772852380954,0.31249902
NEW_05M,ENTRY_PROBE,STALLED_PRESSURE_PROBE,SELL_STALLED,60,300,20,23,34.78260869565217,0.0,-0.40128540608695673,-0.26159239
NEW_05M,ENTRY_PROBE,STALLED_PRESSURE_PROBE,SELL_STALLED,60,300,21,24,45.833333333333336,0.0,0.492181705416667,-0.6009443
NEW_05M,ENTRY_PROBE,STALLED_PRESSURE_PROBE,SELL_STALLED,60,300,22,20,70.0,0.0,3.1550960724999997,2.425310575
NEW_05M,ENTRY_PROBE,STALLED_PRESSURE_PROBE,SELL_STALLED,60,300,23,15,6.666666666666667,0.0,-3.2619598513333328,-3.05685914
NEW_05M,ENTRY_PROBE,STALLED_PRESSURE_PROBE,SELL_STALLED,60,600,0,11,36.36363636363637,0.0,0.8872303745454547,-1.07556549
NEW_05M,ENTRY_PROBE,STALLED_PRESSURE_PROBE,SELL_STALLED,60,600,1,45,62.22222222222222,0.0,1.8399740997777754,2.38400194
NEW_05M,ENTRY_PROBE,STALLED_PRESSURE_PROBE,SELL_STALLED,60,600,2,36,22.22222222222222,0.0,-4.603359615,-3.1247457900000004
NEW_05M,ENTRY_PROBE,STALLED_PRESSURE_PROBE,SELL_STALLED,60,600,3,18,38.888888888888886,0.0,-3.029224273888889,-3.706918355
NEW_05M,ENTRY_PROBE,STALLED_PRESSURE_PROBE,SELL_STALLED,60,600,4,39,41.02564102564103,0.0,-0.7994252735897437,-2.25948555
NEW_05M,ENTRY_PROBE,STALLED_PRESSURE_PROBE,SELL_STALLED,60,600,5,23,52.17391304347826,0.0,0.6900108439130438,0.5297617
NEW_05M,ENTRY_PROBE,STALLED_PRESSURE_PROBE,SELL_STALLED,60,600,6,75,50.666666666666664,0.0,0.9968879810666673,0.31181644
NEW_05M,ENTRY_PROBE,STALLED_PRESSURE_PROBE,SELL_STALLED,60,600,7,41,29.26829268292683,0.0,-1.4530755402439024,-1.01385234
NEW_05M,ENTRY_PROBE,STALLED_PRESSURE_PROBE,SELL_STALLED,60,600,8,58,50.0,5.172413793103448,0.45206219499999994,0.03119249
NEW_05M,ENTRY_PROBE,STALLED_PRESSURE_PROBE,SELL_STALLED,60,600,9,44,50.0,0.0,0.2810460243181821,-0.015592570000000002
NEW_05M,ENTRY_PROBE,STALLED_PRESSURE_PROBE,SELL_STALLED,60,600,10,44,34.09090909090909,0.0,-3.965985960227272,-3.8657331050000003
NEW_05M,ENTRY_PROBE,STALLED_PRESSURE_PROBE,SELL_STALLED,60,600,11,42,40.476190476190474,0.0,-3.8519825421428555,-1.748777235
NEW_05M,ENTRY_PROBE,STALLED_PRESSURE_PROBE,SELL_STALLED,60,600,12,34,29.41176470588235,0.0,-4.33360396264706,-3.585300425
NEW_05M,ENTRY_PROBE,STALLED_PRESSURE_PROBE,SELL_STALLED,60,600,13,32,62.5,0.0,0.41657390656249993,1.5363347250000001
NEW_05M,ENTRY_PROBE,STALLED_PRESSURE_PROBE,SELL_STALLED,60,600,14,32,90.625,0.0,6.093177009062502,3.319375345
NEW_05M,ENTRY_PROBE,STALLED_PRESSURE_PROBE,SELL_STALLED,60,600,15,34,35.294117647058826,0.0,-2.0906576714705882,-2.869901125
NEW_05M,ENTRY_PROBE,STALLED_PRESSURE_PROBE,SELL_STALLED,60,600,16,19,42.10526315789474,0.0,0.7506649136842105,-0.18753047
NEW_05M,ENTRY_PROBE,STALLED_PRESSURE_PROBE,SELL_STALLED,60,600,17,34,41.1764705882353,0.0,1.8718143523529416,-1.5718524249999999
NEW_05M,ENTRY_PROBE,STALLED_PRESSURE_PROBE,SELL_STALLED,60,600,18,9,11.11111111111111,0.0,-2.972366033333333,-3.22047597
NEW_05M,ENTRY_PROBE,STALLED_PRESSURE_PROBE,SELL_STALLED,60,600,19,21,38.095238095238095,0.0,-1.4300188804761906,-1.10949808
NEW_05M,ENTRY_PROBE,STALLED_PRESSURE_PROBE,SELL_STALLED,60,600,20,22,18.181818181818183,0.0,-1.6846782349999996,-1.78831952
NEW_05M,ENTRY_PROBE,STALLED_PRESSURE_PROBE,SELL_STALLED,60,600,21,23,39.130434782608695,0.0,0.40174842217391316,-1.42031931
NEW_05M,ENTRY_PROBE,STALLED_PRESSURE_PROBE,SELL_STALLED,60,600,22,20,45.0,0.0,1.5478098879999997,-0.8970930100000001
NEW_05M,ENTRY_PROBE,STALLED_PRESSURE_PROBE,SELL_STALLED,60,600,23,15,6.666666666666667,0.0,-3.787883956666667,-4.55582998
NEW_05M,ENTRY_PROBE,STALLED_PRESSURE_PROBE,SELL_STALLED,180,60,0,5,40.0,20.0,0.345757058,-0.0
NEW_05M,ENTRY_PROBE,STALLED_PRESSURE_PROBE,SELL_STALLED,180,60,1,10,50.0,10.0,1.2440496230000004,0.94631352
NEW_05M,ENTRY_PROBE,STALLED_PRESSURE_PROBE,SELL_STALLED,180,60,2,2,0.0,50.0,-2.039710515,-2.039710515
NEW_05M,ENTRY_PROBE,STALLED_PRESSURE_PROBE,SELL_STALLED,180,60,3,7,28.571428571428573,0.0,-0.9868666557142856,-0.79241765
NEW_05M,ENTRY_PROBE,STALLED_PRESSURE_PROBE,SELL_STALLED,180,60,4,32,25.0,6.25,-0.6643355237499998,-0.512668205
NEW_05M,ENTRY_PROBE,STALLED_PRESSURE_PROBE,SELL_STALLED,180,60,5,3,0.0,33.333333333333336,-1.25675246,-0.01554451
NEW_05M,ENTRY_PROBE,STALLED_PRESSURE_PROBE,SELL_STALLED,180,60,6,28,57.142857142857146,3.5714285714285716,-0.10824649571428566,0.046789229999999994
NEW_05M,ENTRY_PROBE,STALLED_PRESSURE_PROBE,SELL_STALLED,180,60,7,18,27.77777777777778,16.666666666666668,-0.6488682461111112,-0.491106075
NEW_05M,ENTRY_PROBE,STALLED_PRESSURE_PROBE,SELL_STALLED,180,60,8,32,40.625,9.375,-0.21466753593750001,-0.07016012
NEW_05M,ENTRY_PROBE,STALLED_PRESSURE_PROBE,SELL_STALLED,180,60,9,19,47.36842105263158,26.31578947368421,0.7801773968421052,-0.0
NEW_05M,ENTRY_PROBE,STALLED_PRESSURE_PROBE,SELL_STALLED,180,60,10,14,7.142857142857143,0.0,-4.085876684285714,-3.07549578
NEW_05M,ENTRY_PROBE,STALLED_PRESSURE_PROBE,SELL_STALLED,180,60,11,11,27.272727272727273,9.090909090909092,-1.0143689563636367,-0.5937899
NEW_05M,ENTRY_PROBE,STALLED_PRESSURE_PROBE,SELL_STALLED,180,60,12,11,18.181818181818183,0.0,-1.875548099090909,-2.34402835
NEW_05M,ENTRY_PROBE,STALLED_PRESSURE_PROBE,SELL_STALLED,180,60,13,18,77.77777777777777,11.11111111111111,1.6104905544444441,1.84624437
NEW_05M,ENTRY_PROBE,STALLED_PRESSURE_PROBE,SELL_STALLED,180,60,14,5,20.0,40.0,-0.065434252,-0.0
NEW_05M,ENTRY_PROBE,STALLED_PRESSURE_PROBE,SELL_STALLED,180,60,15,11,45.45454545454545,9.090909090909092,0.0737938409090909,-0.0
NEW_05M,ENTRY_PROBE,STALLED_PRESSURE_PROBE,SELL_STALLED,180,60,16,6,33.333333333333336,16.666666666666668,-0.020865993333333322,-0.007813125
NEW_05M,ENTRY_PROBE,STALLED_PRESSURE_PROBE,SELL_STALLED,180,60,17,10,50.0,10.0,1.5410415629999998,1.00882132
NEW_05M,ENTRY_PROBE,STALLED_PRESSURE_PROBE,SELL_STALLED,180,60,19,5,40.0,20.0,0.412489916,-0.0
NEW_05M,ENTRY_PROBE,STALLED_PRESSURE_PROBE,SELL_STALLED,180,60,20,7,28.571428571428573,28.571428571428573,0.11372234571428567,-0.0
NEW_05M,ENTRY_PROBE,STALLED_PRESSURE_PROBE,SELL_STALLED,180,60,21,9,44.44444444444444,0.0,-0.09197258777777777,-0.01562129
NEW_05M,ENTRY_PROBE,STALLED_PRESSURE_PROBE,SELL_STALLED,180,60,22,3,66.66666666666667,0.0,0.22307157666666666,0.74897835
NEW_05M,ENTRY_PROBE,STALLED_PRESSURE_PROBE,SELL_STALLED,180,60,23,6,16.666666666666668,0.0,-2.2999194333333333,-2.55689879
NEW_05M,ENTRY_PROBE,STALLED_PRESSURE_PROBE,SELL_STALLED,180,180,0,5,60.0,0.0,-0.20662195200000005,1.38718089
NEW_05M,ENTRY_PROBE,STALLED_PRESSURE_PROBE,SELL_STALLED,180,180,1,10,60.0,0.0,2.150695355,3.91384693
NEW_05M,ENTRY_PROBE,STALLED_PRESSURE_PROBE,SELL_STALLED,180,180,2,2,50.0,0.0,-10.93725971,-10.93725971
NEW_05M,ENTRY_PROBE,STALLED_PRESSURE_PROBE,SELL_STALLED,180,180,3,7,28.571428571428573,0.0,-1.0911363285714286,-1.37237105
NEW_05M,ENTRY_PROBE,STALLED_PRESSURE_PROBE,SELL_STALLED,180,180,4,31,22.580645161290324,0.0,-1.884632973870967,-2.43885768
NEW_05M,ENTRY_PROBE,STALLED_PRESSURE_PROBE,SELL_STALLED,180,180,5,3,66.66666666666667,0.0,-0.42449068000000006,1.84979652
NEW_05M,ENTRY_PROBE,STALLED_PRESSURE_PROBE,SELL_STALLED,180,180,6,28,71.42857142857143,0.0,1.309354184642857,2.237990385
NEW_05M,ENTRY_PROBE,STALLED_PRESSURE_PROBE,SELL_STALLED,180,180,7,18,38.888888888888886,0.0,-0.6731431244444444,-0.615647415
NEW_05M,ENTRY_PROBE,STALLED_PRESSURE_PROBE,SELL_STALLED,180,180,8,32,46.875,0.0,-0.37271325843750003,-0.53791224
NEW_05M,ENTRY_PROBE,STALLED_PRESSURE_PROBE,SELL_STALLED,180,180,9,19,84.21052631578948,0.0,1.430597047368422,1.65277916
NEW_05M,ENTRY_PROBE,STALLED_PRESSURE_PROBE,SELL_STALLED,180,180,10,14,42.857142857142854,0.0,-2.6786052678571424,-0.507981805
NEW_05M,ENTRY_PROBE,STALLED_PRESSURE_PROBE,SELL_STALLED,180,180,11,11,72.72727272727273,0.0,-0.02154626999999999,0.89068484
NEW_05M,ENTRY_PROBE,STALLED_PRESSURE_PROBE,SELL_STALLED,180,180,12,11,9.090909090909092,0.0,-2.2466036545454546,-1.93664667
NEW_05M,ENTRY_PROBE,STALLED_PRESSURE_PROBE,SELL_STALLED,180,180,13,18,88.88888888888889,5.555555555555555,3.4652206083333343,4.34453776
NEW_05M,ENTRY_PROBE,STALLED_PRESSURE_PROBE,SELL_STALLED,180,180,14,5,80.0,0.0,0.39933803800000006,0.34312808
NEW_05M,ENTRY_PROBE,STALLED_PRESSURE_PROBE,SELL_STALLED,180,180,15,10,10.0,0.0,-2.328470554,-2.431629895
NEW_05M,ENTRY_PROBE,STALLED_PRESSURE_PROBE,SELL_STALLED,180,180,16,6,50.0,0.0,-0.06786019999999993,0.007818055
NEW_05M,ENTRY_PROBE,STALLED_PRESSURE_PROBE,SELL_STALLED,180,180,17,10,70.0,0.0,5.092142246,5.575832225
NEW_05M,ENTRY_PROBE,STALLED_PRESSURE_PROBE,SELL_STALLED,180,180,19,5,60.0,0.0,0.11212269400000015,0.93760548
NEW_05M,ENTRY_PROBE,STALLED_PRESSURE_PROBE,SELL_STALLED,180,180,20,7,28.571428571428573,0.0,-0.8612653857142857,-1.34321481
NEW_05M,ENTRY_PROBE,STALLED_PRESSURE_PROBE,SELL_STALLED,180,180,21,9,11.11111111111111,0.0,-1.2583732677777777,-1.24944361
NEW_05M,ENTRY_PROBE,STALLED_PRESSURE_PROBE,SELL_STALLED,180,180,22,3,33.333333333333336,0.0,0.6175211566666666,-1.49795669
NEW_05M,ENTRY_PROBE,STALLED_PRESSURE_PROBE,SELL_STALLED,180,180,23,6,0.0,0.0,-4.789496918333334,-5.573727555
NEW_05M,ENTRY_PROBE,STALLED_PRESSURE_PROBE,SELL_STALLED,180,300,0,4,75.0,0.0,1.3738208725,0.9973077850000001
NEW_05M,ENTRY_PROBE,STALLED_PRESSURE_PROBE,SELL_STALLED,180,300,1,10,60.0,0.0,2.514581579,4.0251237
NEW_05M,ENTRY_PROBE,STALLED_PRESSURE_PROBE,SELL_STALLED,180,300,2,2,50.0,0.0,-6.990330800000001,-6.990330800000001
NEW_05M,ENTRY_PROBE,STALLED_PRESSURE_PROBE,SELL_STALLED,180,300,3,7,14.285714285714286,0.0,-1.5213200085714287,-1.23215712
NEW_05M,ENTRY_PROBE,STALLED_PRESSURE_PROBE,SELL_STALLED,180,300,4,31,9.67741935483871,0.0,-3.3317837516129027,-2.66434822
NEW_05M,ENTRY_PROBE,STALLED_PRESSURE_PROBE,SELL_STALLED,180,300,5,3,33.333333333333336,0.0,-2.182217383333333,-1.18138265
NEW_05M,ENTRY_PROBE,STALLED_PRESSURE_PROBE,SELL_STALLED,180,300,6,28,46.42857142857143,0.0,0.24007923857142863,-0.19493478
NEW_05M,ENTRY_PROBE,STALLED_PRESSURE_PROBE,SELL_STALLED,180,300,7,18,38.888888888888886,0.0,-1.9466490716666671,-2.230675325
NEW_05M,ENTRY_PROBE,STALLED_PRESSURE_PROBE,SELL_STALLED,180,300,8,32,46.875,0.0,-0.24972221937499997,-0.389880905
NEW_05M,ENTRY_PROBE,STALLED_PRESSURE_PROBE,SELL_STALLED,180,300,9,19,63.1578947368421,0.0,0.8671256084210528,1.12366039
NEW_05M,ENTRY_PROBE,STALLED_PRESSURE_PROBE,SELL_STALLED,180,300,10,14,28.571428571428573,0.0,-4.132314532142858,-1.4464358499999999
NEW_05M,ENTRY_PROBE,STALLED_PRESSURE_PROBE,SELL_STALLED,180,300,11,10,40.0,0.0,-1.8496597310000003,-1.75011161
NEW_05M,ENTRY_PROBE,STALLED_PRESSURE_PROBE,SELL_STALLED,180,300,12,10,0.0,0.0,-4.907399009000001,-4.37787168
NEW_05M,ENTRY_PROBE,STALLED_PRESSURE_PROBE,SELL_STALLED,180,300,13,17,88.23529411764706,0.0,3.87438557882353,3.25772256
NEW_05M,ENTRY_PROBE,STALLED_PRESSURE_PROBE,SELL_STALLED,180,300,14,5,100.0,0.0,2.1590868399999996,1.88720444
NEW_05M,ENTRY_PROBE,STALLED_PRESSURE_PROBE,SELL_STALLED,180,300,15,10,10.0,0.0,-2.8055806780000005,-3.5894372050000003
NEW_05M,ENTRY_PROBE,STALLED_PRESSURE_PROBE,SELL_STALLED,180,300,16,6,50.0,0.0,0.8436031333333333,0.37500656999999993
NEW_05M,ENTRY_PROBE,STALLED_PRESSURE_PROBE,SELL_STALLED,180,300,17,10,70.0,0.0,6.093777878,5.12205377
NEW_05M,ENTRY_PROBE,STALLED_PRESSURE_PROBE,SELL_STALLED,180,300,19,5,60.0,0.0,-0.3350201720000001,1.39091188
NEW_05M,ENTRY_PROBE,STALLED_PRESSURE_PROBE,SELL_STALLED,180,300,20,7,42.857142857142854,0.0,0.08909372285714287,-0.28109057
NEW_05M,ENTRY_PROBE,STALLED_PRESSURE_PROBE,SELL_STALLED,180,300,21,9,11.11111111111111,0.0,-2.061993253333333,-1.96841475
NEW_05M,ENTRY_PROBE,STALLED_PRESSURE_PROBE,SELL_STALLED,180,300,22,3,33.333333333333336,0.0,-0.022197539999999922,-2.21572761
NEW_05M,ENTRY_PROBE,STALLED_PRESSURE_PROBE,SELL_STALLED,180,300,23,6,0.0,0.0,-5.595513921666666,-5.78420398
NEW_05M,ENTRY_PROBE,STALLED_PRESSURE_PROBE,SELL_STALLED,180,600,0,3,66.66666666666667,0.0,3.181939423333333,1.2782521
NEW_05M,ENTRY_PROBE,STALLED_PRESSURE_PROBE,SELL_STALLED,180,600,1,10,70.0,0.0,4.149133567000001,3.3978577850000002
NEW_05M,ENTRY_PROBE,STALLED_PRESSURE_PROBE,SELL_STALLED,180,600,2,2,0.0,0.0,-6.84316265,-6.84316265
NEW_05M,ENTRY_PROBE,STALLED_PRESSURE_PROBE,SELL_STALLED,180,600,3,4,0.0,0.0,-3.9738510975,-3.853358905
NEW_05M,ENTRY_PROBE,STALLED_PRESSURE_PROBE,SELL_STALLED,180,600,4,31,51.61290322580645,0.0,-0.7943016335483873,0.23373697
NEW_05M,ENTRY_PROBE,STALLED_PRESSURE_PROBE,SELL_STALLED,180,600,5,1,100.0,0.0,1.29311688,1.29311688
NEW_05M,ENTRY_PROBE,STALLED_PRESSURE_PROBE,SELL_STALLED,180,600,6,28,64.28571428571429,0.0,0.08117273642857122,1.457852735
NEW_05M,ENTRY_PROBE,STALLED_PRESSURE_PROBE,SELL_STALLED,180,600,7,18,22.22222222222222,0.0,-2.185162649444445,-1.5126590800000002
NEW_05M,ENTRY_PROBE,STALLED_PRESSURE_PROBE,SELL_STALLED,180,600,8,32,46.875,0.0,0.23452989812499997,-0.5669694599999999
NEW_05M,ENTRY_PROBE,STALLED_PRESSURE_PROBE,SELL_STALLED,180,600,9,19,68.42105263157895,0.0,1.332348311578947,1.40330306
NEW_05M,ENTRY_PROBE,STALLED_PRESSURE_PROBE,SELL_STALLED,180,600,10,14,7.142857142857143,7.142857142857143,-7.882114697142858,-10.03287274
NEW_05M,ENTRY_PROBE,STALLED_PRESSURE_PROBE,SELL_STALLED,180,600,11,9,22.22222222222222,0.0,-5.068079764444445,-1.27488914
NEW_05M,ENTRY_PROBE,STALLED_PRESSURE_PROBE,SELL_STALLED,180,600,12,10,0.0,0.0,-11.242097833,-11.065603345
NEW_05M,ENTRY_PROBE,STALLED_PRESSURE_PROBE,SELL_STALLED,180,600,13,11,72.72727272727273,0.0,4.193557171818182,2.79265547
NEW_05M,ENTRY_PROBE,STALLED_PRESSURE_PROBE,SELL_STALLED,180,600,14,5,100.0,0.0,10.355968447999999,13.73939135
NEW_05M,ENTRY_PROBE,STALLED_PRESSURE_PROBE,SELL_STALLED,180,600,15,10,10.0,0.0,-4.1021433,-5.152563205
NEW_05M,ENTRY_PROBE,STALLED_PRESSURE_PROBE,SELL_STALLED,180,600,16,6,33.333333333333336,0.0,3.14319878,-0.25006165999999996
NEW_05M,ENTRY_PROBE,STALLED_PRESSURE_PROBE,SELL_STALLED,180,600,17,10,40.0,0.0,3.0165072099999994,-1.196467325
NEW_05M,ENTRY_PROBE,STALLED_PRESSURE_PROBE,SELL_STALLED,180,600,19,5,20.0,0.0,-2.28539709,-1.53156589
NEW_05M,ENTRY_PROBE,STALLED_PRESSURE_PROBE,SELL_STALLED,180,600,20,7,28.571428571428573,0.0,-1.0577159185714284,-1.62429445
NEW_05M,ENTRY_PROBE,STALLED_PRESSURE_PROBE,SELL_STALLED,180,600,21,9,22.22222222222222,0.0,-4.639789921111111,-7.37374416
NEW_05M,ENTRY_PROBE,STALLED_PRESSURE_PROBE,SELL_STALLED,180,600,22,3,33.333333333333336,0.0,-1.5762016766666669,-1.99727559
NEW_05M,ENTRY_PROBE,STALLED_PRESSURE_PROBE,SELL_STALLED,180,600,23,6,0.0,0.0,-4.215689758333333,-4.47457289
NEW_05M,ENTRY_PROBE,STALLED_PRESSURE_PROBE,SELL_STALLED,300,60,0,6,33.333333333333336,0.0,-0.6546822166666666,-1.18451461
NEW_05M,ENTRY_PROBE,STALLED_PRESSURE_PROBE,SELL_STALLED,300,60,1,4,0.0,25.0,-1.1340274375,-1.169215435
NEW_05M,ENTRY_PROBE,STALLED_PRESSURE_PROBE,SELL_STALLED,300,60,2,1,100.0,0.0,0.80965356,0.80965356
NEW_05M,ENTRY_PROBE,STALLED_PRESSURE_PROBE,SELL_STALLED,300,60,3,6,16.666666666666668,16.666666666666668,-0.5632900049999999,-0.5904940750000001
NEW_05M,ENTRY_PROBE,STALLED_PRESSURE_PROBE,SELL_STALLED,300,60,4,19,15.789473684210526,5.2631578947368425,-0.882000497368421,-0.62144997
NEW_05M,ENTRY_PROBE,STALLED_PRESSURE_PROBE,SELL_STALLED,300,60,5,3,33.333333333333336,0.0,-4.020411226666666,-6.5897191
NEW_05M,ENTRY_PROBE,STALLED_PRESSURE_PROBE,SELL_STALLED,300,60,6,29,62.06896551724138,0.0,0.5444013475862068,0.4524061
NEW_05M,ENTRY_PROBE,STALLED_PRESSURE_PROBE,SELL_STALLED,300,60,7,8,37.5,25.0,-0.24163668749999997,-0.0
NEW_05M,ENTRY_PROBE,STALLED_PRESSURE_PROBE,SELL_STALLED,300,60,8,28,60.714285714285715,7.142857142857143,0.48906766607142854,0.09355892
NEW_05M,ENTRY_PROBE,STALLED_PRESSURE_PROBE,SELL_STALLED,300,60,9,6,66.66666666666667,16.666666666666668,0.5435461816666667,0.39018848
NEW_05M,ENTRY_PROBE,STALLED_PRESSURE_PROBE,SELL_STALLED,300,60,10,11,72.72727272727273,0.0,0.5308531254545453,0.82990995
NEW_05M,ENTRY_PROBE,STALLED_PRESSURE_PROBE,SELL_STALLED,300,60,11,3,66.66666666666667,0.0,-0.05354725999999991,1.68722319
NEW_05M,ENTRY_PROBE,STALLED_PRESSURE_PROBE,SELL_STALLED,300,60,12,3,66.66666666666667,0.0,0.35333053666666664,0.20299179
NEW_05M,ENTRY_PROBE,STALLED_PRESSURE_PROBE,SELL_STALLED,300,60,13,7,100.0,0.0,1.5169246785714283,1.40735188
NEW_05M,ENTRY_PROBE,STALLED_PRESSURE_PROBE,SELL_STALLED,300,60,15,9,33.333333333333336,0.0,-0.6760835322222222,-0.70359113
NEW_05M,ENTRY_PROBE,STALLED_PRESSURE_PROBE,SELL_STALLED,300,60,16,2,0.0,0.0,-0.6016627999999999,-0.6016627999999999
NEW_05M,ENTRY_PROBE,STALLED_PRESSURE_PROBE,SELL_STALLED,300,60,17,1,100.0,0.0,4.50499068,4.50499068
NEW_05M,ENTRY_PROBE,STALLED_PRESSURE_PROBE,SELL_STALLED,300,60,19,2,50.0,0.0,0.30468284,0.30468284
NEW_05M,ENTRY_PROBE,STALLED_PRESSURE_PROBE,SELL_STALLED,300,60,20,2,0.0,0.0,-1.23369309,-1.23369309
NEW_05M,ENTRY_PROBE,STALLED_PRESSURE_PROBE,SELL_STALLED,300,60,21,10,10.0,0.0,-0.6481522130000001,-0.65591948
NEW_05M,ENTRY_PROBE,STALLED_PRESSURE_PROBE,SELL_STALLED,300,60,22,2,50.0,0.0,2.080943045,2.080943045
NEW_05M,ENTRY_PROBE,STALLED_PRESSURE_PROBE,SELL_STALLED,300,60,23,1,0.0,0.0,-1.02932002,-1.02932002
NEW_05M,ENTRY_PROBE,STALLED_PRESSURE_PROBE,SELL_STALLED,300,180,0,5,40.0,20.0,-0.639130612,-0.0
NEW_05M,ENTRY_PROBE,STALLED_PRESSURE_PROBE,SELL_STALLED,300,180,1,4,0.0,0.0,-1.2745083225,-0.84976852
NEW_05M,ENTRY_PROBE,STALLED_PRESSURE_PROBE,SELL_STALLED,300,180,2,1,0.0,0.0,-6.02569093,-6.02569093
NEW_05M,ENTRY_PROBE,STALLED_PRESSURE_PROBE,SELL_STALLED,300,180,3,6,50.0,0.0,-0.6400840883333333,0.41321184499999997
NEW_05M,ENTRY_PROBE,STALLED_PRESSURE_PROBE,SELL_STALLED,300,180,4,17,23.529411764705884,0.0,-3.223053502941177,-2.87413912
NEW_05M,ENTRY_PROBE,STALLED_PRESSURE_PROBE,SELL_STALLED,300,180,5,3,33.333333333333336,0.0,-2.51523488,-4.29967488
NEW_05M,ENTRY_PROBE,STALLED_PRESSURE_PROBE,SELL_STALLED,300,180,6,29,51.724137931034484,3.4482758620689653,0.4946061834482761,0.04678348
NEW_05M,ENTRY_PROBE,STALLED_PRESSURE_PROBE,SELL_STALLED,300,180,7,8,25.0,12.5,-0.2654075912499999,-0.59258721
NEW_05M,ENTRY_PROBE,STALLED_PRESSURE_PROBE,SELL_STALLED,300,180,8,28,67.85714285714286,3.5714285714285716,-0.36957517785714283,0.31189132
NEW_05M,ENTRY_PROBE,STALLED_PRESSURE_PROBE,SELL_STALLED,300,180,9,6,100.0,0.0,1.6601763283333335,0.89308765
NEW_05M,ENTRY_PROBE,STALLED_PRESSURE_PROBE,SELL_STALLED,300,180,10,11,63.63636363636363,0.0,1.1569559345454543,2.12320432
NEW_05M,ENTRY_PROBE,STALLED_PRESSURE_PROBE,SELL_STALLED,300,180,11,3,66.66666666666667,0.0,0.9489702533333332,3.43693613
NEW_05M,ENTRY_PROBE,STALLED_PRESSURE_PROBE,SELL_STALLED,300,180,12,3,33.333333333333336,0.0,-0.6024226266666666,-1.83811703
NEW_05M,ENTRY_PROBE,STALLED_PRESSURE_PROBE,SELL_STALLED,300,180,13,7,85.71428571428571,0.0,3.241157341428572,4.16082188
NEW_05M,ENTRY_PROBE,STALLED_PRESSURE_PROBE,SELL_STALLED,300,180,15,7,28.571428571428573,0.0,-2.2183195357142855,-3.04861843
NEW_05M,ENTRY_PROBE,STALLED_PRESSURE_PROBE,SELL_STALLED,300,180,16,2,0.0,0.0,-0.39069793999999997,-0.39069793999999997
NEW_05M,ENTRY_PROBE,STALLED_PRESSURE_PROBE,SELL_STALLED,300,180,17,1,100.0,0.0,0.40670055,0.40670055
NEW_05M,ENTRY_PROBE,STALLED_PRESSURE_PROBE,SELL_STALLED,300,180,19,2,50.0,0.0,1.085847315,1.085847315
NEW_05M,ENTRY_PROBE,STALLED_PRESSURE_PROBE,SELL_STALLED,300,180,20,2,100.0,0.0,1.795778315,1.795778315
NEW_05M,ENTRY_PROBE,STALLED_PRESSURE_PROBE,SELL_STALLED,300,180,21,10,10.0,0.0,-0.8465728130000001,-0.65591999
NEW_05M,ENTRY_PROBE,STALLED_PRESSURE_PROBE,SELL_STALLED,300,180,22,2,50.0,0.0,3.08615066,3.08615066
NEW_05M,ENTRY_PROBE,STALLED_PRESSURE_PROBE,SELL_STALLED,300,180,23,1,100.0,0.0,0.2963194,0.2963194
NEW_05M,ENTRY_PROBE,STALLED_PRESSURE_PROBE,SELL_STALLED,300,300,0,5,0.0,0.0,-1.848699586,-1.54328686
NEW_05M,ENTRY_PROBE,STALLED_PRESSURE_PROBE,SELL_STALLED,300,300,1,4,0.0,0.0,-1.79735105,-2.05057885
NEW_05M,ENTRY_PROBE,STALLED_PRESSURE_PROBE,SELL_STALLED,300,300,2,1,0.0,0.0,-25.36395485,-25.36395485
NEW_05M,ENTRY_PROBE,STALLED_PRESSURE_PROBE,SELL_STALLED,300,300,3,4,50.0,0.0,0.150132755,0.04399446500000015
NEW_05M,ENTRY_PROBE,STALLED_PRESSURE_PROBE,SELL_STALLED,300,300,4,17,17.647058823529413,0.0,-3.1819752370588237,-4.21022541
NEW_05M,ENTRY_PROBE,STALLED_PRESSURE_PROBE,SELL_STALLED,300,300,5,3,0.0,0.0,-1.1932987266666668,-1.44563705
NEW_05M,ENTRY_PROBE,STALLED_PRESSURE_PROBE,SELL_STALLED,300,300,6,29,48.275862068965516,3.4482758620689653,-0.33157110482758634,-0.0
NEW_05M,ENTRY_PROBE,STALLED_PRESSURE_PROBE,SELL_STALLED,300,300,7,8,37.5,0.0,-0.7230136887500002,-0.990486115
NEW_05M,ENTRY_PROBE,STALLED_PRESSURE_PROBE,SELL_STALLED,300,300,8,28,53.57142857142857,3.5714285714285716,-0.88864768,0.674617215
NEW_05M,ENTRY_PROBE,STALLED_PRESSURE_PROBE,SELL_STALLED,300,300,9,6,100.0,0.0,2.5006472400000006,1.27056707
NEW_05M,ENTRY_PROBE,STALLED_PRESSURE_PROBE,SELL_STALLED,300,300,10,11,63.63636363636363,0.0,-0.21697600636363648,0.63066056
NEW_05M,ENTRY_PROBE,STALLED_PRESSURE_PROBE,SELL_STALLED,300,300,11,3,33.333333333333336,0.0,-0.9237109966666668,-2.10902899
NEW_05M,ENTRY_PROBE,STALLED_PRESSURE_PROBE,SELL_STALLED,300,300,12,3,0.0,0.0,-4.186820446666666,-2.43590144
NEW_05M,ENTRY_PROBE,STALLED_PRESSURE_PROBE,SELL_STALLED,300,300,13,7,85.71428571428571,0.0,4.0579585514285705,5.39989017
NEW_05M,ENTRY_PROBE,STALLED_PRESSURE_PROBE,SELL_STALLED,300,300,15,7,28.571428571428573,0.0,-1.9681575785714287,-3.43946695
NEW_05M,ENTRY_PROBE,STALLED_PRESSURE_PROBE,SELL_STALLED,300,300,16,2,50.0,0.0,-1.17994074,-1.17994074
NEW_05M,ENTRY_PROBE,STALLED_PRESSURE_PROBE,SELL_STALLED,300,300,17,1,0.0,0.0,-3.47259699,-3.47259699
NEW_05M,ENTRY_PROBE,STALLED_PRESSURE_PROBE,SELL_STALLED,300,300,19,2,50.0,0.0,0.4918995449999999,0.4918995449999999
NEW_05M,ENTRY_PROBE,STALLED_PRESSURE_PROBE,SELL_STALLED,300,300,20,2,50.0,0.0,-0.07050936500000016,-0.07050936500000016
NEW_05M,ENTRY_PROBE,STALLED_PRESSURE_PROBE,SELL_STALLED,300,300,21,10,30.0,0.0,-0.33902595800000007,-0.20302285
NEW_05M,ENTRY_PROBE,STALLED_PRESSURE_PROBE,SELL_STALLED,300,300,22,2,50.0,0.0,3.569816785,3.569816785
NEW_05M,ENTRY_PROBE,STALLED_PRESSURE_PROBE,SELL_STALLED,300,300,23,1,0.0,0.0,-4.24204616,-4.24204616
NEW_05M,ENTRY_PROBE,STALLED_PRESSURE_PROBE,SELL_STALLED,300,600,0,5,20.0,0.0,-0.897857368,-1.30924938
NEW_05M,ENTRY_PROBE,STALLED_PRESSURE_PROBE,SELL_STALLED,300,600,1,4,50.0,0.0,-2.8672152375,-2.871071915
NEW_05M,ENTRY_PROBE,STALLED_PRESSURE_PROBE,SELL_STALLED,300,600,2,1,0.0,0.0,-18.27948618,-18.27948618
NEW_05M,ENTRY_PROBE,STALLED_PRESSURE_PROBE,SELL_STALLED,300,600,3,2,0.0,0.0,-0.839027595,-0.839027595
NEW_05M,ENTRY_PROBE,STALLED_PRESSURE_PROBE,SELL_STALLED,300,600,4,17,94.11764705882354,0.0,2.1970659899999996,2.67960772
NEW_05M,ENTRY_PROBE,STALLED_PRESSURE_PROBE,SELL_STALLED,300,600,5,2,100.0,0.0,3.2091802449999998,3.2091802449999998
NEW_05M,ENTRY_PROBE,STALLED_PRESSURE_PROBE,SELL_STALLED,300,600,6,29,55.172413793103445,0.0,-0.6356658072413792,0.14034781
NEW_05M,ENTRY_PROBE,STALLED_PRESSURE_PROBE,SELL_STALLED,300,600,7,8,50.0,0.0,0.33820905125,0.919846755
NEW_05M,ENTRY_PROBE,STALLED_PRESSURE_PROBE,SELL_STALLED,300,600,8,28,35.714285714285715,0.0,-1.2276807375,-2.18323927
NEW_05M,ENTRY_PROBE,STALLED_PRESSURE_PROBE,SELL_STALLED,300,600,9,6,66.66666666666667,0.0,0.8980148733333335,3.43365859
NEW_05M,ENTRY_PROBE,STALLED_PRESSURE_PROBE,SELL_STALLED,300,600,10,11,36.36363636363637,9.090909090909092,-2.014281467272728,-0.4762373
NEW_05M,ENTRY_PROBE,STALLED_PRESSURE_PROBE,SELL_STALLED,300,600,11,3,0.0,0.0,-2.917457206666666,-0.67176479
NEW_05M,ENTRY_PROBE,STALLED_PRESSURE_PROBE,SELL_STALLED,300,600,12,3,0.0,0.0,-11.510535676666665,-11.27107392
NEW_05M,ENTRY_PROBE,STALLED_PRESSURE_PROBE,SELL_STALLED,300,600,13,2,0.0,0.0,-7.896400225000001,-7.896400225000001
NEW_05M,ENTRY_PROBE,STALLED_PRESSURE_PROBE,SELL_STALLED,300,600,15,7,0.0,0.0,-3.8824429,-4.7683519
NEW_05M,ENTRY_PROBE,STALLED_PRESSURE_PROBE,SELL_STALLED,300,600,16,2,50.0,0.0,0.78911092,0.78911092
NEW_05M,ENTRY_PROBE,STALLED_PRESSURE_PROBE,SELL_STALLED,300,600,17,1,0.0,0.0,-4.28599808,-4.28599808
NEW_05M,ENTRY_PROBE,STALLED_PRESSURE_PROBE,SELL_STALLED,300,600,19,2,0.0,0.0,-2.7195609099999998,-2.7195609099999998
NEW_05M,ENTRY_PROBE,STALLED_PRESSURE_PROBE,SELL_STALLED,300,600,20,2,50.0,0.0,0.35118092499999987,0.35118092499999987
NEW_05M,ENTRY_PROBE,STALLED_PRESSURE_PROBE,SELL_STALLED,300,600,21,10,80.0,0.0,-0.2375415079999999,0.37481113
NEW_05M,ENTRY_PROBE,STALLED_PRESSURE_PROBE,SELL_STALLED,300,600,22,2,50.0,0.0,-0.4839258900000001,-0.4839258900000001
NEW_05M,ENTRY_PROBE,STALLED_PRESSURE_PROBE,SELL_STALLED,300,600,23,1,0.0,0.0,-4.69432314,-4.69432314
NEW_05M,ENTRY_PROBE,STALLED_PRESSURE_PROBE,SELL_STALLED,900,60,0,2,50.0,0.0,-0.16361612000000003,-0.16361612000000003
NEW_05M,ENTRY_PROBE,STALLED_PRESSURE_PROBE,SELL_STALLED,900,60,6,20,65.0,0.0,0.6087044005000001,0.79535453
NEW_05M,ENTRY_PROBE,STALLED_PRESSURE_PROBE,SELL_STALLED,900,60,7,9,33.333333333333336,11.11111111111111,-0.00043159555555553436,-0.3431618
NEW_05M,ENTRY_PROBE,STALLED_PRESSURE_PROBE,SELL_STALLED,900,60,8,8,50.0,0.0,0.6607768699999998,0.031135515000000002
NEW_05M,ENTRY_PROBE,STALLED_PRESSURE_PROBE,SELL_STALLED,900,60,10,1,100.0,0.0,0.74914784,0.74914784
NEW_05M,ENTRY_PROBE,STALLED_PRESSURE_PROBE,SELL_STALLED,900,60,12,1,0.0,0.0,-0.88991029,-0.88991029
NEW_05M,ENTRY_PROBE,STALLED_PRESSURE_PROBE,SELL_STALLED,900,60,13,1,0.0,0.0,-0.76489238,-0.76489238
NEW_05M,ENTRY_PROBE,STALLED_PRESSURE_PROBE,SELL_STALLED,900,60,15,1,0.0,0.0,-1.26602855,-1.26602855
NEW_05M,ENTRY_PROBE,STALLED_PRESSURE_PROBE,SELL_STALLED,900,60,17,1,0.0,100.0,0.0,-0.0
NEW_05M,ENTRY_PROBE,STALLED_PRESSURE_PROBE,SELL_STALLED,900,60,20,1,0.0,0.0,-0.29668216,-0.29668216
NEW_05M,ENTRY_PROBE,STALLED_PRESSURE_PROBE,SELL_STALLED,900,60,21,1,100.0,0.0,0.32794565,0.32794565
NEW_05M,ENTRY_PROBE,STALLED_PRESSURE_PROBE,SELL_STALLED,900,60,23,1,0.0,0.0,-0.03117839,-0.03117839
NEW_05M,ENTRY_PROBE,STALLED_PRESSURE_PROBE,SELL_STALLED,900,180,0,1,0.0,100.0,0.0,-0.0
NEW_05M,ENTRY_PROBE,STALLED_PRESSURE_PROBE,SELL_STALLED,900,180,6,20,75.0,0.0,2.4428514440000004,2.3077483799999996
NEW_05M,ENTRY_PROBE,STALLED_PRESSURE_PROBE,SELL_STALLED,900,180,7,9,33.333333333333336,0.0,-0.25341189000000003,-0.29636701
NEW_05M,ENTRY_PROBE,STALLED_PRESSURE_PROBE,SELL_STALLED,900,180,8,8,50.0,0.0,-0.03901347125000008,0.039084674999999985
NEW_05M,ENTRY_PROBE,STALLED_PRESSURE_PROBE,SELL_STALLED,900,180,10,1,100.0,0.0,8.25623353,8.25623353
NEW_05M,ENTRY_PROBE,STALLED_PRESSURE_PROBE,SELL_STALLED,900,180,12,1,0.0,0.0,-0.73378568,-0.73378568
NEW_05M,ENTRY_PROBE,STALLED_PRESSURE_PROBE,SELL_STALLED,900,180,13,1,0.0,0.0,-1.24880388,-1.24880388
NEW_05M,ENTRY_PROBE,STALLED_PRESSURE_PROBE,SELL_STALLED,900,180,15,1,0.0,0.0,-0.18755978,-0.18755978
NEW_05M,ENTRY_PROBE,STALLED_PRESSURE_PROBE,SELL_STALLED,900,180,17,1,100.0,0.0,0.48474462,0.48474462
NEW_05M,ENTRY_PROBE,STALLED_PRESSURE_PROBE,SELL_STALLED,900,180,20,1,100.0,0.0,0.53090491,0.53090491
NEW_05M,ENTRY_PROBE,STALLED_PRESSURE_PROBE,SELL_STALLED,900,180,21,1,100.0,0.0,2.04575623,2.04575623
NEW_05M,ENTRY_PROBE,STALLED_PRESSURE_PROBE,SELL_STALLED,900,180,23,1,100.0,0.0,3.75699565,3.75699565
NEW_05M,ENTRY_PROBE,STALLED_PRESSURE_PROBE,SELL_STALLED,900,300,0,1,100.0,0.0,0.60755802,0.60755802
NEW_05M,ENTRY_PROBE,STALLED_PRESSURE_PROBE,SELL_STALLED,900,300,6,20,50.0,0.0,0.5911757815,0.07792224
NEW_05M,ENTRY_PROBE,STALLED_PRESSURE_PROBE,SELL_STALLED,900,300,7,9,22.22222222222222,11.11111111111111,-1.8149745988888892,-2.44883189
NEW_05M,ENTRY_PROBE,STALLED_PRESSURE_PROBE,SELL_STALLED,900,300,8,8,37.5,0.0,-0.23981944,-0.405372895
NEW_05M,ENTRY_PROBE,STALLED_PRESSURE_PROBE,SELL_STALLED,900,300,10,1,100.0,0.0,10.50367707,10.50367707
NEW_05M,ENTRY_PROBE,STALLED_PRESSURE_PROBE,SELL_STALLED,900,300,12,1,0.0,0.0,-2.79463056,-2.79463056
NEW_05M,ENTRY_PROBE,STALLED_PRESSURE_PROBE,SELL_STALLED,900,300,13,1,0.0,0.0,-3.34055038,-3.34055038
NEW_05M,ENTRY_PROBE,STALLED_PRESSURE_PROBE,SELL_STALLED,900,300,15,1,100.0,0.0,3.81371562,3.81371562
NEW_05M,ENTRY_PROBE,STALLED_PRESSURE_PROBE,SELL_STALLED,900,300,17,1,0.0,0.0,-0.82875693,-0.82875693
NEW_05M,ENTRY_PROBE,STALLED_PRESSURE_PROBE,SELL_STALLED,900,300,20,1,100.0,0.0,0.54651976,0.54651976
NEW_05M,ENTRY_PROBE,STALLED_PRESSURE_PROBE,SELL_STALLED,900,300,21,1,0.0,0.0,-1.31178262,-1.31178262
NEW_05M,ENTRY_PROBE,STALLED_PRESSURE_PROBE,SELL_STALLED,900,300,23,1,100.0,0.0,0.59238936,0.59238936
NEW_05M,ENTRY_PROBE,STALLED_PRESSURE_PROBE,SELL_STALLED,900,600,0,1,100.0,0.0,2.43023209,2.43023209
NEW_05M,ENTRY_PROBE,STALLED_PRESSURE_PROBE,SELL_STALLED,900,600,6,20,60.0,0.0,1.304645351,1.9650004499999998
NEW_05M,ENTRY_PROBE,STALLED_PRESSURE_PROBE,SELL_STALLED,900,600,7,9,11.11111111111111,0.0,-2.8982776466666667,-2.94798445
NEW_05M,ENTRY_PROBE,STALLED_PRESSURE_PROBE,SELL_STALLED,900,600,8,8,25.0,0.0,-0.8813365337500001,-1.9570738150000002
NEW_05M,ENTRY_PROBE,STALLED_PRESSURE_PROBE,SELL_STALLED,900,600,10,1,100.0,0.0,13.74998439,13.74998439
NEW_05M,ENTRY_PROBE,STALLED_PRESSURE_PROBE,SELL_STALLED,900,600,12,1,0.0,0.0,-6.01079758,-6.01079758
NEW_05M,ENTRY_PROBE,STALLED_PRESSURE_PROBE,SELL_STALLED,900,600,13,1,0.0,0.0,-5.54156722,-5.54156722
NEW_05M,ENTRY_PROBE,STALLED_PRESSURE_PROBE,SELL_STALLED,900,600,15,1,100.0,0.0,6.40829264,6.40829264
NEW_05M,ENTRY_PROBE,STALLED_PRESSURE_PROBE,SELL_STALLED,900,600,17,1,0.0,0.0,-0.25019077,-0.25019077
NEW_05M,ENTRY_PROBE,STALLED_PRESSURE_PROBE,SELL_STALLED,900,600,20,1,100.0,0.0,1.98308599,1.98308599
NEW_05M,ENTRY_PROBE,STALLED_PRESSURE_PROBE,SELL_STALLED,900,600,21,1,0.0,0.0,-4.84110252,-4.84110252
NEW_05M,ENTRY_PROBE,STALLED_PRESSURE_PROBE,SELL_STALLED,900,600,23,1,100.0,0.0,2.65016291,2.65016291
NEW_05M,ENTRY_PROBE,STALLED_PRESSURE_PROBE,SELL_STALLED,1800,60,4,2,100.0,0.0,1.50387694,1.50387694
NEW_05M,ENTRY_PROBE,STALLED_PRESSURE_PROBE,SELL_STALLED,1800,60,6,27,66.66666666666667,3.7037037037037037,0.2753567074074075,0.14029203
NEW_05M,ENTRY_PROBE,STALLED_PRESSURE_PROBE,SELL_STALLED,1800,60,7,4,50.0,0.0,-0.21842743000000014,0.015561095000000025
NEW_05M,ENTRY_PROBE,STALLED_PRESSURE_PROBE,SELL_STALLED,1800,60,8,8,62.5,0.0,0.49703367500000006,0.015593045
NEW_05M,ENTRY_PROBE,STALLED_PRESSURE_PROBE,SELL_STALLED,1800,60,10,1,100.0,0.0,1.96467637,1.96467637
NEW_05M,ENTRY_PROBE,STALLED_PRESSURE_PROBE,SELL_STALLED,1800,180,4,2,0.0,0.0,-4.472645314999999,-4.472645314999999
NEW_05M,ENTRY_PROBE,STALLED_PRESSURE_PROBE,SELL_STALLED,1800,180,6,27,81.48148148148148,0.0,1.668321760740741,2.37035189
NEW_05M,ENTRY_PROBE,STALLED_PRESSURE_PROBE,SELL_STALLED,1800,180,7,4,75.0,0.0,2.3034787850000003,2.728449155
NEW_05M,ENTRY_PROBE,STALLED_PRESSURE_PROBE,SELL_STALLED,1800,180,8,8,87.5,0.0,1.3955675812500001,1.26314411
NEW_05M,ENTRY_PROBE,STALLED_PRESSURE_PROBE,SELL_STALLED,1800,180,10,1,100.0,0.0,5.84725109,5.84725109
NEW_05M,ENTRY_PROBE,STALLED_PRESSURE_PROBE,SELL_STALLED,1800,300,4,2,0.0,0.0,-12.763463734999998,-12.763463734999998
NEW_05M,ENTRY_PROBE,STALLED_PRESSURE_PROBE,SELL_STALLED,1800,300,6,27,48.148148148148145,0.0,0.6591836066666668,-0.10913082
NEW_05M,ENTRY_PROBE,STALLED_PRESSURE_PROBE,SELL_STALLED,1800,300,7,4,100.0,0.0,1.82416347,1.7073663049999999
NEW_05M,ENTRY_PROBE,STALLED_PRESSURE_PROBE,SELL_STALLED,1800,300,8,8,37.5,0.0,-0.12102178750000003,-0.45219305
NEW_05M,ENTRY_PROBE,STALLED_PRESSURE_PROBE,SELL_STALLED,1800,300,10,1,100.0,0.0,10.46268128,10.46268128
NEW_05M,ENTRY_PROBE,STALLED_PRESSURE_PROBE,SELL_STALLED,1800,600,4,2,0.0,0.0,-1.067512885,-1.067512885
NEW_05M,ENTRY_PROBE,STALLED_PRESSURE_PROBE,SELL_STALLED,1800,600,6,27,85.18518518518519,0.0,2.601221981481481,2.40157069
NEW_05M,ENTRY_PROBE,STALLED_PRESSURE_PROBE,SELL_STALLED,1800,600,7,4,50.0,0.0,0.4130644625,0.600213215
NEW_05M,ENTRY_PROBE,STALLED_PRESSURE_PROBE,SELL_STALLED,1800,600,8,8,50.0,0.0,0.420840765,0.10131812500000004
NEW_05M,ENTRY_PROBE,STALLED_PRESSURE_PROBE,SELL_STALLED,1800,600,10,1,100.0,0.0,19.8338757,19.8338757
NEW_05M,ENTRY_PROBE,STALLED_REVERSAL_PROBE,BUY_STALLED,30,60,0,58,63.793103448275865,0.0,0.71341228137931,1.19573661
NEW_05M,ENTRY_PROBE,STALLED_REVERSAL_PROBE,BUY_STALLED,30,60,1,82,43.90243902439025,3.658536585365854,0.23214621987804884,-0.062380639999999994
NEW_05M,ENTRY_PROBE,STALLED_REVERSAL_PROBE,BUY_STALLED,30,60,2,155,40.0,1.935483870967742,-0.10639425006451615,-0.38560729
NEW_05M,ENTRY_PROBE,STALLED_REVERSAL_PROBE,BUY_STALLED,30,60,3,122,47.540983606557376,2.459016393442623,-0.11053630393442643,-0.007771215
NEW_05M,ENTRY_PROBE,STALLED_REVERSAL_PROBE,BUY_STALLED,30,60,4,90,50.0,4.444444444444445,-0.10694716688888896,0.0077091
NEW_05M,ENTRY_PROBE,STALLED_REVERSAL_PROBE,BUY_STALLED,30,60,5,120,45.833333333333336,7.5,-0.2812399609166671,-0.0
NEW_05M,ENTRY_PROBE,STALLED_REVERSAL_PROBE,BUY_STALLED,30,60,6,61,47.540983606557376,3.278688524590164,-0.085264934590164,-0.0
NEW_05M,ENTRY_PROBE,STALLED_REVERSAL_PROBE,BUY_STALLED,30,60,7,60,45.0,5.0,-0.3027154351666666,-0.06905855
NEW_05M,ENTRY_PROBE,STALLED_REVERSAL_PROBE,BUY_STALLED,30,60,8,53,54.716981132075475,15.09433962264151,0.8775553709433959,0.21491973
NEW_05M,ENTRY_PROBE,STALLED_REVERSAL_PROBE,BUY_STALLED,30,60,9,26,26.923076923076923,11.538461538461538,-0.4139063173076925,-0.5813439899999999
NEW_05M,ENTRY_PROBE,STALLED_REVERSAL_PROBE,BUY_STALLED,30,60,10,60,38.333333333333336,10.0,-0.7723915189999998,-0.08584306
NEW_05M,ENTRY_PROBE,STALLED_REVERSAL_PROBE,BUY_STALLED,30,60,11,43,46.51162790697674,4.651162790697675,-1.267211158837209,-0.0
NEW_05M,ENTRY_PROBE,STALLED_REVERSAL_PROBE,BUY_STALLED,30,60,12,63,36.507936507936506,6.349206349206349,-0.6224391684126981,-0.12281222
NEW_05M,ENTRY_PROBE,STALLED_REVERSAL_PROBE,BUY_STALLED,30,60,13,45,37.77777777777778,0.0,0.1503295268888889,-0.20281855
NEW_05M,ENTRY_PROBE,STALLED_REVERSAL_PROBE,BUY_STALLED,30,60,14,19,42.10526315789474,26.31578947368421,0.07183486631578946,-0.0
NEW_05M,ENTRY_PROBE,STALLED_REVERSAL_PROBE,BUY_STALLED,30,60,15,28,35.714285714285715,0.0,0.26608013928571433,-0.12500566
NEW_05M,ENTRY_PROBE,STALLED_REVERSAL_PROBE,BUY_STALLED,30,60,16,49,38.775510204081634,14.285714285714286,0.271326121632653,-0.0
NEW_05M,ENTRY_PROBE,STALLED_REVERSAL_PROBE,BUY_STALLED,30,60,17,33,45.45454545454545,9.090909090909092,1.231413139090909,-0.0
NEW_05M,ENTRY_PROBE,STALLED_REVERSAL_PROBE,BUY_STALLED,30,60,18,66,19.696969696969695,16.666666666666668,-0.5776528139393936,-0.30511449
NEW_05M,ENTRY_PROBE,STALLED_REVERSAL_PROBE,BUY_STALLED,30,60,19,67,35.82089552238806,20.895522388059703,-0.17310766985074627,-0.0
NEW_05M,ENTRY_PROBE,STALLED_REVERSAL_PROBE,BUY_STALLED,30,60,20,54,37.03703703703704,11.11111111111111,-0.22537034962962962,-0.01561424
NEW_05M,ENTRY_PROBE,STALLED_REVERSAL_PROBE,BUY_STALLED,30,60,21,100,51.0,7.0,0.4607821809000002,0.023416755
NEW_05M,ENTRY_PROBE,STALLED_REVERSAL_PROBE,BUY_STALLED,30,60,22,127,53.54330708661417,2.3622047244094486,1.4388697644094488,0.06235668
NEW_05M,ENTRY_PROBE,STALLED_REVERSAL_PROBE,BUY_STALLED,30,60,23,114,47.36842105263158,4.385964912280702,0.0721281468421053,-0.0
NEW_05M,ENTRY_PROBE,STALLED_REVERSAL_PROBE,BUY_STALLED,30,180,0,57,50.87719298245614,0.0,-0.6689500908771929,0.12468536
NEW_05M,ENTRY_PROBE,STALLED_REVERSAL_PROBE,BUY_STALLED,30,180,1,82,45.1219512195122,0.0,0.394657792195122,-0.187025765
NEW_05M,ENTRY_PROBE,STALLED_REVERSAL_PROBE,BUY_STALLED,30,180,2,150,43.333333333333336,0.0,-0.7321008011333334,-0.751890265
NEW_05M,ENTRY_PROBE,STALLED_REVERSAL_PROBE,BUY_STALLED,30,180,3,121,47.107438016528924,0.0,-0.5654200247107436,-0.32368545
NEW_05M,ENTRY_PROBE,STALLED_REVERSAL_PROBE,BUY_STALLED,30,180,4,89,51.68539325842696,0.0,-0.2266464752808989,0.07763372
NEW_05M,ENTRY_PROBE,STALLED_REVERSAL_PROBE,BUY_STALLED,30,180,5,120,48.333333333333336,1.6666666666666667,-0.9665937401666663,-0.295310775
NEW_05M,ENTRY_PROBE,STALLED_REVERSAL_PROBE,BUY_STALLED,30,180,6,61,47.540983606557376,0.0,-0.15646604508196704,-0.95248191
NEW_05M,ENTRY_PROBE,STALLED_REVERSAL_PROBE,BUY_STALLED,30,180,7,56,37.5,1.7857142857142858,-1.454552136964286,-1.281658705
NEW_05M,ENTRY_PROBE,STALLED_REVERSAL_PROBE,BUY_STALLED,30,180,8,53,77.35849056603773,0.0,2.374988050566037,2.19495161
NEW_05M,ENTRY_PROBE,STALLED_REVERSAL_PROBE,BUY_STALLED,30,180,9,26,42.30769230769231,0.0,-0.48815615653846156,-1.11688865
NEW_05M,ENTRY_PROBE,STALLED_REVERSAL_PROBE,BUY_STALLED,30,180,10,60,48.333333333333336,0.0,-2.0215464236666674,-0.131038625
NEW_05M,ENTRY_PROBE,STALLED_REVERSAL_PROBE,BUY_STALLED,30,180,11,42,47.61904761904762,2.380952380952381,-1.5089448507142862,-0.140511275
NEW_05M,ENTRY_PROBE,STALLED_REVERSAL_PROBE,BUY_STALLED,30,180,12,63,49.20634920634921,0.0,-1.099237342380953,-0.39041332
NEW_05M,ENTRY_PROBE,STALLED_REVERSAL_PROBE,BUY_STALLED,30,180,13,45,33.333333333333336,0.0,-0.06708707111111134,-0.40562255
NEW_05M,ENTRY_PROBE,STALLED_REVERSAL_PROBE,BUY_STALLED,30,180,14,19,63.1578947368421,0.0,0.694180417894737,0.43664717
NEW_05M,ENTRY_PROBE,STALLED_REVERSAL_PROBE,BUY_STALLED,30,180,15,28,46.42857142857143,0.0,-0.18296807000000007,-0.1249711
NEW_05M,ENTRY_PROBE,STALLED_REVERSAL_PROBE,BUY_STALLED,30,180,16,49,42.857142857142854,0.0,0.5717098520408164,-0.37509964
NEW_05M,ENTRY_PROBE,STALLED_REVERSAL_PROBE,BUY_STALLED,30,180,17,33,54.54545454545455,0.0,1.106476933030303,0.42213026
NEW_05M,ENTRY_PROBE,STALLED_REVERSAL_PROBE,BUY_STALLED,30,180,18,66,39.39393939393939,1.5151515151515151,-1.2474730104545457,-1.47783739
NEW_05M,ENTRY_PROBE,STALLED_REVERSAL_PROBE,BUY_STALLED,30,180,19,67,35.82089552238806,8.955223880597014,-0.8571555170149253,-0.46887161
NEW_05M,ENTRY_PROBE,STALLED_REVERSAL_PROBE,BUY_STALLED,30,180,20,51,62.745098039215684,5.882352941176471,0.6579871103921568,0.45279248
NEW_05M,ENTRY_PROBE,STALLED_REVERSAL_PROBE,BUY_STALLED,30,180,21,100,64.0,0.0,2.1866361892,0.74345295
NEW_05M,ENTRY_PROBE,STALLED_REVERSAL_PROBE,BUY_STALLED,30,180,22,125,57.6,0.8,2.7458772085600027,0.74878323
NEW_05M,ENTRY_PROBE,STALLED_REVERSAL_PROBE,BUY_STALLED,30,180,23,114,49.12280701754386,0.0,0.7479646815789472,-0.054840414999999997
NEW_05M,ENTRY_PROBE,STALLED_REVERSAL_PROBE,BUY_STALLED,30,300,0,55,43.63636363636363,0.0,-1.4982977816363634,-0.73317671
NEW_05M,ENTRY_PROBE,STALLED_REVERSAL_PROBE,BUY_STALLED,30,300,1,82,45.1219512195122,0.0,0.11482141695121947,-0.296061515
NEW_05M,ENTRY_PROBE,STALLED_REVERSAL_PROBE,BUY_STALLED,30,300,2,148,41.21621621621622,0.0,-0.9157046624999992,-1.01959347
NEW_05M,ENTRY_PROBE,STALLED_REVERSAL_PROBE,BUY_STALLED,30,300,3,116,44.827586206896555,0.0,-0.9547191981896556,-1.072416495
NEW_05M,ENTRY_PROBE,STALLED_REVERSAL_PROBE,BUY_STALLED,30,300,4,88,60.22727272727273,0.0,-0.8292988429545456,1.920939555
NEW_05M,ENTRY_PROBE,STALLED_REVERSAL_PROBE,BUY_STALLED,30,300,5,117,40.17094017094017,0.0,-1.7002701686324782,-1.32064085
NEW_05M,ENTRY_PROBE,STALLED_REVERSAL_PROBE,BUY_STALLED,30,300,6,61,45.90163934426229,1.639344262295082,-0.4410263931147541,-0.01559768
NEW_05M,ENTRY_PROBE,STALLED_REVERSAL_PROBE,BUY_STALLED,30,300,7,55,30.90909090909091,0.0,-1.7999798229090915,-1.2895738
NEW_05M,ENTRY_PROBE,STALLED_REVERSAL_PROBE,BUY_STALLED,30,300,8,53,64.15094339622641,0.0,2.7445559762264153,2.99225237
NEW_05M,ENTRY_PROBE,STALLED_REVERSAL_PROBE,BUY_STALLED,30,300,9,26,34.61538461538461,0.0,-2.070186905384616,-2.803961655
NEW_05M,ENTRY_PROBE,STALLED_REVERSAL_PROBE,BUY_STALLED,30,300,10,60,55.0,1.6666666666666667,-0.7482418994999996,0.659727685
NEW_05M,ENTRY_PROBE,STALLED_REVERSAL_PROBE,BUY_STALLED,30,300,11,42,59.523809523809526,0.0,-0.9114961654761912,0.507845195
NEW_05M,ENTRY_PROBE,STALLED_REVERSAL_PROBE,BUY_STALLED,30,300,12,63,46.03174603174603,0.0,-2.878228365079365,-1.43750674
NEW_05M,ENTRY_PROBE,STALLED_REVERSAL_PROBE,BUY_STALLED,30,300,13,45,42.22222222222222,6.666666666666667,-0.17584533022222215,-0.01560114
NEW_05M,ENTRY_PROBE,STALLED_REVERSAL_PROBE,BUY_STALLED,30,300,14,19,73.6842105263158,0.0,1.1424434115789475,1.09361501
NEW_05M,ENTRY_PROBE,STALLED_REVERSAL_PROBE,BUY_STALLED,30,300,15,28,35.714285714285715,0.0,0.37212535857142826,-0.21098556000000002
NEW_05M,ENTRY_PROBE,STALLED_REVERSAL_PROBE,BUY_STALLED,30,300,16,49,48.97959183673469,0.0,0.8679232322448979,-0.32821218
NEW_05M,ENTRY_PROBE,STALLED_REVERSAL_PROBE,BUY_STALLED,30,300,17,33,48.484848484848484,3.0303030303030303,0.522287433030303,-0.0
NEW_05M,ENTRY_PROBE,STALLED_REVERSAL_PROBE,BUY_STALLED,30,300,18,66,27.272727272727273,0.0,-2.247477094242425,-1.99325576
NEW_05M,ENTRY_PROBE,STALLED_REVERSAL_PROBE,BUY_STALLED,30,300,19,67,34.32835820895522,0.0,-1.2254775061194028,-1.2502227
NEW_05M,ENTRY_PROBE,STALLED_REVERSAL_PROBE,BUY_STALLED,30,300,20,51,52.94117647058823,0.0,0.6602551331372549,0.43717895
NEW_05M,ENTRY_PROBE,STALLED_REVERSAL_PROBE,BUY_STALLED,30,300,21,94,60.638297872340424,0.0,3.0852634359574505,1.7335651
NEW_05M,ENTRY_PROBE,STALLED_REVERSAL_PROBE,BUY_STALLED,30,300,22,120,55.833333333333336,0.0,5.0556470236666655,0.748783815
NEW_05M,ENTRY_PROBE,STALLED_REVERSAL_PROBE,BUY_STALLED,30,300,23,114,39.473684210526315,0.0,0.009924659649122765,-0.82639345
NEW_05M,ENTRY_PROBE,STALLED_REVERSAL_PROBE,BUY_STALLED,30,600,0,54,51.851851851851855,0.0,-0.3992250444444449,0.95886762
NEW_05M,ENTRY_PROBE,STALLED_REVERSAL_PROBE,BUY_STALLED,30,600,1,75,48.0,0.0,2.0684942319999995,-0.40519017
NEW_05M,ENTRY_PROBE,STALLED_REVERSAL_PROBE,BUY_STALLED,30,600,2,136,53.6764705882353,0.0,-0.0944304552941173,0.46296260499999997
NEW_05M,ENTRY_PROBE,STALLED_REVERSAL_PROBE,BUY_STALLED,30,600,3,112,47.32142857142857,0.0,-1.022788509553572,-0.342006735
NEW_05M,ENTRY_PROBE,STALLED_REVERSAL_PROBE,BUY_STALLED,30,600,4,88,46.59090909090909,0.0,-4.7147989979545475,-0.55899406
NEW_05M,ENTRY_PROBE,STALLED_REVERSAL_PROBE,BUY_STALLED,30,600,5,117,47.00854700854701,0.0,-1.653604828034187,-0.82953131
NEW_05M,ENTRY_PROBE,STALLED_REVERSAL_PROBE,BUY_STALLED,30,600,6,61,44.26229508196721,0.0,-0.3833434280327866,-1.10565111
NEW_05M,ENTRY_PROBE,STALLED_REVERSAL_PROBE,BUY_STALLED,30,600,7,53,24.528301886792452,0.0,-1.897636568679246,-2.2725458
NEW_05M,ENTRY_PROBE,STALLED_REVERSAL_PROBE,BUY_STALLED,30,600,8,53,75.47169811320755,0.0,3.1891684584905655,2.88483818
NEW_05M,ENTRY_PROBE,STALLED_REVERSAL_PROBE,BUY_STALLED,30,600,9,26,30.76923076923077,0.0,-3.0757982211538466,-4.700355395
NEW_05M,ENTRY_PROBE,STALLED_REVERSAL_PROBE,BUY_STALLED,30,600,10,60,61.666666666666664,0.0,0.44546481683333333,1.474814165
NEW_05M,ENTRY_PROBE,STALLED_REVERSAL_PROBE,BUY_STALLED,30,600,11,42,57.142857142857146,0.0,-0.13751711309523745,0.87429237
NEW_05M,ENTRY_PROBE,STALLED_REVERSAL_PROBE,BUY_STALLED,30,600,12,63,31.746031746031747,0.0,-4.835867616190476,-0.82767624
NEW_05M,ENTRY_PROBE,STALLED_REVERSAL_PROBE,BUY_STALLED,30,600,13,44,65.9090909090909,0.0,1.2469720940909095,3.392961115
NEW_05M,ENTRY_PROBE,STALLED_REVERSAL_PROBE,BUY_STALLED,30,600,14,19,73.6842105263158,0.0,0.9643098047368422,1.71872046
NEW_05M,ENTRY_PROBE,STALLED_REVERSAL_PROBE,BUY_STALLED,30,600,15,26,46.15384615384615,0.0,0.4265350050000002,-0.1562139
NEW_05M,ENTRY_PROBE,STALLED_REVERSAL_PROBE,BUY_STALLED,30,600,16,49,65.3061224489796,0.0,1.9347194085714285,0.76572909
NEW_05M,ENTRY_PROBE,STALLED_REVERSAL_PROBE,BUY_STALLED,30,600,17,33,60.60606060606061,0.0,4.536218273333333,2.03283815
NEW_05M,ENTRY_PROBE,STALLED_REVERSAL_PROBE,BUY_STALLED,30,600,18,66,13.636363636363637,0.0,-3.9314791130303024,-3.36267725
NEW_05M,ENTRY_PROBE,STALLED_REVERSAL_PROBE,BUY_STALLED,30,600,19,67,31.34328358208955,0.0,-2.2214104197014928,-2.89077857
NEW_05M,ENTRY_PROBE,STALLED_REVERSAL_PROBE,BUY_STALLED,30,600,20,48,52.083333333333336,0.0,0.3169860645833331,0.30444397
NEW_05M,ENTRY_PROBE,STALLED_REVERSAL_PROBE,BUY_STALLED,30,600,21,86,62.7906976744186,0.0,5.322080779186049,1.069836945
NEW_05M,ENTRY_PROBE,STALLED_REVERSAL_PROBE,BUY_STALLED,30,600,22,106,54.716981132075475,0.0,10.50080414509434,0.42121247
NEW_05M,ENTRY_PROBE,STALLED_REVERSAL_PROBE,BUY_STALLED,30,600,23,111,46.846846846846844,0.9009009009009009,1.506566569549549,-0.45208591
NEW_05M,ENTRY_PROBE,STALLED_REVERSAL_PROBE,BUY_STALLED,60,60,0,26,69.23076923076923,0.0,1.3005992723076925,1.433052
NEW_05M,ENTRY_PROBE,STALLED_REVERSAL_PROBE,BUY_STALLED,60,60,1,48,56.25,10.416666666666666,1.1618916070833334,0.23372058
NEW_05M,ENTRY_PROBE,STALLED_REVERSAL_PROBE,BUY_STALLED,60,60,2,94,43.61702127659574,2.127659574468085,0.06671702351063832,-0.280576285
NEW_05M,ENTRY_PROBE,STALLED_REVERSAL_PROBE,BUY_STALLED,60,60,3,61,37.704918032786885,8.19672131147541,-0.42885684704918003,-0.21759437
NEW_05M,ENTRY_PROBE,STALLED_REVERSAL_PROBE,BUY_STALLED,60,60,4,40,42.5,2.5,-0.5660290642499999,-0.660065285
NEW_05M,ENTRY_PROBE,STALLED_REVERSAL_PROBE,BUY_STALLED,60,60,5,70,31.428571428571427,1.4285714285714286,-1.1744004817142857,-0.903741075
NEW_05M,ENTRY_PROBE,STALLED_REVERSAL_PROBE,BUY_STALLED,60,60,6,29,41.37931034482759,0.0,-0.3709268789655173,-0.49885419
NEW_05M,ENTRY_PROBE,STALLED_REVERSAL_PROBE,BUY_STALLED,60,60,7,31,32.25806451612903,0.0,-0.6582030277419355,-1.1664922
NEW_05M,ENTRY_PROBE,STALLED_REVERSAL_PROBE,BUY_STALLED,60,60,8,12,66.66666666666667,8.333333333333334,1.4011370808333332,1.626678025
NEW_05M,ENTRY_PROBE,STALLED_REVERSAL_PROBE,BUY_STALLED,60,60,9,16,25.0,43.75,-1.04794667625,-0.0
NEW_05M,ENTRY_PROBE,STALLED_REVERSAL_PROBE,BUY_STALLED,60,60,10,23,26.08695652173913,4.3478260869565215,-1.8876802152173915,-1.23233202
NEW_05M,ENTRY_PROBE,STALLED_REVERSAL_PROBE,BUY_STALLED,60,60,11,10,50.0,0.0,0.02926732199999995,0.007886265000000003
NEW_05M,ENTRY_PROBE,STALLED_REVERSAL_PROBE,BUY_STALLED,60,60,12,27,44.44444444444444,3.7037037037037037,-0.6779883411111107,-0.01560866
NEW_05M,ENTRY_PROBE,STALLED_REVERSAL_PROBE,BUY_STALLED,60,60,13,26,42.30769230769231,7.6923076923076925,0.6127651153846153,-0.085724795
NEW_05M,ENTRY_PROBE,STALLED_REVERSAL_PROBE,BUY_STALLED,60,60,14,20,65.0,20.0,0.3270787255000001,0.01562535
NEW_05M,ENTRY_PROBE,STALLED_REVERSAL_PROBE,BUY_STALLED,60,60,15,9,22.22222222222222,11.11111111111111,-0.9137183633333331,-2.62508203
NEW_05M,ENTRY_PROBE,STALLED_REVERSAL_PROBE,BUY_STALLED,60,60,16,29,44.827586206896555,6.896551724137931,0.23059160275862067,-0.0
NEW_05M,ENTRY_PROBE,STALLED_REVERSAL_PROBE,BUY_STALLED,60,60,17,14,42.857142857142854,7.142857142857143,0.06168433285714291,-0.211102425
NEW_05M,ENTRY_PROBE,STALLED_REVERSAL_PROBE,BUY_STALLED,60,60,18,29,34.48275862068966,13.793103448275861,0.13497472724137954,-0.03129215
NEW_05M,ENTRY_PROBE,STALLED_REVERSAL_PROBE,BUY_STALLED,60,60,19,34,44.11764705882353,11.764705882352942,-0.26520504647058823,-0.0
NEW_05M,ENTRY_PROBE,STALLED_REVERSAL_PROBE,BUY_STALLED,60,60,20,22,40.90909090909091,13.636363636363637,-0.205510020909091,-0.0
NEW_05M,ENTRY_PROBE,STALLED_REVERSAL_PROBE,BUY_STALLED,60,60,21,39,56.41025641025641,7.6923076923076925,1.5744135456410255,0.42149236
NEW_05M,ENTRY_PROBE,STALLED_REVERSAL_PROBE,BUY_STALLED,60,60,22,76,57.89473684210526,7.894736842105263,2.1964898368421046,0.97508251
NEW_05M,ENTRY_PROBE,STALLED_REVERSAL_PROBE,BUY_STALLED,60,60,23,55,50.90909090909091,7.2727272727272725,0.7686719230909095,0.0155923
NEW_05M,ENTRY_PROBE,STALLED_REVERSAL_PROBE,BUY_STALLED,60,180,0,26,53.84615384615385,0.0,-1.7454540819230773,0.576277995
NEW_05M,ENTRY_PROBE,STALLED_REVERSAL_PROBE,BUY_STALLED,60,180,1,48,45.833333333333336,0.0,1.1107093214583332,-0.280543895
NEW_05M,ENTRY_PROBE,STALLED_REVERSAL_PROBE,BUY_STALLED,60,180,2,91,42.857142857142854,0.0,-0.6737362643956044,-1.26562741
NEW_05M,ENTRY_PROBE,STALLED_REVERSAL_PROBE,BUY_STALLED,60,180,3,60,36.666666666666664,0.0,-1.2035928971666658,-1.173594135
NEW_05M,ENTRY_PROBE,STALLED_REVERSAL_PROBE,BUY_STALLED,60,180,4,40,42.5,0.0,-0.5801492994999997,-1.215109505
NEW_05M,ENTRY_PROBE,STALLED_REVERSAL_PROBE,BUY_STALLED,60,180,5,69,36.231884057971016,1.4492753623188406,-1.4090473769565222,-1.12146719
NEW_05M,ENTRY_PROBE,STALLED_REVERSAL_PROBE,BUY_STALLED,60,180,6,29,68.96551724137932,0.0,1.2252203927586207,1.88579266
NEW_05M,ENTRY_PROBE,STALLED_REVERSAL_PROBE,BUY_STALLED,60,180,7,30,36.666666666666664,0.0,-1.0379175250000001,-1.1359064600000002
NEW_05M,ENTRY_PROBE,STALLED_REVERSAL_PROBE,BUY_STALLED,60,180,8,12,75.0,0.0,1.1560318708333333,1.887756275
NEW_05M,ENTRY_PROBE,STALLED_REVERSAL_PROBE,BUY_STALLED,60,180,9,16,62.5,0.0,-2.2442533106250004,0.81879708
NEW_05M,ENTRY_PROBE,STALLED_REVERSAL_PROBE,BUY_STALLED,60,180,10,23,43.47826086956522,0.0,-1.9797997356521742,-1.96852854
NEW_05M,ENTRY_PROBE,STALLED_REVERSAL_PROBE,BUY_STALLED,60,180,11,8,37.5,0.0,-2.2897726300000003,-1.2458309300000001
NEW_05M,ENTRY_PROBE,STALLED_REVERSAL_PROBE,BUY_STALLED,60,180,12,27,48.148148148148145,0.0,-1.3586886229629629,-0.21401819
NEW_05M,ENTRY_PROBE,STALLED_REVERSAL_PROBE,BUY_STALLED,60,180,13,26,38.46153846153846,0.0,0.7191760230769229,-0.39782244
NEW_05M,ENTRY_PROBE,STALLED_REVERSAL_PROBE,BUY_STALLED,60,180,14,20,70.0,0.0,0.912439169,0.42105296000000003
NEW_05M,ENTRY_PROBE,STALLED_REVERSAL_PROBE,BUY_STALLED,60,180,15,9,11.11111111111111,0.0,-1.394654542222222,-0.62501953
NEW_05M,ENTRY_PROBE,STALLED_REVERSAL_PROBE,BUY_STALLED,60,180,16,29,62.06896551724138,0.0,0.6832191951724138,0.17191556
NEW_05M,ENTRY_PROBE,STALLED_REVERSAL_PROBE,BUY_STALLED,60,180,17,14,28.571428571428573,0.0,-1.3726406142857146,-1.6041022200000001
NEW_05M,ENTRY_PROBE,STALLED_REVERSAL_PROBE,BUY_STALLED,60,180,18,29,37.93103448275862,0.0,-1.1326309268965518,-2.12612951
NEW_05M,ENTRY_PROBE,STALLED_REVERSAL_PROBE,BUY_STALLED,60,180,19,34,41.1764705882353,5.882352941176471,-0.48908716323529405,-0.328204265
NEW_05M,ENTRY_PROBE,STALLED_REVERSAL_PROBE,BUY_STALLED,60,180,20,21,66.66666666666667,0.0,1.1606100557142855,1.06175345
NEW_05M,ENTRY_PROBE,STALLED_REVERSAL_PROBE,BUY_STALLED,60,180,21,39,64.1025641025641,0.0,2.7160750858974354,0.96759644
NEW_05M,ENTRY_PROBE,STALLED_REVERSAL_PROBE,BUY_STALLED,60,180,22,74,63.513513513513516,2.7027027027027026,3.894061626081082,1.1544213550000002
NEW_05M,ENTRY_PROBE,STALLED_REVERSAL_PROBE,BUY_STALLED,60,180,23,55,65.45454545454545,0.0,3.018971429818182,1.56699041
NEW_05M,ENTRY_PROBE,STALLED_REVERSAL_PROBE,BUY_STALLED,60,300,0,26,46.15384615384615,0.0,-3.8413017573076904,-2.0342859950000003
NEW_05M,ENTRY_PROBE,STALLED_REVERSAL_PROBE,BUY_STALLED,60,300,1,47,44.680851063829785,0.0,0.20266823361702158,-0.65499017
NEW_05M,ENTRY_PROBE,STALLED_REVERSAL_PROBE,BUY_STALLED,60,300,2,91,42.857142857142854,0.0,-1.0895061185714285,-0.9355981
NEW_05M,ENTRY_PROBE,STALLED_REVERSAL_PROBE,BUY_STALLED,60,300,3,57,35.08771929824562,0.0,-1.9330394859649118,-1.3056961
NEW_05M,ENTRY_PROBE,STALLED_REVERSAL_PROBE,BUY_STALLED,60,300,4,40,55.0,0.0,-1.7549834262500006,1.939137355
NEW_05M,ENTRY_PROBE,STALLED_REVERSAL_PROBE,BUY_STALLED,60,300,5,68,35.294117647058826,1.4705882352941178,-1.7059697666176477,-2.094658025
NEW_05M,ENTRY_PROBE,STALLED_REVERSAL_PROBE,BUY_STALLED,60,300,6,29,68.96551724137932,10.344827586206897,0.991631414827586,1.06032806
NEW_05M,ENTRY_PROBE,STALLED_REVERSAL_PROBE,BUY_STALLED,60,300,7,28,35.714285714285715,0.0,-0.8977787689285712,-0.5449261400000001
NEW_05M,ENTRY_PROBE,STALLED_REVERSAL_PROBE,BUY_STALLED,60,300,8,12,41.666666666666664,0.0,1.0971189608333332,-0.725906035
NEW_05M,ENTRY_PROBE,STALLED_REVERSAL_PROBE,BUY_STALLED,60,300,9,16,62.5,0.0,-1.834929785,1.01374956
NEW_05M,ENTRY_PROBE,STALLED_REVERSAL_PROBE,BUY_STALLED,60,300,10,23,47.82608695652174,0.0,-1.030260485217392,-0.35933457
NEW_05M,ENTRY_PROBE,STALLED_REVERSAL_PROBE,BUY_STALLED,60,300,11,8,25.0,0.0,-3.2668986375,-4.06170065
NEW_05M,ENTRY_PROBE,STALLED_REVERSAL_PROBE,BUY_STALLED,60,300,12,27,55.55555555555556,0.0,-1.9519204714814815,1.35850047
NEW_05M,ENTRY_PROBE,STALLED_REVERSAL_PROBE,BUY_STALLED,60,300,13,26,42.30769230769231,7.6923076923076925,-0.6939184542307696,-0.195017535
NEW_05M,ENTRY_PROBE,STALLED_REVERSAL_PROBE,BUY_STALLED,60,300,14,20,90.0,0.0,1.3188474184999999,1.403509865
NEW_05M,ENTRY_PROBE,STALLED_REVERSAL_PROBE,BUY_STALLED,60,300,15,9,0.0,0.0,-1.1059343400000001,-0.23451388
NEW_05M,ENTRY_PROBE,STALLED_REVERSAL_PROBE,BUY_STALLED,60,300,16,29,44.827586206896555,0.0,0.16640429862068962,-0.43756358
NEW_05M,ENTRY_PROBE,STALLED_REVERSAL_PROBE,BUY_STALLED,60,300,17,14,35.714285714285715,0.0,-0.05648646571428573,-0.602101015
NEW_05M,ENTRY_PROBE,STALLED_REVERSAL_PROBE,BUY_STALLED,60,300,18,29,24.137931034482758,0.0,-2.298246243448276,-2.7201951
NEW_05M,ENTRY_PROBE,STALLED_REVERSAL_PROBE,BUY_STALLED,60,300,19,34,38.23529411764706,0.0,-0.9776370014705881,-0.39070418
NEW_05M,ENTRY_PROBE,STALLED_REVERSAL_PROBE,BUY_STALLED,60,300,20,21,71.42857142857143,0.0,1.5715203876190478,1.10871497
NEW_05M,ENTRY_PROBE,STALLED_REVERSAL_PROBE,BUY_STALLED,60,300,21,39,76.92307692307692,0.0,4.8564114328205115,3.01343555
NEW_05M,ENTRY_PROBE,STALLED_REVERSAL_PROBE,BUY_STALLED,60,300,22,65,64.61538461538461,0.0,7.471136134000001,1.73171249
NEW_05M,ENTRY_PROBE,STALLED_REVERSAL_PROBE,BUY_STALLED,60,300,23,55,47.27272727272727,0.0,2.708086578545454,-0.14023934
NEW_05M,ENTRY_PROBE,STALLED_REVERSAL_PROBE,BUY_STALLED,60,600,0,26,53.84615384615385,0.0,1.3924293538461538,2.95983514
NEW_05M,ENTRY_PROBE,STALLED_REVERSAL_PROBE,BUY_STALLED,60,600,1,45,46.666666666666664,0.0,2.870289682444446,-0.42077507
NEW_05M,ENTRY_PROBE,STALLED_REVERSAL_PROBE,BUY_STALLED,60,600,2,83,50.602409638554214,0.0,-0.26010482397590384,0.20078647
NEW_05M,ENTRY_PROBE,STALLED_REVERSAL_PROBE,BUY_STALLED,60,600,3,57,43.85964912280702,0.0,-1.9712677038596491,-0.84897243
NEW_05M,ENTRY_PROBE,STALLED_REVERSAL_PROBE,BUY_STALLED,60,600,4,40,40.0,0.0,-6.293227480499999,-3.88123853
NEW_05M,ENTRY_PROBE,STALLED_REVERSAL_PROBE,BUY_STALLED,60,600,5,68,48.529411764705884,0.0,-1.445762727794119,-0.637345155
NEW_05M,ENTRY_PROBE,STALLED_REVERSAL_PROBE,BUY_STALLED,60,600,6,29,55.172413793103445,0.0,0.7725826834482757,0.0779884
NEW_05M,ENTRY_PROBE,STALLED_REVERSAL_PROBE,BUY_STALLED,60,600,7,26,26.923076923076923,0.0,-1.4185644076923078,-2.547919375
NEW_05M,ENTRY_PROBE,STALLED_REVERSAL_PROBE,BUY_STALLED,60,600,8,12,83.33333333333333,0.0,3.9150078425,3.353440645
NEW_05M,ENTRY_PROBE,STALLED_REVERSAL_PROBE,BUY_STALLED,60,600,9,16,12.5,0.0,-2.4474749074999997,-2.51097969
NEW_05M,ENTRY_PROBE,STALLED_REVERSAL_PROBE,BUY_STALLED,60,600,10,23,69.56521739130434,0.0,-0.06630208217391263,1.5609147
NEW_05M,ENTRY_PROBE,STALLED_REVERSAL_PROBE,BUY_STALLED,60,600,11,8,62.5,0.0,1.7875026837499999,2.990926825
NEW_05M,ENTRY_PROBE,STALLED_REVERSAL_PROBE,BUY_STALLED,60,600,12,27,33.333333333333336,0.0,-5.9529533137037065,-0.60873773
NEW_05M,ENTRY_PROBE,STALLED_REVERSAL_PROBE,BUY_STALLED,60,600,13,26,61.53846153846154,3.8461538461538463,0.0984544792307691,1.9245136999999999
NEW_05M,ENTRY_PROBE,STALLED_REVERSAL_PROBE,BUY_STALLED,60,600,14,20,70.0,0.0,1.9076342760000002,2.830098345
NEW_05M,ENTRY_PROBE,STALLED_REVERSAL_PROBE,BUY_STALLED,60,600,15,9,22.22222222222222,0.0,-0.5168569422222223,-0.96852452
NEW_05M,ENTRY_PROBE,STALLED_REVERSAL_PROBE,BUY_STALLED,60,600,16,29,51.724137931034484,0.0,1.1989044727586207,0.25006642
NEW_05M,ENTRY_PROBE,STALLED_REVERSAL_PROBE,BUY_STALLED,60,600,17,14,85.71428571428571,0.0,5.200979738571428,4.687071095
NEW_05M,ENTRY_PROBE,STALLED_REVERSAL_PROBE,BUY_STALLED,60,600,18,29,20.689655172413794,0.0,-3.096438583103448,-3.34703428
NEW_05M,ENTRY_PROBE,STALLED_REVERSAL_PROBE,BUY_STALLED,60,600,19,34,38.23529411764706,0.0,-1.8431961382352942,-2.7581488800000002
NEW_05M,ENTRY_PROBE,STALLED_REVERSAL_PROBE,BUY_STALLED,60,600,20,21,61.904761904761905,0.0,1.2518610619047619,0.56211179
NEW_05M,ENTRY_PROBE,STALLED_REVERSAL_PROBE,BUY_STALLED,60,600,21,34,73.52941176470588,0.0,9.264074643823525,2.147289475
NEW_05M,ENTRY_PROBE,STALLED_REVERSAL_PROBE,BUY_STALLED,60,600,22,56,48.214285714285715,0.0,10.777308326428566,-0.179407675
NEW_05M,ENTRY_PROBE,STALLED_REVERSAL_PROBE,BUY_STALLED,60,600,23,54,53.7037037037037,0.0,5.229599462222222,1.52293398
NEW_05M,ENTRY_PROBE,STALLED_REVERSAL_PROBE,BUY_STALLED,180,60,0,6,33.333333333333336,16.666666666666668,-0.3587676766666667,-0.390596315
NEW_05M,ENTRY_PROBE,STALLED_REVERSAL_PROBE,BUY_STALLED,180,60,1,18,33.333333333333336,0.0,-1.8922093983333328,-0.93546656
NEW_05M,ENTRY_PROBE,STALLED_REVERSAL_PROBE,BUY_STALLED,180,60,2,24,41.666666666666664,0.0,-0.3988338283333332,-0.147587765
NEW_05M,ENTRY_PROBE,STALLED_REVERSAL_PROBE,BUY_STALLED,180,60,3,14,42.857142857142854,7.142857142857143,-0.6800124885714285,-0.310880025
NEW_05M,ENTRY_PROBE,STALLED_REVERSAL_PROBE,BUY_STALLED,180,60,4,6,16.666666666666668,0.0,-2.5455826416666665,-1.56844042
NEW_05M,ENTRY_PROBE,STALLED_REVERSAL_PROBE,BUY_STALLED,180,60,5,8,37.5,0.0,-0.43384659875000003,-0.5067567550000001
NEW_05M,ENTRY_PROBE,STALLED_REVERSAL_PROBE,BUY_STALLED,180,60,6,17,35.294117647058826,5.882352941176471,-0.7654067935294118,-0.85992973
NEW_05M,ENTRY_PROBE,STALLED_REVERSAL_PROBE,BUY_STALLED,180,60,7,4,50.0,0.0,-0.46126356249999995,-0.39911303
NEW_05M,ENTRY_PROBE,STALLED_REVERSAL_PROBE,BUY_STALLED,180,60,8,4,75.0,0.0,0.8209907375,1.93393375
NEW_05M,ENTRY_PROBE,STALLED_REVERSAL_PROBE,BUY_STALLED,180,60,9,2,100.0,0.0,5.36700377,5.36700377
NEW_05M,ENTRY_PROBE,STALLED_REVERSAL_PROBE,BUY_STALLED,180,60,12,1,100.0,0.0,1.98229669,1.98229669
NEW_05M,ENTRY_PROBE,STALLED_REVERSAL_PROBE,BUY_STALLED,180,60,13,9,11.11111111111111,22.22222222222222,-0.06928627777777778,-0.07793042
NEW_05M,ENTRY_PROBE,STALLED_REVERSAL_PROBE,BUY_STALLED,180,60,14,5,80.0,0.0,0.37161668400000003,0.38988604
NEW_05M,ENTRY_PROBE,STALLED_REVERSAL_PROBE,BUY_STALLED,180,60,15,1,0.0,0.0,-1.73431809,-1.73431809
NEW_05M,ENTRY_PROBE,STALLED_REVERSAL_PROBE,BUY_STALLED,180,60,16,8,0.0,12.5,-0.740338655,-0.687620845
NEW_05M,ENTRY_PROBE,STALLED_REVERSAL_PROBE,BUY_STALLED,180,60,17,6,33.333333333333336,66.66666666666667,0.005212185,-0.0
NEW_05M,ENTRY_PROBE,STALLED_REVERSAL_PROBE,BUY_STALLED,180,60,18,15,40.0,6.666666666666667,-0.04184667866666668,-0.04694108
NEW_05M,ENTRY_PROBE,STALLED_REVERSAL_PROBE,BUY_STALLED,180,60,19,9,22.22222222222222,33.333333333333336,-0.11283663222222222,-0.0
NEW_05M,ENTRY_PROBE,STALLED_REVERSAL_PROBE,BUY_STALLED,180,60,20,7,28.571428571428573,0.0,-1.004048342857143,-0.71851985
NEW_05M,ENTRY_PROBE,STALLED_REVERSAL_PROBE,BUY_STALLED,180,60,21,13,76.92307692307692,7.6923076923076925,2.8719349615384617,1.40541992
NEW_05M,ENTRY_PROBE,STALLED_REVERSAL_PROBE,BUY_STALLED,180,60,22,19,57.89473684210526,5.2631578947368425,1.8708884089473679,0.20203245
NEW_05M,ENTRY_PROBE,STALLED_REVERSAL_PROBE,BUY_STALLED,180,60,23,21,57.142857142857146,14.285714285714286,1.7592388057142854,0.43653008
NEW_05M,ENTRY_PROBE,STALLED_REVERSAL_PROBE,BUY_STALLED,180,180,0,6,66.66666666666667,0.0,0.49393963166666666,1.098277965
NEW_05M,ENTRY_PROBE,STALLED_REVERSAL_PROBE,BUY_STALLED,180,180,1,18,27.77777777777778,0.0,-2.3941700783333335,-1.8934966549999999
NEW_05M,ENTRY_PROBE,STALLED_REVERSAL_PROBE,BUY_STALLED,180,180,2,24,41.666666666666664,0.0,-1.4014414429166662,-2.134603855
NEW_05M,ENTRY_PROBE,STALLED_REVERSAL_PROBE,BUY_STALLED,180,180,3,14,35.714285714285715,0.0,-1.9170287942857143,-1.2979241
NEW_05M,ENTRY_PROBE,STALLED_REVERSAL_PROBE,BUY_STALLED,180,180,4,6,33.333333333333336,0.0,-4.6200361,-5.33895152
NEW_05M,ENTRY_PROBE,STALLED_REVERSAL_PROBE,BUY_STALLED,180,180,5,8,37.5,0.0,-2.0031368700000005,-4.65304705
NEW_05M,ENTRY_PROBE,STALLED_REVERSAL_PROBE,BUY_STALLED,180,180,6,17,52.94117647058823,0.0,-0.4639044417647057,0.16891632
NEW_05M,ENTRY_PROBE,STALLED_REVERSAL_PROBE,BUY_STALLED,180,180,7,4,25.0,0.0,-2.3068213525000005,-3.05413073
NEW_05M,ENTRY_PROBE,STALLED_REVERSAL_PROBE,BUY_STALLED,180,180,8,4,75.0,0.0,1.085659905,1.457996295
NEW_05M,ENTRY_PROBE,STALLED_REVERSAL_PROBE,BUY_STALLED,180,180,9,2,100.0,0.0,11.719715755,11.719715755
NEW_05M,ENTRY_PROBE,STALLED_REVERSAL_PROBE,BUY_STALLED,180,180,12,1,100.0,0.0,1.99790532,1.99790532
NEW_05M,ENTRY_PROBE,STALLED_REVERSAL_PROBE,BUY_STALLED,180,180,13,9,55.55555555555556,0.0,-0.37064069222222223,0.21820483
NEW_05M,ENTRY_PROBE,STALLED_REVERSAL_PROBE,BUY_STALLED,180,180,14,5,40.0,0.0,0.055895165999999996,-0.06238177
NEW_05M,ENTRY_PROBE,STALLED_REVERSAL_PROBE,BUY_STALLED,180,180,15,1,0.0,0.0,-2.90615464,-2.90615464
NEW_05M,ENTRY_PROBE,STALLED_REVERSAL_PROBE,BUY_STALLED,180,180,16,8,37.5,0.0,-0.5626450424999999,-0.6172264199999999
NEW_05M,ENTRY_PROBE,STALLED_REVERSAL_PROBE,BUY_STALLED,180,180,17,6,33.333333333333336,0.0,-1.0608862833333335,-1.931374435
NEW_05M,ENTRY_PROBE,STALLED_REVERSAL_PROBE,BUY_STALLED,180,180,18,15,66.66666666666667,0.0,0.024885147999999892,0.56325688
NEW_05M,ENTRY_PROBE,STALLED_REVERSAL_PROBE,BUY_STALLED,180,180,19,9,55.55555555555556,0.0,0.0867133088888889,0.04686673
NEW_05M,ENTRY_PROBE,STALLED_REVERSAL_PROBE,BUY_STALLED,180,180,20,7,57.142857142857146,0.0,-0.08806024857142851,0.01561568
NEW_05M,ENTRY_PROBE,STALLED_REVERSAL_PROBE,BUY_STALLED,180,180,21,13,69.23076923076923,0.0,3.7001445453846156,0.52271987
NEW_05M,ENTRY_PROBE,STALLED_REVERSAL_PROBE,BUY_STALLED,180,180,22,18,44.44444444444444,0.0,2.9863933305555546,-0.34322165
NEW_05M,ENTRY_PROBE,STALLED_REVERSAL_PROBE,BUY_STALLED,180,180,23,21,66.66666666666667,0.0,2.8232518338095236,2.88333107
NEW_05M,ENTRY_PROBE,STALLED_REVERSAL_PROBE,BUY_STALLED,180,300,0,6,66.66666666666667,0.0,2.109139323333333,2.04077182
NEW_05M,ENTRY_PROBE,STALLED_REVERSAL_PROBE,BUY_STALLED,180,300,1,17,47.05882352941177,0.0,-0.144064192352941,-1.66752381
NEW_05M,ENTRY_PROBE,STALLED_REVERSAL_PROBE,BUY_STALLED,180,300,2,23,43.47826086956522,0.0,-0.991396156956522,-0.9355981
NEW_05M,ENTRY_PROBE,STALLED_REVERSAL_PROBE,BUY_STALLED,180,300,3,14,7.142857142857143,0.0,-2.638483349285714,-1.63262084
NEW_05M,ENTRY_PROBE,STALLED_REVERSAL_PROBE,BUY_STALLED,180,300,4,6,33.333333333333336,0.0,-8.685439861666667,-11.234227965
NEW_05M,ENTRY_PROBE,STALLED_REVERSAL_PROBE,BUY_STALLED,180,300,5,8,37.5,0.0,-1.4660152025000002,-4.061732185
NEW_05M,ENTRY_PROBE,STALLED_REVERSAL_PROBE,BUY_STALLED,180,300,6,17,58.8235294117647,0.0,-0.15937476764705893,0.19969462
NEW_05M,ENTRY_PROBE,STALLED_REVERSAL_PROBE,BUY_STALLED,180,300,7,4,50.0,0.0,-0.6649792124999999,-0.030603539999999985
NEW_05M,ENTRY_PROBE,STALLED_REVERSAL_PROBE,BUY_STALLED,180,300,8,4,50.0,0.0,1.7302784624999998,0.944016495
NEW_05M,ENTRY_PROBE,STALLED_REVERSAL_PROBE,BUY_STALLED,180,300,9,2,100.0,0.0,12.41272949,12.41272949
NEW_05M,ENTRY_PROBE,STALLED_REVERSAL_PROBE,BUY_STALLED,180,300,12,1,100.0,0.0,1.91986214,1.91986214
NEW_05M,ENTRY_PROBE,STALLED_REVERSAL_PROBE,BUY_STALLED,180,300,13,9,44.44444444444444,0.0,1.0529072133333333,-0.01560114
NEW_05M,ENTRY_PROBE,STALLED_REVERSAL_PROBE,BUY_STALLED,180,300,14,5,20.0,0.0,-0.734357466,-0.5614359
NEW_05M,ENTRY_PROBE,STALLED_REVERSAL_PROBE,BUY_STALLED,180,300,15,1,0.0,0.0,-2.14055476,-2.14055476
NEW_05M,ENTRY_PROBE,STALLED_REVERSAL_PROBE,BUY_STALLED,180,300,16,8,75.0,0.0,0.535113505,0.56252637
NEW_05M,ENTRY_PROBE,STALLED_REVERSAL_PROBE,BUY_STALLED,180,300,17,6,66.66666666666667,16.666666666666668,1.5712643033333336,0.01563866
NEW_05M,ENTRY_PROBE,STALLED_REVERSAL_PROBE,BUY_STALLED,180,300,18,15,46.666666666666664,0.0,-0.3923856793333334,-0.56335119
NEW_05M,ENTRY_PROBE,STALLED_REVERSAL_PROBE,BUY_STALLED,180,300,19,9,44.44444444444444,0.0,-0.07662369333333333,-0.17184842
NEW_05M,ENTRY_PROBE,STALLED_REVERSAL_PROBE,BUY_STALLED,180,300,20,7,71.42857142857143,0.0,0.8400785328571428,1.12446939
NEW_05M,ENTRY_PROBE,STALLED_REVERSAL_PROBE,BUY_STALLED,180,300,21,13,61.53846153846154,0.0,3.2896201338461535,2.70615604
NEW_05M,ENTRY_PROBE,STALLED_REVERSAL_PROBE,BUY_STALLED,180,300,22,16,43.75,0.0,8.183010155,-0.09360327
NEW_05M,ENTRY_PROBE,STALLED_REVERSAL_PROBE,BUY_STALLED,180,300,23,21,52.38095238095238,0.0,0.8705480209523809,1.02864784
NEW_05M,ENTRY_PROBE,STALLED_REVERSAL_PROBE,BUY_STALLED,180,600,0,6,66.66666666666667,0.0,4.104712545,5.016248285
NEW_05M,ENTRY_PROBE,STALLED_REVERSAL_PROBE,BUY_STALLED,180,600,1,17,47.05882352941177,0.0,5.60506389588235,-3.02807525
NEW_05M,ENTRY_PROBE,STALLED_REVERSAL_PROBE,BUY_STALLED,180,600,2,21,52.38095238095238,0.0,0.04983344380952408,0.56085861
NEW_05M,ENTRY_PROBE,STALLED_REVERSAL_PROBE,BUY_STALLED,180,600,3,14,42.857142857142854,0.0,-0.7156145192857143,-1.08813252
NEW_05M,ENTRY_PROBE,STALLED_REVERSAL_PROBE,BUY_STALLED,180,600,4,6,16.666666666666668,0.0,-20.20905473666667,-29.92433389
NEW_05M,ENTRY_PROBE,STALLED_REVERSAL_PROBE,BUY_STALLED,180,600,5,8,87.5,0.0,2.8687197600000003,4.2920802600000005
NEW_05M,ENTRY_PROBE,STALLED_REVERSAL_PROBE,BUY_STALLED,180,600,6,16,25.0,6.25,-0.9372322281249998,-2.00414959
NEW_05M,ENTRY_PROBE,STALLED_REVERSAL_PROBE,BUY_STALLED,180,600,7,3,66.66666666666667,0.0,1.0994611566666668,2.53197967
NEW_05M,ENTRY_PROBE,STALLED_REVERSAL_PROBE,BUY_STALLED,180,600,8,4,100.0,0.0,5.068372525,5.241503475
NEW_05M,ENTRY_PROBE,STALLED_REVERSAL_PROBE,BUY_STALLED,180,600,9,2,100.0,0.0,16.33975642,16.33975642
NEW_05M,ENTRY_PROBE,STALLED_REVERSAL_PROBE,BUY_STALLED,180,600,12,1,100.0,0.0,1.98229669,1.98229669
NEW_05M,ENTRY_PROBE,STALLED_REVERSAL_PROBE,BUY_STALLED,180,600,13,9,100.0,0.0,5.438062335555555,5.5018789
NEW_05M,ENTRY_PROBE,STALLED_REVERSAL_PROBE,BUY_STALLED,180,600,14,5,80.0,0.0,0.9713525079999998,0.84215386
NEW_05M,ENTRY_PROBE,STALLED_REVERSAL_PROBE,BUY_STALLED,180,600,15,1,0.0,0.0,-2.35929759,-2.35929759
NEW_05M,ENTRY_PROBE,STALLED_REVERSAL_PROBE,BUY_STALLED,180,600,16,8,25.0,0.0,-0.60366219375,-1.1172398700000001
NEW_05M,ENTRY_PROBE,STALLED_REVERSAL_PROBE,BUY_STALLED,180,600,17,6,33.333333333333336,0.0,-0.83169934,-1.8375441550000002
NEW_05M,ENTRY_PROBE,STALLED_REVERSAL_PROBE,BUY_STALLED,180,600,18,15,20.0,0.0,-3.6861793373333334,-2.5824021
NEW_05M,ENTRY_PROBE,STALLED_REVERSAL_PROBE,BUY_STALLED,180,600,19,9,55.55555555555556,0.0,-0.6566476588888888,0.20308914
NEW_05M,ENTRY_PROBE,STALLED_REVERSAL_PROBE,BUY_STALLED,180,600,20,7,42.857142857142854,0.0,0.7937084442857143,-0.39049992
NEW_05M,ENTRY_PROBE,STALLED_REVERSAL_PROBE,BUY_STALLED,180,600,21,11,72.72727272727273,0.0,5.940641119090907,2.13936144
NEW_05M,ENTRY_PROBE,STALLED_REVERSAL_PROBE,BUY_STALLED,180,600,22,16,62.5,0.0,12.207859548750001,0.8502676250000001
NEW_05M,ENTRY_PROBE,STALLED_REVERSAL_PROBE,BUY_STALLED,180,600,23,17,52.94117647058823,0.0,-0.4489451388235294,0.3291273
NEW_05M,ENTRY_PROBE,STALLED_REVERSAL_PROBE,BUY_STALLED,300,60,0,3,66.66666666666667,0.0,0.5400497066666666,0.60755897
NEW_05M,ENTRY_PROBE,STALLED_REVERSAL_PROBE,BUY_STALLED,300,60,1,10,50.0,0.0,0.92797597,0.19495013
NEW_05M,ENTRY_PROBE,STALLED_REVERSAL_PROBE,BUY_STALLED,300,60,2,27,40.74074074074074,0.0,-0.014926285555555509,-0.217966
NEW_05M,ENTRY_PROBE,STALLED_REVERSAL_PROBE,BUY_STALLED,300,60,3,13,30.76923076923077,7.6923076923076925,-0.5678549046153847,-0.43514005
NEW_05M,ENTRY_PROBE,STALLED_REVERSAL_PROBE,BUY_STALLED,300,60,4,4,25.0,0.0,-4.146392875,-4.705824965
NEW_05M,ENTRY_PROBE,STALLED_REVERSAL_PROBE,BUY_STALLED,300,60,5,6,66.66666666666667,0.0,0.8755946450000002,1.7128496
NEW_05M,ENTRY_PROBE,STALLED_REVERSAL_PROBE,BUY_STALLED,300,60,6,17,64.70588235294117,0.0,0.5275871094117646,0.52222369
NEW_05M,ENTRY_PROBE,STALLED_REVERSAL_PROBE,BUY_STALLED,300,60,7,6,66.66666666666667,0.0,1.2869308433333333,1.9338341099999998
NEW_05M,ENTRY_PROBE,STALLED_REVERSAL_PROBE,BUY_STALLED,300,60,8,6,33.333333333333336,0.0,-0.14824424000000014,-1.37365167
NEW_05M,ENTRY_PROBE,STALLED_REVERSAL_PROBE,BUY_STALLED,300,60,13,2,0.0,0.0,-0.21821847,-0.21821847
NEW_05M,ENTRY_PROBE,STALLED_REVERSAL_PROBE,BUY_STALLED,300,60,15,2,0.0,0.0,-1.26550293,-1.26550293
NEW_05M,ENTRY_PROBE,STALLED_REVERSAL_PROBE,BUY_STALLED,300,60,16,3,33.333333333333336,0.0,-0.8230751033333332,-0.8908324
NEW_05M,ENTRY_PROBE,STALLED_REVERSAL_PROBE,BUY_STALLED,300,60,18,7,14.285714285714286,0.0,-1.2604579185714286,-1.73681196
NEW_05M,ENTRY_PROBE,STALLED_REVERSAL_PROBE,BUY_STALLED,300,60,19,6,66.66666666666667,0.0,-0.14322057500000002,0.015624415
NEW_05M,ENTRY_PROBE,STALLED_REVERSAL_PROBE,BUY_STALLED,300,60,20,4,50.0,0.0,-0.8044461449999999,-0.78114902
NEW_05M,ENTRY_PROBE,STALLED_REVERSAL_PROBE,BUY_STALLED,300,60,21,8,75.0,12.5,0.24856334750000003,0.31215496
NEW_05M,ENTRY_PROBE,STALLED_REVERSAL_PROBE,BUY_STALLED,300,60,22,9,66.66666666666667,0.0,4.026591503333333,3.76330375
NEW_05M,ENTRY_PROBE,STALLED_REVERSAL_PROBE,BUY_STALLED,300,60,23,8,50.0,12.5,0.30480451750000004,0.180229315
NEW_05M,ENTRY_PROBE,STALLED_REVERSAL_PROBE,BUY_STALLED,300,180,0,3,100.0,0.0,1.0801242266666666,1.04381857
NEW_05M,ENTRY_PROBE,STALLED_REVERSAL_PROBE,BUY_STALLED,300,180,1,10,90.0,0.0,5.080646495,5.342485775
NEW_05M,ENTRY_PROBE,STALLED_REVERSAL_PROBE,BUY_STALLED,300,180,2,25,56.0,0.0,-0.6048139528,0.27771949
NEW_05M,ENTRY_PROBE,STALLED_REVERSAL_PROBE,BUY_STALLED,300,180,3,13,15.384615384615385,0.0,-1.1997554407692308,-1.2901521
NEW_05M,ENTRY_PROBE,STALLED_REVERSAL_PROBE,BUY_STALLED,300,180,4,4,0.0,0.0,-8.592819624999999,-8.07401506
NEW_05M,ENTRY_PROBE,STALLED_REVERSAL_PROBE,BUY_STALLED,300,180,5,6,50.0,0.0,-0.4659648166666668,0.76802589
NEW_05M,ENTRY_PROBE,STALLED_REVERSAL_PROBE,BUY_STALLED,300,180,6,17,52.94117647058823,0.0,-0.19074339117647063,0.1535603
NEW_05M,ENTRY_PROBE,STALLED_REVERSAL_PROBE,BUY_STALLED,300,180,7,6,33.333333333333336,0.0,-2.0488013966666663,-3.299461435
NEW_05M,ENTRY_PROBE,STALLED_REVERSAL_PROBE,BUY_STALLED,300,180,8,6,33.333333333333336,16.666666666666668,-1.2918056016666668,-1.197148945
NEW_05M,ENTRY_PROBE,STALLED_REVERSAL_PROBE,BUY_STALLED,300,180,13,2,0.0,0.0,-1.737926595,-1.737926595
NEW_05M,ENTRY_PROBE,STALLED_REVERSAL_PROBE,BUY_STALLED,300,180,15,2,0.0,50.0,-1.45307959,-1.45307959
NEW_05M,ENTRY_PROBE,STALLED_REVERSAL_PROBE,BUY_STALLED,300,180,16,3,33.333333333333336,0.0,-0.28133102666666665,-0.40630841
NEW_05M,ENTRY_PROBE,STALLED_REVERSAL_PROBE,BUY_STALLED,300,180,18,7,71.42857142857143,14.285714285714286,0.6257500699999999,0.53196566
NEW_05M,ENTRY_PROBE,STALLED_REVERSAL_PROBE,BUY_STALLED,300,180,19,6,66.66666666666667,0.0,-0.2579510833333334,0.023435155
NEW_05M,ENTRY_PROBE,STALLED_REVERSAL_PROBE,BUY_STALLED,300,180,20,4,25.0,0.0,-1.0504783149999999,-1.4834855949999999
NEW_05M,ENTRY_PROBE,STALLED_REVERSAL_PROBE,BUY_STALLED,300,180,21,8,50.0,12.5,-0.27052689,0.138382765
NEW_05M,ENTRY_PROBE,STALLED_REVERSAL_PROBE,BUY_STALLED,300,180,22,8,62.5,0.0,5.425214552500001,2.342177785
NEW_05M,ENTRY_PROBE,STALLED_REVERSAL_PROBE,BUY_STALLED,300,180,23,8,50.0,0.0,0.07091013249999989,0.28201402500000006
NEW_05M,ENTRY_PROBE,STALLED_REVERSAL_PROBE,BUY_STALLED,300,300,0,3,100.0,0.0,2.21736434,2.41465744
NEW_05M,ENTRY_PROBE,STALLED_REVERSAL_PROBE,BUY_STALLED,300,300,1,10,90.0,0.0,8.887413263000001,7.205329015
NEW_05M,ENTRY_PROBE,STALLED_REVERSAL_PROBE,BUY_STALLED,300,300,2,22,72.72727272727273,0.0,1.227130950909091,3.03698875
NEW_05M,ENTRY_PROBE,STALLED_REVERSAL_PROBE,BUY_STALLED,300,300,3,13,15.384615384615385,0.0,-1.97241777,-1.41462725
NEW_05M,ENTRY_PROBE,STALLED_REVERSAL_PROBE,BUY_STALLED,300,300,4,4,0.0,0.0,-16.176987482500003,-15.189863165
NEW_05M,ENTRY_PROBE,STALLED_REVERSAL_PROBE,BUY_STALLED,300,300,5,6,33.333333333333336,0.0,-1.0471480733333334,-0.46853733
NEW_05M,ENTRY_PROBE,STALLED_REVERSAL_PROBE,BUY_STALLED,300,300,6,17,41.1764705882353,0.0,0.053146102941176464,-0.55282555
NEW_05M,ENTRY_PROBE,STALLED_REVERSAL_PROBE,BUY_STALLED,300,300,7,6,33.333333333333336,0.0,-1.0873842533333333,-1.54230639
NEW_05M,ENTRY_PROBE,STALLED_REVERSAL_PROBE,BUY_STALLED,300,300,8,6,33.333333333333336,0.0,-0.5677302966666666,-2.2331185749999998
NEW_05M,ENTRY_PROBE,STALLED_REVERSAL_PROBE,BUY_STALLED,300,300,13,2,100.0,0.0,4.122695035,4.122695035
NEW_05M,ENTRY_PROBE,STALLED_REVERSAL_PROBE,BUY_STALLED,300,300,15,2,0.0,50.0,-1.085903565,-1.085903565
NEW_05M,ENTRY_PROBE,STALLED_REVERSAL_PROBE,BUY_STALLED,300,300,16,3,33.333333333333336,0.0,-0.09373400999999998,-0.40630841
NEW_05M,ENTRY_PROBE,STALLED_REVERSAL_PROBE,BUY_STALLED,300,300,18,7,28.571428571428573,0.0,-2.058182532857143,-1.40822592
NEW_05M,ENTRY_PROBE,STALLED_REVERSAL_PROBE,BUY_STALLED,300,300,19,6,50.0,0.0,-0.9013550016666666,-0.6953509050000001
NEW_05M,ENTRY_PROBE,STALLED_REVERSAL_PROBE,BUY_STALLED,300,300,20,4,75.0,0.0,0.16736602250000004,2.03790112
NEW_05M,ENTRY_PROBE,STALLED_REVERSAL_PROBE,BUY_STALLED,300,300,21,8,75.0,12.5,1.5928488225,0.37457626
NEW_05M,ENTRY_PROBE,STALLED_REVERSAL_PROBE,BUY_STALLED,300,300,22,6,66.66666666666667,0.0,8.860944904999998,2.792564295
NEW_05M,ENTRY_PROBE,STALLED_REVERSAL_PROBE,BUY_STALLED,300,300,23,8,62.5,0.0,0.86352547375,1.551472665
NEW_05M,ENTRY_PROBE,STALLED_REVERSAL_PROBE,BUY_STALLED,300,600,0,3,100.0,0.0,4.813829156666666,4.86076707
NEW_05M,ENTRY_PROBE,STALLED_REVERSAL_PROBE,BUY_STALLED,300,600,1,10,90.0,0.0,13.559669254000003,16.706789255
NEW_05M,ENTRY_PROBE,STALLED_REVERSAL_PROBE,BUY_STALLED,300,600,2,22,63.63636363636363,0.0,3.282173591363637,2.20827629
NEW_05M,ENTRY_PROBE,STALLED_REVERSAL_PROBE,BUY_STALLED,300,600,3,13,38.46153846153846,0.0,-1.2364374007692311,-0.62173589
NEW_05M,ENTRY_PROBE,STALLED_REVERSAL_PROBE,BUY_STALLED,300,600,4,4,0.0,0.0,-31.9657378375,-32.12144387
NEW_05M,ENTRY_PROBE,STALLED_REVERSAL_PROBE,BUY_STALLED,300,600,5,6,0.0,0.0,-3.4870499566666666,-2.18138693
NEW_05M,ENTRY_PROBE,STALLED_REVERSAL_PROBE,BUY_STALLED,300,600,6,17,5.882352941176471,0.0,-3.4329385235294123,-4.45318018
NEW_05M,ENTRY_PROBE,STALLED_REVERSAL_PROBE,BUY_STALLED,300,600,7,5,40.0,0.0,-0.28252663000000006,-0.16885098
NEW_05M,ENTRY_PROBE,STALLED_REVERSAL_PROBE,BUY_STALLED,300,600,8,6,100.0,0.0,6.116922013333333,1.51943001
NEW_05M,ENTRY_PROBE,STALLED_REVERSAL_PROBE,BUY_STALLED,300,600,13,2,100.0,0.0,6.0632424149999995,6.0632424149999995
NEW_05M,ENTRY_PROBE,STALLED_REVERSAL_PROBE,BUY_STALLED,300,600,15,2,100.0,0.0,1.8279078850000001,1.8279078850000001
NEW_05M,ENTRY_PROBE,STALLED_REVERSAL_PROBE,BUY_STALLED,300,600,16,3,66.66666666666667,0.0,-0.10422027000000005,0.21880094
NEW_05M,ENTRY_PROBE,STALLED_REVERSAL_PROBE,BUY_STALLED,300,600,18,7,28.571428571428573,0.0,-6.159869337142857,-6.9303647
NEW_05M,ENTRY_PROBE,STALLED_REVERSAL_PROBE,BUY_STALLED,300,600,19,6,33.333333333333336,0.0,-3.35986297,-3.67252713
NEW_05M,ENTRY_PROBE,STALLED_REVERSAL_PROBE,BUY_STALLED,300,600,20,4,25.0,0.0,-0.37490253250000005,-0.726336345
NEW_05M,ENTRY_PROBE,STALLED_REVERSAL_PROBE,BUY_STALLED,300,600,21,5,0.0,0.0,-1.3984490739999997,-1.26419488
NEW_05M,ENTRY_PROBE,STALLED_REVERSAL_PROBE,BUY_STALLED,300,600,22,5,80.0,0.0,8.578633115999999,0.49921919
NEW_05M,ENTRY_PROBE,STALLED_REVERSAL_PROBE,BUY_STALLED,300,600,23,6,66.66666666666667,0.0,7.16162202,9.12117052
NEW_05M,ENTRY_PROBE,STALLED_REVERSAL_PROBE,BUY_STALLED,900,60,3,1,0.0,0.0,-0.0155483,-0.0155483
NEW_05M,ENTRY_PROBE,STALLED_REVERSAL_PROBE,BUY_STALLED,900,60,4,2,0.0,0.0,-0.6871541,-0.6871541
NEW_05M,ENTRY_PROBE,STALLED_REVERSAL_PROBE,BUY_STALLED,900,60,7,2,50.0,0.0,-1.7216731950000002,-1.7216731950000002
NEW_05M,ENTRY_PROBE,STALLED_REVERSAL_PROBE,BUY_STALLED,900,60,18,4,25.0,0.0,-1.2403254125,-1.909305965
NEW_05M,ENTRY_PROBE,STALLED_REVERSAL_PROBE,BUY_STALLED,900,60,20,4,0.0,0.0,-1.07773901,-0.9293542450000001
NEW_05M,ENTRY_PROBE,STALLED_REVERSAL_PROBE,BUY_STALLED,900,180,3,1,0.0,0.0,-3.76268936,-3.76268936
NEW_05M,ENTRY_PROBE,STALLED_REVERSAL_PROBE,BUY_STALLED,900,180,4,2,0.0,0.0,-11.3959195,-11.3959195
NEW_05M,ENTRY_PROBE,STALLED_REVERSAL_PROBE,BUY_STALLED,900,180,7,2,0.0,0.0,-4.646937445,-4.646937445
NEW_05M,ENTRY_PROBE,STALLED_REVERSAL_PROBE,BUY_STALLED,900,180,18,4,0.0,0.0,-3.2747228375,-3.6073325699999996
NEW_05M,ENTRY_PROBE,STALLED_REVERSAL_PROBE,BUY_STALLED,900,180,20,4,0.0,0.0,-1.6205134325000001,-1.24955289
NEW_05M,ENTRY_PROBE,STALLED_REVERSAL_PROBE,BUY_STALLED,900,300,3,1,0.0,0.0,-2.76759796,-2.76759796
NEW_05M,ENTRY_PROBE,STALLED_REVERSAL_PROBE,BUY_STALLED,900,300,4,2,0.0,0.0,-15.11736915,-15.11736915
NEW_05M,ENTRY_PROBE,STALLED_REVERSAL_PROBE,BUY_STALLED,900,300,7,2,0.0,0.0,-6.336392085,-6.336392085
NEW_05M,ENTRY_PROBE,STALLED_REVERSAL_PROBE,BUY_STALLED,900,300,18,4,0.0,0.0,-2.5272725975,-2.14408904
NEW_05M,ENTRY_PROBE,STALLED_REVERSAL_PROBE,BUY_STALLED,900,300,20,4,0.0,0.0,-1.241742705,-1.2417431849999998
NEW_05M,ENTRY_PROBE,STALLED_REVERSAL_PROBE,BUY_STALLED,900,600,3,1,0.0,0.0,-4.07365542,-4.07365542
NEW_05M,ENTRY_PROBE,STALLED_REVERSAL_PROBE,BUY_STALLED,900,600,4,2,0.0,0.0,-35.901817405,-35.901817405
NEW_05M,ENTRY_PROBE,STALLED_REVERSAL_PROBE,BUY_STALLED,900,600,18,4,0.0,0.0,-6.7680395425,-5.313271755
NEW_05M,ENTRY_PROBE,STALLED_REVERSAL_PROBE,BUY_STALLED,900,600,20,4,0.0,0.0,-4.346099515,-4.232860430000001
NEW_05M,ENTRY_PROBE,STALLED_REVERSAL_PROBE,SELL_STALLED,30,60,0,62,40.32258064516129,6.451612903225806,-0.36457869483870964,-0.015588245
NEW_05M,ENTRY_PROBE,STALLED_REVERSAL_PROBE,SELL_STALLED,30,60,1,81,38.27160493827161,11.11111111111111,-0.6743938990123456,-0.34306548
NEW_05M,ENTRY_PROBE,STALLED_REVERSAL_PROBE,SELL_STALLED,30,60,2,67,52.23880597014925,7.462686567164179,0.696856292686567,0.17182211
NEW_05M,ENTRY_PROBE,STALLED_REVERSAL_PROBE,SELL_STALLED,30,60,3,110,54.54545454545455,4.545454545454546,0.4269243742727274,0.23335784
NEW_05M,ENTRY_PROBE,STALLED_REVERSAL_PROBE,SELL_STALLED,30,60,4,106,52.83018867924528,1.8867924528301887,-0.12517923330188674,0.093197995
NEW_05M,ENTRY_PROBE,STALLED_REVERSAL_PROBE,SELL_STALLED,30,60,5,71,57.74647887323944,9.859154929577464,0.8470228450704227,0.61438836
NEW_05M,ENTRY_PROBE,STALLED_REVERSAL_PROBE,SELL_STALLED,30,60,6,113,37.16814159292036,3.5398230088495577,-0.318417257876106,-0.24950606
NEW_05M,ENTRY_PROBE,STALLED_REVERSAL_PROBE,SELL_STALLED,30,60,7,89,46.06741573033708,16.853932584269664,0.1693438097752809,0.0
NEW_05M,ENTRY_PROBE,STALLED_REVERSAL_PROBE,SELL_STALLED,30,60,8,133,41.35338345864662,9.022556390977444,-0.25160334353383457,0.0
NEW_05M,ENTRY_PROBE,STALLED_REVERSAL_PROBE,SELL_STALLED,30,60,9,98,34.69387755102041,20.408163265306122,-0.7903886406122452,0.0
NEW_05M,ENTRY_PROBE,STALLED_REVERSAL_PROBE,SELL_STALLED,30,60,10,93,49.46236559139785,5.376344086021505,-0.22283205150537624,0.0
NEW_05M,ENTRY_PROBE,STALLED_REVERSAL_PROBE,SELL_STALLED,30,60,11,102,43.13725490196079,10.784313725490197,-0.1605254501960784,0.0
NEW_05M,ENTRY_PROBE,STALLED_REVERSAL_PROBE,SELL_STALLED,30,60,12,85,55.294117647058826,9.411764705882353,0.6717647423529418,0.01562305
NEW_05M,ENTRY_PROBE,STALLED_REVERSAL_PROBE,SELL_STALLED,30,60,13,100,34.0,14.0,-0.13270599480000003,-0.023106355
NEW_05M,ENTRY_PROBE,STALLED_REVERSAL_PROBE,SELL_STALLED,30,60,14,60,20.0,21.666666666666668,-0.5639021346666666,-0.023435365
NEW_05M,ENTRY_PROBE,STALLED_REVERSAL_PROBE,SELL_STALLED,30,60,15,49,36.734693877551024,20.408163265306122,0.1328040771428571,0.0
NEW_05M,ENTRY_PROBE,STALLED_REVERSAL_PROBE,SELL_STALLED,30,60,16,35,48.57142857142857,17.142857142857142,0.044696082857142876,0.0
NEW_05M,ENTRY_PROBE,STALLED_REVERSAL_PROBE,SELL_STALLED,30,60,17,58,48.275862068965516,8.620689655172415,-0.10232414586206896,0.0
NEW_05M,ENTRY_PROBE,STALLED_REVERSAL_PROBE,SELL_STALLED,30,60,18,18,66.66666666666667,5.555555555555555,0.23180688666666674,0.023491739999999997
NEW_05M,ENTRY_PROBE,STALLED_REVERSAL_PROBE,SELL_STALLED,30,60,19,35,34.285714285714285,25.714285714285715,0.010304529999999966,0.0
NEW_05M,ENTRY_PROBE,STALLED_REVERSAL_PROBE,SELL_STALLED,30,60,20,45,37.77777777777778,22.22222222222222,0.18902460222222217,0.0
NEW_05M,ENTRY_PROBE,STALLED_REVERSAL_PROBE,SELL_STALLED,30,60,21,64,39.0625,17.1875,0.01576116374999999,0.0
NEW_05M,ENTRY_PROBE,STALLED_REVERSAL_PROBE,SELL_STALLED,30,60,22,30,36.666666666666664,0.0,-0.5254660003333333,-0.84617129
NEW_05M,ENTRY_PROBE,STALLED_REVERSAL_PROBE,SELL_STALLED,30,60,23,37,62.16216216216216,2.7027027027027026,0.7569865948648649,0.54606529
NEW_05M,ENTRY_PROBE,STALLED_REVERSAL_PROBE,SELL_STALLED,30,180,0,60,38.333333333333336,0.0,-0.5890799018333331,-0.8262412050000001
NEW_05M,ENTRY_PROBE,STALLED_REVERSAL_PROBE,SELL_STALLED,30,180,1,81,33.333333333333336,0.0,-1.092803140246914,-1.67163209
NEW_05M,ENTRY_PROBE,STALLED_REVERSAL_PROBE,SELL_STALLED,30,180,2,67,61.19402985074627,0.0,1.1017718782089556,1.09608835
NEW_05M,ENTRY_PROBE,STALLED_REVERSAL_PROBE,SELL_STALLED,30,180,3,101,62.37623762376238,1.9801980198019802,1.3982243012871285,1.5374724
NEW_05M,ENTRY_PROBE,STALLED_REVERSAL_PROBE,SELL_STALLED,30,180,4,101,52.475247524752476,1.9801980198019802,-0.1799919134653465,0.13982494
NEW_05M,ENTRY_PROBE,STALLED_REVERSAL_PROBE,SELL_STALLED,30,180,5,68,63.23529411764706,7.352941176470588,1.1947792579411762,1.19934214
NEW_05M,ENTRY_PROBE,STALLED_REVERSAL_PROBE,SELL_STALLED,30,180,6,113,33.6283185840708,1.7699115044247788,-1.1394187012389372,-1.12308199
NEW_05M,ENTRY_PROBE,STALLED_REVERSAL_PROBE,SELL_STALLED,30,180,7,85,50.588235294117645,3.5294117647058822,0.6124768385882351,0.06239111
NEW_05M,ENTRY_PROBE,STALLED_REVERSAL_PROBE,SELL_STALLED,30,180,8,133,48.1203007518797,2.255639097744361,-0.3279181787969928,0.0
NEW_05M,ENTRY_PROBE,STALLED_REVERSAL_PROBE,SELL_STALLED,30,180,9,98,43.87755102040816,7.142857142857143,-0.9477989002040813,0.0
NEW_05M,ENTRY_PROBE,STALLED_REVERSAL_PROBE,SELL_STALLED,30,180,10,93,54.83870967741935,0.0,0.5019310356989248,0.21880231
NEW_05M,ENTRY_PROBE,STALLED_REVERSAL_PROBE,SELL_STALLED,30,180,11,102,48.03921568627451,1.9607843137254901,-0.7481862231372554,-0.054695535
NEW_05M,ENTRY_PROBE,STALLED_REVERSAL_PROBE,SELL_STALLED,30,180,12,83,62.65060240963855,0.0,1.9722601391566266,2.01390374
NEW_05M,ENTRY_PROBE,STALLED_REVERSAL_PROBE,SELL_STALLED,30,180,13,94,38.297872340425535,4.25531914893617,0.07526104372340431,-0.22413437
NEW_05M,ENTRY_PROBE,STALLED_REVERSAL_PROBE,SELL_STALLED,30,180,14,60,26.666666666666668,6.666666666666667,-1.4459221396666666,-0.827296
NEW_05M,ENTRY_PROBE,STALLED_REVERSAL_PROBE,SELL_STALLED,30,180,15,48,52.083333333333336,4.166666666666667,0.3357765058333333,0.093828445
NEW_05M,ENTRY_PROBE,STALLED_REVERSAL_PROBE,SELL_STALLED,30,180,16,35,68.57142857142857,0.0,0.6752908031428573,0.84388713
NEW_05M,ENTRY_PROBE,STALLED_REVERSAL_PROBE,SELL_STALLED,30,180,17,58,48.275862068965516,0.0,-0.6209942427586207,-0.03910472
NEW_05M,ENTRY_PROBE,STALLED_REVERSAL_PROBE,SELL_STALLED,30,180,18,18,61.111111111111114,0.0,0.6841076255555557,0.799212995
NEW_05M,ENTRY_PROBE,STALLED_REVERSAL_PROBE,SELL_STALLED,30,180,19,35,40.0,0.0,-0.32224196142857153,-0.31249902
NEW_05M,ENTRY_PROBE,STALLED_REVERSAL_PROBE,SELL_STALLED,30,180,20,45,44.44444444444444,6.666666666666667,-0.16213337533333327,0.0
NEW_05M,ENTRY_PROBE,STALLED_REVERSAL_PROBE,SELL_STALLED,30,180,21,58,48.275862068965516,1.7241379310344827,-0.1684487865517242,-0.00780395
NEW_05M,ENTRY_PROBE,STALLED_REVERSAL_PROBE,SELL_STALLED,30,180,22,30,33.333333333333336,0.0,-3.6355194279999994,-3.005993455
NEW_05M,ENTRY_PROBE,STALLED_REVERSAL_PROBE,SELL_STALLED,30,180,23,37,64.86486486486487,0.0,0.7140902237837838,0.78009327
NEW_05M,ENTRY_PROBE,STALLED_REVERSAL_PROBE,SELL_STALLED,30,300,0,53,43.39622641509434,0.0,-0.6317266215094337,-0.63899158
NEW_05M,ENTRY_PROBE,STALLED_REVERSAL_PROBE,SELL_STALLED,30,300,1,81,30.864197530864196,0.0,-1.727698583209877,-3.35118032
NEW_05M,ENTRY_PROBE,STALLED_REVERSAL_PROBE,SELL_STALLED,30,300,2,66,71.21212121212122,0.0,2.229082457575758,2.6484569899999997
NEW_05M,ENTRY_PROBE,STALLED_REVERSAL_PROBE,SELL_STALLED,30,300,3,97,73.19587628865979,0.0,1.9641143817525764,1.38814802
NEW_05M,ENTRY_PROBE,STALLED_REVERSAL_PROBE,SELL_STALLED,30,300,4,95,57.89473684210526,1.0526315789473684,0.7679289413684212,0.59037197
NEW_05M,ENTRY_PROBE,STALLED_REVERSAL_PROBE,SELL_STALLED,30,300,5,68,60.294117647058826,0.0,1.423872439558824,2.111871335
NEW_05M,ENTRY_PROBE,STALLED_REVERSAL_PROBE,SELL_STALLED,30,300,6,113,30.97345132743363,0.0,-2.0301657794690255,-1.89031559
NEW_05M,ENTRY_PROBE,STALLED_REVERSAL_PROBE,SELL_STALLED,30,300,7,85,57.64705882352941,1.1764705882352942,1.672636454941177,0.42081442
NEW_05M,ENTRY_PROBE,STALLED_REVERSAL_PROBE,SELL_STALLED,30,300,8,133,45.11278195488722,0.7518796992481203,-0.7372458938345858,-0.33767709
NEW_05M,ENTRY_PROBE,STALLED_REVERSAL_PROBE,SELL_STALLED,30,300,9,98,44.89795918367347,1.0204081632653061,-1.338541513367346,-0.356956205
NEW_05M,ENTRY_PROBE,STALLED_REVERSAL_PROBE,SELL_STALLED,30,300,10,93,55.913978494623656,0.0,0.8701704364516137,1.01581388
NEW_05M,ENTRY_PROBE,STALLED_REVERSAL_PROBE,SELL_STALLED,30,300,11,100,55.0,0.0,-0.16685944510000017,0.80455777
NEW_05M,ENTRY_PROBE,STALLED_REVERSAL_PROBE,SELL_STALLED,30,300,12,81,67.90123456790124,1.2345679012345678,2.6618978153086417,2.59277771
NEW_05M,ENTRY_PROBE,STALLED_REVERSAL_PROBE,SELL_STALLED,30,300,13,90,33.333333333333336,3.3333333333333335,-0.44626844166666685,-1.16421577
NEW_05M,ENTRY_PROBE,STALLED_REVERSAL_PROBE,SELL_STALLED,30,300,14,60,23.333333333333332,3.3333333333333335,-2.172456057166667,-1.10923288
NEW_05M,ENTRY_PROBE,STALLED_REVERSAL_PROBE,SELL_STALLED,30,300,15,46,65.21739130434783,0.0,1.1086310678260871,1.8367402099999999
NEW_05M,ENTRY_PROBE,STALLED_REVERSAL_PROBE,SELL_STALLED,30,300,16,35,60.0,0.0,0.17837799685714276,1.67204743
NEW_05M,ENTRY_PROBE,STALLED_REVERSAL_PROBE,SELL_STALLED,30,300,17,58,48.275862068965516,1.7241379310344827,-1.4602184027586205,-0.00781933
NEW_05M,ENTRY_PROBE,STALLED_REVERSAL_PROBE,SELL_STALLED,30,300,18,18,83.33333333333333,0.0,2.0877516722222222,2.74721092
NEW_05M,ENTRY_PROBE,STALLED_REVERSAL_PROBE,SELL_STALLED,30,300,19,35,51.42857142857143,0.0,0.06367993742857117,0.04687632
NEW_05M,ENTRY_PROBE,STALLED_REVERSAL_PROBE,SELL_STALLED,30,300,20,45,53.333333333333336,2.2222222222222223,-0.38066976177777784,0.0156157
NEW_05M,ENTRY_PROBE,STALLED_REVERSAL_PROBE,SELL_STALLED,30,300,21,58,55.172413793103445,0.0,-0.25158797793103427,0.3044062
NEW_05M,ENTRY_PROBE,STALLED_REVERSAL_PROBE,SELL_STALLED,30,300,22,29,34.48275862068966,0.0,-5.3774492455172425,-2.41751592
NEW_05M,ENTRY_PROBE,STALLED_REVERSAL_PROBE,SELL_STALLED,30,300,23,37,70.27027027027027,0.0,1.1630617016216216,2.35499618
NEW_05M,ENTRY_PROBE,STALLED_REVERSAL_PROBE,SELL_STALLED,30,600,0,40,60.0,0.0,1.01618289475,0.99762596
NEW_05M,ENTRY_PROBE,STALLED_REVERSAL_PROBE,SELL_STALLED,30,600,1,81,37.03703703703704,0.0,-1.7739245127160503,-1.12365688
NEW_05M,ENTRY_PROBE,STALLED_REVERSAL_PROBE,SELL_STALLED,30,600,2,66,77.27272727272727,0.0,3.727416329545455,2.180972235
NEW_05M,ENTRY_PROBE,STALLED_REVERSAL_PROBE,SELL_STALLED,30,600,3,76,69.73684210526316,0.0,4.295561220789476,3.8298353900000004
NEW_05M,ENTRY_PROBE,STALLED_REVERSAL_PROBE,SELL_STALLED,30,600,4,87,45.97701149425287,1.1494252873563218,0.08788202517241381,-0.46602087
NEW_05M,ENTRY_PROBE,STALLED_REVERSAL_PROBE,SELL_STALLED,30,600,5,63,63.492063492063494,0.0,2.1957818714285713,0.94816786
NEW_05M,ENTRY_PROBE,STALLED_REVERSAL_PROBE,SELL_STALLED,30,600,6,113,42.47787610619469,0.0,-1.7207718326548667,-0.74841896
NEW_05M,ENTRY_PROBE,STALLED_REVERSAL_PROBE,SELL_STALLED,30,600,7,84,65.47619047619048,2.380952380952381,2.3222723617857137,0.943100375
NEW_05M,ENTRY_PROBE,STALLED_REVERSAL_PROBE,SELL_STALLED,30,600,8,133,43.609022556390975,1.5037593984962405,-1.6048783519548877,-0.10915941
NEW_05M,ENTRY_PROBE,STALLED_REVERSAL_PROBE,SELL_STALLED,30,600,9,98,43.87755102040816,0.0,-1.735904534081633,-0.6159888149999999
NEW_05M,ENTRY_PROBE,STALLED_REVERSAL_PROBE,SELL_STALLED,30,600,10,93,64.51612903225806,0.0,2.329559403010754,2.47421286
NEW_05M,ENTRY_PROBE,STALLED_REVERSAL_PROBE,SELL_STALLED,30,600,11,93,54.83870967741935,1.075268817204301,2.2131828524731167,1.73316179
NEW_05M,ENTRY_PROBE,STALLED_REVERSAL_PROBE,SELL_STALLED,30,600,12,78,78.2051282051282,1.2820512820512822,5.474612871666662,4.52102468
NEW_05M,ENTRY_PROBE,STALLED_REVERSAL_PROBE,SELL_STALLED,30,600,13,74,43.24324324324324,0.0,0.20954212337837871,-1.1001025599999998
NEW_05M,ENTRY_PROBE,STALLED_REVERSAL_PROBE,SELL_STALLED,30,600,14,60,21.666666666666668,0.0,-4.186884833666666,-2.82197838
NEW_05M,ENTRY_PROBE,STALLED_REVERSAL_PROBE,SELL_STALLED,30,600,15,42,69.04761904761905,0.0,1.8319418952380953,2.00173901
NEW_05M,ENTRY_PROBE,STALLED_REVERSAL_PROBE,SELL_STALLED,30,600,16,35,48.57142857142857,2.857142857142857,-0.7092053351428571,0.0
NEW_05M,ENTRY_PROBE,STALLED_REVERSAL_PROBE,SELL_STALLED,30,600,17,58,51.724137931034484,0.0,-1.6531335736206896,1.228680835
NEW_05M,ENTRY_PROBE,STALLED_REVERSAL_PROBE,SELL_STALLED,30,600,18,18,94.44444444444444,0.0,4.414789020555554,4.03373327
NEW_05M,ENTRY_PROBE,STALLED_REVERSAL_PROBE,SELL_STALLED,30,600,19,35,54.285714285714285,0.0,1.0862576817142857,1.12512658
NEW_05M,ENTRY_PROBE,STALLED_REVERSAL_PROBE,SELL_STALLED,30,600,20,44,59.09090909090909,0.0,0.5701116563636363,1.5693782299999999
NEW_05M,ENTRY_PROBE,STALLED_REVERSAL_PROBE,SELL_STALLED,30,600,21,56,46.42857142857143,1.7857142857142858,-0.8656514769642863,-0.124946925
NEW_05M,ENTRY_PROBE,STALLED_REVERSAL_PROBE,SELL_STALLED,30,600,22,28,39.285714285714285,0.0,-7.376474229285715,-2.69722843
NEW_05M,ENTRY_PROBE,STALLED_REVERSAL_PROBE,SELL_STALLED,30,600,23,37,83.78378378378379,0.0,2.3121828267567577,3.60127214
NEW_05M,ENTRY_PROBE,STALLED_REVERSAL_PROBE,SELL_STALLED,60,60,0,19,42.10526315789474,21.05263157894737,0.44035291157894724,0.0
NEW_05M,ENTRY_PROBE,STALLED_REVERSAL_PROBE,SELL_STALLED,60,60,1,45,37.77777777777778,8.88888888888889,-0.4817113553333333,-0.01560162
NEW_05M,ENTRY_PROBE,STALLED_REVERSAL_PROBE,SELL_STALLED,60,60,2,37,56.75675675675676,2.7027027027027026,0.6200618856756758,0.86428823
NEW_05M,ENTRY_PROBE,STALLED_REVERSAL_PROBE,SELL_STALLED,60,60,3,37,48.648648648648646,2.7027027027027026,-0.06843839243243248,0.0
NEW_05M,ENTRY_PROBE,STALLED_REVERSAL_PROBE,SELL_STALLED,60,60,4,53,54.716981132075475,3.7735849056603774,0.15948610452830186,0.57483497
NEW_05M,ENTRY_PROBE,STALLED_REVERSAL_PROBE,SELL_STALLED,60,60,5,27,59.25925925925926,7.407407407407407,0.3105076855555555,0.23373151
NEW_05M,ENTRY_PROBE,STALLED_REVERSAL_PROBE,SELL_STALLED,60,60,6,75,44.0,4.0,-0.25097928786666673,-0.07798195
NEW_05M,ENTRY_PROBE,STALLED_REVERSAL_PROBE,SELL_STALLED,60,60,7,41,46.34146341463415,12.195121951219512,0.22885892146341463,0.0
NEW_05M,ENTRY_PROBE,STALLED_REVERSAL_PROBE,SELL_STALLED,60,60,8,58,43.10344827586207,8.620689655172415,-0.19447369879310344,0.0
NEW_05M,ENTRY_PROBE,STALLED_REVERSAL_PROBE,SELL_STALLED,60,60,9,44,25.0,22.727272727272727,-0.5901764011363636,-0.01541161
NEW_05M,ENTRY_PROBE,STALLED_REVERSAL_PROBE,SELL_STALLED,60,60,10,44,56.81818181818182,0.0,0.5267117663636365,0.269164545
NEW_05M,ENTRY_PROBE,STALLED_REVERSAL_PROBE,SELL_STALLED,60,60,11,49,38.775510204081634,6.122448979591836,0.0055688832653061505,-0.19967744
NEW_05M,ENTRY_PROBE,STALLED_REVERSAL_PROBE,SELL_STALLED,60,60,12,39,61.53846153846154,10.256410256410257,0.6006526115384615,0.57760606
NEW_05M,ENTRY_PROBE,STALLED_REVERSAL_PROBE,SELL_STALLED,60,60,13,49,40.816326530612244,6.122448979591836,-0.281495794897959,-0.01560111
NEW_05M,ENTRY_PROBE,STALLED_REVERSAL_PROBE,SELL_STALLED,60,60,14,32,18.75,18.75,-0.7423774187500002,-0.39810711499999996
NEW_05M,ENTRY_PROBE,STALLED_REVERSAL_PROBE,SELL_STALLED,60,60,15,38,44.73684210526316,21.05263157894737,0.1773382357894737,0.0
NEW_05M,ENTRY_PROBE,STALLED_REVERSAL_PROBE,SELL_STALLED,60,60,16,19,52.63157894736842,5.2631578947368425,0.20569795210526315,0.01562625
NEW_05M,ENTRY_PROBE,STALLED_REVERSAL_PROBE,SELL_STALLED,60,60,17,34,32.35294117647059,8.823529411764707,-0.9435000835294116,-0.55520773
NEW_05M,ENTRY_PROBE,STALLED_REVERSAL_PROBE,SELL_STALLED,60,60,18,9,66.66666666666667,11.11111111111111,-0.5437322055555556,0.04690014
NEW_05M,ENTRY_PROBE,STALLED_REVERSAL_PROBE,SELL_STALLED,60,60,19,21,19.047619047619047,19.047619047619047,-0.7322363404761904,-0.01563294
NEW_05M,ENTRY_PROBE,STALLED_REVERSAL_PROBE,SELL_STALLED,60,60,20,23,56.52173913043478,17.391304347826086,0.46330769260869564,0.0156157
NEW_05M,ENTRY_PROBE,STALLED_REVERSAL_PROBE,SELL_STALLED,60,60,21,24,45.833333333333336,12.5,0.3009012079166667,0.0
NEW_05M,ENTRY_PROBE,STALLED_REVERSAL_PROBE,SELL_STALLED,60,60,22,20,40.0,5.0,-1.0057497560000002,-0.740212945
NEW_05M,ENTRY_PROBE,STALLED_REVERSAL_PROBE,SELL_STALLED,60,60,23,15,46.666666666666664,20.0,0.8816792353333334,0.0
NEW_05M,ENTRY_PROBE,STALLED_REVERSAL_PROBE,SELL_STALLED,60,180,0,18,38.888888888888886,0.0,0.04271416944444444,-0.35852183
NEW_05M,ENTRY_PROBE,STALLED_REVERSAL_PROBE,SELL_STALLED,60,180,1,45,35.55555555555556,0.0,-1.123455664,-2.06271916
NEW_05M,ENTRY_PROBE,STALLED_REVERSAL_PROBE,SELL_STALLED,60,180,2,37,54.054054054054056,0.0,1.555982162162162,0.35855145
NEW_05M,ENTRY_PROBE,STALLED_REVERSAL_PROBE,SELL_STALLED,60,180,3,30,73.33333333333333,3.3333333333333335,1.2844980633333332,1.73902969
NEW_05M,ENTRY_PROBE,STALLED_REVERSAL_PROBE,SELL_STALLED,60,180,4,47,59.57446808510638,0.0,0.5446516557446809,0.57483586
NEW_05M,ENTRY_PROBE,STALLED_REVERSAL_PROBE,SELL_STALLED,60,180,5,26,46.15384615384615,7.6923076923076925,-0.8700128549999999,0.0
NEW_05M,ENTRY_PROBE,STALLED_REVERSAL_PROBE,SELL_STALLED,60,180,6,75,42.666666666666664,0.0,-1.0087054704,-0.53022269
NEW_05M,ENTRY_PROBE,STALLED_REVERSAL_PROBE,SELL_STALLED,60,180,7,41,51.21951219512195,2.4390243902439024,0.3412575995121951,0.01559038
NEW_05M,ENTRY_PROBE,STALLED_REVERSAL_PROBE,SELL_STALLED,60,180,8,58,50.0,1.7241379310344827,-0.0896609055172413,0.304108745
NEW_05M,ENTRY_PROBE,STALLED_REVERSAL_PROBE,SELL_STALLED,60,180,9,44,40.90909090909091,4.545454545454546,-0.6577394559090911,-0.17154331
NEW_05M,ENTRY_PROBE,STALLED_REVERSAL_PROBE,SELL_STALLED,60,180,10,44,65.9090909090909,0.0,2.9808497470454536,1.51416113
NEW_05M,ENTRY_PROBE,STALLED_REVERSAL_PROBE,SELL_STALLED,60,180,11,49,48.97959183673469,0.0,-0.12280900469387762,-0.01562336
NEW_05M,ENTRY_PROBE,STALLED_REVERSAL_PROBE,SELL_STALLED,60,180,12,38,68.42105263157895,0.0,1.9191822965789473,1.99824652
NEW_05M,ENTRY_PROBE,STALLED_REVERSAL_PROBE,SELL_STALLED,60,180,13,44,31.818181818181817,4.545454545454546,-0.4752997704545454,-0.85797002
NEW_05M,ENTRY_PROBE,STALLED_REVERSAL_PROBE,SELL_STALLED,60,180,14,32,21.875,3.125,-1.8368027228125001,-0.91308168
NEW_05M,ENTRY_PROBE,STALLED_REVERSAL_PROBE,SELL_STALLED,60,180,15,38,52.63157894736842,2.6315789473684212,0.5775284955263158,0.35959457
NEW_05M,ENTRY_PROBE,STALLED_REVERSAL_PROBE,SELL_STALLED,60,180,16,19,73.6842105263158,0.0,0.7380266768421052,1.15647587
NEW_05M,ENTRY_PROBE,STALLED_REVERSAL_PROBE,SELL_STALLED,60,180,17,34,35.294117647058826,0.0,-2.0774368447058826,-2.47118712
NEW_05M,ENTRY_PROBE,STALLED_REVERSAL_PROBE,SELL_STALLED,60,180,18,9,44.44444444444444,0.0,-0.28216269333333327,-0.29705788
NEW_05M,ENTRY_PROBE,STALLED_REVERSAL_PROBE,SELL_STALLED,60,180,19,21,38.095238095238095,0.0,-0.6219528823809526,-0.54712035
NEW_05M,ENTRY_PROBE,STALLED_REVERSAL_PROBE,SELL_STALLED,60,180,20,23,47.82608695652174,0.0,0.1608038230434783,-0.35921896
NEW_05M,ENTRY_PROBE,STALLED_REVERSAL_PROBE,SELL_STALLED,60,180,21,24,50.0,8.333333333333334,-0.7970930162499997,0.007803965
NEW_05M,ENTRY_PROBE,STALLED_REVERSAL_PROBE,SELL_STALLED,60,180,22,20,30.0,0.0,-2.4256700990000004,-3.10403596
NEW_05M,ENTRY_PROBE,STALLED_REVERSAL_PROBE,SELL_STALLED,60,180,23,15,66.66666666666667,6.666666666666667,2.053603201333333,2.49539522
NEW_05M,ENTRY_PROBE,STALLED_REVERSAL_PROBE,SELL_STALLED,60,300,0,16,43.75,0.0,-0.562372074375,-0.646870385
NEW_05M,ENTRY_PROBE,STALLED_REVERSAL_PROBE,SELL_STALLED,60,300,1,45,31.11111111111111,0.0,-1.8678899753333336,-3.296602
NEW_05M,ENTRY_PROBE,STALLED_REVERSAL_PROBE,SELL_STALLED,60,300,2,36,75.0,0.0,3.1869374102777766,2.306636945
NEW_05M,ENTRY_PROBE,STALLED_REVERSAL_PROBE,SELL_STALLED,60,300,3,28,71.42857142857143,0.0,1.262497294285714,1.6459435949999999
NEW_05M,ENTRY_PROBE,STALLED_REVERSAL_PROBE,SELL_STALLED,60,300,4,44,61.36363636363637,0.0,1.2230786402272729,0.59800511
NEW_05M,ENTRY_PROBE,STALLED_REVERSAL_PROBE,SELL_STALLED,60,300,5,26,53.84615384615385,0.0,0.010259254230769139,0.72456767
NEW_05M,ENTRY_PROBE,STALLED_REVERSAL_PROBE,SELL_STALLED,60,300,6,75,34.666666666666664,1.3333333333333333,-1.1080357126666671,-1.18490247
NEW_05M,ENTRY_PROBE,STALLED_REVERSAL_PROBE,SELL_STALLED,60,300,7,41,36.58536585365854,4.878048780487805,0.6798123402439029,-0.15590117
NEW_05M,ENTRY_PROBE,STALLED_REVERSAL_PROBE,SELL_STALLED,60,300,8,58,56.89655172413793,1.7241379310344827,-0.164985960862069,0.33007781
NEW_05M,ENTRY_PROBE,STALLED_REVERSAL_PROBE,SELL_STALLED,60,300,9,44,38.63636363636363,0.0,-0.6909439543181821,-0.8580018
NEW_05M,ENTRY_PROBE,STALLED_REVERSAL_PROBE,SELL_STALLED,60,300,10,44,54.54545454545455,0.0,3.266368227727274,1.65275735
NEW_05M,ENTRY_PROBE,STALLED_REVERSAL_PROBE,SELL_STALLED,60,300,11,47,51.06382978723404,0.0,0.7687332278723404,0.01562231
NEW_05M,ENTRY_PROBE,STALLED_REVERSAL_PROBE,SELL_STALLED,60,300,12,38,60.526315789473685,0.0,1.6709256852631582,2.031789995
NEW_05M,ENTRY_PROBE,STALLED_REVERSAL_PROBE,SELL_STALLED,60,300,13,42,28.571428571428573,0.0,-1.3460206890476194,-2.4095408000000003
NEW_05M,ENTRY_PROBE,STALLED_REVERSAL_PROBE,SELL_STALLED,60,300,14,32,15.625,0.0,-2.8177731809374995,-1.489342765
NEW_05M,ENTRY_PROBE,STALLED_REVERSAL_PROBE,SELL_STALLED,60,300,15,37,75.67567567567568,0.0,1.770149628918919,2.23652066
NEW_05M,ENTRY_PROBE,STALLED_REVERSAL_PROBE,SELL_STALLED,60,300,16,19,52.63157894736842,0.0,-0.0038458678947369015,0.35947891
NEW_05M,ENTRY_PROBE,STALLED_REVERSAL_PROBE,SELL_STALLED,60,300,17,34,38.23529411764706,0.0,-3.450387632941177,-3.588202645
NEW_05M,ENTRY_PROBE,STALLED_REVERSAL_PROBE,SELL_STALLED,60,300,18,9,88.88888888888889,0.0,0.9968452233333335,0.34473681
NEW_05M,ENTRY_PROBE,STALLED_REVERSAL_PROBE,SELL_STALLED,60,300,19,21,47.61904761904762,0.0,-0.9357772852380954,-0.31249902
NEW_05M,ENTRY_PROBE,STALLED_REVERSAL_PROBE,SELL_STALLED,60,300,20,23,65.21739130434783,0.0,0.40128540608695673,0.26159239
NEW_05M,ENTRY_PROBE,STALLED_REVERSAL_PROBE,SELL_STALLED,60,300,21,24,54.166666666666664,0.0,-0.492181705416667,0.6009443
NEW_05M,ENTRY_PROBE,STALLED_REVERSAL_PROBE,SELL_STALLED,60,300,22,20,30.0,0.0,-3.1550960724999997,-2.425310575
NEW_05M,ENTRY_PROBE,STALLED_REVERSAL_PROBE,SELL_STALLED,60,300,23,15,93.33333333333333,0.0,3.2619598513333328,3.05685914
NEW_05M,ENTRY_PROBE,STALLED_REVERSAL_PROBE,SELL_STALLED,60,600,0,11,63.63636363636363,0.0,-0.8872303745454547,1.07556549
NEW_05M,ENTRY_PROBE,STALLED_REVERSAL_PROBE,SELL_STALLED,60,600,1,45,37.77777777777778,0.0,-1.8399740997777754,-2.38400194
NEW_05M,ENTRY_PROBE,STALLED_REVERSAL_PROBE,SELL_STALLED,60,600,2,36,77.77777777777777,0.0,4.603359615,3.1247457900000004
NEW_05M,ENTRY_PROBE,STALLED_REVERSAL_PROBE,SELL_STALLED,60,600,3,18,61.111111111111114,0.0,3.029224273888889,3.706918355
NEW_05M,ENTRY_PROBE,STALLED_REVERSAL_PROBE,SELL_STALLED,60,600,4,39,58.97435897435897,0.0,0.7994252735897437,2.25948555
NEW_05M,ENTRY_PROBE,STALLED_REVERSAL_PROBE,SELL_STALLED,60,600,5,23,47.82608695652174,0.0,-0.6900108439130438,-0.5297617
NEW_05M,ENTRY_PROBE,STALLED_REVERSAL_PROBE,SELL_STALLED,60,600,6,75,49.333333333333336,0.0,-0.9968879810666673,-0.31181644
NEW_05M,ENTRY_PROBE,STALLED_REVERSAL_PROBE,SELL_STALLED,60,600,7,41,70.73170731707317,0.0,1.4530755402439024,1.01385234
NEW_05M,ENTRY_PROBE,STALLED_REVERSAL_PROBE,SELL_STALLED,60,600,8,58,44.827586206896555,5.172413793103448,-0.45206219499999994,-0.03119249
NEW_05M,ENTRY_PROBE,STALLED_REVERSAL_PROBE,SELL_STALLED,60,600,9,44,50.0,0.0,-0.2810460243181821,0.015592570000000002
NEW_05M,ENTRY_PROBE,STALLED_REVERSAL_PROBE,SELL_STALLED,60,600,10,44,65.9090909090909,0.0,3.965985960227272,3.8657331050000003
NEW_05M,ENTRY_PROBE,STALLED_REVERSAL_PROBE,SELL_STALLED,60,600,11,42,59.523809523809526,0.0,3.8519825421428555,1.748777235
NEW_05M,ENTRY_PROBE,STALLED_REVERSAL_PROBE,SELL_STALLED,60,600,12,34,70.58823529411765,0.0,4.33360396264706,3.585300425
NEW_05M,ENTRY_PROBE,STALLED_REVERSAL_PROBE,SELL_STALLED,60,600,13,32,37.5,0.0,-0.41657390656249993,-1.5363347250000001
NEW_05M,ENTRY_PROBE,STALLED_REVERSAL_PROBE,SELL_STALLED,60,600,14,32,9.375,0.0,-6.093177009062502,-3.319375345
NEW_05M,ENTRY_PROBE,STALLED_REVERSAL_PROBE,SELL_STALLED,60,600,15,34,64.70588235294117,0.0,2.0906576714705882,2.869901125
NEW_05M,ENTRY_PROBE,STALLED_REVERSAL_PROBE,SELL_STALLED,60,600,16,19,57.89473684210526,0.0,-0.7506649136842105,0.18753047
NEW_05M,ENTRY_PROBE,STALLED_REVERSAL_PROBE,SELL_STALLED,60,600,17,34,58.8235294117647,0.0,-1.8718143523529416,1.5718524249999999
NEW_05M,ENTRY_PROBE,STALLED_REVERSAL_PROBE,SELL_STALLED,60,600,18,9,88.88888888888889,0.0,2.972366033333333,3.22047597
NEW_05M,ENTRY_PROBE,STALLED_REVERSAL_PROBE,SELL_STALLED,60,600,19,21,61.904761904761905,0.0,1.4300188804761906,1.10949808
NEW_05M,ENTRY_PROBE,STALLED_REVERSAL_PROBE,SELL_STALLED,60,600,20,22,81.81818181818181,0.0,1.6846782349999996,1.78831952
NEW_05M,ENTRY_PROBE,STALLED_REVERSAL_PROBE,SELL_STALLED,60,600,21,23,60.869565217391305,0.0,-0.40174842217391316,1.42031931
NEW_05M,ENTRY_PROBE,STALLED_REVERSAL_PROBE,SELL_STALLED,60,600,22,20,55.0,0.0,-1.5478098879999997,0.8970930100000001
NEW_05M,ENTRY_PROBE,STALLED_REVERSAL_PROBE,SELL_STALLED,60,600,23,15,93.33333333333333,0.0,3.787883956666667,4.55582998
NEW_05M,ENTRY_PROBE,STALLED_REVERSAL_PROBE,SELL_STALLED,180,60,0,5,40.0,20.0,-0.345757058,0.0
NEW_05M,ENTRY_PROBE,STALLED_REVERSAL_PROBE,SELL_STALLED,180,60,1,10,40.0,10.0,-1.2440496230000004,-0.94631352
NEW_05M,ENTRY_PROBE,STALLED_REVERSAL_PROBE,SELL_STALLED,180,60,2,2,50.0,50.0,2.039710515,2.039710515
NEW_05M,ENTRY_PROBE,STALLED_REVERSAL_PROBE,SELL_STALLED,180,60,3,7,71.42857142857143,0.0,0.9868666557142856,0.79241765
NEW_05M,ENTRY_PROBE,STALLED_REVERSAL_PROBE,SELL_STALLED,180,60,4,32,68.75,6.25,0.6643355237499998,0.512668205
NEW_05M,ENTRY_PROBE,STALLED_REVERSAL_PROBE,SELL_STALLED,180,60,5,3,66.66666666666667,33.333333333333336,1.25675246,0.01554451
NEW_05M,ENTRY_PROBE,STALLED_REVERSAL_PROBE,SELL_STALLED,180,60,6,28,39.285714285714285,3.5714285714285716,0.10824649571428566,-0.046789229999999994
NEW_05M,ENTRY_PROBE,STALLED_REVERSAL_PROBE,SELL_STALLED,180,60,7,18,55.55555555555556,16.666666666666668,0.6488682461111112,0.491106075
NEW_05M,ENTRY_PROBE,STALLED_REVERSAL_PROBE,SELL_STALLED,180,60,8,32,50.0,9.375,0.21466753593750001,0.07016012
NEW_05M,ENTRY_PROBE,STALLED_REVERSAL_PROBE,SELL_STALLED,180,60,9,19,26.31578947368421,26.31578947368421,-0.7801773968421052,0.0
NEW_05M,ENTRY_PROBE,STALLED_REVERSAL_PROBE,SELL_STALLED,180,60,10,14,92.85714285714286,0.0,4.085876684285714,3.07549578
NEW_05M,ENTRY_PROBE,STALLED_REVERSAL_PROBE,SELL_STALLED,180,60,11,11,63.63636363636363,9.090909090909092,1.0143689563636367,0.5937899
NEW_05M,ENTRY_PROBE,STALLED_REVERSAL_PROBE,SELL_STALLED,180,60,12,11,81.81818181818181,0.0,1.875548099090909,2.34402835
NEW_05M,ENTRY_PROBE,STALLED_REVERSAL_PROBE,SELL_STALLED,180,60,13,18,11.11111111111111,11.11111111111111,-1.6104905544444441,-1.84624437
NEW_05M,ENTRY_PROBE,STALLED_REVERSAL_PROBE,SELL_STALLED,180,60,14,5,40.0,40.0,0.065434252,0.0
NEW_05M,ENTRY_PROBE,STALLED_REVERSAL_PROBE,SELL_STALLED,180,60,15,11,45.45454545454545,9.090909090909092,-0.0737938409090909,0.0
NEW_05M,ENTRY_PROBE,STALLED_REVERSAL_PROBE,SELL_STALLED,180,60,16,6,50.0,16.666666666666668,0.020865993333333322,0.007813125
NEW_05M,ENTRY_PROBE,STALLED_REVERSAL_PROBE,SELL_STALLED,180,60,17,10,40.0,10.0,-1.5410415629999998,-1.00882132
NEW_05M,ENTRY_PROBE,STALLED_REVERSAL_PROBE,SELL_STALLED,180,60,19,5,40.0,20.0,-0.412489916,0.0
NEW_05M,ENTRY_PROBE,STALLED_REVERSAL_PROBE,SELL_STALLED,180,60,20,7,42.857142857142854,28.571428571428573,-0.11372234571428567,0.0
NEW_05M,ENTRY_PROBE,STALLED_REVERSAL_PROBE,SELL_STALLED,180,60,21,9,55.55555555555556,0.0,0.09197258777777777,0.01562129
NEW_05M,ENTRY_PROBE,STALLED_REVERSAL_PROBE,SELL_STALLED,180,60,22,3,33.333333333333336,0.0,-0.22307157666666666,-0.74897835
NEW_05M,ENTRY_PROBE,STALLED_REVERSAL_PROBE,SELL_STALLED,180,60,23,6,83.33333333333333,0.0,2.2999194333333333,2.55689879
NEW_05M,ENTRY_PROBE,STALLED_REVERSAL_PROBE,SELL_STALLED,180,180,0,5,40.0,0.0,0.20662195200000005,-1.38718089
NEW_05M,ENTRY_PROBE,STALLED_REVERSAL_PROBE,SELL_STALLED,180,180,1,10,40.0,0.0,-2.150695355,-3.91384693
NEW_05M,ENTRY_PROBE,STALLED_REVERSAL_PROBE,SELL_STALLED,180,180,2,2,50.0,0.0,10.93725971,10.93725971
NEW_05M,ENTRY_PROBE,STALLED_REVERSAL_PROBE,SELL_STALLED,180,180,3,7,71.42857142857143,0.0,1.0911363285714286,1.37237105
NEW_05M,ENTRY_PROBE,STALLED_REVERSAL_PROBE,SELL_STALLED,180,180,4,31,77.41935483870968,0.0,1.884632973870967,2.43885768
NEW_05M,ENTRY_PROBE,STALLED_REVERSAL_PROBE,SELL_STALLED,180,180,5,3,33.333333333333336,0.0,0.42449068000000006,-1.84979652
NEW_05M,ENTRY_PROBE,STALLED_REVERSAL_PROBE,SELL_STALLED,180,180,6,28,28.571428571428573,0.0,-1.309354184642857,-2.237990385
NEW_05M,ENTRY_PROBE,STALLED_REVERSAL_PROBE,SELL_STALLED,180,180,7,18,61.111111111111114,0.0,0.6731431244444444,0.615647415
NEW_05M,ENTRY_PROBE,STALLED_REVERSAL_PROBE,SELL_STALLED,180,180,8,32,53.125,0.0,0.37271325843750003,0.53791224
NEW_05M,ENTRY_PROBE,STALLED_REVERSAL_PROBE,SELL_STALLED,180,180,9,19,15.789473684210526,0.0,-1.430597047368422,-1.65277916
NEW_05M,ENTRY_PROBE,STALLED_REVERSAL_PROBE,SELL_STALLED,180,180,10,14,57.142857142857146,0.0,2.6786052678571424,0.507981805
NEW_05M,ENTRY_PROBE,STALLED_REVERSAL_PROBE,SELL_STALLED,180,180,11,11,27.272727272727273,0.0,0.02154626999999999,-0.89068484
NEW_05M,ENTRY_PROBE,STALLED_REVERSAL_PROBE,SELL_STALLED,180,180,12,11,90.9090909090909,0.0,2.2466036545454546,1.93664667
NEW_05M,ENTRY_PROBE,STALLED_REVERSAL_PROBE,SELL_STALLED,180,180,13,18,5.555555555555555,5.555555555555555,-3.4652206083333343,-4.34453776
NEW_05M,ENTRY_PROBE,STALLED_REVERSAL_PROBE,SELL_STALLED,180,180,14,5,20.0,0.0,-0.39933803800000006,-0.34312808
NEW_05M,ENTRY_PROBE,STALLED_REVERSAL_PROBE,SELL_STALLED,180,180,15,10,90.0,0.0,2.328470554,2.431629895
NEW_05M,ENTRY_PROBE,STALLED_REVERSAL_PROBE,SELL_STALLED,180,180,16,6,50.0,0.0,0.06786019999999993,-0.007818055
NEW_05M,ENTRY_PROBE,STALLED_REVERSAL_PROBE,SELL_STALLED,180,180,17,10,30.0,0.0,-5.092142246,-5.575832225
NEW_05M,ENTRY_PROBE,STALLED_REVERSAL_PROBE,SELL_STALLED,180,180,19,5,40.0,0.0,-0.11212269400000015,-0.93760548
NEW_05M,ENTRY_PROBE,STALLED_REVERSAL_PROBE,SELL_STALLED,180,180,20,7,71.42857142857143,0.0,0.8612653857142857,1.34321481
NEW_05M,ENTRY_PROBE,STALLED_REVERSAL_PROBE,SELL_STALLED,180,180,21,9,88.88888888888889,0.0,1.2583732677777777,1.24944361
NEW_05M,ENTRY_PROBE,STALLED_REVERSAL_PROBE,SELL_STALLED,180,180,22,3,66.66666666666667,0.0,-0.6175211566666666,1.49795669
NEW_05M,ENTRY_PROBE,STALLED_REVERSAL_PROBE,SELL_STALLED,180,180,23,6,100.0,0.0,4.789496918333334,5.573727555
NEW_05M,ENTRY_PROBE,STALLED_REVERSAL_PROBE,SELL_STALLED,180,300,0,4,25.0,0.0,-1.3738208725,-0.9973077850000001
NEW_05M,ENTRY_PROBE,STALLED_REVERSAL_PROBE,SELL_STALLED,180,300,1,10,40.0,0.0,-2.514581579,-4.0251237
NEW_05M,ENTRY_PROBE,STALLED_REVERSAL_PROBE,SELL_STALLED,180,300,2,2,50.0,0.0,6.990330800000001,6.990330800000001
NEW_05M,ENTRY_PROBE,STALLED_REVERSAL_PROBE,SELL_STALLED,180,300,3,7,85.71428571428571,0.0,1.5213200085714287,1.23215712
NEW_05M,ENTRY_PROBE,STALLED_REVERSAL_PROBE,SELL_STALLED,180,300,4,31,90.3225806451613,0.0,3.3317837516129027,2.66434822
NEW_05M,ENTRY_PROBE,STALLED_REVERSAL_PROBE,SELL_STALLED,180,300,5,3,66.66666666666667,0.0,2.182217383333333,1.18138265
NEW_05M,ENTRY_PROBE,STALLED_REVERSAL_PROBE,SELL_STALLED,180,300,6,28,53.57142857142857,0.0,-0.24007923857142863,0.19493478
NEW_05M,ENTRY_PROBE,STALLED_REVERSAL_PROBE,SELL_STALLED,180,300,7,18,61.111111111111114,0.0,1.9466490716666671,2.230675325
NEW_05M,ENTRY_PROBE,STALLED_REVERSAL_PROBE,SELL_STALLED,180,300,8,32,53.125,0.0,0.24972221937499997,0.389880905
NEW_05M,ENTRY_PROBE,STALLED_REVERSAL_PROBE,SELL_STALLED,180,300,9,19,36.8421052631579,0.0,-0.8671256084210528,-1.12366039
NEW_05M,ENTRY_PROBE,STALLED_REVERSAL_PROBE,SELL_STALLED,180,300,10,14,71.42857142857143,0.0,4.132314532142858,1.4464358499999999
NEW_05M,ENTRY_PROBE,STALLED_REVERSAL_PROBE,SELL_STALLED,180,300,11,10,60.0,0.0,1.8496597310000003,1.75011161
NEW_05M,ENTRY_PROBE,STALLED_REVERSAL_PROBE,SELL_STALLED,180,300,12,10,100.0,0.0,4.907399009000001,4.37787168
NEW_05M,ENTRY_PROBE,STALLED_REVERSAL_PROBE,SELL_STALLED,180,300,13,17,11.764705882352942,0.0,-3.87438557882353,-3.25772256
NEW_05M,ENTRY_PROBE,STALLED_REVERSAL_PROBE,SELL_STALLED,180,300,14,5,0.0,0.0,-2.1590868399999996,-1.88720444
NEW_05M,ENTRY_PROBE,STALLED_REVERSAL_PROBE,SELL_STALLED,180,300,15,10,90.0,0.0,2.8055806780000005,3.5894372050000003
NEW_05M,ENTRY_PROBE,STALLED_REVERSAL_PROBE,SELL_STALLED,180,300,16,6,50.0,0.0,-0.8436031333333333,-0.37500656999999993
NEW_05M,ENTRY_PROBE,STALLED_REVERSAL_PROBE,SELL_STALLED,180,300,17,10,30.0,0.0,-6.093777878,-5.12205377
NEW_05M,ENTRY_PROBE,STALLED_REVERSAL_PROBE,SELL_STALLED,180,300,19,5,40.0,0.0,0.3350201720000001,-1.39091188
NEW_05M,ENTRY_PROBE,STALLED_REVERSAL_PROBE,SELL_STALLED,180,300,20,7,57.142857142857146,0.0,-0.08909372285714287,0.28109057
NEW_05M,ENTRY_PROBE,STALLED_REVERSAL_PROBE,SELL_STALLED,180,300,21,9,88.88888888888889,0.0,2.061993253333333,1.96841475
NEW_05M,ENTRY_PROBE,STALLED_REVERSAL_PROBE,SELL_STALLED,180,300,22,3,66.66666666666667,0.0,0.022197539999999922,2.21572761
NEW_05M,ENTRY_PROBE,STALLED_REVERSAL_PROBE,SELL_STALLED,180,300,23,6,100.0,0.0,5.595513921666666,5.78420398
NEW_05M,ENTRY_PROBE,STALLED_REVERSAL_PROBE,SELL_STALLED,180,600,0,3,33.333333333333336,0.0,-3.181939423333333,-1.2782521
NEW_05M,ENTRY_PROBE,STALLED_REVERSAL_PROBE,SELL_STALLED,180,600,1,10,30.0,0.0,-4.149133567000001,-3.3978577850000002
NEW_05M,ENTRY_PROBE,STALLED_REVERSAL_PROBE,SELL_STALLED,180,600,2,2,100.0,0.0,6.84316265,6.84316265
NEW_05M,ENTRY_PROBE,STALLED_REVERSAL_PROBE,SELL_STALLED,180,600,3,4,100.0,0.0,3.9738510975,3.853358905
NEW_05M,ENTRY_PROBE,STALLED_REVERSAL_PROBE,SELL_STALLED,180,600,4,31,48.38709677419355,0.0,0.7943016335483873,-0.23373697
NEW_05M,ENTRY_PROBE,STALLED_REVERSAL_PROBE,SELL_STALLED,180,600,5,1,0.0,0.0,-1.29311688,-1.29311688
NEW_05M,ENTRY_PROBE,STALLED_REVERSAL_PROBE,SELL_STALLED,180,600,6,28,35.714285714285715,0.0,-0.08117273642857122,-1.457852735
NEW_05M,ENTRY_PROBE,STALLED_REVERSAL_PROBE,SELL_STALLED,180,600,7,18,77.77777777777777,0.0,2.185162649444445,1.5126590800000002
NEW_05M,ENTRY_PROBE,STALLED_REVERSAL_PROBE,SELL_STALLED,180,600,8,32,53.125,0.0,-0.23452989812499997,0.5669694599999999
NEW_05M,ENTRY_PROBE,STALLED_REVERSAL_PROBE,SELL_STALLED,180,600,9,19,31.57894736842105,0.0,-1.332348311578947,-1.40330306
NEW_05M,ENTRY_PROBE,STALLED_REVERSAL_PROBE,SELL_STALLED,180,600,10,14,85.71428571428571,7.142857142857143,7.882114697142858,10.03287274
NEW_05M,ENTRY_PROBE,STALLED_REVERSAL_PROBE,SELL_STALLED,180,600,11,9,77.77777777777777,0.0,5.068079764444445,1.27488914
NEW_05M,ENTRY_PROBE,STALLED_REVERSAL_PROBE,SELL_STALLED,180,600,12,10,100.0,0.0,11.242097833,11.065603345
NEW_05M,ENTRY_PROBE,STALLED_REVERSAL_PROBE,SELL_STALLED,180,600,13,11,27.272727272727273,0.0,-4.193557171818182,-2.79265547
NEW_05M,ENTRY_PROBE,STALLED_REVERSAL_PROBE,SELL_STALLED,180,600,14,5,0.0,0.0,-10.355968447999999,-13.73939135
NEW_05M,ENTRY_PROBE,STALLED_REVERSAL_PROBE,SELL_STALLED,180,600,15,10,90.0,0.0,4.1021433,5.152563205
NEW_05M,ENTRY_PROBE,STALLED_REVERSAL_PROBE,SELL_STALLED,180,600,16,6,66.66666666666667,0.0,-3.14319878,0.25006165999999996
NEW_05M,ENTRY_PROBE,STALLED_REVERSAL_PROBE,SELL_STALLED,180,600,17,10,60.0,0.0,-3.0165072099999994,1.196467325
NEW_05M,ENTRY_PROBE,STALLED_REVERSAL_PROBE,SELL_STALLED,180,600,19,5,80.0,0.0,2.28539709,1.53156589
NEW_05M,ENTRY_PROBE,STALLED_REVERSAL_PROBE,SELL_STALLED,180,600,20,7,71.42857142857143,0.0,1.0577159185714284,1.62429445
NEW_05M,ENTRY_PROBE,STALLED_REVERSAL_PROBE,SELL_STALLED,180,600,21,9,77.77777777777777,0.0,4.639789921111111,7.37374416
NEW_05M,ENTRY_PROBE,STALLED_REVERSAL_PROBE,SELL_STALLED,180,600,22,3,66.66666666666667,0.0,1.5762016766666669,1.99727559
NEW_05M,ENTRY_PROBE,STALLED_REVERSAL_PROBE,SELL_STALLED,180,600,23,6,100.0,0.0,4.215689758333333,4.47457289
NEW_05M,ENTRY_PROBE,STALLED_REVERSAL_PROBE,SELL_STALLED,300,60,0,6,66.66666666666667,0.0,0.6546822166666666,1.18451461
NEW_05M,ENTRY_PROBE,STALLED_REVERSAL_PROBE,SELL_STALLED,300,60,1,4,75.0,25.0,1.1340274375,1.169215435
NEW_05M,ENTRY_PROBE,STALLED_REVERSAL_PROBE,SELL_STALLED,300,60,2,1,0.0,0.0,-0.80965356,-0.80965356
NEW_05M,ENTRY_PROBE,STALLED_REVERSAL_PROBE,SELL_STALLED,300,60,3,6,66.66666666666667,16.666666666666668,0.5632900049999999,0.5904940750000001
NEW_05M,ENTRY_PROBE,STALLED_REVERSAL_PROBE,SELL_STALLED,300,60,4,19,78.94736842105263,5.2631578947368425,0.882000497368421,0.62144997
NEW_05M,ENTRY_PROBE,STALLED_REVERSAL_PROBE,SELL_STALLED,300,60,5,3,66.66666666666667,0.0,4.020411226666666,6.5897191
NEW_05M,ENTRY_PROBE,STALLED_REVERSAL_PROBE,SELL_STALLED,300,60,6,29,37.93103448275862,0.0,-0.5444013475862068,-0.4524061
NEW_05M,ENTRY_PROBE,STALLED_REVERSAL_PROBE,SELL_STALLED,300,60,7,8,37.5,25.0,0.24163668749999997,0.0
NEW_05M,ENTRY_PROBE,STALLED_REVERSAL_PROBE,SELL_STALLED,300,60,8,28,32.142857142857146,7.142857142857143,-0.48906766607142854,-0.09355892
NEW_05M,ENTRY_PROBE,STALLED_REVERSAL_PROBE,SELL_STALLED,300,60,9,6,16.666666666666668,16.666666666666668,-0.5435461816666667,-0.39018848
NEW_05M,ENTRY_PROBE,STALLED_REVERSAL_PROBE,SELL_STALLED,300,60,10,11,27.272727272727273,0.0,-0.5308531254545453,-0.82990995
NEW_05M,ENTRY_PROBE,STALLED_REVERSAL_PROBE,SELL_STALLED,300,60,11,3,33.333333333333336,0.0,0.05354725999999991,-1.68722319
NEW_05M,ENTRY_PROBE,STALLED_REVERSAL_PROBE,SELL_STALLED,300,60,12,3,33.333333333333336,0.0,-0.35333053666666664,-0.20299179
NEW_05M,ENTRY_PROBE,STALLED_REVERSAL_PROBE,SELL_STALLED,300,60,13,7,0.0,0.0,-1.5169246785714283,-1.40735188
NEW_05M,ENTRY_PROBE,STALLED_REVERSAL_PROBE,SELL_STALLED,300,60,15,9,66.66666666666667,0.0,0.6760835322222222,0.70359113
NEW_05M,ENTRY_PROBE,STALLED_REVERSAL_PROBE,SELL_STALLED,300,60,16,2,100.0,0.0,0.6016627999999999,0.6016627999999999
NEW_05M,ENTRY_PROBE,STALLED_REVERSAL_PROBE,SELL_STALLED,300,60,17,1,0.0,0.0,-4.50499068,-4.50499068
NEW_05M,ENTRY_PROBE,STALLED_REVERSAL_PROBE,SELL_STALLED,300,60,19,2,50.0,0.0,-0.30468284,-0.30468284
NEW_05M,ENTRY_PROBE,STALLED_REVERSAL_PROBE,SELL_STALLED,300,60,20,2,100.0,0.0,1.23369309,1.23369309
NEW_05M,ENTRY_PROBE,STALLED_REVERSAL_PROBE,SELL_STALLED,300,60,21,10,90.0,0.0,0.6481522130000001,0.65591948
NEW_05M,ENTRY_PROBE,STALLED_REVERSAL_PROBE,SELL_STALLED,300,60,22,2,50.0,0.0,-2.080943045,-2.080943045
NEW_05M,ENTRY_PROBE,STALLED_REVERSAL_PROBE,SELL_STALLED,300,60,23,1,100.0,0.0,1.02932002,1.02932002
NEW_05M,ENTRY_PROBE,STALLED_REVERSAL_PROBE,SELL_STALLED,300,180,0,5,40.0,20.0,0.639130612,0.0
NEW_05M,ENTRY_PROBE,STALLED_REVERSAL_PROBE,SELL_STALLED,300,180,1,4,100.0,0.0,1.2745083225,0.84976852
NEW_05M,ENTRY_PROBE,STALLED_REVERSAL_PROBE,SELL_STALLED,300,180,2,1,100.0,0.0,6.02569093,6.02569093
NEW_05M,ENTRY_PROBE,STALLED_REVERSAL_PROBE,SELL_STALLED,300,180,3,6,50.0,0.0,0.6400840883333333,-0.41321184499999997
NEW_05M,ENTRY_PROBE,STALLED_REVERSAL_PROBE,SELL_STALLED,300,180,4,17,76.47058823529412,0.0,3.223053502941177,2.87413912
NEW_05M,ENTRY_PROBE,STALLED_REVERSAL_PROBE,SELL_STALLED,300,180,5,3,66.66666666666667,0.0,2.51523488,4.29967488
NEW_05M,ENTRY_PROBE,STALLED_REVERSAL_PROBE,SELL_STALLED,300,180,6,29,44.827586206896555,3.4482758620689653,-0.4946061834482761,-0.04678348
NEW_05M,ENTRY_PROBE,STALLED_REVERSAL_PROBE,SELL_STALLED,300,180,7,8,62.5,12.5,0.2654075912499999,0.59258721
NEW_05M,ENTRY_PROBE,STALLED_REVERSAL_PROBE,SELL_STALLED,300,180,8,28,28.571428571428573,3.5714285714285716,0.36957517785714283,-0.31189132
NEW_05M,ENTRY_PROBE,STALLED_REVERSAL_PROBE,SELL_STALLED,300,180,9,6,0.0,0.0,-1.6601763283333335,-0.89308765
NEW_05M,ENTRY_PROBE,STALLED_REVERSAL_PROBE,SELL_STALLED,300,180,10,11,36.36363636363637,0.0,-1.1569559345454543,-2.12320432
NEW_05M,ENTRY_PROBE,STALLED_REVERSAL_PROBE,SELL_STALLED,300,180,11,3,33.333333333333336,0.0,-0.9489702533333332,-3.43693613
NEW_05M,ENTRY_PROBE,STALLED_REVERSAL_PROBE,SELL_STALLED,300,180,12,3,66.66666666666667,0.0,0.6024226266666666,1.83811703
NEW_05M,ENTRY_PROBE,STALLED_REVERSAL_PROBE,SELL_STALLED,300,180,13,7,14.285714285714286,0.0,-3.241157341428572,-4.16082188
NEW_05M,ENTRY_PROBE,STALLED_REVERSAL_PROBE,SELL_STALLED,300,180,15,7,71.42857142857143,0.0,2.2183195357142855,3.04861843
NEW_05M,ENTRY_PROBE,STALLED_REVERSAL_PROBE,SELL_STALLED,300,180,16,2,100.0,0.0,0.39069793999999997,0.39069793999999997
NEW_05M,ENTRY_PROBE,STALLED_REVERSAL_PROBE,SELL_STALLED,300,180,17,1,0.0,0.0,-0.40670055,-0.40670055
NEW_05M,ENTRY_PROBE,STALLED_REVERSAL_PROBE,SELL_STALLED,300,180,19,2,50.0,0.0,-1.085847315,-1.085847315
NEW_05M,ENTRY_PROBE,STALLED_REVERSAL_PROBE,SELL_STALLED,300,180,20,2,0.0,0.0,-1.795778315,-1.795778315
NEW_05M,ENTRY_PROBE,STALLED_REVERSAL_PROBE,SELL_STALLED,300,180,21,10,90.0,0.0,0.8465728130000001,0.65591999
NEW_05M,ENTRY_PROBE,STALLED_REVERSAL_PROBE,SELL_STALLED,300,180,22,2,50.0,0.0,-3.08615066,-3.08615066
NEW_05M,ENTRY_PROBE,STALLED_REVERSAL_PROBE,SELL_STALLED,300,180,23,1,0.0,0.0,-0.2963194,-0.2963194
NEW_05M,ENTRY_PROBE,STALLED_REVERSAL_PROBE,SELL_STALLED,300,300,0,5,100.0,0.0,1.848699586,1.54328686
NEW_05M,ENTRY_PROBE,STALLED_REVERSAL_PROBE,SELL_STALLED,300,300,1,4,100.0,0.0,1.79735105,2.05057885
NEW_05M,ENTRY_PROBE,STALLED_REVERSAL_PROBE,SELL_STALLED,300,300,2,1,100.0,0.0,25.36395485,25.36395485
NEW_05M,ENTRY_PROBE,STALLED_REVERSAL_PROBE,SELL_STALLED,300,300,3,4,50.0,0.0,-0.150132755,-0.04399446500000015
NEW_05M,ENTRY_PROBE,STALLED_REVERSAL_PROBE,SELL_STALLED,300,300,4,17,82.3529411764706,0.0,3.1819752370588237,4.21022541
NEW_05M,ENTRY_PROBE,STALLED_REVERSAL_PROBE,SELL_STALLED,300,300,5,3,100.0,0.0,1.1932987266666668,1.44563705
NEW_05M,ENTRY_PROBE,STALLED_REVERSAL_PROBE,SELL_STALLED,300,300,6,29,48.275862068965516,3.4482758620689653,0.33157110482758634,0.0
NEW_05M,ENTRY_PROBE,STALLED_REVERSAL_PROBE,SELL_STALLED,300,300,7,8,62.5,0.0,0.7230136887500002,0.990486115
NEW_05M,ENTRY_PROBE,STALLED_REVERSAL_PROBE,SELL_STALLED,300,300,8,28,42.857142857142854,3.5714285714285716,0.88864768,-0.674617215
NEW_05M,ENTRY_PROBE,STALLED_REVERSAL_PROBE,SELL_STALLED,300,300,9,6,0.0,0.0,-2.5006472400000006,-1.27056707
NEW_05M,ENTRY_PROBE,STALLED_REVERSAL_PROBE,SELL_STALLED,300,300,10,11,36.36363636363637,0.0,0.21697600636363648,-0.63066056
NEW_05M,ENTRY_PROBE,STALLED_REVERSAL_PROBE,SELL_STALLED,300,300,11,3,66.66666666666667,0.0,0.9237109966666668,2.10902899
NEW_05M,ENTRY_PROBE,STALLED_REVERSAL_PROBE,SELL_STALLED,300,300,12,3,100.0,0.0,4.186820446666666,2.43590144
NEW_05M,ENTRY_PROBE,STALLED_REVERSAL_PROBE,SELL_STALLED,300,300,13,7,14.285714285714286,0.0,-4.0579585514285705,-5.39989017
NEW_05M,ENTRY_PROBE,STALLED_REVERSAL_PROBE,SELL_STALLED,300,300,15,7,71.42857142857143,0.0,1.9681575785714287,3.43946695
NEW_05M,ENTRY_PROBE,STALLED_REVERSAL_PROBE,SELL_STALLED,300,300,16,2,50.0,0.0,1.17994074,1.17994074
NEW_05M,ENTRY_PROBE,STALLED_REVERSAL_PROBE,SELL_STALLED,300,300,17,1,100.0,0.0,3.47259699,3.47259699
NEW_05M,ENTRY_PROBE,STALLED_REVERSAL_PROBE,SELL_STALLED,300,300,19,2,50.0,0.0,-0.4918995449999999,-0.4918995449999999
NEW_05M,ENTRY_PROBE,STALLED_REVERSAL_PROBE,SELL_STALLED,300,300,20,2,50.0,0.0,0.07050936500000016,0.07050936500000016
NEW_05M,ENTRY_PROBE,STALLED_REVERSAL_PROBE,SELL_STALLED,300,300,21,10,70.0,0.0,0.33902595800000007,0.20302285
NEW_05M,ENTRY_PROBE,STALLED_REVERSAL_PROBE,SELL_STALLED,300,300,22,2,50.0,0.0,-3.569816785,-3.569816785
NEW_05M,ENTRY_PROBE,STALLED_REVERSAL_PROBE,SELL_STALLED,300,300,23,1,100.0,0.0,4.24204616,4.24204616
NEW_05M,ENTRY_PROBE,STALLED_REVERSAL_PROBE,SELL_STALLED,300,600,0,5,80.0,0.0,0.897857368,1.30924938
NEW_05M,ENTRY_PROBE,STALLED_REVERSAL_PROBE,SELL_STALLED,300,600,1,4,50.0,0.0,2.8672152375,2.871071915
NEW_05M,ENTRY_PROBE,STALLED_REVERSAL_PROBE,SELL_STALLED,300,600,2,1,100.0,0.0,18.27948618,18.27948618
NEW_05M,ENTRY_PROBE,STALLED_REVERSAL_PROBE,SELL_STALLED,300,600,3,2,100.0,0.0,0.839027595,0.839027595
NEW_05M,ENTRY_PROBE,STALLED_REVERSAL_PROBE,SELL_STALLED,300,600,4,17,5.882352941176471,0.0,-2.1970659899999996,-2.67960772
NEW_05M,ENTRY_PROBE,STALLED_REVERSAL_PROBE,SELL_STALLED,300,600,5,2,0.0,0.0,-3.2091802449999998,-3.2091802449999998
NEW_05M,ENTRY_PROBE,STALLED_REVERSAL_PROBE,SELL_STALLED,300,600,6,29,44.827586206896555,0.0,0.6356658072413792,-0.14034781
NEW_05M,ENTRY_PROBE,STALLED_REVERSAL_PROBE,SELL_STALLED,300,600,7,8,50.0,0.0,-0.33820905125,-0.919846755
NEW_05M,ENTRY_PROBE,STALLED_REVERSAL_PROBE,SELL_STALLED,300,600,8,28,64.28571428571429,0.0,1.2276807375,2.18323927
NEW_05M,ENTRY_PROBE,STALLED_REVERSAL_PROBE,SELL_STALLED,300,600,9,6,33.333333333333336,0.0,-0.8980148733333335,-3.43365859
NEW_05M,ENTRY_PROBE,STALLED_REVERSAL_PROBE,SELL_STALLED,300,600,10,11,54.54545454545455,9.090909090909092,2.014281467272728,0.4762373
NEW_05M,ENTRY_PROBE,STALLED_REVERSAL_PROBE,SELL_STALLED,300,600,11,3,100.0,0.0,2.917457206666666,0.67176479
NEW_05M,ENTRY_PROBE,STALLED_REVERSAL_PROBE,SELL_STALLED,300,600,12,3,100.0,0.0,11.510535676666665,11.27107392
NEW_05M,ENTRY_PROBE,STALLED_REVERSAL_PROBE,SELL_STALLED,300,600,13,2,100.0,0.0,7.896400225000001,7.896400225000001
NEW_05M,ENTRY_PROBE,STALLED_REVERSAL_PROBE,SELL_STALLED,300,600,15,7,100.0,0.0,3.8824429,4.7683519
NEW_05M,ENTRY_PROBE,STALLED_REVERSAL_PROBE,SELL_STALLED,300,600,16,2,50.0,0.0,-0.78911092,-0.78911092
NEW_05M,ENTRY_PROBE,STALLED_REVERSAL_PROBE,SELL_STALLED,300,600,17,1,100.0,0.0,4.28599808,4.28599808
NEW_05M,ENTRY_PROBE,STALLED_REVERSAL_PROBE,SELL_STALLED,300,600,19,2,100.0,0.0,2.7195609099999998,2.7195609099999998
NEW_05M,ENTRY_PROBE,STALLED_REVERSAL_PROBE,SELL_STALLED,300,600,20,2,50.0,0.0,-0.35118092499999987,-0.35118092499999987
NEW_05M,ENTRY_PROBE,STALLED_REVERSAL_PROBE,SELL_STALLED,300,600,21,10,20.0,0.0,0.2375415079999999,-0.37481113
NEW_05M,ENTRY_PROBE,STALLED_REVERSAL_PROBE,SELL_STALLED,300,600,22,2,50.0,0.0,0.4839258900000001,0.4839258900000001
NEW_05M,ENTRY_PROBE,STALLED_REVERSAL_PROBE,SELL_STALLED,300,600,23,1,100.0,0.0,4.69432314,4.69432314
NEW_05M,ENTRY_PROBE,STALLED_REVERSAL_PROBE,SELL_STALLED,900,60,0,2,50.0,0.0,0.16361612000000003,0.16361612000000003
NEW_05M,ENTRY_PROBE,STALLED_REVERSAL_PROBE,SELL_STALLED,900,60,6,20,35.0,0.0,-0.6087044005000001,-0.79535453
NEW_05M,ENTRY_PROBE,STALLED_REVERSAL_PROBE,SELL_STALLED,900,60,7,9,55.55555555555556,11.11111111111111,0.00043159555555553436,0.3431618
NEW_05M,ENTRY_PROBE,STALLED_REVERSAL_PROBE,SELL_STALLED,900,60,8,8,50.0,0.0,-0.6607768699999998,-0.031135515000000002
NEW_05M,ENTRY_PROBE,STALLED_REVERSAL_PROBE,SELL_STALLED,900,60,10,1,0.0,0.0,-0.74914784,-0.74914784
NEW_05M,ENTRY_PROBE,STALLED_REVERSAL_PROBE,SELL_STALLED,900,60,12,1,100.0,0.0,0.88991029,0.88991029
NEW_05M,ENTRY_PROBE,STALLED_REVERSAL_PROBE,SELL_STALLED,900,60,13,1,100.0,0.0,0.76489238,0.76489238
NEW_05M,ENTRY_PROBE,STALLED_REVERSAL_PROBE,SELL_STALLED,900,60,15,1,100.0,0.0,1.26602855,1.26602855
NEW_05M,ENTRY_PROBE,STALLED_REVERSAL_PROBE,SELL_STALLED,900,60,17,1,0.0,100.0,0.0,0.0
NEW_05M,ENTRY_PROBE,STALLED_REVERSAL_PROBE,SELL_STALLED,900,60,20,1,100.0,0.0,0.29668216,0.29668216
NEW_05M,ENTRY_PROBE,STALLED_REVERSAL_PROBE,SELL_STALLED,900,60,21,1,0.0,0.0,-0.32794565,-0.32794565
NEW_05M,ENTRY_PROBE,STALLED_REVERSAL_PROBE,SELL_STALLED,900,60,23,1,100.0,0.0,0.03117839,0.03117839
NEW_05M,ENTRY_PROBE,STALLED_REVERSAL_PROBE,SELL_STALLED,900,180,0,1,0.0,100.0,0.0,0.0
NEW_05M,ENTRY_PROBE,STALLED_REVERSAL_PROBE,SELL_STALLED,900,180,6,20,25.0,0.0,-2.4428514440000004,-2.3077483799999996
NEW_05M,ENTRY_PROBE,STALLED_REVERSAL_PROBE,SELL_STALLED,900,180,7,9,66.66666666666667,0.0,0.25341189000000003,0.29636701
NEW_05M,ENTRY_PROBE,STALLED_REVERSAL_PROBE,SELL_STALLED,900,180,8,8,50.0,0.0,0.03901347125000008,-0.039084674999999985
NEW_05M,ENTRY_PROBE,STALLED_REVERSAL_PROBE,SELL_STALLED,900,180,10,1,0.0,0.0,-8.25623353,-8.25623353
NEW_05M,ENTRY_PROBE,STALLED_REVERSAL_PROBE,SELL_STALLED,900,180,12,1,100.0,0.0,0.73378568,0.73378568
NEW_05M,ENTRY_PROBE,STALLED_REVERSAL_PROBE,SELL_STALLED,900,180,13,1,100.0,0.0,1.24880388,1.24880388
NEW_05M,ENTRY_PROBE,STALLED_REVERSAL_PROBE,SELL_STALLED,900,180,15,1,100.0,0.0,0.18755978,0.18755978
NEW_05M,ENTRY_PROBE,STALLED_REVERSAL_PROBE,SELL_STALLED,900,180,17,1,0.0,0.0,-0.48474462,-0.48474462
NEW_05M,ENTRY_PROBE,STALLED_REVERSAL_PROBE,SELL_STALLED,900,180,20,1,0.0,0.0,-0.53090491,-0.53090491
NEW_05M,ENTRY_PROBE,STALLED_REVERSAL_PROBE,SELL_STALLED,900,180,21,1,0.0,0.0,-2.04575623,-2.04575623
NEW_05M,ENTRY_PROBE,STALLED_REVERSAL_PROBE,SELL_STALLED,900,180,23,1,0.0,0.0,-3.75699565,-3.75699565
NEW_05M,ENTRY_PROBE,STALLED_REVERSAL_PROBE,SELL_STALLED,900,300,0,1,0.0,0.0,-0.60755802,-0.60755802
NEW_05M,ENTRY_PROBE,STALLED_REVERSAL_PROBE,SELL_STALLED,900,300,6,20,50.0,0.0,-0.5911757815,-0.07792224
NEW_05M,ENTRY_PROBE,STALLED_REVERSAL_PROBE,SELL_STALLED,900,300,7,9,66.66666666666667,11.11111111111111,1.8149745988888892,2.44883189
NEW_05M,ENTRY_PROBE,STALLED_REVERSAL_PROBE,SELL_STALLED,900,300,8,8,62.5,0.0,0.23981944,0.405372895
NEW_05M,ENTRY_PROBE,STALLED_REVERSAL_PROBE,SELL_STALLED,900,300,10,1,0.0,0.0,-10.50367707,-10.50367707
NEW_05M,ENTRY_PROBE,STALLED_REVERSAL_PROBE,SELL_STALLED,900,300,12,1,100.0,0.0,2.79463056,2.79463056
NEW_05M,ENTRY_PROBE,STALLED_REVERSAL_PROBE,SELL_STALLED,900,300,13,1,100.0,0.0,3.34055038,3.34055038
NEW_05M,ENTRY_PROBE,STALLED_REVERSAL_PROBE,SELL_STALLED,900,300,15,1,0.0,0.0,-3.81371562,-3.81371562
NEW_05M,ENTRY_PROBE,STALLED_REVERSAL_PROBE,SELL_STALLED,900,300,17,1,100.0,0.0,0.82875693,0.82875693
NEW_05M,ENTRY_PROBE,STALLED_REVERSAL_PROBE,SELL_STALLED,900,300,20,1,0.0,0.0,-0.54651976,-0.54651976
NEW_05M,ENTRY_PROBE,STALLED_REVERSAL_PROBE,SELL_STALLED,900,300,21,1,100.0,0.0,1.31178262,1.31178262
NEW_05M,ENTRY_PROBE,STALLED_REVERSAL_PROBE,SELL_STALLED,900,300,23,1,0.0,0.0,-0.59238936,-0.59238936
NEW_05M,ENTRY_PROBE,STALLED_REVERSAL_PROBE,SELL_STALLED,900,600,0,1,0.0,0.0,-2.43023209,-2.43023209
NEW_05M,ENTRY_PROBE,STALLED_REVERSAL_PROBE,SELL_STALLED,900,600,6,20,40.0,0.0,-1.304645351,-1.9650004499999998
NEW_05M,ENTRY_PROBE,STALLED_REVERSAL_PROBE,SELL_STALLED,900,600,7,9,88.88888888888889,0.0,2.8982776466666667,2.94798445
NEW_05M,ENTRY_PROBE,STALLED_REVERSAL_PROBE,SELL_STALLED,900,600,8,8,75.0,0.0,0.8813365337500001,1.9570738150000002
NEW_05M,ENTRY_PROBE,STALLED_REVERSAL_PROBE,SELL_STALLED,900,600,10,1,0.0,0.0,-13.74998439,-13.74998439
NEW_05M,ENTRY_PROBE,STALLED_REVERSAL_PROBE,SELL_STALLED,900,600,12,1,100.0,0.0,6.01079758,6.01079758
NEW_05M,ENTRY_PROBE,STALLED_REVERSAL_PROBE,SELL_STALLED,900,600,13,1,100.0,0.0,5.54156722,5.54156722
NEW_05M,ENTRY_PROBE,STALLED_REVERSAL_PROBE,SELL_STALLED,900,600,15,1,0.0,0.0,-6.40829264,-6.40829264
NEW_05M,ENTRY_PROBE,STALLED_REVERSAL_PROBE,SELL_STALLED,900,600,17,1,100.0,0.0,0.25019077,0.25019077
NEW_05M,ENTRY_PROBE,STALLED_REVERSAL_PROBE,SELL_STALLED,900,600,20,1,0.0,0.0,-1.98308599,-1.98308599
NEW_05M,ENTRY_PROBE,STALLED_REVERSAL_PROBE,SELL_STALLED,900,600,21,1,100.0,0.0,4.84110252,4.84110252
NEW_05M,ENTRY_PROBE,STALLED_REVERSAL_PROBE,SELL_STALLED,900,600,23,1,0.0,0.0,-2.65016291,-2.65016291
NEW_05M,ENTRY_PROBE,STALLED_REVERSAL_PROBE,SELL_STALLED,1800,60,4,2,0.0,0.0,-1.50387694,-1.50387694
NEW_05M,ENTRY_PROBE,STALLED_REVERSAL_PROBE,SELL_STALLED,1800,60,6,27,29.62962962962963,3.7037037037037037,-0.2753567074074075,-0.14029203
NEW_05M,ENTRY_PROBE,STALLED_REVERSAL_PROBE,SELL_STALLED,1800,60,7,4,50.0,0.0,0.21842743000000014,-0.015561095000000025
NEW_05M,ENTRY_PROBE,STALLED_REVERSAL_PROBE,SELL_STALLED,1800,60,8,8,37.5,0.0,-0.49703367500000006,-0.015593045
NEW_05M,ENTRY_PROBE,STALLED_REVERSAL_PROBE,SELL_STALLED,1800,60,10,1,0.0,0.0,-1.96467637,-1.96467637
NEW_05M,ENTRY_PROBE,STALLED_REVERSAL_PROBE,SELL_STALLED,1800,180,4,2,100.0,0.0,4.472645314999999,4.472645314999999
NEW_05M,ENTRY_PROBE,STALLED_REVERSAL_PROBE,SELL_STALLED,1800,180,6,27,18.51851851851852,0.0,-1.668321760740741,-2.37035189
NEW_05M,ENTRY_PROBE,STALLED_REVERSAL_PROBE,SELL_STALLED,1800,180,7,4,25.0,0.0,-2.3034787850000003,-2.728449155
NEW_05M,ENTRY_PROBE,STALLED_REVERSAL_PROBE,SELL_STALLED,1800,180,8,8,12.5,0.0,-1.3955675812500001,-1.26314411
NEW_05M,ENTRY_PROBE,STALLED_REVERSAL_PROBE,SELL_STALLED,1800,180,10,1,0.0,0.0,-5.84725109,-5.84725109
NEW_05M,ENTRY_PROBE,STALLED_REVERSAL_PROBE,SELL_STALLED,1800,300,4,2,100.0,0.0,12.763463734999998,12.763463734999998
NEW_05M,ENTRY_PROBE,STALLED_REVERSAL_PROBE,SELL_STALLED,1800,300,6,27,51.851851851851855,0.0,-0.6591836066666668,0.10913082
NEW_05M,ENTRY_PROBE,STALLED_REVERSAL_PROBE,SELL_STALLED,1800,300,7,4,0.0,0.0,-1.82416347,-1.7073663049999999
NEW_05M,ENTRY_PROBE,STALLED_REVERSAL_PROBE,SELL_STALLED,1800,300,8,8,62.5,0.0,0.12102178750000003,0.45219305
NEW_05M,ENTRY_PROBE,STALLED_REVERSAL_PROBE,SELL_STALLED,1800,300,10,1,0.0,0.0,-10.46268128,-10.46268128
NEW_05M,ENTRY_PROBE,STALLED_REVERSAL_PROBE,SELL_STALLED,1800,600,4,2,100.0,0.0,1.067512885,1.067512885
NEW_05M,ENTRY_PROBE,STALLED_REVERSAL_PROBE,SELL_STALLED,1800,600,6,27,14.814814814814815,0.0,-2.601221981481481,-2.40157069
NEW_05M,ENTRY_PROBE,STALLED_REVERSAL_PROBE,SELL_STALLED,1800,600,7,4,50.0,0.0,-0.4130644625,-0.600213215
NEW_05M,ENTRY_PROBE,STALLED_REVERSAL_PROBE,SELL_STALLED,1800,600,8,8,50.0,0.0,-0.420840765,-0.10131812500000004
NEW_05M,ENTRY_PROBE,STALLED_REVERSAL_PROBE,SELL_STALLED,1800,600,10,1,0.0,0.0,-19.8338757,-19.8338757
OLD_1M,ANALYSIS,EFFECTIVE_CONTINUATION,BUY_EFFECTIVE,30,60,0,112,47.32142857142857,0.0,-0.7381278859821426,-0.29247820999999996
OLD_1M,ANALYSIS,EFFECTIVE_CONTINUATION,BUY_EFFECTIVE,30,60,1,77,57.142857142857146,0.0,0.5795377876623381,0.93255941
OLD_1M,ANALYSIS,EFFECTIVE_CONTINUATION,BUY_EFFECTIVE,30,60,2,69,31.884057971014492,0.0,-1.472886176521739,-1.7765225
OLD_1M,ANALYSIS,EFFECTIVE_CONTINUATION,BUY_EFFECTIVE,30,60,3,92,40.21739130434783,0.0,-0.5700987532608696,-1.244776565
OLD_1M,ANALYSIS,EFFECTIVE_CONTINUATION,BUY_EFFECTIVE,30,60,4,69,50.72463768115942,1.4492753623188406,-0.13674024869565218,0.10532984
OLD_1M,ANALYSIS,EFFECTIVE_CONTINUATION,BUY_EFFECTIVE,30,60,5,32,43.75,0.0,-0.049790936250000015,-0.64977806
OLD_1M,ANALYSIS,EFFECTIVE_CONTINUATION,BUY_EFFECTIVE,30,60,6,30,60.0,3.3333333333333335,0.6227644096666666,0.50763566
OLD_1M,ANALYSIS,EFFECTIVE_CONTINUATION,BUY_EFFECTIVE,30,60,7,55,49.09090909090909,1.8181818181818181,-0.18518406472727283,0.0
OLD_1M,ANALYSIS,EFFECTIVE_CONTINUATION,BUY_EFFECTIVE,30,60,8,72,54.166666666666664,0.0,-0.03989168819444451,0.30105835999999997
OLD_1M,ANALYSIS,EFFECTIVE_CONTINUATION,BUY_EFFECTIVE,30,60,9,68,50.0,0.0,0.4235813202941175,0.08250972499999999
OLD_1M,ANALYSIS,EFFECTIVE_CONTINUATION,BUY_EFFECTIVE,30,60,10,84,52.38095238095238,0.0,0.4664068211904763,0.09037543
OLD_1M,ANALYSIS,EFFECTIVE_CONTINUATION,BUY_EFFECTIVE,30,60,11,53,52.83018867924528,1.8867924528301887,0.1337810688679246,0.24346709
OLD_1M,ANALYSIS,EFFECTIVE_CONTINUATION,BUY_EFFECTIVE,30,60,12,1,100.0,0.0,0.9123602,0.9123602
OLD_1M,ANALYSIS,EFFECTIVE_CONTINUATION,BUY_EFFECTIVE,30,60,13,21,42.857142857142854,0.0,-0.2633809871428571,-0.15073271
OLD_1M,ANALYSIS,EFFECTIVE_CONTINUATION,BUY_EFFECTIVE,30,60,14,31,54.83870967741935,3.225806451612903,-0.9510428254838712,0.50026378
OLD_1M,ANALYSIS,EFFECTIVE_CONTINUATION,BUY_EFFECTIVE,30,60,15,36,38.888888888888886,0.0,-1.1270187419444446,-1.4425434899999998
OLD_1M,ANALYSIS,EFFECTIVE_CONTINUATION,BUY_EFFECTIVE,30,60,16,30,33.333333333333336,6.666666666666667,-1.2538500386666664,-0.6073283700000001
OLD_1M,ANALYSIS,EFFECTIVE_CONTINUATION,BUY_EFFECTIVE,30,60,17,28,71.42857142857143,0.0,2.0217499592857147,0.924305785
OLD_1M,ANALYSIS,EFFECTIVE_CONTINUATION,BUY_EFFECTIVE,30,60,18,36,69.44444444444444,0.0,1.6891570427777773,1.08533945
OLD_1M,ANALYSIS,EFFECTIVE_CONTINUATION,BUY_EFFECTIVE,30,60,19,42,28.571428571428573,4.761904761904762,-1.26719360547619,-0.997894495
OLD_1M,ANALYSIS,EFFECTIVE_CONTINUATION,BUY_EFFECTIVE,30,60,20,39,53.84615384615385,0.0,-0.41385650743589747,0.12118384
OLD_1M,ANALYSIS,EFFECTIVE_CONTINUATION,BUY_EFFECTIVE,30,60,21,60,46.666666666666664,3.3333333333333335,0.10354768233333342,-0.098784345
OLD_1M,ANALYSIS,EFFECTIVE_CONTINUATION,BUY_EFFECTIVE,30,60,22,82,58.53658536585366,0.0,1.1647285873170732,1.8338918949999998
OLD_1M,ANALYSIS,EFFECTIVE_CONTINUATION,BUY_EFFECTIVE,30,60,23,108,52.77777777777778,0.9259259259259259,1.2003310131481482,1.0715042700000001
OLD_1M,ANALYSIS,EFFECTIVE_CONTINUATION,BUY_EFFECTIVE,30,180,0,110,49.09090909090909,0.0,-0.5341104329090911,-0.27676552
OLD_1M,ANALYSIS,EFFECTIVE_CONTINUATION,BUY_EFFECTIVE,30,180,1,77,55.84415584415584,0.0,2.038901099220779,1.51743016
OLD_1M,ANALYSIS,EFFECTIVE_CONTINUATION,BUY_EFFECTIVE,30,180,2,69,33.333333333333336,0.0,-3.612457469565217,-4.28830016
OLD_1M,ANALYSIS,EFFECTIVE_CONTINUATION,BUY_EFFECTIVE,30,180,3,92,39.130434782608695,0.0,-0.8425434941304345,-1.34550731
OLD_1M,ANALYSIS,EFFECTIVE_CONTINUATION,BUY_EFFECTIVE,30,180,4,69,62.31884057971015,0.0,0.9005560168115941,1.13996662
OLD_1M,ANALYSIS,EFFECTIVE_CONTINUATION,BUY_EFFECTIVE,30,180,5,32,40.625,0.0,-0.8067044243750001,-0.944892855
OLD_1M,ANALYSIS,EFFECTIVE_CONTINUATION,BUY_EFFECTIVE,30,180,6,29,55.172413793103445,0.0,0.7562677682758617,0.89569006
OLD_1M,ANALYSIS,EFFECTIVE_CONTINUATION,BUY_EFFECTIVE,30,180,7,55,49.09090909090909,1.8181818181818181,-0.4453037145454549,0.0
OLD_1M,ANALYSIS,EFFECTIVE_CONTINUATION,BUY_EFFECTIVE,30,180,8,72,51.388888888888886,2.7777777777777777,0.37205203638888873,0.12128145
OLD_1M,ANALYSIS,EFFECTIVE_CONTINUATION,BUY_EFFECTIVE,30,180,9,68,47.05882352941177,0.0,-0.730310948382353,-0.85597234
OLD_1M,ANALYSIS,EFFECTIVE_CONTINUATION,BUY_EFFECTIVE,30,180,10,84,41.666666666666664,0.0,-1.0153749089285715,-1.7266178
OLD_1M,ANALYSIS,EFFECTIVE_CONTINUATION,BUY_EFFECTIVE,30,180,11,51,49.01960784313726,0.0,-0.12299698274509804,-0.16721722
OLD_1M,ANALYSIS,EFFECTIVE_CONTINUATION,BUY_EFFECTIVE,30,180,12,1,0.0,0.0,-6.35610939,-6.35610939
OLD_1M,ANALYSIS,EFFECTIVE_CONTINUATION,BUY_EFFECTIVE,30,180,13,21,33.333333333333336,0.0,-0.5896973438095237,-1.32636989
OLD_1M,ANALYSIS,EFFECTIVE_CONTINUATION,BUY_EFFECTIVE,30,180,14,31,35.483870967741936,0.0,-3.330526299032257,-4.2857768
OLD_1M,ANALYSIS,EFFECTIVE_CONTINUATION,BUY_EFFECTIVE,30,180,15,36,30.555555555555557,0.0,-0.8408623202777771,-1.66758421
OLD_1M,ANALYSIS,EFFECTIVE_CONTINUATION,BUY_EFFECTIVE,30,180,16,30,43.333333333333336,0.0,-2.0029934346666667,-2.140458155
OLD_1M,ANALYSIS,EFFECTIVE_CONTINUATION,BUY_EFFECTIVE,30,180,17,27,48.148148148148145,0.0,1.6328668262962969,-0.37842952
OLD_1M,ANALYSIS,EFFECTIVE_CONTINUATION,BUY_EFFECTIVE,30,180,18,35,71.42857142857143,0.0,2.0578792748571426,2.3982781
OLD_1M,ANALYSIS,EFFECTIVE_CONTINUATION,BUY_EFFECTIVE,30,180,19,42,30.952380952380953,0.0,-1.5148929778571432,-1.175453845
OLD_1M,ANALYSIS,EFFECTIVE_CONTINUATION,BUY_EFFECTIVE,30,180,20,38,44.73684210526316,0.0,0.3337872726315789,-0.54378026
OLD_1M,ANALYSIS,EFFECTIVE_CONTINUATION,BUY_EFFECTIVE,30,180,21,60,45.0,0.0,-0.4954374361666672,-1.17385915
OLD_1M,ANALYSIS,EFFECTIVE_CONTINUATION,BUY_EFFECTIVE,30,180,22,82,59.75609756097561,0.0,1.5980071897560972,1.21182555
OLD_1M,ANALYSIS,EFFECTIVE_CONTINUATION,BUY_EFFECTIVE,30,180,23,104,41.34615384615385,0.0,-0.4998199759615383,-1.2399231199999998
OLD_1M,ANALYSIS,EFFECTIVE_CONTINUATION,BUY_EFFECTIVE,30,300,0,105,47.61904761904762,0.0,-0.6581205060952381,-0.13508828
OLD_1M,ANALYSIS,EFFECTIVE_CONTINUATION,BUY_EFFECTIVE,30,300,1,77,51.94805194805195,0.0,1.8991947325974015,0.43810088
OLD_1M,ANALYSIS,EFFECTIVE_CONTINUATION,BUY_EFFECTIVE,30,300,2,69,24.63768115942029,1.4492753623188406,-5.37552638217391,-6.19372772
OLD_1M,ANALYSIS,EFFECTIVE_CONTINUATION,BUY_EFFECTIVE,30,300,3,92,50.0,0.0,-1.319136276413044,-0.15802217
OLD_1M,ANALYSIS,EFFECTIVE_CONTINUATION,BUY_EFFECTIVE,30,300,4,69,66.66666666666667,0.0,1.599704946956522,2.39621308
OLD_1M,ANALYSIS,EFFECTIVE_CONTINUATION,BUY_EFFECTIVE,30,300,5,32,40.625,0.0,-0.6791741034375001,-0.7771007649999999
OLD_1M,ANALYSIS,EFFECTIVE_CONTINUATION,BUY_EFFECTIVE,30,300,6,29,55.172413793103445,0.0,0.9284852979310344,0.37692666
OLD_1M,ANALYSIS,EFFECTIVE_CONTINUATION,BUY_EFFECTIVE,30,300,7,53,43.39622641509434,0.0,-0.5757383981132074,-0.64856516
OLD_1M,ANALYSIS,EFFECTIVE_CONTINUATION,BUY_EFFECTIVE,30,300,8,72,63.888888888888886,0.0,1.2425606074999993,1.4233668499999999
OLD_1M,ANALYSIS,EFFECTIVE_CONTINUATION,BUY_EFFECTIVE,30,300,9,68,39.705882352941174,0.0,-1.2136548447058824,-1.748245995
OLD_1M,ANALYSIS,EFFECTIVE_CONTINUATION,BUY_EFFECTIVE,30,300,10,84,38.095238095238095,0.0,-2.7324883617857134,-2.06394044
OLD_1M,ANALYSIS,EFFECTIVE_CONTINUATION,BUY_EFFECTIVE,30,300,11,51,39.21568627450981,0.0,-0.8303365315686276,-0.91246287
OLD_1M,ANALYSIS,EFFECTIVE_CONTINUATION,BUY_EFFECTIVE,30,300,13,21,52.38095238095238,0.0,-0.2189134919047619,0.13558444
OLD_1M,ANALYSIS,EFFECTIVE_CONTINUATION,BUY_EFFECTIVE,30,300,14,31,12.903225806451612,3.225806451612903,-4.840411970645161,-4.1650507
OLD_1M,ANALYSIS,EFFECTIVE_CONTINUATION,BUY_EFFECTIVE,30,300,15,36,27.77777777777778,0.0,-1.8188450005555552,-3.019769945
OLD_1M,ANALYSIS,EFFECTIVE_CONTINUATION,BUY_EFFECTIVE,30,300,16,30,40.0,0.0,-2.577069435666666,-2.786929005
OLD_1M,ANALYSIS,EFFECTIVE_CONTINUATION,BUY_EFFECTIVE,30,300,17,25,36.0,0.0,0.44788106319999943,-3.24131925
OLD_1M,ANALYSIS,EFFECTIVE_CONTINUATION,BUY_EFFECTIVE,30,300,18,35,62.857142857142854,0.0,1.440756875714286,1.60658396
OLD_1M,ANALYSIS,EFFECTIVE_CONTINUATION,BUY_EFFECTIVE,30,300,19,39,35.8974358974359,0.0,-2.099033345384615,-1.42610717
OLD_1M,ANALYSIS,EFFECTIVE_CONTINUATION,BUY_EFFECTIVE,30,300,20,38,39.473684210526315,0.0,-0.20723343789473678,-1.0989438150000002
OLD_1M,ANALYSIS,EFFECTIVE_CONTINUATION,BUY_EFFECTIVE,30,300,21,60,51.666666666666664,0.0,0.33437601216666724,0.527999595
OLD_1M,ANALYSIS,EFFECTIVE_CONTINUATION,BUY_EFFECTIVE,30,300,22,82,56.09756097560975,0.0,2.903631148048781,3.811066705
OLD_1M,ANALYSIS,EFFECTIVE_CONTINUATION,BUY_EFFECTIVE,30,300,23,102,48.03921568627451,0.0,-1.2589829963725485,-1.063252805
OLD_1M,ANALYSIS,EFFECTIVE_CONTINUATION,BUY_EFFECTIVE,30,600,0,98,51.02040816326531,0.0,0.4993722858163262,0.638447165
OLD_1M,ANALYSIS,EFFECTIVE_CONTINUATION,BUY_EFFECTIVE,30,600,1,77,38.96103896103896,0.0,-0.6220268450649347,-3.73964784
OLD_1M,ANALYSIS,EFFECTIVE_CONTINUATION,BUY_EFFECTIVE,30,600,2,69,40.57971014492754,0.0,-4.1788774801449255,-4.58906779
OLD_1M,ANALYSIS,EFFECTIVE_CONTINUATION,BUY_EFFECTIVE,30,600,3,92,35.869565217391305,0.0,-1.9580702629347835,-2.874582685
OLD_1M,ANALYSIS,EFFECTIVE_CONTINUATION,BUY_EFFECTIVE,30,600,4,69,62.31884057971015,0.0,1.0069489089855082,3.49399169
OLD_1M,ANALYSIS,EFFECTIVE_CONTINUATION,BUY_EFFECTIVE,30,600,5,32,46.875,0.0,-1.668488940625,-0.77322984
OLD_1M,ANALYSIS,EFFECTIVE_CONTINUATION,BUY_EFFECTIVE,30,600,6,26,50.0,0.0,1.9387901153846154,0.08188336999999998
OLD_1M,ANALYSIS,EFFECTIVE_CONTINUATION,BUY_EFFECTIVE,30,600,7,50,44.0,0.0,-1.866505704399999,-2.4548550799999997
OLD_1M,ANALYSIS,EFFECTIVE_CONTINUATION,BUY_EFFECTIVE,30,600,8,72,73.61111111111111,0.0,4.227643948472222,7.035217905
OLD_1M,ANALYSIS,EFFECTIVE_CONTINUATION,BUY_EFFECTIVE,30,600,9,68,39.705882352941174,0.0,-1.7593233930882353,-2.79900173
OLD_1M,ANALYSIS,EFFECTIVE_CONTINUATION,BUY_EFFECTIVE,30,600,10,84,36.904761904761905,0.0,-5.207118075476191,-7.290295825
OLD_1M,ANALYSIS,EFFECTIVE_CONTINUATION,BUY_EFFECTIVE,30,600,11,44,43.18181818181818,2.272727272727273,-1.2860366436363637,-0.79874654
OLD_1M,ANALYSIS,EFFECTIVE_CONTINUATION,BUY_EFFECTIVE,30,600,13,21,33.333333333333336,0.0,-2.11945744,-2.50226108
OLD_1M,ANALYSIS,EFFECTIVE_CONTINUATION,BUY_EFFECTIVE,30,600,14,31,9.67741935483871,0.0,-9.340837254516128,-8.14066832
OLD_1M,ANALYSIS,EFFECTIVE_CONTINUATION,BUY_EFFECTIVE,30,600,15,36,36.111111111111114,0.0,-2.6955446502777782,-3.93549341
OLD_1M,ANALYSIS,EFFECTIVE_CONTINUATION,BUY_EFFECTIVE,30,600,16,30,53.333333333333336,0.0,0.5027804219999983,2.528648045
OLD_1M,ANALYSIS,EFFECTIVE_CONTINUATION,BUY_EFFECTIVE,30,600,17,24,37.5,0.0,0.025254432499999258,-5.9117193199999996
OLD_1M,ANALYSIS,EFFECTIVE_CONTINUATION,BUY_EFFECTIVE,30,600,18,30,63.333333333333336,0.0,1.8268286539999998,1.504777195
OLD_1M,ANALYSIS,EFFECTIVE_CONTINUATION,BUY_EFFECTIVE,30,600,19,37,29.72972972972973,0.0,-2.255914755135135,-3.42078693
OLD_1M,ANALYSIS,EFFECTIVE_CONTINUATION,BUY_EFFECTIVE,30,600,20,36,52.77777777777778,0.0,0.7028711852777774,1.07061706
OLD_1M,ANALYSIS,EFFECTIVE_CONTINUATION,BUY_EFFECTIVE,30,600,21,60,58.333333333333336,0.0,1.5836416323333333,1.662974165
OLD_1M,ANALYSIS,EFFECTIVE_CONTINUATION,BUY_EFFECTIVE,30,600,22,82,69.51219512195122,0.0,8.652271934146341,7.382686104999999
OLD_1M,ANALYSIS,EFFECTIVE_CONTINUATION,BUY_EFFECTIVE,30,600,23,100,47.0,0.0,-1.9093299767999994,-2.0490720700000002
OLD_1M,ANALYSIS,EFFECTIVE_CONTINUATION,BUY_EFFECTIVE,60,60,0,88,40.90909090909091,1.1363636363636365,-1.258086209318182,-1.371495605
OLD_1M,ANALYSIS,EFFECTIVE_CONTINUATION,BUY_EFFECTIVE,60,60,1,59,66.10169491525424,0.0,1.8263275467796607,2.52411131
OLD_1M,ANALYSIS,EFFECTIVE_CONTINUATION,BUY_EFFECTIVE,60,60,2,42,35.714285714285715,0.0,-1.3796848164285713,-1.60152071
OLD_1M,ANALYSIS,EFFECTIVE_CONTINUATION,BUY_EFFECTIVE,60,60,3,64,48.4375,0.0,-0.09925753781249994,-0.11374236
OLD_1M,ANALYSIS,EFFECTIVE_CONTINUATION,BUY_EFFECTIVE,60,60,4,70,52.857142857142854,0.0,0.029045340000000003,0.41517789000000005
OLD_1M,ANALYSIS,EFFECTIVE_CONTINUATION,BUY_EFFECTIVE,60,60,5,24,33.333333333333336,4.166666666666667,-0.050318843749999974,-0.18889589
OLD_1M,ANALYSIS,EFFECTIVE_CONTINUATION,BUY_EFFECTIVE,60,60,6,38,47.36842105263158,2.6315789473684212,0.0404869505263159,-0.15070863
OLD_1M,ANALYSIS,EFFECTIVE_CONTINUATION,BUY_EFFECTIVE,60,60,7,51,41.1764705882353,0.0,-0.9017082466666663,-0.75449149
OLD_1M,ANALYSIS,EFFECTIVE_CONTINUATION,BUY_EFFECTIVE,60,60,8,58,56.89655172413793,1.7241379310344827,0.34986979603448276,0.301206595
OLD_1M,ANALYSIS,EFFECTIVE_CONTINUATION,BUY_EFFECTIVE,60,60,9,54,55.55555555555556,1.8518518518518519,0.0070152837037037,0.69743419
OLD_1M,ANALYSIS,EFFECTIVE_CONTINUATION,BUY_EFFECTIVE,60,60,10,55,45.45454545454545,0.0,0.05038332509090917,-0.19578313
OLD_1M,ANALYSIS,EFFECTIVE_CONTINUATION,BUY_EFFECTIVE,60,60,11,40,52.5,2.5,-0.26660778900000015,0.19774415
OLD_1M,ANALYSIS,EFFECTIVE_CONTINUATION,BUY_EFFECTIVE,60,60,12,1,100.0,0.0,0.21286916,0.21286916
OLD_1M,ANALYSIS,EFFECTIVE_CONTINUATION,BUY_EFFECTIVE,60,60,13,23,39.130434782608695,4.3478260869565215,-0.5880693686956523,-0.54257724
OLD_1M,ANALYSIS,EFFECTIVE_CONTINUATION,BUY_EFFECTIVE,60,60,14,14,57.142857142857146,0.0,-0.49616050571428566,1.1066824899999999
OLD_1M,ANALYSIS,EFFECTIVE_CONTINUATION,BUY_EFFECTIVE,60,60,15,23,34.78260869565217,0.0,-1.1239697947826086,-0.82017011
OLD_1M,ANALYSIS,EFFECTIVE_CONTINUATION,BUY_EFFECTIVE,60,60,16,26,42.30769230769231,3.8461538461538463,-0.8334667384615384,-0.296411545
OLD_1M,ANALYSIS,EFFECTIVE_CONTINUATION,BUY_EFFECTIVE,60,60,17,24,75.0,0.0,2.8454654029166675,2.83839995
OLD_1M,ANALYSIS,EFFECTIVE_CONTINUATION,BUY_EFFECTIVE,60,60,18,22,50.0,0.0,0.3497072845454547,0.23468509499999998
OLD_1M,ANALYSIS,EFFECTIVE_CONTINUATION,BUY_EFFECTIVE,60,60,19,43,37.2093023255814,0.0,-1.014628776744186,-1.08997931
OLD_1M,ANALYSIS,EFFECTIVE_CONTINUATION,BUY_EFFECTIVE,60,60,20,32,37.5,0.0,-1.2232414759375003,-0.9500261400000001
OLD_1M,ANALYSIS,EFFECTIVE_CONTINUATION,BUY_EFFECTIVE,60,60,21,57,40.35087719298246,3.508771929824561,-0.30080238684210525,-0.96323889
OLD_1M,ANALYSIS,EFFECTIVE_CONTINUATION,BUY_EFFECTIVE,60,60,22,56,53.57142857142857,0.0,0.9152980157142857,0.84699814
OLD_1M,ANALYSIS,EFFECTIVE_CONTINUATION,BUY_EFFECTIVE,60,60,23,62,58.064516129032256,0.0,2.5040285248387097,2.606060425
OLD_1M,ANALYSIS,EFFECTIVE_CONTINUATION,BUY_EFFECTIVE,60,180,0,87,45.97701149425287,0.0,-0.0075725089655172785,-1.06533824
OLD_1M,ANALYSIS,EFFECTIVE_CONTINUATION,BUY_EFFECTIVE,60,180,1,59,50.847457627118644,0.0,1.9354868971186443,1.36751417
OLD_1M,ANALYSIS,EFFECTIVE_CONTINUATION,BUY_EFFECTIVE,60,180,2,42,33.333333333333336,0.0,-3.4287303342857136,-4.1716635449999995
OLD_1M,ANALYSIS,EFFECTIVE_CONTINUATION,BUY_EFFECTIVE,60,180,3,64,43.75,0.0,0.06961592546874958,-1.3376003349999999
OLD_1M,ANALYSIS,EFFECTIVE_CONTINUATION,BUY_EFFECTIVE,60,180,4,70,64.28571428571429,0.0,1.0133753705714286,1.31548451
OLD_1M,ANALYSIS,EFFECTIVE_CONTINUATION,BUY_EFFECTIVE,60,180,5,24,41.666666666666664,0.0,0.8321811875000004,-0.31105792
OLD_1M,ANALYSIS,EFFECTIVE_CONTINUATION,BUY_EFFECTIVE,60,180,6,36,44.44444444444444,2.7777777777777777,0.23541900916666647,-0.650091185
OLD_1M,ANALYSIS,EFFECTIVE_CONTINUATION,BUY_EFFECTIVE,60,180,7,50,34.0,2.0,-1.1776728314000005,-1.416624535
OLD_1M,ANALYSIS,EFFECTIVE_CONTINUATION,BUY_EFFECTIVE,60,180,8,58,60.3448275862069,0.0,1.1852549577586204,0.944480935
OLD_1M,ANALYSIS,EFFECTIVE_CONTINUATION,BUY_EFFECTIVE,60,180,9,54,40.74074074074074,0.0,-2.309718000185186,-1.197823785
OLD_1M,ANALYSIS,EFFECTIVE_CONTINUATION,BUY_EFFECTIVE,60,180,10,55,30.90909090909091,0.0,-1.2231082434545455,-2.13753052
OLD_1M,ANALYSIS,EFFECTIVE_CONTINUATION,BUY_EFFECTIVE,60,180,11,40,45.0,0.0,0.54100172675,-0.43322499999999997
OLD_1M,ANALYSIS,EFFECTIVE_CONTINUATION,BUY_EFFECTIVE,60,180,13,23,30.434782608695652,0.0,-0.9032018065217393,-1.32537506
OLD_1M,ANALYSIS,EFFECTIVE_CONTINUATION,BUY_EFFECTIVE,60,180,14,14,35.714285714285715,0.0,-2.8333037964285714,-3.77418946
OLD_1M,ANALYSIS,EFFECTIVE_CONTINUATION,BUY_EFFECTIVE,60,180,15,23,34.78260869565217,8.695652173913043,-0.6203067817391305,-1.21354989
OLD_1M,ANALYSIS,EFFECTIVE_CONTINUATION,BUY_EFFECTIVE,60,180,16,26,46.15384615384615,0.0,-1.641631896923077,-0.834228995
OLD_1M,ANALYSIS,EFFECTIVE_CONTINUATION,BUY_EFFECTIVE,60,180,17,22,59.09090909090909,0.0,4.136579460454545,4.31841174
OLD_1M,ANALYSIS,EFFECTIVE_CONTINUATION,BUY_EFFECTIVE,60,180,18,21,61.904761904761905,0.0,0.5636732604761905,1.13127632
OLD_1M,ANALYSIS,EFFECTIVE_CONTINUATION,BUY_EFFECTIVE,60,180,19,43,39.53488372093023,0.0,-1.2155970439534873,-0.30134097
OLD_1M,ANALYSIS,EFFECTIVE_CONTINUATION,BUY_EFFECTIVE,60,180,20,32,50.0,3.125,0.03523314406250003,0.11308209
OLD_1M,ANALYSIS,EFFECTIVE_CONTINUATION,BUY_EFFECTIVE,60,180,21,57,49.12280701754386,0.0,-0.4986124445614034,-0.31915524
OLD_1M,ANALYSIS,EFFECTIVE_CONTINUATION,BUY_EFFECTIVE,60,180,22,56,55.357142857142854,0.0,0.7646425364285715,1.88271269
OLD_1M,ANALYSIS,EFFECTIVE_CONTINUATION,BUY_EFFECTIVE,60,180,23,59,55.932203389830505,0.0,1.90892184,2.35969339
OLD_1M,ANALYSIS,EFFECTIVE_CONTINUATION,BUY_EFFECTIVE,60,300,0,85,48.23529411764706,0.0,-0.4547761667058823,-0.13633059
OLD_1M,ANALYSIS,EFFECTIVE_CONTINUATION,BUY_EFFECTIVE,60,300,1,59,55.932203389830505,0.0,4.759541369830508,1.29934685
OLD_1M,ANALYSIS,EFFECTIVE_CONTINUATION,BUY_EFFECTIVE,60,300,2,42,30.952380952380953,0.0,-5.296338665476192,-4.965599935
OLD_1M,ANALYSIS,EFFECTIVE_CONTINUATION,BUY_EFFECTIVE,60,300,3,64,46.875,0.0,-1.5443449193750005,-0.641395825
OLD_1M,ANALYSIS,EFFECTIVE_CONTINUATION,BUY_EFFECTIVE,60,300,4,70,61.42857142857143,0.0,1.3468306892857151,1.9201949950000001
OLD_1M,ANALYSIS,EFFECTIVE_CONTINUATION,BUY_EFFECTIVE,60,300,5,24,41.666666666666664,0.0,-0.18601017750000004,-0.948424785
OLD_1M,ANALYSIS,EFFECTIVE_CONTINUATION,BUY_EFFECTIVE,60,300,6,36,38.888888888888886,5.555555555555555,0.7964693644444447,-0.8928521650000001
OLD_1M,ANALYSIS,EFFECTIVE_CONTINUATION,BUY_EFFECTIVE,60,300,7,47,44.680851063829785,0.0,-0.8798286331914892,-1.40260704
OLD_1M,ANALYSIS,EFFECTIVE_CONTINUATION,BUY_EFFECTIVE,60,300,8,58,67.24137931034483,0.0,2.047530516034482,2.79881401
OLD_1M,ANALYSIS,EFFECTIVE_CONTINUATION,BUY_EFFECTIVE,60,300,9,54,38.888888888888886,0.0,-2.3177439283333334,-2.415738485
OLD_1M,ANALYSIS,EFFECTIVE_CONTINUATION,BUY_EFFECTIVE,60,300,10,55,38.18181818181818,0.0,-2.835715273999999,-2.35021521
OLD_1M,ANALYSIS,EFFECTIVE_CONTINUATION,BUY_EFFECTIVE,60,300,11,40,50.0,0.0,0.7512638857500004,0.372571255
OLD_1M,ANALYSIS,EFFECTIVE_CONTINUATION,BUY_EFFECTIVE,60,300,13,23,47.82608695652174,0.0,-0.8754497347826087,-0.04521811
OLD_1M,ANALYSIS,EFFECTIVE_CONTINUATION,BUY_EFFECTIVE,60,300,14,14,14.285714285714286,0.0,-3.360164384285714,-3.31046269
OLD_1M,ANALYSIS,EFFECTIVE_CONTINUATION,BUY_EFFECTIVE,60,300,15,23,34.78260869565217,0.0,-1.5659641300000007,-2.88157777
OLD_1M,ANALYSIS,EFFECTIVE_CONTINUATION,BUY_EFFECTIVE,60,300,16,26,38.46153846153846,0.0,-0.9029637384615378,-3.37055812
OLD_1M,ANALYSIS,EFFECTIVE_CONTINUATION,BUY_EFFECTIVE,60,300,17,20,45.0,0.0,3.5880913550000004,-1.3478282400000001
OLD_1M,ANALYSIS,EFFECTIVE_CONTINUATION,BUY_EFFECTIVE,60,300,18,21,47.61904761904762,0.0,-0.1812498919047619,-1.74970738
OLD_1M,ANALYSIS,EFFECTIVE_CONTINUATION,BUY_EFFECTIVE,60,300,19,43,37.2093023255814,0.0,-1.3369528976744187,-1.20707345
OLD_1M,ANALYSIS,EFFECTIVE_CONTINUATION,BUY_EFFECTIVE,60,300,20,32,46.875,0.0,0.0026110715624999836,-0.355726895
OLD_1M,ANALYSIS,EFFECTIVE_CONTINUATION,BUY_EFFECTIVE,60,300,21,57,50.87719298245614,0.0,0.48822566614035123,0.09119165
OLD_1M,ANALYSIS,EFFECTIVE_CONTINUATION,BUY_EFFECTIVE,60,300,22,56,55.357142857142854,0.0,1.8332435550000004,1.8236196199999999
OLD_1M,ANALYSIS,EFFECTIVE_CONTINUATION,BUY_EFFECTIVE,60,300,23,59,50.847457627118644,0.0,1.109247047627119,0.38896012
OLD_1M,ANALYSIS,EFFECTIVE_CONTINUATION,BUY_EFFECTIVE,60,600,0,74,54.054054054054056,0.0,1.6784566852702703,0.651405435
OLD_1M,ANALYSIS,EFFECTIVE_CONTINUATION,BUY_EFFECTIVE,60,600,1,59,54.23728813559322,0.0,2.098235127457627,0.81570997
OLD_1M,ANALYSIS,EFFECTIVE_CONTINUATION,BUY_EFFECTIVE,60,600,2,42,38.095238095238095,0.0,-3.9236718130952375,-2.26174426
OLD_1M,ANALYSIS,EFFECTIVE_CONTINUATION,BUY_EFFECTIVE,60,600,3,64,39.0625,0.0,-2.45375396765625,-3.80880412
OLD_1M,ANALYSIS,EFFECTIVE_CONTINUATION,BUY_EFFECTIVE,60,600,4,70,57.142857142857146,0.0,0.21020666257142828,2.74018123
OLD_1M,ANALYSIS,EFFECTIVE_CONTINUATION,BUY_EFFECTIVE,60,600,5,24,37.5,0.0,-0.6529972720833334,-0.36415052
OLD_1M,ANALYSIS,EFFECTIVE_CONTINUATION,BUY_EFFECTIVE,60,600,6,34,41.1764705882353,0.0,0.3993086000000001,-2.333910795
OLD_1M,ANALYSIS,EFFECTIVE_CONTINUATION,BUY_EFFECTIVE,60,600,7,46,36.95652173913044,0.0,-3.3473212060869586,-4.631478465000001
OLD_1M,ANALYSIS,EFFECTIVE_CONTINUATION,BUY_EFFECTIVE,60,600,8,58,79.3103448275862,0.0,5.983286259827586,7.813907325
OLD_1M,ANALYSIS,EFFECTIVE_CONTINUATION,BUY_EFFECTIVE,60,600,9,54,46.2962962962963,0.0,-2.3538896546296293,-2.18116184
OLD_1M,ANALYSIS,EFFECTIVE_CONTINUATION,BUY_EFFECTIVE,60,600,10,55,38.18181818181818,0.0,-4.019704737818181,-5.36018646
OLD_1M,ANALYSIS,EFFECTIVE_CONTINUATION,BUY_EFFECTIVE,60,600,11,36,38.888888888888886,0.0,-0.6830060052777778,-1.132719955
OLD_1M,ANALYSIS,EFFECTIVE_CONTINUATION,BUY_EFFECTIVE,60,600,13,23,26.08695652173913,0.0,-4.406855826086956,-5.04585705
OLD_1M,ANALYSIS,EFFECTIVE_CONTINUATION,BUY_EFFECTIVE,60,600,14,14,14.285714285714286,0.0,-7.800069965714286,-7.655979615
OLD_1M,ANALYSIS,EFFECTIVE_CONTINUATION,BUY_EFFECTIVE,60,600,15,23,39.130434782608695,0.0,-3.829491103913043,-5.20432672
OLD_1M,ANALYSIS,EFFECTIVE_CONTINUATION,BUY_EFFECTIVE,60,600,16,26,57.69230769230769,0.0,3.771073913846153,2.765970445
OLD_1M,ANALYSIS,EFFECTIVE_CONTINUATION,BUY_EFFECTIVE,60,600,17,20,50.0,0.0,1.9220285454999988,-2.073870845
OLD_1M,ANALYSIS,EFFECTIVE_CONTINUATION,BUY_EFFECTIVE,60,600,18,19,47.36842105263158,0.0,0.649044042631579,-1.18116317
OLD_1M,ANALYSIS,EFFECTIVE_CONTINUATION,BUY_EFFECTIVE,60,600,19,42,28.571428571428573,0.0,-1.5952422216666666,-3.239919955
OLD_1M,ANALYSIS,EFFECTIVE_CONTINUATION,BUY_EFFECTIVE,60,600,20,31,45.16129032258065,0.0,-0.555421097096774,-0.84434627
OLD_1M,ANALYSIS,EFFECTIVE_CONTINUATION,BUY_EFFECTIVE,60,600,21,57,57.89473684210526,0.0,1.6674226828070167,0.77523622
OLD_1M,ANALYSIS,EFFECTIVE_CONTINUATION,BUY_EFFECTIVE,60,600,22,56,64.28571428571429,1.7857142857142858,7.65469505357143,6.38254731
OLD_1M,ANALYSIS,EFFECTIVE_CONTINUATION,BUY_EFFECTIVE,60,600,23,59,47.45762711864407,0.0,-0.5826874894915258,-1.03565391
OLD_1M,ANALYSIS,EFFECTIVE_CONTINUATION,BUY_EFFECTIVE,180,60,0,28,60.714285714285715,0.0,-0.15875135392857143,0.88620057
OLD_1M,ANALYSIS,EFFECTIVE_CONTINUATION,BUY_EFFECTIVE,180,60,1,34,52.94117647058823,2.9411764705882355,0.4659681264705883,0.18780659
OLD_1M,ANALYSIS,EFFECTIVE_CONTINUATION,BUY_EFFECTIVE,180,60,2,18,66.66666666666667,0.0,1.5937205166666668,1.42327905
OLD_1M,ANALYSIS,EFFECTIVE_CONTINUATION,BUY_EFFECTIVE,180,60,3,20,50.0,0.0,0.09787980600000008,-0.25528443
OLD_1M,ANALYSIS,EFFECTIVE_CONTINUATION,BUY_EFFECTIVE,180,60,4,60,65.0,0.0,0.4384354011666665,0.9759360850000001
OLD_1M,ANALYSIS,EFFECTIVE_CONTINUATION,BUY_EFFECTIVE,180,60,5,11,18.181818181818183,0.0,-3.171498021818181,-3.53579423
OLD_1M,ANALYSIS,EFFECTIVE_CONTINUATION,BUY_EFFECTIVE,180,60,6,18,50.0,5.555555555555555,-0.10996026555555549,0.249623295
OLD_1M,ANALYSIS,EFFECTIVE_CONTINUATION,BUY_EFFECTIVE,180,60,7,21,33.333333333333336,4.761904761904762,-0.8850412999999998,-1.19252483
OLD_1M,ANALYSIS,EFFECTIVE_CONTINUATION,BUY_EFFECTIVE,180,60,8,33,48.484848484848484,0.0,0.5167157075757576,-0.01516684
OLD_1M,ANALYSIS,EFFECTIVE_CONTINUATION,BUY_EFFECTIVE,180,60,9,19,36.8421052631579,0.0,-1.046436932631579,-0.66101499
OLD_1M,ANALYSIS,EFFECTIVE_CONTINUATION,BUY_EFFECTIVE,180,60,10,46,36.95652173913044,0.0,-0.06370906869565228,-0.56496239
OLD_1M,ANALYSIS,EFFECTIVE_CONTINUATION,BUY_EFFECTIVE,180,60,11,21,47.61904761904762,0.0,0.669804179047619,-0.24345931
OLD_1M,ANALYSIS,EFFECTIVE_CONTINUATION,BUY_EFFECTIVE,180,60,13,13,15.384615384615385,0.0,-2.9348067784615393,-3.48000054
OLD_1M,ANALYSIS,EFFECTIVE_CONTINUATION,BUY_EFFECTIVE,180,60,14,12,16.666666666666668,0.0,-3.6743798425,-3.1543116500000004
OLD_1M,ANALYSIS,EFFECTIVE_CONTINUATION,BUY_EFFECTIVE,180,60,15,8,25.0,0.0,-1.9978775037500003,-1.9259614
OLD_1M,ANALYSIS,EFFECTIVE_CONTINUATION,BUY_EFFECTIVE,180,60,16,22,40.90909090909091,0.0,-1.6710793304545455,-0.79020554
OLD_1M,ANALYSIS,EFFECTIVE_CONTINUATION,BUY_EFFECTIVE,180,60,17,4,75.0,0.0,1.14930956,1.090166545
OLD_1M,ANALYSIS,EFFECTIVE_CONTINUATION,BUY_EFFECTIVE,180,60,18,10,20.0,0.0,-1.646223659,-1.468824395
OLD_1M,ANALYSIS,EFFECTIVE_CONTINUATION,BUY_EFFECTIVE,180,60,19,17,58.8235294117647,5.882352941176471,0.23049926941176468,0.64798071
OLD_1M,ANALYSIS,EFFECTIVE_CONTINUATION,BUY_EFFECTIVE,180,60,20,14,28.571428571428573,14.285714285714286,-0.37700894285714287,-0.30174963
OLD_1M,ANALYSIS,EFFECTIVE_CONTINUATION,BUY_EFFECTIVE,180,60,21,35,34.285714285714285,0.0,-1.0124805028571429,-1.33967748
OLD_1M,ANALYSIS,EFFECTIVE_CONTINUATION,BUY_EFFECTIVE,180,60,22,32,53.125,0.0,0.5091723162499997,0.43390323
OLD_1M,ANALYSIS,EFFECTIVE_CONTINUATION,BUY_EFFECTIVE,180,60,23,19,42.10526315789474,0.0,-0.12741290789473705,-1.12545943
OLD_1M,ANALYSIS,EFFECTIVE_CONTINUATION,BUY_EFFECTIVE,180,180,0,27,29.62962962962963,0.0,-2.1235677777777777,-2.71607013
OLD_1M,ANALYSIS,EFFECTIVE_CONTINUATION,BUY_EFFECTIVE,180,180,1,34,44.11764705882353,0.0,-0.2725488100000002,-3.417901365
OLD_1M,ANALYSIS,EFFECTIVE_CONTINUATION,BUY_EFFECTIVE,180,180,2,18,66.66666666666667,0.0,2.457420897777778,2.936137945
OLD_1M,ANALYSIS,EFFECTIVE_CONTINUATION,BUY_EFFECTIVE,180,180,3,20,20.0,0.0,-4.025953036500001,-5.945328735
OLD_1M,ANALYSIS,EFFECTIVE_CONTINUATION,BUY_EFFECTIVE,180,180,4,60,73.33333333333333,0.0,1.5023805288333336,2.45668769
OLD_1M,ANALYSIS,EFFECTIVE_CONTINUATION,BUY_EFFECTIVE,180,180,5,11,27.272727272727273,0.0,-3.065662748181818,-4.30891262
OLD_1M,ANALYSIS,EFFECTIVE_CONTINUATION,BUY_EFFECTIVE,180,180,6,18,38.888888888888886,0.0,0.2014327155555555,-0.733997275
OLD_1M,ANALYSIS,EFFECTIVE_CONTINUATION,BUY_EFFECTIVE,180,180,7,20,30.0,0.0,-1.4949038219999997,-1.6861109449999998
OLD_1M,ANALYSIS,EFFECTIVE_CONTINUATION,BUY_EFFECTIVE,180,180,8,33,57.57575757575758,0.0,1.5699365754545453,1.90835359
OLD_1M,ANALYSIS,EFFECTIVE_CONTINUATION,BUY_EFFECTIVE,180,180,9,19,31.57894736842105,0.0,-4.2317151105263155,-4.09036847
OLD_1M,ANALYSIS,EFFECTIVE_CONTINUATION,BUY_EFFECTIVE,180,180,10,46,45.65217391304348,0.0,-2.505643756521738,-0.775931265
OLD_1M,ANALYSIS,EFFECTIVE_CONTINUATION,BUY_EFFECTIVE,180,180,11,21,47.61904761904762,0.0,0.46878045761904763,-1.17072874
OLD_1M,ANALYSIS,EFFECTIVE_CONTINUATION,BUY_EFFECTIVE,180,180,13,13,30.76923076923077,0.0,-2.2290426746153846,-3.29915668
OLD_1M,ANALYSIS,EFFECTIVE_CONTINUATION,BUY_EFFECTIVE,180,180,14,12,8.333333333333334,0.0,-6.186647260000001,-5.98938711
OLD_1M,ANALYSIS,EFFECTIVE_CONTINUATION,BUY_EFFECTIVE,180,180,15,8,12.5,0.0,-3.9120437425000003,-4.66249447
OLD_1M,ANALYSIS,EFFECTIVE_CONTINUATION,BUY_EFFECTIVE,180,180,16,22,54.54545454545455,0.0,-1.1007736645454544,0.47102834000000005
OLD_1M,ANALYSIS,EFFECTIVE_CONTINUATION,BUY_EFFECTIVE,180,180,17,3,100.0,0.0,11.787772473333334,11.47733605
OLD_1M,ANALYSIS,EFFECTIVE_CONTINUATION,BUY_EFFECTIVE,180,180,18,9,33.333333333333336,0.0,-2.2200038988888884,-3.68654925
OLD_1M,ANALYSIS,EFFECTIVE_CONTINUATION,BUY_EFFECTIVE,180,180,19,17,64.70588235294117,0.0,1.522639187647059,0.4219422
OLD_1M,ANALYSIS,EFFECTIVE_CONTINUATION,BUY_EFFECTIVE,180,180,20,14,42.857142857142854,0.0,-0.25656411714285715,-0.558252325
OLD_1M,ANALYSIS,EFFECTIVE_CONTINUATION,BUY_EFFECTIVE,180,180,21,35,51.42857142857143,0.0,-1.3396867437142852,0.15197869
OLD_1M,ANALYSIS,EFFECTIVE_CONTINUATION,BUY_EFFECTIVE,180,180,22,32,56.25,0.0,1.3038794009375008,2.7546992699999997
OLD_1M,ANALYSIS,EFFECTIVE_CONTINUATION,BUY_EFFECTIVE,180,180,23,18,44.44444444444444,0.0,-4.478189665555557,-1.65070936
OLD_1M,ANALYSIS,EFFECTIVE_CONTINUATION,BUY_EFFECTIVE,180,300,0,26,57.69230769230769,0.0,-1.0588514311538462,1.454109535
OLD_1M,ANALYSIS,EFFECTIVE_CONTINUATION,BUY_EFFECTIVE,180,300,1,34,44.11764705882353,0.0,-0.49633178558823543,-1.579755995
OLD_1M,ANALYSIS,EFFECTIVE_CONTINUATION,BUY_EFFECTIVE,180,300,2,18,72.22222222222223,0.0,3.589683528888889,5.24768249
OLD_1M,ANALYSIS,EFFECTIVE_CONTINUATION,BUY_EFFECTIVE,180,300,3,20,45.0,0.0,-3.2243221760000003,-2.181722275
OLD_1M,ANALYSIS,EFFECTIVE_CONTINUATION,BUY_EFFECTIVE,180,300,4,60,75.0,0.0,2.8212851711666667,3.341367075
OLD_1M,ANALYSIS,EFFECTIVE_CONTINUATION,BUY_EFFECTIVE,180,300,5,11,27.272727272727273,0.0,-2.4796137190909087,-4.52132381
OLD_1M,ANALYSIS,EFFECTIVE_CONTINUATION,BUY_EFFECTIVE,180,300,6,18,33.333333333333336,0.0,0.6231629755555554,-1.85715105
OLD_1M,ANALYSIS,EFFECTIVE_CONTINUATION,BUY_EFFECTIVE,180,300,7,19,36.8421052631579,0.0,-1.7739686457894739,-1.93967901
OLD_1M,ANALYSIS,EFFECTIVE_CONTINUATION,BUY_EFFECTIVE,180,300,8,33,57.57575757575758,0.0,1.4677785827272727,1.97600437
OLD_1M,ANALYSIS,EFFECTIVE_CONTINUATION,BUY_EFFECTIVE,180,300,9,19,21.05263157894737,0.0,-4.947763174210527,-5.34142349
OLD_1M,ANALYSIS,EFFECTIVE_CONTINUATION,BUY_EFFECTIVE,180,300,10,46,43.47826086956522,0.0,-2.6059262878260863,-1.3243843100000001
OLD_1M,ANALYSIS,EFFECTIVE_CONTINUATION,BUY_EFFECTIVE,180,300,11,21,42.857142857142854,0.0,-1.3998798785714281,-2.35544769
OLD_1M,ANALYSIS,EFFECTIVE_CONTINUATION,BUY_EFFECTIVE,180,300,13,13,30.76923076923077,0.0,-4.963719472307693,-2.77356133
OLD_1M,ANALYSIS,EFFECTIVE_CONTINUATION,BUY_EFFECTIVE,180,300,14,12,16.666666666666668,0.0,-5.854733919999998,-4.706073464999999
OLD_1M,ANALYSIS,EFFECTIVE_CONTINUATION,BUY_EFFECTIVE,180,300,15,8,12.5,0.0,-3.72816224875,-5.208288270000001
OLD_1M,ANALYSIS,EFFECTIVE_CONTINUATION,BUY_EFFECTIVE,180,300,16,22,59.09090909090909,0.0,1.694410474090909,3.66544157
OLD_1M,ANALYSIS,EFFECTIVE_CONTINUATION,BUY_EFFECTIVE,180,300,17,3,33.333333333333336,0.0,6.8157209666666665,-0.31797369
OLD_1M,ANALYSIS,EFFECTIVE_CONTINUATION,BUY_EFFECTIVE,180,300,18,9,33.333333333333336,0.0,-1.2060184788888888,-1.2417018
OLD_1M,ANALYSIS,EFFECTIVE_CONTINUATION,BUY_EFFECTIVE,180,300,19,17,41.1764705882353,0.0,2.381641484117647,-0.6328742
OLD_1M,ANALYSIS,EFFECTIVE_CONTINUATION,BUY_EFFECTIVE,180,300,20,14,57.142857142857146,0.0,0.36891860785714287,2.07356075
OLD_1M,ANALYSIS,EFFECTIVE_CONTINUATION,BUY_EFFECTIVE,180,300,21,35,28.571428571428573,0.0,-2.5065138797142854,-3.80266427
OLD_1M,ANALYSIS,EFFECTIVE_CONTINUATION,BUY_EFFECTIVE,180,300,22,32,56.25,0.0,1.8245512181249997,1.19940444
OLD_1M,ANALYSIS,EFFECTIVE_CONTINUATION,BUY_EFFECTIVE,180,300,23,18,44.44444444444444,0.0,-2.061336873888889,-1.241071455
OLD_1M,ANALYSIS,EFFECTIVE_CONTINUATION,BUY_EFFECTIVE,180,600,0,25,48.0,0.0,-1.9278730283999999,-2.61953154
OLD_1M,ANALYSIS,EFFECTIVE_CONTINUATION,BUY_EFFECTIVE,180,600,1,34,20.58823529411765,0.0,-8.130810183823527,-12.934368509999999
OLD_1M,ANALYSIS,EFFECTIVE_CONTINUATION,BUY_EFFECTIVE,180,600,2,18,61.111111111111114,0.0,4.870813987222222,11.935635829999999
OLD_1M,ANALYSIS,EFFECTIVE_CONTINUATION,BUY_EFFECTIVE,180,600,3,20,45.0,0.0,-3.0406525010000007,-1.170528075
OLD_1M,ANALYSIS,EFFECTIVE_CONTINUATION,BUY_EFFECTIVE,180,600,4,60,76.66666666666667,0.0,4.431436303166665,6.613758375
OLD_1M,ANALYSIS,EFFECTIVE_CONTINUATION,BUY_EFFECTIVE,180,600,5,11,27.272727272727273,0.0,-2.495056263636364,-3.17099556
OLD_1M,ANALYSIS,EFFECTIVE_CONTINUATION,BUY_EFFECTIVE,180,600,6,17,47.05882352941177,0.0,3.0442507141176467,-1.56759185
OLD_1M,ANALYSIS,EFFECTIVE_CONTINUATION,BUY_EFFECTIVE,180,600,7,18,33.333333333333336,0.0,-5.005359468333335,-5.40050552
OLD_1M,ANALYSIS,EFFECTIVE_CONTINUATION,BUY_EFFECTIVE,180,600,8,33,84.84848484848484,0.0,4.027494177575757,7.24566283
OLD_1M,ANALYSIS,EFFECTIVE_CONTINUATION,BUY_EFFECTIVE,180,600,9,19,47.36842105263158,0.0,-1.9999215689473686,-1.34368626
OLD_1M,ANALYSIS,EFFECTIVE_CONTINUATION,BUY_EFFECTIVE,180,600,10,46,50.0,0.0,-4.002731020217391,0.13560540999999998
OLD_1M,ANALYSIS,EFFECTIVE_CONTINUATION,BUY_EFFECTIVE,180,600,11,19,36.8421052631579,0.0,-2.2976346884210526,-1.03401766
OLD_1M,ANALYSIS,EFFECTIVE_CONTINUATION,BUY_EFFECTIVE,180,600,13,13,38.46153846153846,0.0,-3.4599593438461533,-5.38004681
OLD_1M,ANALYSIS,EFFECTIVE_CONTINUATION,BUY_EFFECTIVE,180,600,14,12,0.0,0.0,-11.932457925833331,-13.54152534
OLD_1M,ANALYSIS,EFFECTIVE_CONTINUATION,BUY_EFFECTIVE,180,600,15,8,12.5,0.0,-7.001774075000001,-5.25338028
OLD_1M,ANALYSIS,EFFECTIVE_CONTINUATION,BUY_EFFECTIVE,180,600,16,22,59.09090909090909,0.0,5.9137240540909115,4.582913705
OLD_1M,ANALYSIS,EFFECTIVE_CONTINUATION,BUY_EFFECTIVE,180,600,17,3,33.333333333333336,0.0,3.8399203533333335,-6.13234973
OLD_1M,ANALYSIS,EFFECTIVE_CONTINUATION,BUY_EFFECTIVE,180,600,18,6,50.0,0.0,-0.25701798500000006,-0.6784575100000001
OLD_1M,ANALYSIS,EFFECTIVE_CONTINUATION,BUY_EFFECTIVE,180,600,19,17,58.8235294117647,0.0,3.197634637058824,0.16682464
OLD_1M,ANALYSIS,EFFECTIVE_CONTINUATION,BUY_EFFECTIVE,180,600,20,12,58.333333333333336,0.0,0.9736597300000004,1.394962265
OLD_1M,ANALYSIS,EFFECTIVE_CONTINUATION,BUY_EFFECTIVE,180,600,21,35,65.71428571428571,0.0,-1.8052363885714289,1.80575766
OLD_1M,ANALYSIS,EFFECTIVE_CONTINUATION,BUY_EFFECTIVE,180,600,22,32,65.625,0.0,7.7185530084375,5.71050506
OLD_1M,ANALYSIS,EFFECTIVE_CONTINUATION,BUY_EFFECTIVE,180,600,23,18,33.333333333333336,0.0,-10.531599849444442,-1.526704195
OLD_1M,ANALYSIS,EFFECTIVE_CONTINUATION,BUY_EFFECTIVE,300,60,0,24,45.833333333333336,0.0,-0.4303847641666667,-0.95280666
OLD_1M,ANALYSIS,EFFECTIVE_CONTINUATION,BUY_EFFECTIVE,300,60,1,12,91.66666666666667,0.0,6.349364327499999,6.242907564999999
OLD_1M,ANALYSIS,EFFECTIVE_CONTINUATION,BUY_EFFECTIVE,300,60,2,10,40.0,0.0,-0.8392572439999999,-1.009454875
OLD_1M,ANALYSIS,EFFECTIVE_CONTINUATION,BUY_EFFECTIVE,300,60,3,20,50.0,0.0,-1.5725394769999999,0.05941292499999998
OLD_1M,ANALYSIS,EFFECTIVE_CONTINUATION,BUY_EFFECTIVE,300,60,4,66,50.0,0.0,0.4684240906060607,-0.0075064749999999986
OLD_1M,ANALYSIS,EFFECTIVE_CONTINUATION,BUY_EFFECTIVE,300,60,5,9,55.55555555555556,0.0,-0.4911888133333334,0.01505503
OLD_1M,ANALYSIS,EFFECTIVE_CONTINUATION,BUY_EFFECTIVE,300,60,6,12,58.333333333333336,0.0,-0.7405073050000001,0.13658196
OLD_1M,ANALYSIS,EFFECTIVE_CONTINUATION,BUY_EFFECTIVE,300,60,7,16,50.0,0.0,-1.3218149543749997,0.22821348999999996
OLD_1M,ANALYSIS,EFFECTIVE_CONTINUATION,BUY_EFFECTIVE,300,60,8,20,45.0,0.0,-0.5684414805,-0.27971995
OLD_1M,ANALYSIS,EFFECTIVE_CONTINUATION,BUY_EFFECTIVE,300,60,9,14,35.714285714285715,0.0,-1.3589659964285714,-2.272187485
OLD_1M,ANALYSIS,EFFECTIVE_CONTINUATION,BUY_EFFECTIVE,300,60,10,17,35.294117647058826,0.0,0.5711853323529411,-0.41050841
OLD_1M,ANALYSIS,EFFECTIVE_CONTINUATION,BUY_EFFECTIVE,300,60,11,20,35.0,0.0,-0.810016167,-1.3530626350000001
OLD_1M,ANALYSIS,EFFECTIVE_CONTINUATION,BUY_EFFECTIVE,300,60,12,1,0.0,0.0,-3.2376676,-3.2376676
OLD_1M,ANALYSIS,EFFECTIVE_CONTINUATION,BUY_EFFECTIVE,300,60,13,6,66.66666666666667,16.666666666666668,0.9245758400000001,0.76845616
OLD_1M,ANALYSIS,EFFECTIVE_CONTINUATION,BUY_EFFECTIVE,300,60,14,1,0.0,0.0,-0.27294977,-0.27294977
OLD_1M,ANALYSIS,EFFECTIVE_CONTINUATION,BUY_EFFECTIVE,300,60,15,3,33.333333333333336,0.0,-0.5250517533333333,-0.91027288
OLD_1M,ANALYSIS,EFFECTIVE_CONTINUATION,BUY_EFFECTIVE,300,60,16,8,50.0,0.0,-0.3422663362499999,-0.190844095
OLD_1M,ANALYSIS,EFFECTIVE_CONTINUATION,BUY_EFFECTIVE,300,60,17,3,100.0,0.0,9.896315486666667,12.19934613
OLD_1M,ANALYSIS,EFFECTIVE_CONTINUATION,BUY_EFFECTIVE,300,60,18,6,16.666666666666668,0.0,-0.9778300833333334,-1.567607335
OLD_1M,ANALYSIS,EFFECTIVE_CONTINUATION,BUY_EFFECTIVE,300,60,19,5,80.0,0.0,0.9096858600000001,0.37911932
OLD_1M,ANALYSIS,EFFECTIVE_CONTINUATION,BUY_EFFECTIVE,300,60,20,13,15.384615384615385,7.6923076923076925,-1.4133043384615385,-1.51433699
OLD_1M,ANALYSIS,EFFECTIVE_CONTINUATION,BUY_EFFECTIVE,300,60,21,11,54.54545454545455,0.0,-0.8149838945454547,0.13546016
OLD_1M,ANALYSIS,EFFECTIVE_CONTINUATION,BUY_EFFECTIVE,300,60,22,20,75.0,0.0,2.6549027229999993,3.553242895
OLD_1M,ANALYSIS,EFFECTIVE_CONTINUATION,BUY_EFFECTIVE,300,60,23,5,20.0,0.0,-2.5978454500000003,-3.69359602
OLD_1M,ANALYSIS,EFFECTIVE_CONTINUATION,BUY_EFFECTIVE,300,180,0,24,37.5,0.0,-1.6693488050000003,-2.849896905
OLD_1M,ANALYSIS,EFFECTIVE_CONTINUATION,BUY_EFFECTIVE,300,180,1,12,91.66666666666667,0.0,8.700047770833331,9.04168288
OLD_1M,ANALYSIS,EFFECTIVE_CONTINUATION,BUY_EFFECTIVE,300,180,2,10,70.0,0.0,1.751483618,4.010726885
OLD_1M,ANALYSIS,EFFECTIVE_CONTINUATION,BUY_EFFECTIVE,300,180,3,20,55.0,0.0,-2.5475428014999997,0.66805864
OLD_1M,ANALYSIS,EFFECTIVE_CONTINUATION,BUY_EFFECTIVE,300,180,4,66,74.24242424242425,0.0,1.9610451500000003,2.094053235
OLD_1M,ANALYSIS,EFFECTIVE_CONTINUATION,BUY_EFFECTIVE,300,180,5,9,66.66666666666667,0.0,1.6467087466666668,3.91607549
OLD_1M,ANALYSIS,EFFECTIVE_CONTINUATION,BUY_EFFECTIVE,300,180,6,12,8.333333333333334,0.0,0.1359584383333332,-0.6829098
OLD_1M,ANALYSIS,EFFECTIVE_CONTINUATION,BUY_EFFECTIVE,300,180,7,14,57.142857142857146,0.0,-0.025450683571428608,1.075923205
OLD_1M,ANALYSIS,EFFECTIVE_CONTINUATION,BUY_EFFECTIVE,300,180,8,20,70.0,0.0,1.1871290514999997,1.7522206900000001
OLD_1M,ANALYSIS,EFFECTIVE_CONTINUATION,BUY_EFFECTIVE,300,180,9,14,7.142857142857143,0.0,-7.984830624285713,-8.20089201
OLD_1M,ANALYSIS,EFFECTIVE_CONTINUATION,BUY_EFFECTIVE,300,180,10,17,52.94117647058823,0.0,-0.2932065176470587,1.56625169
OLD_1M,ANALYSIS,EFFECTIVE_CONTINUATION,BUY_EFFECTIVE,300,180,11,20,20.0,0.0,-2.4070973775000004,-3.1564265999999996
OLD_1M,ANALYSIS,EFFECTIVE_CONTINUATION,BUY_EFFECTIVE,300,180,12,1,0.0,0.0,-2.84245935,-2.84245935
OLD_1M,ANALYSIS,EFFECTIVE_CONTINUATION,BUY_EFFECTIVE,300,180,13,6,50.0,0.0,-1.8970485533333334,-1.10664241
OLD_1M,ANALYSIS,EFFECTIVE_CONTINUATION,BUY_EFFECTIVE,300,180,14,1,100.0,0.0,0.77335768,0.77335768
OLD_1M,ANALYSIS,EFFECTIVE_CONTINUATION,BUY_EFFECTIVE,300,180,15,3,33.333333333333336,0.0,2.474230663333333,-1.16818354
OLD_1M,ANALYSIS,EFFECTIVE_CONTINUATION,BUY_EFFECTIVE,300,180,16,8,62.5,0.0,0.32171710624999994,1.4515342900000001
OLD_1M,ANALYSIS,EFFECTIVE_CONTINUATION,BUY_EFFECTIVE,300,180,17,3,66.66666666666667,0.0,7.258611713333334,11.34935816
OLD_1M,ANALYSIS,EFFECTIVE_CONTINUATION,BUY_EFFECTIVE,300,180,18,6,33.333333333333336,0.0,-2.6372909183333335,-0.938866965
OLD_1M,ANALYSIS,EFFECTIVE_CONTINUATION,BUY_EFFECTIVE,300,180,19,5,60.0,0.0,0.53738279,0.34878925
OLD_1M,ANALYSIS,EFFECTIVE_CONTINUATION,BUY_EFFECTIVE,300,180,20,13,23.076923076923077,0.0,-1.4846928846153844,-1.52271254
OLD_1M,ANALYSIS,EFFECTIVE_CONTINUATION,BUY_EFFECTIVE,300,180,21,11,27.272727272727273,0.0,-2.5970187327272725,-1.76061372
OLD_1M,ANALYSIS,EFFECTIVE_CONTINUATION,BUY_EFFECTIVE,300,180,22,20,65.0,0.0,3.781118586999999,2.42884811
OLD_1M,ANALYSIS,EFFECTIVE_CONTINUATION,BUY_EFFECTIVE,300,180,23,5,20.0,0.0,-0.7104428980000002,-3.79134648
OLD_1M,ANALYSIS,EFFECTIVE_CONTINUATION,BUY_EFFECTIVE,300,300,0,24,45.833333333333336,0.0,-1.2844532570833331,-2.1227657300000002
OLD_1M,ANALYSIS,EFFECTIVE_CONTINUATION,BUY_EFFECTIVE,300,300,1,12,91.66666666666667,0.0,3.6510762241666668,3.095608915
OLD_1M,ANALYSIS,EFFECTIVE_CONTINUATION,BUY_EFFECTIVE,300,300,2,10,80.0,0.0,3.767605288,5.017318545
OLD_1M,ANALYSIS,EFFECTIVE_CONTINUATION,BUY_EFFECTIVE,300,300,3,20,55.0,0.0,-3.7405602604999992,0.935633955
OLD_1M,ANALYSIS,EFFECTIVE_CONTINUATION,BUY_EFFECTIVE,300,300,4,66,74.24242424242425,0.0,2.2335721639393946,3.0484364250000002
OLD_1M,ANALYSIS,EFFECTIVE_CONTINUATION,BUY_EFFECTIVE,300,300,5,9,55.55555555555556,0.0,2.7260597022222224,5.28764168
OLD_1M,ANALYSIS,EFFECTIVE_CONTINUATION,BUY_EFFECTIVE,300,300,6,12,25.0,0.0,0.6130196308333334,-1.15335878
OLD_1M,ANALYSIS,EFFECTIVE_CONTINUATION,BUY_EFFECTIVE,300,300,7,14,64.28571428571429,0.0,0.7058546828571428,1.254089925
OLD_1M,ANALYSIS,EFFECTIVE_CONTINUATION,BUY_EFFECTIVE,300,300,8,20,70.0,0.0,1.4283989525,4.627307395000001
OLD_1M,ANALYSIS,EFFECTIVE_CONTINUATION,BUY_EFFECTIVE,300,300,9,14,7.142857142857143,0.0,-8.553720201428572,-9.268234545
OLD_1M,ANALYSIS,EFFECTIVE_CONTINUATION,BUY_EFFECTIVE,300,300,10,17,70.58823529411765,0.0,0.4946517041176469,2.65947747
OLD_1M,ANALYSIS,EFFECTIVE_CONTINUATION,BUY_EFFECTIVE,300,300,11,20,25.0,0.0,-3.5308578474999996,-2.6379276899999997
OLD_1M,ANALYSIS,EFFECTIVE_CONTINUATION,BUY_EFFECTIVE,300,300,12,1,0.0,0.0,-11.24823486,-11.24823486
OLD_1M,ANALYSIS,EFFECTIVE_CONTINUATION,BUY_EFFECTIVE,300,300,13,6,33.333333333333336,0.0,-3.845448178333333,-4.51888588
OLD_1M,ANALYSIS,EFFECTIVE_CONTINUATION,BUY_EFFECTIVE,300,300,14,1,100.0,0.0,1.74384574,1.74384574
OLD_1M,ANALYSIS,EFFECTIVE_CONTINUATION,BUY_EFFECTIVE,300,300,15,3,33.333333333333336,0.0,-2.7148837333333327,-2.42739436
OLD_1M,ANALYSIS,EFFECTIVE_CONTINUATION,BUY_EFFECTIVE,300,300,16,8,62.5,0.0,1.0498212324999998,2.317868035
OLD_1M,ANALYSIS,EFFECTIVE_CONTINUATION,BUY_EFFECTIVE,300,300,17,3,66.66666666666667,0.0,11.484767583333335,20.87552626
OLD_1M,ANALYSIS,EFFECTIVE_CONTINUATION,BUY_EFFECTIVE,300,300,18,5,0.0,0.0,-3.113946908,-3.286166
OLD_1M,ANALYSIS,EFFECTIVE_CONTINUATION,BUY_EFFECTIVE,300,300,19,5,20.0,0.0,1.838626548,-1.72878148
OLD_1M,ANALYSIS,EFFECTIVE_CONTINUATION,BUY_EFFECTIVE,300,300,20,13,46.15384615384615,0.0,-1.2319368576923075,-1.68876129
OLD_1M,ANALYSIS,EFFECTIVE_CONTINUATION,BUY_EFFECTIVE,300,300,21,11,27.272727272727273,0.0,-1.3067890036363634,-3.7778333
OLD_1M,ANALYSIS,EFFECTIVE_CONTINUATION,BUY_EFFECTIVE,300,300,22,20,70.0,0.0,4.802107003,3.90975334
OLD_1M,ANALYSIS,EFFECTIVE_CONTINUATION,BUY_EFFECTIVE,300,300,23,5,0.0,0.0,-7.687290590000001,-7.49023264
OLD_1M,ANALYSIS,EFFECTIVE_CONTINUATION,BUY_EFFECTIVE,300,600,0,20,45.0,0.0,-0.6021262309999998,-1.22306505
OLD_1M,ANALYSIS,EFFECTIVE_CONTINUATION,BUY_EFFECTIVE,300,600,1,12,16.666666666666668,0.0,-4.397869209166667,-5.926322325
OLD_1M,ANALYSIS,EFFECTIVE_CONTINUATION,BUY_EFFECTIVE,300,600,2,10,60.0,0.0,7.838472933,10.64369089
OLD_1M,ANALYSIS,EFFECTIVE_CONTINUATION,BUY_EFFECTIVE,300,600,3,20,35.0,0.0,-6.507934696000001,-3.59740845
OLD_1M,ANALYSIS,EFFECTIVE_CONTINUATION,BUY_EFFECTIVE,300,600,4,66,65.15151515151516,0.0,2.057091353484848,3.2917948399999997
OLD_1M,ANALYSIS,EFFECTIVE_CONTINUATION,BUY_EFFECTIVE,300,600,5,9,55.55555555555556,0.0,0.1964315766666667,2.30445981
OLD_1M,ANALYSIS,EFFECTIVE_CONTINUATION,BUY_EFFECTIVE,300,600,6,8,12.5,0.0,1.2959768724999998,-1.44169847
OLD_1M,ANALYSIS,EFFECTIVE_CONTINUATION,BUY_EFFECTIVE,300,600,7,14,57.142857142857146,0.0,0.16846420071428533,0.78787998
OLD_1M,ANALYSIS,EFFECTIVE_CONTINUATION,BUY_EFFECTIVE,300,600,8,20,80.0,0.0,4.967983128499999,8.809358020000001
OLD_1M,ANALYSIS,EFFECTIVE_CONTINUATION,BUY_EFFECTIVE,300,600,9,14,14.285714285714286,0.0,-5.913638123571429,-5.08702984
OLD_1M,ANALYSIS,EFFECTIVE_CONTINUATION,BUY_EFFECTIVE,300,600,10,17,41.1764705882353,0.0,0.09276961352941154,-1.41325358
OLD_1M,ANALYSIS,EFFECTIVE_CONTINUATION,BUY_EFFECTIVE,300,600,11,19,36.8421052631579,0.0,-2.2833793189473677,-1.96110327
OLD_1M,ANALYSIS,EFFECTIVE_CONTINUATION,BUY_EFFECTIVE,300,600,13,6,16.666666666666668,0.0,-4.725168208333333,-5.949988785
OLD_1M,ANALYSIS,EFFECTIVE_CONTINUATION,BUY_EFFECTIVE,300,600,14,1,100.0,0.0,3.66965799,3.66965799
OLD_1M,ANALYSIS,EFFECTIVE_CONTINUATION,BUY_EFFECTIVE,300,600,15,3,66.66666666666667,0.0,-2.4157126200000003,1.45643662
OLD_1M,ANALYSIS,EFFECTIVE_CONTINUATION,BUY_EFFECTIVE,300,600,16,8,62.5,0.0,9.9501989875,9.796000065000001
OLD_1M,ANALYSIS,EFFECTIVE_CONTINUATION,BUY_EFFECTIVE,300,600,17,3,66.66666666666667,0.0,18.207992373333333,29.0343018
OLD_1M,ANALYSIS,EFFECTIVE_CONTINUATION,BUY_EFFECTIVE,300,600,18,2,50.0,0.0,0.816997165,0.816997165
OLD_1M,ANALYSIS,EFFECTIVE_CONTINUATION,BUY_EFFECTIVE,300,600,19,5,20.0,0.0,2.14264558,-0.2123065
OLD_1M,ANALYSIS,EFFECTIVE_CONTINUATION,BUY_EFFECTIVE,300,600,20,10,60.0,0.0,1.2801074200000004,0.844316335
OLD_1M,ANALYSIS,EFFECTIVE_CONTINUATION,BUY_EFFECTIVE,300,600,21,11,90.9090909090909,0.0,5.446859129090911,5.61485694
OLD_1M,ANALYSIS,EFFECTIVE_CONTINUATION,BUY_EFFECTIVE,300,600,22,20,70.0,0.0,13.481431699499996,19.828130145000003
OLD_1M,ANALYSIS,EFFECTIVE_CONTINUATION,BUY_EFFECTIVE,300,600,23,5,0.0,0.0,-8.67290891,-10.66510492
OLD_1M,ANALYSIS,EFFECTIVE_CONTINUATION,BUY_EFFECTIVE,900,60,2,6,50.0,0.0,0.43088144166666664,0.30247324000000003
OLD_1M,ANALYSIS,EFFECTIVE_CONTINUATION,BUY_EFFECTIVE,900,60,3,8,12.5,0.0,-1.11735250625,-0.35676332
OLD_1M,ANALYSIS,EFFECTIVE_CONTINUATION,BUY_EFFECTIVE,900,60,4,13,61.53846153846154,0.0,1.0218649792307692,1.49184458
OLD_1M,ANALYSIS,EFFECTIVE_CONTINUATION,BUY_EFFECTIVE,900,60,5,3,66.66666666666667,0.0,-0.11492299333333338,0.60235067
OLD_1M,ANALYSIS,EFFECTIVE_CONTINUATION,BUY_EFFECTIVE,900,60,6,2,0.0,0.0,-1.5375705750000002,-1.5375705750000002
OLD_1M,ANALYSIS,EFFECTIVE_CONTINUATION,BUY_EFFECTIVE,900,60,8,8,37.5,0.0,0.08289349625000009,-0.437425615
OLD_1M,ANALYSIS,EFFECTIVE_CONTINUATION,BUY_EFFECTIVE,900,60,10,14,21.428571428571427,0.0,0.39465057142857113,-1.24071432
OLD_1M,ANALYSIS,EFFECTIVE_CONTINUATION,BUY_EFFECTIVE,900,60,11,3,33.333333333333336,0.0,-3.101107216666667,-3.55657153
OLD_1M,ANALYSIS,EFFECTIVE_CONTINUATION,BUY_EFFECTIVE,900,60,16,1,100.0,0.0,0.95721114,0.95721114
OLD_1M,ANALYSIS,EFFECTIVE_CONTINUATION,BUY_EFFECTIVE,900,60,19,1,100.0,0.0,0.95518224,0.95518224
OLD_1M,ANALYSIS,EFFECTIVE_CONTINUATION,BUY_EFFECTIVE,900,60,21,7,57.142857142857146,0.0,0.059055768571428455,1.31063376
OLD_1M,ANALYSIS,EFFECTIVE_CONTINUATION,BUY_EFFECTIVE,900,60,22,1,0.0,0.0,-1.01841043,-1.01841043
OLD_1M,ANALYSIS,EFFECTIVE_CONTINUATION,BUY_EFFECTIVE,900,180,2,6,83.33333333333333,0.0,2.460503445,2.1105702650000002
OLD_1M,ANALYSIS,EFFECTIVE_CONTINUATION,BUY_EFFECTIVE,900,180,3,8,25.0,0.0,-2.17041751625,-2.89138053
OLD_1M,ANALYSIS,EFFECTIVE_CONTINUATION,BUY_EFFECTIVE,900,180,4,13,76.92307692307692,0.0,1.4719944,0.98679666
OLD_1M,ANALYSIS,EFFECTIVE_CONTINUATION,BUY_EFFECTIVE,900,180,5,3,0.0,0.0,-2.5135242466666665,-1.14444732
OLD_1M,ANALYSIS,EFFECTIVE_CONTINUATION,BUY_EFFECTIVE,900,180,6,2,50.0,0.0,-1.77619353,-1.77619353
OLD_1M,ANALYSIS,EFFECTIVE_CONTINUATION,BUY_EFFECTIVE,900,180,8,8,25.0,0.0,-1.01921515125,-0.346683385
OLD_1M,ANALYSIS,EFFECTIVE_CONTINUATION,BUY_EFFECTIVE,900,180,10,14,21.428571428571427,0.0,-3.6789250864285714,-5.568846665000001
OLD_1M,ANALYSIS,EFFECTIVE_CONTINUATION,BUY_EFFECTIVE,900,180,11,3,0.0,0.0,-4.7225761466666665,-5.88202214
OLD_1M,ANALYSIS,EFFECTIVE_CONTINUATION,BUY_EFFECTIVE,900,180,16,1,100.0,0.0,10.13428305,10.13428305
OLD_1M,ANALYSIS,EFFECTIVE_CONTINUATION,BUY_EFFECTIVE,900,180,19,1,100.0,0.0,2.25908181,2.25908181
OLD_1M,ANALYSIS,EFFECTIVE_CONTINUATION,BUY_EFFECTIVE,900,180,21,7,57.142857142857146,0.0,0.5073972228571428,1.23544212
OLD_1M,ANALYSIS,EFFECTIVE_CONTINUATION,BUY_EFFECTIVE,900,180,22,1,100.0,0.0,0.28880296,0.28880296
OLD_1M,ANALYSIS,EFFECTIVE_CONTINUATION,BUY_EFFECTIVE,900,300,2,6,100.0,0.0,7.474831201666667,8.909638955
OLD_1M,ANALYSIS,EFFECTIVE_CONTINUATION,BUY_EFFECTIVE,900,300,3,8,12.5,0.0,-3.57326245875,-3.7569509849999996
OLD_1M,ANALYSIS,EFFECTIVE_CONTINUATION,BUY_EFFECTIVE,900,300,4,13,69.23076923076923,0.0,2.692740063846153,3.19432014
OLD_1M,ANALYSIS,EFFECTIVE_CONTINUATION,BUY_EFFECTIVE,900,300,5,3,0.0,0.0,-2.995591079999999,-2.27383613
OLD_1M,ANALYSIS,EFFECTIVE_CONTINUATION,BUY_EFFECTIVE,900,300,6,2,50.0,0.0,-2.1956301250000005,-2.1956301250000005
OLD_1M,ANALYSIS,EFFECTIVE_CONTINUATION,BUY_EFFECTIVE,900,300,8,8,50.0,0.0,-1.21690883125,-0.407319085
OLD_1M,ANALYSIS,EFFECTIVE_CONTINUATION,BUY_EFFECTIVE,900,300,10,14,21.428571428571427,0.0,-5.445276418571429,-5.85827235
OLD_1M,ANALYSIS,EFFECTIVE_CONTINUATION,BUY_EFFECTIVE,900,300,11,3,0.0,0.0,-4.839568783333333,-3.67816371
OLD_1M,ANALYSIS,EFFECTIVE_CONTINUATION,BUY_EFFECTIVE,900,300,16,1,100.0,0.0,15.30018445,15.30018445
OLD_1M,ANALYSIS,EFFECTIVE_CONTINUATION,BUY_EFFECTIVE,900,300,19,1,100.0,0.0,14.81290557,14.81290557
OLD_1M,ANALYSIS,EFFECTIVE_CONTINUATION,BUY_EFFECTIVE,900,300,21,7,71.42857142857143,0.0,4.934362947142858,7.14233087
OLD_1M,ANALYSIS,EFFECTIVE_CONTINUATION,BUY_EFFECTIVE,900,300,22,1,100.0,0.0,5.16805292,5.16805292
OLD_1M,ANALYSIS,EFFECTIVE_CONTINUATION,BUY_EFFECTIVE,900,600,2,6,83.33333333333333,0.0,3.699005281666667,4.08456481
OLD_1M,ANALYSIS,EFFECTIVE_CONTINUATION,BUY_EFFECTIVE,900,600,3,8,0.0,0.0,-11.38723790625,-12.221737229999999
OLD_1M,ANALYSIS,EFFECTIVE_CONTINUATION,BUY_EFFECTIVE,900,600,4,13,76.92307692307692,0.0,3.5981109353846152,7.69731332
OLD_1M,ANALYSIS,EFFECTIVE_CONTINUATION,BUY_EFFECTIVE,900,600,5,3,0.0,0.0,-4.64647599,-3.58392714
OLD_1M,ANALYSIS,EFFECTIVE_CONTINUATION,BUY_EFFECTIVE,900,600,6,2,50.0,0.0,-3.33766316,-3.33766316
OLD_1M,ANALYSIS,EFFECTIVE_CONTINUATION,BUY_EFFECTIVE,900,600,8,8,75.0,0.0,6.7404025,8.454400745000001
OLD_1M,ANALYSIS,EFFECTIVE_CONTINUATION,BUY_EFFECTIVE,900,600,10,14,14.285714285714286,0.0,-2.5315850214285716,-1.57289223
OLD_1M,ANALYSIS,EFFECTIVE_CONTINUATION,BUY_EFFECTIVE,900,600,11,1,100.0,0.0,2.75176356,2.75176356
OLD_1M,ANALYSIS,EFFECTIVE_CONTINUATION,BUY_EFFECTIVE,900,600,16,1,100.0,0.0,31.63354919,31.63354919
OLD_1M,ANALYSIS,EFFECTIVE_CONTINUATION,BUY_EFFECTIVE,900,600,19,1,100.0,0.0,12.96318758,12.96318758
OLD_1M,ANALYSIS,EFFECTIVE_CONTINUATION,BUY_EFFECTIVE,900,600,21,7,100.0,0.0,9.96764804,11.61197357
OLD_1M,ANALYSIS,EFFECTIVE_CONTINUATION,BUY_EFFECTIVE,900,600,22,1,100.0,0.0,25.09545698,25.09545698
OLD_1M,ANALYSIS,EFFECTIVE_CONTINUATION,BUY_EFFECTIVE,1800,60,4,2,0.0,0.0,-1.89646256,-1.89646256
OLD_1M,ANALYSIS,EFFECTIVE_CONTINUATION,BUY_EFFECTIVE,1800,60,5,8,12.5,25.0,-0.43496198125,-0.01506249
OLD_1M,ANALYSIS,EFFECTIVE_CONTINUATION,BUY_EFFECTIVE,1800,60,6,7,28.571428571428573,0.0,-0.34848014000000005,-0.40894096
OLD_1M,ANALYSIS,EFFECTIVE_CONTINUATION,BUY_EFFECTIVE,1800,60,8,12,50.0,0.0,0.6698776108333333,0.987299315
OLD_1M,ANALYSIS,EFFECTIVE_CONTINUATION,BUY_EFFECTIVE,1800,60,11,1,0.0,0.0,-0.66876924,-0.66876924
OLD_1M,ANALYSIS,EFFECTIVE_CONTINUATION,BUY_EFFECTIVE,1800,60,17,5,80.0,0.0,2.423224988,2.81685448
OLD_1M,ANALYSIS,EFFECTIVE_CONTINUATION,BUY_EFFECTIVE,1800,60,19,1,0.0,0.0,-0.69648216,-0.69648216
OLD_1M,ANALYSIS,EFFECTIVE_CONTINUATION,BUY_EFFECTIVE,1800,60,21,9,44.44444444444444,0.0,-0.5562303977777778,-1.09922873
OLD_1M,ANALYSIS,EFFECTIVE_CONTINUATION,BUY_EFFECTIVE,1800,180,4,2,0.0,0.0,-4.191832435,-4.191832435
OLD_1M,ANALYSIS,EFFECTIVE_CONTINUATION,BUY_EFFECTIVE,1800,180,5,8,0.0,0.0,-4.56429618625,-1.378218235
OLD_1M,ANALYSIS,EFFECTIVE_CONTINUATION,BUY_EFFECTIVE,1800,180,6,7,85.71428571428571,0.0,2.794851517142857,2.81688434
OLD_1M,ANALYSIS,EFFECTIVE_CONTINUATION,BUY_EFFECTIVE,1800,180,8,12,66.66666666666667,0.0,2.8182535066666663,2.786638475
OLD_1M,ANALYSIS,EFFECTIVE_CONTINUATION,BUY_EFFECTIVE,1800,180,11,1,100.0,0.0,1.9151119,1.9151119
OLD_1M,ANALYSIS,EFFECTIVE_CONTINUATION,BUY_EFFECTIVE,1800,180,17,5,80.0,0.0,5.843682835999999,7.99623208
OLD_1M,ANALYSIS,EFFECTIVE_CONTINUATION,BUY_EFFECTIVE,1800,180,19,1,100.0,0.0,0.07570458,0.07570458
OLD_1M,ANALYSIS,EFFECTIVE_CONTINUATION,BUY_EFFECTIVE,1800,180,21,9,77.77777777777777,0.0,3.560234534444444,2.53052064
OLD_1M,ANALYSIS,EFFECTIVE_CONTINUATION,BUY_EFFECTIVE,1800,300,4,2,100.0,0.0,0.39133963,0.39133963
OLD_1M,ANALYSIS,EFFECTIVE_CONTINUATION,BUY_EFFECTIVE,1800,300,5,8,0.0,0.0,-8.972055371249999,-9.933717275
OLD_1M,ANALYSIS,EFFECTIVE_CONTINUATION,BUY_EFFECTIVE,1800,300,6,7,71.42857142857143,0.0,3.6108739128571434,3.99827953
OLD_1M,ANALYSIS,EFFECTIVE_CONTINUATION,BUY_EFFECTIVE,1800,300,8,12,75.0,0.0,4.394284563333333,5.287547755
OLD_1M,ANALYSIS,EFFECTIVE_CONTINUATION,BUY_EFFECTIVE,1800,300,11,1,0.0,0.0,-4.93977277,-4.93977277
OLD_1M,ANALYSIS,EFFECTIVE_CONTINUATION,BUY_EFFECTIVE,1800,300,17,5,80.0,0.0,5.217313219999999,4.37672551
OLD_1M,ANALYSIS,EFFECTIVE_CONTINUATION,BUY_EFFECTIVE,1800,300,19,1,0.0,0.0,-7.615881,-7.615881
OLD_1M,ANALYSIS,EFFECTIVE_CONTINUATION,BUY_EFFECTIVE,1800,300,21,9,88.88888888888889,0.0,5.900720613333333,7.30537208
OLD_1M,ANALYSIS,EFFECTIVE_CONTINUATION,BUY_EFFECTIVE,1800,600,4,2,0.0,0.0,-0.8353551450000001,-0.8353551450000001
OLD_1M,ANALYSIS,EFFECTIVE_CONTINUATION,BUY_EFFECTIVE,1800,600,5,8,0.0,0.0,-11.167057776249997,-11.66590478
OLD_1M,ANALYSIS,EFFECTIVE_CONTINUATION,BUY_EFFECTIVE,1800,600,6,7,57.142857142857146,0.0,-0.41543838428571395,1.45391983
OLD_1M,ANALYSIS,EFFECTIVE_CONTINUATION,BUY_EFFECTIVE,1800,600,8,12,91.66666666666667,0.0,4.350202826666667,5.35608416
OLD_1M,ANALYSIS,EFFECTIVE_CONTINUATION,BUY_EFFECTIVE,1800,600,11,1,0.0,0.0,-16.12645818,-16.12645818
OLD_1M,ANALYSIS,EFFECTIVE_CONTINUATION,BUY_EFFECTIVE,1800,600,17,5,20.0,0.0,-4.404038162,-5.57321585
OLD_1M,ANALYSIS,EFFECTIVE_CONTINUATION,BUY_EFFECTIVE,1800,600,19,1,0.0,0.0,-6.25319852,-6.25319852
OLD_1M,ANALYSIS,EFFECTIVE_CONTINUATION,BUY_EFFECTIVE,1800,600,21,9,100.0,0.0,14.530774774444446,14.75237092
OLD_1M,ANALYSIS,EFFECTIVE_CONTINUATION,SELL_EFFECTIVE,30,60,0,106,47.16981132075472,0.0,-0.35487419650943414,-0.129493275
OLD_1M,ANALYSIS,EFFECTIVE_CONTINUATION,SELL_EFFECTIVE,30,60,1,91,64.83516483516483,0.0,0.9203779489010989,1.29061304
OLD_1M,ANALYSIS,EFFECTIVE_CONTINUATION,SELL_EFFECTIVE,30,60,2,86,38.372093023255815,0.0,-0.7196742895348835,-0.6867899049999999
OLD_1M,ANALYSIS,EFFECTIVE_CONTINUATION,SELL_EFFECTIVE,30,60,3,76,34.21052631578947,0.0,-0.36879386276315795,-0.879429995
OLD_1M,ANALYSIS,EFFECTIVE_CONTINUATION,SELL_EFFECTIVE,30,60,4,42,52.38095238095238,0.0,1.1356156183333337,0.41416762
OLD_1M,ANALYSIS,EFFECTIVE_CONTINUATION,SELL_EFFECTIVE,30,60,5,38,52.63157894736842,0.0,0.28730967052631573,0.113882025
OLD_1M,ANALYSIS,EFFECTIVE_CONTINUATION,SELL_EFFECTIVE,30,60,6,38,34.21052631578947,2.6315789473684212,-0.375418730263158,-0.92211407
OLD_1M,ANALYSIS,EFFECTIVE_CONTINUATION,SELL_EFFECTIVE,30,60,7,52,59.61538461538461,0.0,0.7772944965384616,0.8696305449999999
OLD_1M,ANALYSIS,EFFECTIVE_CONTINUATION,SELL_EFFECTIVE,30,60,8,33,48.484848484848484,0.0,-0.03729808575757575,-0.15136058
OLD_1M,ANALYSIS,EFFECTIVE_CONTINUATION,SELL_EFFECTIVE,30,60,9,81,56.79012345679013,0.0,0.8092323443209877,0.58545197
OLD_1M,ANALYSIS,EFFECTIVE_CONTINUATION,SELL_EFFECTIVE,30,60,10,60,51.666666666666664,0.0,0.7269867675000002,0.270485465
OLD_1M,ANALYSIS,EFFECTIVE_CONTINUATION,SELL_EFFECTIVE,30,60,11,37,54.054054054054056,0.0,-0.640257087027027,0.34974446
OLD_1M,ANALYSIS,EFFECTIVE_CONTINUATION,SELL_EFFECTIVE,30,60,12,2,50.0,0.0,0.90444581,0.90444581
OLD_1M,ANALYSIS,EFFECTIVE_CONTINUATION,SELL_EFFECTIVE,30,60,13,16,50.0,12.5,0.05697431437500006,0.180940895
OLD_1M,ANALYSIS,EFFECTIVE_CONTINUATION,SELL_EFFECTIVE,30,60,14,44,52.27272727272727,0.0,1.3088091011363643,0.21165984
OLD_1M,ANALYSIS,EFFECTIVE_CONTINUATION,SELL_EFFECTIVE,30,60,15,35,42.857142857142854,0.0,-0.3874118497142858,-0.62269905
OLD_1M,ANALYSIS,EFFECTIVE_CONTINUATION,SELL_EFFECTIVE,30,60,16,20,30.0,0.0,-1.5044124315,-0.9867925200000001
OLD_1M,ANALYSIS,EFFECTIVE_CONTINUATION,SELL_EFFECTIVE,30,60,17,29,44.827586206896555,3.4482758620689653,0.7827406827586207,-0.09090207
OLD_1M,ANALYSIS,EFFECTIVE_CONTINUATION,SELL_EFFECTIVE,30,60,18,30,50.0,0.0,0.45443114600000006,0.315406485
OLD_1M,ANALYSIS,EFFECTIVE_CONTINUATION,SELL_EFFECTIVE,30,60,19,62,43.54838709677419,0.0,-0.42570030516129037,-1.09397732
OLD_1M,ANALYSIS,EFFECTIVE_CONTINUATION,SELL_EFFECTIVE,30,60,20,29,37.93103448275862,0.0,-0.16385959344827583,-0.77111844
OLD_1M,ANALYSIS,EFFECTIVE_CONTINUATION,SELL_EFFECTIVE,30,60,21,63,66.66666666666667,0.0,1.205753244285714,1.38062662
OLD_1M,ANALYSIS,EFFECTIVE_CONTINUATION,SELL_EFFECTIVE,30,60,22,66,42.42424242424242,0.0,-0.9869330199999998,-0.548459805
OLD_1M,ANALYSIS,EFFECTIVE_CONTINUATION,SELL_EFFECTIVE,30,60,23,148,53.37837837837838,0.6756756756756757,0.1404968379054052,0.54014617
OLD_1M,ANALYSIS,EFFECTIVE_CONTINUATION,SELL_EFFECTIVE,30,180,0,99,45.45454545454545,0.0,-0.7736938058585858,-1.07943438
OLD_1M,ANALYSIS,EFFECTIVE_CONTINUATION,SELL_EFFECTIVE,30,180,1,91,60.43956043956044,0.0,1.0182372051648356,2.32847059
OLD_1M,ANALYSIS,EFFECTIVE_CONTINUATION,SELL_EFFECTIVE,30,180,2,86,62.7906976744186,0.0,2.1492934867441855,1.89312898
OLD_1M,ANALYSIS,EFFECTIVE_CONTINUATION,SELL_EFFECTIVE,30,180,3,76,51.31578947368421,0.0,-0.6412276077631577,0.105872305
OLD_1M,ANALYSIS,EFFECTIVE_CONTINUATION,SELL_EFFECTIVE,30,180,4,42,61.904761904761905,0.0,1.2209911500000001,0.903497905
OLD_1M,ANALYSIS,EFFECTIVE_CONTINUATION,SELL_EFFECTIVE,30,180,5,38,36.8421052631579,0.0,-1.3975601373684212,-1.7161354850000001
OLD_1M,ANALYSIS,EFFECTIVE_CONTINUATION,SELL_EFFECTIVE,30,180,6,38,42.10526315789474,0.0,-0.5851604055263158,-0.71253083
OLD_1M,ANALYSIS,EFFECTIVE_CONTINUATION,SELL_EFFECTIVE,30,180,7,48,54.166666666666664,0.0,-0.3577606354166667,0.591626215
OLD_1M,ANALYSIS,EFFECTIVE_CONTINUATION,SELL_EFFECTIVE,30,180,8,33,48.484848484848484,0.0,-0.04465512363636367,-0.01509785
OLD_1M,ANALYSIS,EFFECTIVE_CONTINUATION,SELL_EFFECTIVE,30,180,9,81,41.97530864197531,0.0,-1.5649054764197534,-1.70856171
OLD_1M,ANALYSIS,EFFECTIVE_CONTINUATION,SELL_EFFECTIVE,30,180,10,60,63.333333333333336,0.0,1.9998665088333334,2.29688921
OLD_1M,ANALYSIS,EFFECTIVE_CONTINUATION,SELL_EFFECTIVE,30,180,11,34,55.88235294117647,0.0,-0.4156661597058824,2.20205028
OLD_1M,ANALYSIS,EFFECTIVE_CONTINUATION,SELL_EFFECTIVE,30,180,12,2,100.0,0.0,1.15573605,1.15573605
OLD_1M,ANALYSIS,EFFECTIVE_CONTINUATION,SELL_EFFECTIVE,30,180,13,16,50.0,0.0,-0.869847008125,-0.098031025
OLD_1M,ANALYSIS,EFFECTIVE_CONTINUATION,SELL_EFFECTIVE,30,180,14,44,72.72727272727273,0.0,2.9969575465909077,2.7812403249999997
OLD_1M,ANALYSIS,EFFECTIVE_CONTINUATION,SELL_EFFECTIVE,30,180,15,35,54.285714285714285,0.0,0.13741504314285716,0.65238302
OLD_1M,ANALYSIS,EFFECTIVE_CONTINUATION,SELL_EFFECTIVE,30,180,16,20,25.0,0.0,-1.3979266215,-1.86725236
OLD_1M,ANALYSIS,EFFECTIVE_CONTINUATION,SELL_EFFECTIVE,30,180,17,28,53.57142857142857,0.0,0.03343423357142873,0.2348931
OLD_1M,ANALYSIS,EFFECTIVE_CONTINUATION,SELL_EFFECTIVE,30,180,18,30,40.0,0.0,0.3147996233333333,-0.973456815
OLD_1M,ANALYSIS,EFFECTIVE_CONTINUATION,SELL_EFFECTIVE,30,180,19,60,38.333333333333336,0.0,-0.15672461166666687,-0.846684955
OLD_1M,ANALYSIS,EFFECTIVE_CONTINUATION,SELL_EFFECTIVE,30,180,20,29,51.724137931034484,3.4482758620689653,-0.7756932493103448,0.01508293
OLD_1M,ANALYSIS,EFFECTIVE_CONTINUATION,SELL_EFFECTIVE,30,180,21,63,57.142857142857146,0.0,1.242006358730159,0.93260991
OLD_1M,ANALYSIS,EFFECTIVE_CONTINUATION,SELL_EFFECTIVE,30,180,22,66,36.36363636363637,0.0,-2.2717933333333336,-1.85492849
OLD_1M,ANALYSIS,EFFECTIVE_CONTINUATION,SELL_EFFECTIVE,30,180,23,148,48.648648648648646,0.0,-0.5635417357432436,-0.61639534
OLD_1M,ANALYSIS,EFFECTIVE_CONTINUATION,SELL_EFFECTIVE,30,300,0,95,50.526315789473685,0.0,-0.5489802317894732,0.34482707
OLD_1M,ANALYSIS,EFFECTIVE_CONTINUATION,SELL_EFFECTIVE,30,300,1,91,62.637362637362635,0.0,0.40715458230769236,3.17868766
OLD_1M,ANALYSIS,EFFECTIVE_CONTINUATION,SELL_EFFECTIVE,30,300,2,86,73.25581395348837,0.0,3.9692543784883716,3.700259955
OLD_1M,ANALYSIS,EFFECTIVE_CONTINUATION,SELL_EFFECTIVE,30,300,3,76,53.94736842105263,0.0,-0.04370322565789503,0.46038846499999997
OLD_1M,ANALYSIS,EFFECTIVE_CONTINUATION,SELL_EFFECTIVE,30,300,4,42,50.0,0.0,0.3747489247619052,0.11297118
OLD_1M,ANALYSIS,EFFECTIVE_CONTINUATION,SELL_EFFECTIVE,30,300,5,38,31.57894736842105,0.0,-1.9206050557894734,-1.8061378799999999
OLD_1M,ANALYSIS,EFFECTIVE_CONTINUATION,SELL_EFFECTIVE,30,300,6,34,35.294117647058826,0.0,-2.041426300882353,-1.528591385
OLD_1M,ANALYSIS,EFFECTIVE_CONTINUATION,SELL_EFFECTIVE,30,300,7,48,54.166666666666664,0.0,-0.09385055062500018,1.564699165
OLD_1M,ANALYSIS,EFFECTIVE_CONTINUATION,SELL_EFFECTIVE,30,300,8,33,30.303030303030305,0.0,-2.2181521524242434,-2.46717746
OLD_1M,ANALYSIS,EFFECTIVE_CONTINUATION,SELL_EFFECTIVE,30,300,9,81,45.67901234567901,0.0,-1.5514444109876557,-1.47023965
OLD_1M,ANALYSIS,EFFECTIVE_CONTINUATION,SELL_EFFECTIVE,30,300,10,60,61.666666666666664,0.0,2.5035871353333325,4.67944597
OLD_1M,ANALYSIS,EFFECTIVE_CONTINUATION,SELL_EFFECTIVE,30,300,11,27,37.03703703703704,0.0,-2.484686232592595,-1.96386788
OLD_1M,ANALYSIS,EFFECTIVE_CONTINUATION,SELL_EFFECTIVE,30,300,13,16,31.25,0.0,-2.38633136125,-1.94531419
OLD_1M,ANALYSIS,EFFECTIVE_CONTINUATION,SELL_EFFECTIVE,30,300,14,44,70.45454545454545,0.0,4.391114096363637,2.78052966
OLD_1M,ANALYSIS,EFFECTIVE_CONTINUATION,SELL_EFFECTIVE,30,300,15,35,57.142857142857146,0.0,0.23538179600000028,0.95719369
OLD_1M,ANALYSIS,EFFECTIVE_CONTINUATION,SELL_EFFECTIVE,30,300,16,20,45.0,0.0,0.14320367150000007,-0.136615985
OLD_1M,ANALYSIS,EFFECTIVE_CONTINUATION,SELL_EFFECTIVE,30,300,17,26,50.0,0.0,-0.08779099153846198,0.18934957500000002
OLD_1M,ANALYSIS,EFFECTIVE_CONTINUATION,SELL_EFFECTIVE,30,300,18,30,40.0,0.0,0.490703081666667,-1.24525242
OLD_1M,ANALYSIS,EFFECTIVE_CONTINUATION,SELL_EFFECTIVE,30,300,19,60,51.666666666666664,0.0,0.9345943298333333,0.0682951
OLD_1M,ANALYSIS,EFFECTIVE_CONTINUATION,SELL_EFFECTIVE,30,300,20,29,44.827586206896555,0.0,-2.300422720344828,-0.75521058
OLD_1M,ANALYSIS,EFFECTIVE_CONTINUATION,SELL_EFFECTIVE,30,300,21,63,60.317460317460316,0.0,2.5422631753968257,2.53615925
OLD_1M,ANALYSIS,EFFECTIVE_CONTINUATION,SELL_EFFECTIVE,30,300,22,66,34.84848484848485,0.0,-3.671707088787879,-6.516541505
OLD_1M,ANALYSIS,EFFECTIVE_CONTINUATION,SELL_EFFECTIVE,30,300,23,148,50.67567567567568,0.0,-0.14504032797297173,0.331577045
OLD_1M,ANALYSIS,EFFECTIVE_CONTINUATION,SELL_EFFECTIVE,30,600,0,88,50.0,0.0,-0.4106651276136368,0.104872885
OLD_1M,ANALYSIS,EFFECTIVE_CONTINUATION,SELL_EFFECTIVE,30,600,1,91,51.64835164835165,0.0,-2.542952346153846,0.87129867
OLD_1M,ANALYSIS,EFFECTIVE_CONTINUATION,SELL_EFFECTIVE,30,600,2,86,65.11627906976744,0.0,6.3610182755813955,5.896112069999999
OLD_1M,ANALYSIS,EFFECTIVE_CONTINUATION,SELL_EFFECTIVE,30,600,3,76,55.26315789473684,0.0,0.577127144078947,0.45292469
OLD_1M,ANALYSIS,EFFECTIVE_CONTINUATION,SELL_EFFECTIVE,30,600,4,42,45.23809523809524,0.0,-0.2072122861904761,-1.07854932
OLD_1M,ANALYSIS,EFFECTIVE_CONTINUATION,SELL_EFFECTIVE,30,600,5,38,21.05263157894737,2.6315789473684212,-3.721779786578948,-3.6660911900000004
OLD_1M,ANALYSIS,EFFECTIVE_CONTINUATION,SELL_EFFECTIVE,30,600,6,34,44.11764705882353,0.0,-0.44507118735294116,-1.476088985
OLD_1M,ANALYSIS,EFFECTIVE_CONTINUATION,SELL_EFFECTIVE,30,600,7,42,38.095238095238095,0.0,-1.3846371392857149,-1.93187135
OLD_1M,ANALYSIS,EFFECTIVE_CONTINUATION,SELL_EFFECTIVE,30,600,8,33,21.21212121212121,0.0,-7.404108425757575,-7.71879914
OLD_1M,ANALYSIS,EFFECTIVE_CONTINUATION,SELL_EFFECTIVE,30,600,9,81,49.382716049382715,0.0,-3.331295041358025,-0.80096357
OLD_1M,ANALYSIS,EFFECTIVE_CONTINUATION,SELL_EFFECTIVE,30,600,10,60,65.0,0.0,6.464840447666668,4.5225033450000005
OLD_1M,ANALYSIS,EFFECTIVE_CONTINUATION,SELL_EFFECTIVE,30,600,11,26,34.61538461538461,0.0,-3.3909613823076916,-4.1064607550000005
OLD_1M,ANALYSIS,EFFECTIVE_CONTINUATION,SELL_EFFECTIVE,30,600,13,16,31.25,0.0,-3.8196964175000003,-5.61121519
OLD_1M,ANALYSIS,EFFECTIVE_CONTINUATION,SELL_EFFECTIVE,30,600,14,44,81.81818181818181,0.0,7.038075153409088,6.7909593600000004
OLD_1M,ANALYSIS,EFFECTIVE_CONTINUATION,SELL_EFFECTIVE,30,600,15,35,60.0,0.0,0.1365995208571431,1.16830052
OLD_1M,ANALYSIS,EFFECTIVE_CONTINUATION,SELL_EFFECTIVE,30,600,16,20,40.0,0.0,-2.216173043,-2.69680113
OLD_1M,ANALYSIS,EFFECTIVE_CONTINUATION,SELL_EFFECTIVE,30,600,17,23,52.17391304347826,0.0,0.3995475465217388,3.98215751
OLD_1M,ANALYSIS,EFFECTIVE_CONTINUATION,SELL_EFFECTIVE,30,600,18,30,46.666666666666664,0.0,0.30303602266666624,-0.393230435
OLD_1M,ANALYSIS,EFFECTIVE_CONTINUATION,SELL_EFFECTIVE,30,600,19,58,50.0,0.0,2.121388001206895,-0.015071810000000001
OLD_1M,ANALYSIS,EFFECTIVE_CONTINUATION,SELL_EFFECTIVE,30,600,20,29,44.827586206896555,0.0,-2.4308522479310337,-2.78902821
OLD_1M,ANALYSIS,EFFECTIVE_CONTINUATION,SELL_EFFECTIVE,30,600,21,63,57.142857142857146,0.0,1.6183197317460316,0.94140369
OLD_1M,ANALYSIS,EFFECTIVE_CONTINUATION,SELL_EFFECTIVE,30,600,22,66,33.333333333333336,0.0,-10.26225767651515,-10.143451514999999
OLD_1M,ANALYSIS,EFFECTIVE_CONTINUATION,SELL_EFFECTIVE,30,600,23,141,52.4822695035461,0.0,4.542762671702127,1.55598944
OLD_1M,ANALYSIS,EFFECTIVE_CONTINUATION,SELL_EFFECTIVE,60,60,0,70,50.0,1.4285714285714286,-0.05763133199999999,0.106090665
OLD_1M,ANALYSIS,EFFECTIVE_CONTINUATION,SELL_EFFECTIVE,60,60,1,84,63.095238095238095,0.0,0.8250796459523816,0.7910366849999999
OLD_1M,ANALYSIS,EFFECTIVE_CONTINUATION,SELL_EFFECTIVE,60,60,2,64,50.0,1.5625,0.8463185420312501,0.007576575
OLD_1M,ANALYSIS,EFFECTIVE_CONTINUATION,SELL_EFFECTIVE,60,60,3,44,45.45454545454545,0.0,0.16922822272727261,-0.21893275499999998
OLD_1M,ANALYSIS,EFFECTIVE_CONTINUATION,SELL_EFFECTIVE,60,60,4,38,57.89473684210526,0.0,1.6149599284210525,1.1732812049999999
OLD_1M,ANALYSIS,EFFECTIVE_CONTINUATION,SELL_EFFECTIVE,60,60,5,21,23.80952380952381,4.761904761904762,-0.8746116633333335,-1.31009101
OLD_1M,ANALYSIS,EFFECTIVE_CONTINUATION,SELL_EFFECTIVE,60,60,6,25,48.0,4.0,-0.1525721036000001,-0.0
OLD_1M,ANALYSIS,EFFECTIVE_CONTINUATION,SELL_EFFECTIVE,60,60,7,27,55.55555555555556,0.0,0.572558641111111,1.53121248
OLD_1M,ANALYSIS,EFFECTIVE_CONTINUATION,SELL_EFFECTIVE,60,60,8,27,48.148148148148145,0.0,-0.05799453185185185,-0.0150999
OLD_1M,ANALYSIS,EFFECTIVE_CONTINUATION,SELL_EFFECTIVE,60,60,9,61,44.26229508196721,0.0,0.055575121803278615,-0.19658011
OLD_1M,ANALYSIS,EFFECTIVE_CONTINUATION,SELL_EFFECTIVE,60,60,10,53,50.943396226415096,0.0,1.069243759056604,0.03008025
OLD_1M,ANALYSIS,EFFECTIVE_CONTINUATION,SELL_EFFECTIVE,60,60,11,16,50.0,0.0,-2.0604751193750004,-0.9579177900000001
OLD_1M,ANALYSIS,EFFECTIVE_CONTINUATION,SELL_EFFECTIVE,60,60,12,2,50.0,0.0,0.524569725,0.524569725
OLD_1M,ANALYSIS,EFFECTIVE_CONTINUATION,SELL_EFFECTIVE,60,60,13,14,50.0,0.0,0.4388073507142857,0.3543562
OLD_1M,ANALYSIS,EFFECTIVE_CONTINUATION,SELL_EFFECTIVE,60,60,14,43,39.53488372093023,0.0,-0.011073443255813963,-0.787336
OLD_1M,ANALYSIS,EFFECTIVE_CONTINUATION,SELL_EFFECTIVE,60,60,15,20,35.0,0.0,-1.3687704789999997,-1.260177685
OLD_1M,ANALYSIS,EFFECTIVE_CONTINUATION,SELL_EFFECTIVE,60,60,16,18,33.333333333333336,0.0,-1.389852942777778,-1.0251343099999999
OLD_1M,ANALYSIS,EFFECTIVE_CONTINUATION,SELL_EFFECTIVE,60,60,17,19,52.63157894736842,0.0,0.7314651410526317,0.92411501
OLD_1M,ANALYSIS,EFFECTIVE_CONTINUATION,SELL_EFFECTIVE,60,60,18,29,48.275862068965516,0.0,-0.5094292662068967,-0.5886908
OLD_1M,ANALYSIS,EFFECTIVE_CONTINUATION,SELL_EFFECTIVE,60,60,19,37,51.351351351351354,0.0,-0.07825465729729739,0.10551417
OLD_1M,ANALYSIS,EFFECTIVE_CONTINUATION,SELL_EFFECTIVE,60,60,20,26,26.923076923076923,3.8461538461538463,-1.2182655880769229,-1.0900775600000001
OLD_1M,ANALYSIS,EFFECTIVE_CONTINUATION,SELL_EFFECTIVE,60,60,21,44,63.63636363636363,0.0,0.9383249347727272,1.49630278
OLD_1M,ANALYSIS,EFFECTIVE_CONTINUATION,SELL_EFFECTIVE,60,60,22,52,44.23076923076923,1.9230769230769231,-0.44444456538461535,-0.4060206
OLD_1M,ANALYSIS,EFFECTIVE_CONTINUATION,SELL_EFFECTIVE,60,60,23,106,50.943396226415096,0.0,0.313151066226415,0.24615139
OLD_1M,ANALYSIS,EFFECTIVE_CONTINUATION,SELL_EFFECTIVE,60,180,0,63,39.682539682539684,0.0,-1.8391539041269835,-1.84960582
OLD_1M,ANALYSIS,EFFECTIVE_CONTINUATION,SELL_EFFECTIVE,60,180,1,84,54.76190476190476,0.0,-0.1160265272619049,1.04603564
OLD_1M,ANALYSIS,EFFECTIVE_CONTINUATION,SELL_EFFECTIVE,60,180,2,64,57.8125,0.0,2.4643686246875003,1.90604439
OLD_1M,ANALYSIS,EFFECTIVE_CONTINUATION,SELL_EFFECTIVE,60,180,3,44,43.18181818181818,0.0,-1.0293893586363638,-1.433959465
OLD_1M,ANALYSIS,EFFECTIVE_CONTINUATION,SELL_EFFECTIVE,60,180,4,38,81.57894736842105,2.6315789473684212,3.4602424323684198,3.207555065
OLD_1M,ANALYSIS,EFFECTIVE_CONTINUATION,SELL_EFFECTIVE,60,180,5,21,38.095238095238095,0.0,-1.3926212195238095,-1.86802973
OLD_1M,ANALYSIS,EFFECTIVE_CONTINUATION,SELL_EFFECTIVE,60,180,6,22,36.36363636363637,0.0,-1.0263923213636363,-1.34942232
OLD_1M,ANALYSIS,EFFECTIVE_CONTINUATION,SELL_EFFECTIVE,60,180,7,26,53.84615384615385,0.0,-0.25492703076923073,0.53622426
OLD_1M,ANALYSIS,EFFECTIVE_CONTINUATION,SELL_EFFECTIVE,60,180,8,27,14.814814814814815,0.0,-3.898549451111111,-3.88128992
OLD_1M,ANALYSIS,EFFECTIVE_CONTINUATION,SELL_EFFECTIVE,60,180,9,61,36.0655737704918,0.0,-2.765745385573772,-2.02629987
OLD_1M,ANALYSIS,EFFECTIVE_CONTINUATION,SELL_EFFECTIVE,60,180,10,53,71.69811320754717,0.0,2.0710809758490574,2.01832762
OLD_1M,ANALYSIS,EFFECTIVE_CONTINUATION,SELL_EFFECTIVE,60,180,11,16,37.5,0.0,-4.180582848125,-4.112957735
OLD_1M,ANALYSIS,EFFECTIVE_CONTINUATION,SELL_EFFECTIVE,60,180,12,2,100.0,0.0,2.417709515,2.417709515
OLD_1M,ANALYSIS,EFFECTIVE_CONTINUATION,SELL_EFFECTIVE,60,180,13,14,42.857142857142854,0.0,-0.7075774800000001,-0.81444253
OLD_1M,ANALYSIS,EFFECTIVE_CONTINUATION,SELL_EFFECTIVE,60,180,14,43,48.83720930232558,2.3255813953488373,0.6791415132558142,-0.0
OLD_1M,ANALYSIS,EFFECTIVE_CONTINUATION,SELL_EFFECTIVE,60,180,15,20,30.0,0.0,-0.956965858,-1.0553871300000002
OLD_1M,ANALYSIS,EFFECTIVE_CONTINUATION,SELL_EFFECTIVE,60,180,16,18,27.77777777777778,0.0,-2.310670200555555,-1.1159932449999999
OLD_1M,ANALYSIS,EFFECTIVE_CONTINUATION,SELL_EFFECTIVE,60,180,17,19,36.8421052631579,0.0,-0.19480304315789457,-1.47149844
OLD_1M,ANALYSIS,EFFECTIVE_CONTINUATION,SELL_EFFECTIVE,60,180,18,28,25.0,0.0,-1.5444667303571422,-1.7716749649999999
OLD_1M,ANALYSIS,EFFECTIVE_CONTINUATION,SELL_EFFECTIVE,60,180,19,37,37.83783783783784,2.7027027027027026,-0.6430233543243247,-1.07021516
OLD_1M,ANALYSIS,EFFECTIVE_CONTINUATION,SELL_EFFECTIVE,60,180,20,26,42.30769230769231,0.0,-0.8662628411538461,-0.75557309
OLD_1M,ANALYSIS,EFFECTIVE_CONTINUATION,SELL_EFFECTIVE,60,180,21,44,50.0,0.0,1.5194278793181817,0.45559389
OLD_1M,ANALYSIS,EFFECTIVE_CONTINUATION,SELL_EFFECTIVE,60,180,22,52,38.46153846153846,0.0,-1.6043371476923083,-0.70473159
OLD_1M,ANALYSIS,EFFECTIVE_CONTINUATION,SELL_EFFECTIVE,60,180,23,106,49.056603773584904,0.0,0.48291626726415104,-0.549587405
OLD_1M,ANALYSIS,EFFECTIVE_CONTINUATION,SELL_EFFECTIVE,60,300,0,62,48.38709677419355,0.0,-1.724514286935484,-0.858743435
OLD_1M,ANALYSIS,EFFECTIVE_CONTINUATION,SELL_EFFECTIVE,60,300,1,84,55.95238095238095,0.0,-1.12992910047619,1.46347023
OLD_1M,ANALYSIS,EFFECTIVE_CONTINUATION,SELL_EFFECTIVE,60,300,2,64,68.75,0.0,4.311321038124999,3.9645438200000003
OLD_1M,ANALYSIS,EFFECTIVE_CONTINUATION,SELL_EFFECTIVE,60,300,3,44,54.54545454545455,0.0,-0.5013604231818184,0.78797637
OLD_1M,ANALYSIS,EFFECTIVE_CONTINUATION,SELL_EFFECTIVE,60,300,4,38,63.1578947368421,0.0,3.8982088034210554,6.187934895
OLD_1M,ANALYSIS,EFFECTIVE_CONTINUATION,SELL_EFFECTIVE,60,300,5,21,42.857142857142854,0.0,-1.1860510495238092,-1.50647559
OLD_1M,ANALYSIS,EFFECTIVE_CONTINUATION,SELL_EFFECTIVE,60,300,6,22,40.90909090909091,0.0,-1.39214665,-1.334843335
OLD_1M,ANALYSIS,EFFECTIVE_CONTINUATION,SELL_EFFECTIVE,60,300,7,26,61.53846153846154,0.0,0.6529788296153847,1.365179705
OLD_1M,ANALYSIS,EFFECTIVE_CONTINUATION,SELL_EFFECTIVE,60,300,8,27,3.7037037037037037,0.0,-5.856414305925925,-4.36473476
OLD_1M,ANALYSIS,EFFECTIVE_CONTINUATION,SELL_EFFECTIVE,60,300,9,61,32.78688524590164,0.0,-3.897964112786886,-3.90435531
OLD_1M,ANALYSIS,EFFECTIVE_CONTINUATION,SELL_EFFECTIVE,60,300,10,53,62.264150943396224,0.0,2.2513829326415093,4.00370267
OLD_1M,ANALYSIS,EFFECTIVE_CONTINUATION,SELL_EFFECTIVE,60,300,11,12,16.666666666666668,0.0,-8.173933844166667,-10.62721208
OLD_1M,ANALYSIS,EFFECTIVE_CONTINUATION,SELL_EFFECTIVE,60,300,13,14,35.714285714285715,0.0,-2.2429484557142856,-2.17154385
OLD_1M,ANALYSIS,EFFECTIVE_CONTINUATION,SELL_EFFECTIVE,60,300,14,43,58.13953488372093,0.0,2.57725717488372,1.77334257
OLD_1M,ANALYSIS,EFFECTIVE_CONTINUATION,SELL_EFFECTIVE,60,300,15,20,25.0,0.0,-2.9628131135,-2.436667795
OLD_1M,ANALYSIS,EFFECTIVE_CONTINUATION,SELL_EFFECTIVE,60,300,16,18,38.888888888888886,0.0,-1.1952103361111108,-2.22429203
OLD_1M,ANALYSIS,EFFECTIVE_CONTINUATION,SELL_EFFECTIVE,60,300,17,18,44.44444444444444,0.0,0.3127337511111112,-0.7880984999999999
OLD_1M,ANALYSIS,EFFECTIVE_CONTINUATION,SELL_EFFECTIVE,60,300,18,28,28.571428571428573,0.0,-1.7065708885714288,-2.437641775
OLD_1M,ANALYSIS,EFFECTIVE_CONTINUATION,SELL_EFFECTIVE,60,300,19,37,54.054054054054056,0.0,0.6174139567567564,0.37701988
OLD_1M,ANALYSIS,EFFECTIVE_CONTINUATION,SELL_EFFECTIVE,60,300,20,26,38.46153846153846,0.0,-3.1141402788461536,-1.76095346
OLD_1M,ANALYSIS,EFFECTIVE_CONTINUATION,SELL_EFFECTIVE,60,300,21,44,59.09090909090909,0.0,1.7669967509090916,3.354818405
OLD_1M,ANALYSIS,EFFECTIVE_CONTINUATION,SELL_EFFECTIVE,60,300,22,52,34.61538461538461,0.0,-3.863960937115384,-2.4478790200000002
OLD_1M,ANALYSIS,EFFECTIVE_CONTINUATION,SELL_EFFECTIVE,60,300,23,106,56.60377358490566,0.0,0.828143183773585,4.291350705
OLD_1M,ANALYSIS,EFFECTIVE_CONTINUATION,SELL_EFFECTIVE,60,600,0,59,44.067796610169495,0.0,-1.2149877564406788,-0.81881454
OLD_1M,ANALYSIS,EFFECTIVE_CONTINUATION,SELL_EFFECTIVE,60,600,1,84,40.476190476190474,0.0,-4.538771200119047,-0.98753716
OLD_1M,ANALYSIS,EFFECTIVE_CONTINUATION,SELL_EFFECTIVE,60,600,2,64,73.4375,0.0,7.4564090006249995,6.7669946450000005
OLD_1M,ANALYSIS,EFFECTIVE_CONTINUATION,SELL_EFFECTIVE,60,600,3,44,68.18181818181819,0.0,1.1437414777272727,3.932870575
OLD_1M,ANALYSIS,EFFECTIVE_CONTINUATION,SELL_EFFECTIVE,60,600,4,38,60.526315789473685,0.0,2.094777064999999,1.30453953
OLD_1M,ANALYSIS,EFFECTIVE_CONTINUATION,SELL_EFFECTIVE,60,600,5,21,47.61904761904762,0.0,-0.7639084685714288,-0.5160272
OLD_1M,ANALYSIS,EFFECTIVE_CONTINUATION,SELL_EFFECTIVE,60,600,6,22,36.36363636363637,0.0,-0.688012870454545,-1.949949215
OLD_1M,ANALYSIS,EFFECTIVE_CONTINUATION,SELL_EFFECTIVE,60,600,7,25,52.0,0.0,-0.16395653279999983,0.54277603
OLD_1M,ANALYSIS,EFFECTIVE_CONTINUATION,SELL_EFFECTIVE,60,600,8,27,0.0,0.0,-9.240271006666667,-8.40178106
OLD_1M,ANALYSIS,EFFECTIVE_CONTINUATION,SELL_EFFECTIVE,60,600,9,61,37.704918032786885,0.0,-4.260296798524591,-4.34034948
OLD_1M,ANALYSIS,EFFECTIVE_CONTINUATION,SELL_EFFECTIVE,60,600,10,53,79.24528301886792,0.0,7.800302380377356,8.96945877
OLD_1M,ANALYSIS,EFFECTIVE_CONTINUATION,SELL_EFFECTIVE,60,600,11,11,9.090909090909092,0.0,-8.546661173636364,-5.53935683
OLD_1M,ANALYSIS,EFFECTIVE_CONTINUATION,SELL_EFFECTIVE,60,600,13,14,28.571428571428573,0.0,-5.005541645,-5.903419915000001
OLD_1M,ANALYSIS,EFFECTIVE_CONTINUATION,SELL_EFFECTIVE,60,600,14,43,83.72093023255815,0.0,6.678376432558139,7.32222795
OLD_1M,ANALYSIS,EFFECTIVE_CONTINUATION,SELL_EFFECTIVE,60,600,15,20,55.0,0.0,-1.8684463455000002,0.925690715
OLD_1M,ANALYSIS,EFFECTIVE_CONTINUATION,SELL_EFFECTIVE,60,600,16,18,38.888888888888886,0.0,-2.248260533888889,-4.452535225
OLD_1M,ANALYSIS,EFFECTIVE_CONTINUATION,SELL_EFFECTIVE,60,600,17,14,50.0,0.0,-1.3127123585714298,0.24214658
OLD_1M,ANALYSIS,EFFECTIVE_CONTINUATION,SELL_EFFECTIVE,60,600,18,28,39.285714285714285,0.0,-1.2051731942857145,-1.1015691699999999
OLD_1M,ANALYSIS,EFFECTIVE_CONTINUATION,SELL_EFFECTIVE,60,600,19,37,45.945945945945944,0.0,0.7531344691891891,-0.59198273
OLD_1M,ANALYSIS,EFFECTIVE_CONTINUATION,SELL_EFFECTIVE,60,600,20,26,23.076923076923077,0.0,-5.848085288461538,-7.74188249
OLD_1M,ANALYSIS,EFFECTIVE_CONTINUATION,SELL_EFFECTIVE,60,600,21,44,59.09090909090909,0.0,0.7728870695454546,2.1197219
OLD_1M,ANALYSIS,EFFECTIVE_CONTINUATION,SELL_EFFECTIVE,60,600,22,52,21.153846153846153,0.0,-13.061225506538461,-9.149020775
OLD_1M,ANALYSIS,EFFECTIVE_CONTINUATION,SELL_EFFECTIVE,60,600,23,101,59.40594059405941,0.0,6.732076578613855,3.26269645
OLD_1M,ANALYSIS,EFFECTIVE_CONTINUATION,SELL_EFFECTIVE,180,60,0,25,36.0,4.0,-0.8449856143999994,-0.80327489
OLD_1M,ANALYSIS,EFFECTIVE_CONTINUATION,SELL_EFFECTIVE,180,60,1,44,75.0,0.0,2.069770961363637,2.6867925049999997
OLD_1M,ANALYSIS,EFFECTIVE_CONTINUATION,SELL_EFFECTIVE,180,60,2,19,78.94736842105263,0.0,0.6344634047368422,1.79157508
OLD_1M,ANALYSIS,EFFECTIVE_CONTINUATION,SELL_EFFECTIVE,180,60,3,12,25.0,0.0,-1.9021863708333335,-3.161294455
OLD_1M,ANALYSIS,EFFECTIVE_CONTINUATION,SELL_EFFECTIVE,180,60,4,21,71.42857142857143,0.0,2.74148711095238,2.14345001
OLD_1M,ANALYSIS,EFFECTIVE_CONTINUATION,SELL_EFFECTIVE,180,60,5,13,61.53846153846154,0.0,0.2749594015384616,0.33160447
OLD_1M,ANALYSIS,EFFECTIVE_CONTINUATION,SELL_EFFECTIVE,180,60,6,16,31.25,6.25,-0.776468049375,-1.0505028250000001
OLD_1M,ANALYSIS,EFFECTIVE_CONTINUATION,SELL_EFFECTIVE,180,60,7,3,66.66666666666667,0.0,0.5337686466666667,2.05288287
OLD_1M,ANALYSIS,EFFECTIVE_CONTINUATION,SELL_EFFECTIVE,180,60,8,5,40.0,0.0,-1.5139953959999999,-2.73359803
OLD_1M,ANALYSIS,EFFECTIVE_CONTINUATION,SELL_EFFECTIVE,180,60,9,26,30.76923076923077,0.0,-0.909871168076923,-1.30663983
OLD_1M,ANALYSIS,EFFECTIVE_CONTINUATION,SELL_EFFECTIVE,180,60,10,16,62.5,0.0,0.07670162187500015,1.174310485
OLD_1M,ANALYSIS,EFFECTIVE_CONTINUATION,SELL_EFFECTIVE,180,60,11,3,0.0,0.0,-2.531890836666667,-2.59173928
OLD_1M,ANALYSIS,EFFECTIVE_CONTINUATION,SELL_EFFECTIVE,180,60,13,6,66.66666666666667,0.0,0.4422070183333333,0.474959
OLD_1M,ANALYSIS,EFFECTIVE_CONTINUATION,SELL_EFFECTIVE,180,60,14,32,65.625,0.0,1.3963534253125,1.33241537
OLD_1M,ANALYSIS,EFFECTIVE_CONTINUATION,SELL_EFFECTIVE,180,60,15,5,20.0,0.0,-0.513250762,-1.32040049
OLD_1M,ANALYSIS,EFFECTIVE_CONTINUATION,SELL_EFFECTIVE,180,60,16,5,40.0,0.0,-2.108157272,-0.54644394
OLD_1M,ANALYSIS,EFFECTIVE_CONTINUATION,SELL_EFFECTIVE,180,60,17,11,27.272727272727273,0.0,-0.8708205663636364,-2.04623584
OLD_1M,ANALYSIS,EFFECTIVE_CONTINUATION,SELL_EFFECTIVE,180,60,18,10,40.0,0.0,0.26403578000000005,-0.08354969000000001
OLD_1M,ANALYSIS,EFFECTIVE_CONTINUATION,SELL_EFFECTIVE,180,60,19,18,33.333333333333336,5.555555555555555,0.03644096000000017,-0.596738075
OLD_1M,ANALYSIS,EFFECTIVE_CONTINUATION,SELL_EFFECTIVE,180,60,20,17,29.41176470588235,0.0,-1.6886137305882354,-2.51046531
OLD_1M,ANALYSIS,EFFECTIVE_CONTINUATION,SELL_EFFECTIVE,180,60,21,11,63.63636363636363,0.0,0.5964011754545457,0.5771848
OLD_1M,ANALYSIS,EFFECTIVE_CONTINUATION,SELL_EFFECTIVE,180,60,22,21,57.142857142857146,0.0,0.5750872252380953,0.9194446
OLD_1M,ANALYSIS,EFFECTIVE_CONTINUATION,SELL_EFFECTIVE,180,60,23,45,48.888888888888886,0.0,-0.22638381400000018,-1.30216714
OLD_1M,ANALYSIS,EFFECTIVE_CONTINUATION,SELL_EFFECTIVE,180,180,0,23,60.869565217391305,0.0,1.6434163660869554,3.36262116
OLD_1M,ANALYSIS,EFFECTIVE_CONTINUATION,SELL_EFFECTIVE,180,180,1,44,77.27272727272727,0.0,4.522165632954546,4.99948947
OLD_1M,ANALYSIS,EFFECTIVE_CONTINUATION,SELL_EFFECTIVE,180,180,2,19,78.94736842105263,0.0,2.758692327894737,2.17657791
OLD_1M,ANALYSIS,EFFECTIVE_CONTINUATION,SELL_EFFECTIVE,180,180,3,12,33.333333333333336,0.0,-1.9383394166666665,-1.8700758300000002
OLD_1M,ANALYSIS,EFFECTIVE_CONTINUATION,SELL_EFFECTIVE,180,180,4,21,90.47619047619048,0.0,4.911469184285715,3.61476814
OLD_1M,ANALYSIS,EFFECTIVE_CONTINUATION,SELL_EFFECTIVE,180,180,5,13,30.76923076923077,0.0,-2.0303907569230764,-0.91067355
OLD_1M,ANALYSIS,EFFECTIVE_CONTINUATION,SELL_EFFECTIVE,180,180,6,15,33.333333333333336,0.0,-1.511481435333333,-2.08144796
OLD_1M,ANALYSIS,EFFECTIVE_CONTINUATION,SELL_EFFECTIVE,180,180,7,3,66.66666666666667,0.0,1.79662116,3.98500792
OLD_1M,ANALYSIS,EFFECTIVE_CONTINUATION,SELL_EFFECTIVE,180,180,8,5,0.0,0.0,-3.2223470219999997,-3.53947646
OLD_1M,ANALYSIS,EFFECTIVE_CONTINUATION,SELL_EFFECTIVE,180,180,9,26,30.76923076923077,0.0,-3.3262249180769237,-4.454709785
OLD_1M,ANALYSIS,EFFECTIVE_CONTINUATION,SELL_EFFECTIVE,180,180,10,16,81.25,0.0,6.7001320518749985,10.649140540000001
OLD_1M,ANALYSIS,EFFECTIVE_CONTINUATION,SELL_EFFECTIVE,180,180,13,6,50.0,0.0,-1.3104039666666665,0.54285706
OLD_1M,ANALYSIS,EFFECTIVE_CONTINUATION,SELL_EFFECTIVE,180,180,14,32,71.875,0.0,2.8493543553125,3.296218305
OLD_1M,ANALYSIS,EFFECTIVE_CONTINUATION,SELL_EFFECTIVE,180,180,15,5,20.0,0.0,-4.553585053999999,-5.41813756
OLD_1M,ANALYSIS,EFFECTIVE_CONTINUATION,SELL_EFFECTIVE,180,180,16,5,0.0,0.0,-4.131430812,-5.45244677
OLD_1M,ANALYSIS,EFFECTIVE_CONTINUATION,SELL_EFFECTIVE,180,180,17,11,36.36363636363637,0.0,-3.173053168181818,-4.62183537
OLD_1M,ANALYSIS,EFFECTIVE_CONTINUATION,SELL_EFFECTIVE,180,180,18,10,10.0,0.0,-0.874167165,-1.983274695
OLD_1M,ANALYSIS,EFFECTIVE_CONTINUATION,SELL_EFFECTIVE,180,180,19,18,33.333333333333336,0.0,-1.6217369966666668,-0.63413427
OLD_1M,ANALYSIS,EFFECTIVE_CONTINUATION,SELL_EFFECTIVE,180,180,20,17,23.529411764705884,0.0,-5.968678014117648,-8.34116577
OLD_1M,ANALYSIS,EFFECTIVE_CONTINUATION,SELL_EFFECTIVE,180,180,21,11,72.72727272727273,0.0,2.762554027272727,2.62770973
OLD_1M,ANALYSIS,EFFECTIVE_CONTINUATION,SELL_EFFECTIVE,180,180,22,21,47.61904761904762,0.0,0.07101527238095284,-0.67666527
OLD_1M,ANALYSIS,EFFECTIVE_CONTINUATION,SELL_EFFECTIVE,180,180,23,45,42.22222222222222,0.0,-1.0201149984444444,-3.02763362
OLD_1M,ANALYSIS,EFFECTIVE_CONTINUATION,SELL_EFFECTIVE,180,300,0,22,63.63636363636363,0.0,2.426452745454545,4.55406992
OLD_1M,ANALYSIS,EFFECTIVE_CONTINUATION,SELL_EFFECTIVE,180,300,1,44,68.18181818181819,2.272727272727273,2.9657235781818176,3.63806388
OLD_1M,ANALYSIS,EFFECTIVE_CONTINUATION,SELL_EFFECTIVE,180,300,2,19,78.94736842105263,0.0,4.49216914,1.9649127
OLD_1M,ANALYSIS,EFFECTIVE_CONTINUATION,SELL_EFFECTIVE,180,300,3,12,58.333333333333336,0.0,0.54932216,1.28124054
OLD_1M,ANALYSIS,EFFECTIVE_CONTINUATION,SELL_EFFECTIVE,180,300,4,21,52.38095238095238,0.0,0.7889288200000001,0.12049227
OLD_1M,ANALYSIS,EFFECTIVE_CONTINUATION,SELL_EFFECTIVE,180,300,5,13,46.15384615384615,0.0,-3.3896995915384616,-0.50087045
OLD_1M,ANALYSIS,EFFECTIVE_CONTINUATION,SELL_EFFECTIVE,180,300,6,13,30.76923076923077,0.0,-1.6243727353846151,-3.63618258
OLD_1M,ANALYSIS,EFFECTIVE_CONTINUATION,SELL_EFFECTIVE,180,300,7,3,100.0,0.0,3.8989643666666667,3.80387119
OLD_1M,ANALYSIS,EFFECTIVE_CONTINUATION,SELL_EFFECTIVE,180,300,8,5,0.0,0.0,-2.2986628359999997,-2.28936694
OLD_1M,ANALYSIS,EFFECTIVE_CONTINUATION,SELL_EFFECTIVE,180,300,9,26,42.30769230769231,0.0,-3.4890000438461524,-2.785983085
OLD_1M,ANALYSIS,EFFECTIVE_CONTINUATION,SELL_EFFECTIVE,180,300,10,16,68.75,0.0,6.03886582875,12.34582095
OLD_1M,ANALYSIS,EFFECTIVE_CONTINUATION,SELL_EFFECTIVE,180,300,13,6,0.0,0.0,-7.331859756666667,-7.2678608449999995
OLD_1M,ANALYSIS,EFFECTIVE_CONTINUATION,SELL_EFFECTIVE,180,300,14,32,65.625,0.0,3.7440061334374994,1.671278735
OLD_1M,ANALYSIS,EFFECTIVE_CONTINUATION,SELL_EFFECTIVE,180,300,15,5,0.0,0.0,-3.2235524940000007,-3.50589096
OLD_1M,ANALYSIS,EFFECTIVE_CONTINUATION,SELL_EFFECTIVE,180,300,16,5,80.0,0.0,1.6460082280000001,1.35104364
OLD_1M,ANALYSIS,EFFECTIVE_CONTINUATION,SELL_EFFECTIVE,180,300,17,11,27.272727272727273,0.0,-4.390991909090908,-4.00053947
OLD_1M,ANALYSIS,EFFECTIVE_CONTINUATION,SELL_EFFECTIVE,180,300,18,10,30.0,0.0,-1.1722290129999997,-1.607727255
OLD_1M,ANALYSIS,EFFECTIVE_CONTINUATION,SELL_EFFECTIVE,180,300,19,18,33.333333333333336,0.0,-0.6074667511111111,-0.33939251000000004
OLD_1M,ANALYSIS,EFFECTIVE_CONTINUATION,SELL_EFFECTIVE,180,300,20,17,5.882352941176471,0.0,-7.295175944117647,-6.75453098
OLD_1M,ANALYSIS,EFFECTIVE_CONTINUATION,SELL_EFFECTIVE,180,300,21,11,45.45454545454545,0.0,3.807232775454547,-1.07829647
OLD_1M,ANALYSIS,EFFECTIVE_CONTINUATION,SELL_EFFECTIVE,180,300,22,21,33.333333333333336,0.0,-7.87631314952381,-5.3750706
OLD_1M,ANALYSIS,EFFECTIVE_CONTINUATION,SELL_EFFECTIVE,180,300,23,42,59.523809523809526,0.0,-0.6421143873809517,2.33933584
OLD_1M,ANALYSIS,EFFECTIVE_CONTINUATION,SELL_EFFECTIVE,180,600,0,21,61.904761904761905,0.0,0.23980019952380913,3.5277287
OLD_1M,ANALYSIS,EFFECTIVE_CONTINUATION,SELL_EFFECTIVE,180,600,1,44,52.27272727272727,0.0,-2.903566475454545,2.562715125
OLD_1M,ANALYSIS,EFFECTIVE_CONTINUATION,SELL_EFFECTIVE,180,600,2,19,73.6842105263158,0.0,7.749351303684211,9.87243063
OLD_1M,ANALYSIS,EFFECTIVE_CONTINUATION,SELL_EFFECTIVE,180,600,3,12,50.0,0.0,2.5799093133333333,0.685063005
OLD_1M,ANALYSIS,EFFECTIVE_CONTINUATION,SELL_EFFECTIVE,180,600,4,21,14.285714285714286,0.0,-2.906070789523809,-1.65690349
OLD_1M,ANALYSIS,EFFECTIVE_CONTINUATION,SELL_EFFECTIVE,180,600,5,13,15.384615384615385,0.0,-4.604246006153846,-5.56191131
OLD_1M,ANALYSIS,EFFECTIVE_CONTINUATION,SELL_EFFECTIVE,180,600,6,11,36.36363636363637,0.0,-2.3396740681818184,-3.77197363
OLD_1M,ANALYSIS,EFFECTIVE_CONTINUATION,SELL_EFFECTIVE,180,600,7,3,66.66666666666667,0.0,2.39396378,0.25661036
OLD_1M,ANALYSIS,EFFECTIVE_CONTINUATION,SELL_EFFECTIVE,180,600,8,5,0.0,0.0,-8.691788862,-6.82645402
OLD_1M,ANALYSIS,EFFECTIVE_CONTINUATION,SELL_EFFECTIVE,180,600,9,26,34.61538461538461,0.0,-5.032611326923078,-6.29289759
OLD_1M,ANALYSIS,EFFECTIVE_CONTINUATION,SELL_EFFECTIVE,180,600,10,16,81.25,0.0,9.135687129999999,13.979463525
OLD_1M,ANALYSIS,EFFECTIVE_CONTINUATION,SELL_EFFECTIVE,180,600,13,6,0.0,0.0,-9.181901651666667,-8.97976048
OLD_1M,ANALYSIS,EFFECTIVE_CONTINUATION,SELL_EFFECTIVE,180,600,14,32,84.375,0.0,7.683197448124998,3.418507
OLD_1M,ANALYSIS,EFFECTIVE_CONTINUATION,SELL_EFFECTIVE,180,600,15,5,40.0,0.0,-0.731714168,-1.1077474
OLD_1M,ANALYSIS,EFFECTIVE_CONTINUATION,SELL_EFFECTIVE,180,600,16,5,100.0,0.0,5.297675396,5.45349039
OLD_1M,ANALYSIS,EFFECTIVE_CONTINUATION,SELL_EFFECTIVE,180,600,17,9,55.55555555555556,0.0,1.0774920055555557,0.78841276
OLD_1M,ANALYSIS,EFFECTIVE_CONTINUATION,SELL_EFFECTIVE,180,600,18,10,20.0,0.0,-2.276940107,-1.3208103549999999
OLD_1M,ANALYSIS,EFFECTIVE_CONTINUATION,SELL_EFFECTIVE,180,600,19,18,22.22222222222222,0.0,0.6241927238888894,-0.8690037049999999
OLD_1M,ANALYSIS,EFFECTIVE_CONTINUATION,SELL_EFFECTIVE,180,600,20,17,5.882352941176471,0.0,-11.878042654117646,-13.97749699
OLD_1M,ANALYSIS,EFFECTIVE_CONTINUATION,SELL_EFFECTIVE,180,600,21,11,81.81818181818181,0.0,5.660471160000001,4.31241307
OLD_1M,ANALYSIS,EFFECTIVE_CONTINUATION,SELL_EFFECTIVE,180,600,22,21,28.571428571428573,0.0,-16.96513868047619,-10.3401782
OLD_1M,ANALYSIS,EFFECTIVE_CONTINUATION,SELL_EFFECTIVE,180,600,23,39,53.84615384615385,0.0,4.761863362564102,1.98403849
OLD_1M,ANALYSIS,EFFECTIVE_CONTINUATION,SELL_EFFECTIVE,300,60,0,12,50.0,0.0,2.541548624166667,1.3744597
OLD_1M,ANALYSIS,EFFECTIVE_CONTINUATION,SELL_EFFECTIVE,300,60,1,36,52.77777777777778,0.0,-0.09036117472222195,0.649717855
OLD_1M,ANALYSIS,EFFECTIVE_CONTINUATION,SELL_EFFECTIVE,300,60,2,9,77.77777777777777,0.0,2.011549928888889,2.60457284
OLD_1M,ANALYSIS,EFFECTIVE_CONTINUATION,SELL_EFFECTIVE,300,60,3,8,75.0,0.0,1.96503952375,2.668403895
OLD_1M,ANALYSIS,EFFECTIVE_CONTINUATION,SELL_EFFECTIVE,300,60,4,12,50.0,0.0,0.21433243333333343,-0.44999410500000003
OLD_1M,ANALYSIS,EFFECTIVE_CONTINUATION,SELL_EFFECTIVE,300,60,5,16,56.25,0.0,0.007508395624999994,0.698994715
OLD_1M,ANALYSIS,EFFECTIVE_CONTINUATION,SELL_EFFECTIVE,300,60,6,4,50.0,25.0,1.0368107375000002,0.950594725
OLD_1M,ANALYSIS,EFFECTIVE_CONTINUATION,SELL_EFFECTIVE,300,60,7,1,100.0,0.0,5.26739183,5.26739183
OLD_1M,ANALYSIS,EFFECTIVE_CONTINUATION,SELL_EFFECTIVE,300,60,8,4,0.0,0.0,-3.5579202624999997,-3.332413625
OLD_1M,ANALYSIS,EFFECTIVE_CONTINUATION,SELL_EFFECTIVE,300,60,9,19,52.63157894736842,0.0,0.12422911578947357,0.37534212
OLD_1M,ANALYSIS,EFFECTIVE_CONTINUATION,SELL_EFFECTIVE,300,60,10,5,40.0,0.0,-1.2670208619999999,-0.22738987
OLD_1M,ANALYSIS,EFFECTIVE_CONTINUATION,SELL_EFFECTIVE,300,60,13,2,50.0,0.0,-1.2899347,-1.2899347
OLD_1M,ANALYSIS,EFFECTIVE_CONTINUATION,SELL_EFFECTIVE,300,60,14,22,68.18181818181819,0.0,0.747177389090909,1.05919985
OLD_1M,ANALYSIS,EFFECTIVE_CONTINUATION,SELL_EFFECTIVE,300,60,15,3,0.0,0.0,-2.1042155866666667,-1.3355694
OLD_1M,ANALYSIS,EFFECTIVE_CONTINUATION,SELL_EFFECTIVE,300,60,17,6,50.0,0.0,1.374905615,1.3272183
OLD_1M,ANALYSIS,EFFECTIVE_CONTINUATION,SELL_EFFECTIVE,300,60,18,3,33.333333333333336,0.0,2.41863425,-0.61865315
OLD_1M,ANALYSIS,EFFECTIVE_CONTINUATION,SELL_EFFECTIVE,300,60,19,12,50.0,0.0,1.3736410141666662,0.07565490999999999
OLD_1M,ANALYSIS,EFFECTIVE_CONTINUATION,SELL_EFFECTIVE,300,60,20,7,57.142857142857146,0.0,-0.3798199114285715,0.95268051
OLD_1M,ANALYSIS,EFFECTIVE_CONTINUATION,SELL_EFFECTIVE,300,60,21,10,60.0,0.0,0.8709123699999999,1.6915856699999998
OLD_1M,ANALYSIS,EFFECTIVE_CONTINUATION,SELL_EFFECTIVE,300,60,22,8,62.5,0.0,2.18463354625,3.22191397
OLD_1M,ANALYSIS,EFFECTIVE_CONTINUATION,SELL_EFFECTIVE,300,60,23,32,56.25,0.0,1.4170326987499997,0.8251924399999999
OLD_1M,ANALYSIS,EFFECTIVE_CONTINUATION,SELL_EFFECTIVE,300,180,0,12,58.333333333333336,0.0,3.5966498749999993,2.19966873
OLD_1M,ANALYSIS,EFFECTIVE_CONTINUATION,SELL_EFFECTIVE,300,180,1,36,52.77777777777778,0.0,1.2827774952777777,1.17800241
OLD_1M,ANALYSIS,EFFECTIVE_CONTINUATION,SELL_EFFECTIVE,300,180,2,9,88.88888888888889,0.0,4.600861974444445,5.55721279
OLD_1M,ANALYSIS,EFFECTIVE_CONTINUATION,SELL_EFFECTIVE,300,180,3,8,62.5,0.0,0.005089224999999975,1.38711181
OLD_1M,ANALYSIS,EFFECTIVE_CONTINUATION,SELL_EFFECTIVE,300,180,4,12,50.0,0.0,-2.445304825833334,-2.6060694149999994
OLD_1M,ANALYSIS,EFFECTIVE_CONTINUATION,SELL_EFFECTIVE,300,180,5,16,18.75,0.0,-2.0383650099999993,-2.388400625
OLD_1M,ANALYSIS,EFFECTIVE_CONTINUATION,SELL_EFFECTIVE,300,180,6,4,75.0,0.0,-0.34369445500000007,1.4705624
OLD_1M,ANALYSIS,EFFECTIVE_CONTINUATION,SELL_EFFECTIVE,300,180,7,1,100.0,0.0,2.83744889,2.83744889
OLD_1M,ANALYSIS,EFFECTIVE_CONTINUATION,SELL_EFFECTIVE,300,180,8,4,0.0,0.0,-4.8119144425,-4.67430867
OLD_1M,ANALYSIS,EFFECTIVE_CONTINUATION,SELL_EFFECTIVE,300,180,9,19,26.31578947368421,0.0,-4.357020544210526,-4.68327467
OLD_1M,ANALYSIS,EFFECTIVE_CONTINUATION,SELL_EFFECTIVE,300,180,10,5,40.0,0.0,-1.8881425779999996,-5.76700394
OLD_1M,ANALYSIS,EFFECTIVE_CONTINUATION,SELL_EFFECTIVE,300,180,13,2,50.0,0.0,-4.118400265,-4.118400265
OLD_1M,ANALYSIS,EFFECTIVE_CONTINUATION,SELL_EFFECTIVE,300,180,14,22,54.54545454545455,0.0,1.0310891181818183,0.77301308
OLD_1M,ANALYSIS,EFFECTIVE_CONTINUATION,SELL_EFFECTIVE,300,180,15,3,0.0,0.0,-5.164735936666667,-6.49577319
OLD_1M,ANALYSIS,EFFECTIVE_CONTINUATION,SELL_EFFECTIVE,300,180,17,5,40.0,0.0,-0.3577172699999999,-1.47149844
OLD_1M,ANALYSIS,EFFECTIVE_CONTINUATION,SELL_EFFECTIVE,300,180,18,3,33.333333333333336,0.0,2.823362023333333,-0.24141141
OLD_1M,ANALYSIS,EFFECTIVE_CONTINUATION,SELL_EFFECTIVE,300,180,19,12,58.333333333333336,0.0,0.7978807300000003,0.256906335
OLD_1M,ANALYSIS,EFFECTIVE_CONTINUATION,SELL_EFFECTIVE,300,180,20,7,0.0,0.0,-8.335732000000002,-11.38667985
OLD_1M,ANALYSIS,EFFECTIVE_CONTINUATION,SELL_EFFECTIVE,300,180,21,10,70.0,0.0,3.7996430010000006,4.338970435
OLD_1M,ANALYSIS,EFFECTIVE_CONTINUATION,SELL_EFFECTIVE,300,180,22,8,62.5,0.0,3.7300559962500004,7.088125255
OLD_1M,ANALYSIS,EFFECTIVE_CONTINUATION,SELL_EFFECTIVE,300,180,23,32,37.5,0.0,-2.8292088162500004,-3.516537315
OLD_1M,ANALYSIS,EFFECTIVE_CONTINUATION,SELL_EFFECTIVE,300,300,0,12,58.333333333333336,0.0,3.0690696724999995,2.144434055
OLD_1M,ANALYSIS,EFFECTIVE_CONTINUATION,SELL_EFFECTIVE,300,300,1,36,69.44444444444444,0.0,1.854930537777778,1.3355669049999999
OLD_1M,ANALYSIS,EFFECTIVE_CONTINUATION,SELL_EFFECTIVE,300,300,2,9,100.0,0.0,4.740234227777777,2.28804519
OLD_1M,ANALYSIS,EFFECTIVE_CONTINUATION,SELL_EFFECTIVE,300,300,3,8,50.0,0.0,-1.0075329675000004,-1.19015455
OLD_1M,ANALYSIS,EFFECTIVE_CONTINUATION,SELL_EFFECTIVE,300,300,4,12,41.666666666666664,0.0,-3.7710657100000007,-4.7532683
OLD_1M,ANALYSIS,EFFECTIVE_CONTINUATION,SELL_EFFECTIVE,300,300,5,16,12.5,0.0,-4.952930365000001,-6.39016917
OLD_1M,ANALYSIS,EFFECTIVE_CONTINUATION,SELL_EFFECTIVE,300,300,6,4,50.0,0.0,-2.0032550375,-2.05932255
OLD_1M,ANALYSIS,EFFECTIVE_CONTINUATION,SELL_EFFECTIVE,300,300,7,1,100.0,0.0,4.79951462,4.79951462
OLD_1M,ANALYSIS,EFFECTIVE_CONTINUATION,SELL_EFFECTIVE,300,300,8,4,25.0,0.0,-1.92060205,-0.362468865
OLD_1M,ANALYSIS,EFFECTIVE_CONTINUATION,SELL_EFFECTIVE,300,300,9,19,31.57894736842105,0.0,-4.627414745263158,-6.1097167
OLD_1M,ANALYSIS,EFFECTIVE_CONTINUATION,SELL_EFFECTIVE,300,300,10,5,40.0,0.0,-6.120074128000001,-3.0200889
OLD_1M,ANALYSIS,EFFECTIVE_CONTINUATION,SELL_EFFECTIVE,300,300,13,2,0.0,0.0,-7.22534379,-7.22534379
OLD_1M,ANALYSIS,EFFECTIVE_CONTINUATION,SELL_EFFECTIVE,300,300,14,22,50.0,0.0,1.7277489754545456,0.015161695
OLD_1M,ANALYSIS,EFFECTIVE_CONTINUATION,SELL_EFFECTIVE,300,300,15,3,33.333333333333336,0.0,-3.885450183333333,-6.23776351
OLD_1M,ANALYSIS,EFFECTIVE_CONTINUATION,SELL_EFFECTIVE,300,300,17,4,25.0,0.0,-1.4520911424999998,-2.516040605
OLD_1M,ANALYSIS,EFFECTIVE_CONTINUATION,SELL_EFFECTIVE,300,300,18,3,33.333333333333336,0.0,4.073289563333334,-0.82990056
OLD_1M,ANALYSIS,EFFECTIVE_CONTINUATION,SELL_EFFECTIVE,300,300,19,12,41.666666666666664,0.0,1.6902704508333333,-1.0721801
OLD_1M,ANALYSIS,EFFECTIVE_CONTINUATION,SELL_EFFECTIVE,300,300,20,7,0.0,0.0,-7.695817528571429,-7.81802895
OLD_1M,ANALYSIS,EFFECTIVE_CONTINUATION,SELL_EFFECTIVE,300,300,21,10,60.0,0.0,3.5135573980000006,6.531722005000001
OLD_1M,ANALYSIS,EFFECTIVE_CONTINUATION,SELL_EFFECTIVE,300,300,22,8,75.0,0.0,5.92717674,7.3742384350000005
OLD_1M,ANALYSIS,EFFECTIVE_CONTINUATION,SELL_EFFECTIVE,300,300,23,29,58.62068965517241,0.0,2.8170284165517243,8.07353698
OLD_1M,ANALYSIS,EFFECTIVE_CONTINUATION,SELL_EFFECTIVE,300,600,0,12,41.666666666666664,0.0,-3.0240547591666664,-0.8468807
OLD_1M,ANALYSIS,EFFECTIVE_CONTINUATION,SELL_EFFECTIVE,300,600,1,36,55.55555555555556,0.0,-2.2514936100000003,0.348736375
OLD_1M,ANALYSIS,EFFECTIVE_CONTINUATION,SELL_EFFECTIVE,300,600,2,9,55.55555555555556,0.0,2.3814488644444447,0.98428625
OLD_1M,ANALYSIS,EFFECTIVE_CONTINUATION,SELL_EFFECTIVE,300,600,3,8,100.0,0.0,10.361775354999999,11.660033325
OLD_1M,ANALYSIS,EFFECTIVE_CONTINUATION,SELL_EFFECTIVE,300,600,4,12,16.666666666666668,0.0,-7.3465209966666665,-8.693661324999999
OLD_1M,ANALYSIS,EFFECTIVE_CONTINUATION,SELL_EFFECTIVE,300,600,5,16,12.5,0.0,-7.043125544375,-7.8750185649999995
OLD_1M,ANALYSIS,EFFECTIVE_CONTINUATION,SELL_EFFECTIVE,300,600,6,4,0.0,0.0,-3.4433727225000004,-3.507917475
OLD_1M,ANALYSIS,EFFECTIVE_CONTINUATION,SELL_EFFECTIVE,300,600,7,1,100.0,0.0,1.50928133,1.50928133
OLD_1M,ANALYSIS,EFFECTIVE_CONTINUATION,SELL_EFFECTIVE,300,600,8,4,0.0,0.0,-10.245321135000001,-7.219413
OLD_1M,ANALYSIS,EFFECTIVE_CONTINUATION,SELL_EFFECTIVE,300,600,9,19,31.57894736842105,0.0,-6.284374499473684,-8.04733515
OLD_1M,ANALYSIS,EFFECTIVE_CONTINUATION,SELL_EFFECTIVE,300,600,10,5,40.0,0.0,4.699603704,-3.47537869
OLD_1M,ANALYSIS,EFFECTIVE_CONTINUATION,SELL_EFFECTIVE,300,600,13,2,0.0,0.0,-9.32919005,-9.32919005
OLD_1M,ANALYSIS,EFFECTIVE_CONTINUATION,SELL_EFFECTIVE,300,600,14,22,68.18181818181819,0.0,5.271836923636363,1.8796109200000002
OLD_1M,ANALYSIS,EFFECTIVE_CONTINUATION,SELL_EFFECTIVE,300,600,15,3,33.333333333333336,0.0,-0.10665835666666663,-2.82292947
OLD_1M,ANALYSIS,EFFECTIVE_CONTINUATION,SELL_EFFECTIVE,300,600,17,2,100.0,0.0,4.902313065,4.902313065
OLD_1M,ANALYSIS,EFFECTIVE_CONTINUATION,SELL_EFFECTIVE,300,600,18,3,33.333333333333336,0.0,1.2386272699999996,-4.31522899
OLD_1M,ANALYSIS,EFFECTIVE_CONTINUATION,SELL_EFFECTIVE,300,600,19,12,75.0,0.0,9.079287349166666,8.048205565
OLD_1M,ANALYSIS,EFFECTIVE_CONTINUATION,SELL_EFFECTIVE,300,600,20,7,28.571428571428573,0.0,-6.4153749300000005,-9.39070789
OLD_1M,ANALYSIS,EFFECTIVE_CONTINUATION,SELL_EFFECTIVE,300,600,21,10,80.0,0.0,3.6926237630000003,5.01447623
OLD_1M,ANALYSIS,EFFECTIVE_CONTINUATION,SELL_EFFECTIVE,300,600,22,8,50.0,0.0,1.3437582524999998,-1.9585882049999999
OLD_1M,ANALYSIS,EFFECTIVE_CONTINUATION,SELL_EFFECTIVE,300,600,23,29,75.86206896551724,0.0,12.111772575172415,19.23766571
OLD_1M,ANALYSIS,EFFECTIVE_CONTINUATION,SELL_EFFECTIVE,900,60,0,3,100.0,0.0,6.8840483699999995,5.25861604
OLD_1M,ANALYSIS,EFFECTIVE_CONTINUATION,SELL_EFFECTIVE,900,60,1,9,33.333333333333336,0.0,-0.791096471111111,-1.77578647
OLD_1M,ANALYSIS,EFFECTIVE_CONTINUATION,SELL_EFFECTIVE,900,60,5,4,50.0,0.0,-0.41088494749999993,-0.007562634999999984
OLD_1M,ANALYSIS,EFFECTIVE_CONTINUATION,SELL_EFFECTIVE,900,60,6,3,100.0,0.0,3.0000476166666665,3.25668072
OLD_1M,ANALYSIS,EFFECTIVE_CONTINUATION,SELL_EFFECTIVE,900,60,10,3,66.66666666666667,0.0,3.118162563333333,5.26378322
OLD_1M,ANALYSIS,EFFECTIVE_CONTINUATION,SELL_EFFECTIVE,900,60,14,1,100.0,0.0,4.15470615,4.15470615
OLD_1M,ANALYSIS,EFFECTIVE_CONTINUATION,SELL_EFFECTIVE,900,60,17,2,0.0,0.0,-1.304448495,-1.304448495
OLD_1M,ANALYSIS,EFFECTIVE_CONTINUATION,SELL_EFFECTIVE,900,60,19,1,100.0,0.0,4.5168483,4.5168483
OLD_1M,ANALYSIS,EFFECTIVE_CONTINUATION,SELL_EFFECTIVE,900,60,20,7,57.142857142857146,0.0,-0.8605044871428572,0.98251872
OLD_1M,ANALYSIS,EFFECTIVE_CONTINUATION,SELL_EFFECTIVE,900,180,0,3,100.0,0.0,10.928324283333332,15.13539434
OLD_1M,ANALYSIS,EFFECTIVE_CONTINUATION,SELL_EFFECTIVE,900,180,1,9,22.22222222222222,0.0,-5.694769554444444,-4.06167121
OLD_1M,ANALYSIS,EFFECTIVE_CONTINUATION,SELL_EFFECTIVE,900,180,5,4,0.0,0.0,-2.9132994075000003,-3.3466003300000002
OLD_1M,ANALYSIS,EFFECTIVE_CONTINUATION,SELL_EFFECTIVE,900,180,6,3,66.66666666666667,0.0,4.185537056666667,5.30718339
OLD_1M,ANALYSIS,EFFECTIVE_CONTINUATION,SELL_EFFECTIVE,900,180,10,3,100.0,0.0,4.526864453333332,4.07567215
OLD_1M,ANALYSIS,EFFECTIVE_CONTINUATION,SELL_EFFECTIVE,900,180,14,1,100.0,0.0,8.00725185,8.00725185
OLD_1M,ANALYSIS,EFFECTIVE_CONTINUATION,SELL_EFFECTIVE,900,180,17,2,0.0,0.0,-2.237025305,-2.237025305
OLD_1M,ANALYSIS,EFFECTIVE_CONTINUATION,SELL_EFFECTIVE,900,180,19,1,100.0,0.0,1.81278193,1.81278193
OLD_1M,ANALYSIS,EFFECTIVE_CONTINUATION,SELL_EFFECTIVE,900,180,20,7,42.857142857142854,0.0,-3.1544793142857137,-0.95209453
OLD_1M,ANALYSIS,EFFECTIVE_CONTINUATION,SELL_EFFECTIVE,900,300,0,3,66.66666666666667,0.0,7.464908153333333,10.72964589
OLD_1M,ANALYSIS,EFFECTIVE_CONTINUATION,SELL_EFFECTIVE,900,300,1,9,11.11111111111111,0.0,-13.212967839999997,-9.95861608
OLD_1M,ANALYSIS,EFFECTIVE_CONTINUATION,SELL_EFFECTIVE,900,300,5,4,0.0,0.0,-2.3856180074999997,-1.974757275
OLD_1M,ANALYSIS,EFFECTIVE_CONTINUATION,SELL_EFFECTIVE,900,300,6,3,100.0,0.0,3.0449355066666666,1.85449874
OLD_1M,ANALYSIS,EFFECTIVE_CONTINUATION,SELL_EFFECTIVE,900,300,10,3,100.0,0.0,5.815242763333333,4.84268056
OLD_1M,ANALYSIS,EFFECTIVE_CONTINUATION,SELL_EFFECTIVE,900,300,14,1,100.0,0.0,15.44039885,15.44039885
OLD_1M,ANALYSIS,EFFECTIVE_CONTINUATION,SELL_EFFECTIVE,900,300,17,2,50.0,0.0,-1.3201839499999999,-1.3201839499999999
OLD_1M,ANALYSIS,EFFECTIVE_CONTINUATION,SELL_EFFECTIVE,900,300,19,1,100.0,0.0,3.32343353,3.32343353
OLD_1M,ANALYSIS,EFFECTIVE_CONTINUATION,SELL_EFFECTIVE,900,300,20,7,57.142857142857146,0.0,-1.768422427142857,2.47897032
OLD_1M,ANALYSIS,EFFECTIVE_CONTINUATION,SELL_EFFECTIVE,900,600,0,3,66.66666666666667,0.0,-1.5533269066666666,2.24783084
OLD_1M,ANALYSIS,EFFECTIVE_CONTINUATION,SELL_EFFECTIVE,900,600,1,9,22.22222222222222,0.0,-21.879183033333334,-19.58628118
OLD_1M,ANALYSIS,EFFECTIVE_CONTINUATION,SELL_EFFECTIVE,900,600,5,4,0.0,0.0,-7.869320815,-8.027730235
OLD_1M,ANALYSIS,EFFECTIVE_CONTINUATION,SELL_EFFECTIVE,900,600,6,3,33.333333333333336,0.0,-0.6537693866666667,-1.4775681
OLD_1M,ANALYSIS,EFFECTIVE_CONTINUATION,SELL_EFFECTIVE,900,600,10,3,100.0,0.0,20.83457519,25.6872621
OLD_1M,ANALYSIS,EFFECTIVE_CONTINUATION,SELL_EFFECTIVE,900,600,14,1,100.0,0.0,12.72095483,12.72095483
OLD_1M,ANALYSIS,EFFECTIVE_CONTINUATION,SELL_EFFECTIVE,900,600,17,1,100.0,0.0,0.59141179,0.59141179
OLD_1M,ANALYSIS,EFFECTIVE_CONTINUATION,SELL_EFFECTIVE,900,600,19,1,100.0,0.0,5.12110894,5.12110894
OLD_1M,ANALYSIS,EFFECTIVE_CONTINUATION,SELL_EFFECTIVE,900,600,20,7,0.0,0.0,-7.110595107142857,-7.95084383
OLD_1M,ANALYSIS,EFFECTIVE_CONTINUATION,SELL_EFFECTIVE,1800,60,14,2,50.0,0.0,1.15739367,1.15739367
OLD_1M,ANALYSIS,EFFECTIVE_CONTINUATION,SELL_EFFECTIVE,1800,60,20,6,66.66666666666667,0.0,1.3245763833333333,1.971386135
OLD_1M,ANALYSIS,EFFECTIVE_CONTINUATION,SELL_EFFECTIVE,1800,180,14,2,50.0,0.0,-1.067281725,-1.067281725
OLD_1M,ANALYSIS,EFFECTIVE_CONTINUATION,SELL_EFFECTIVE,1800,180,20,6,100.0,0.0,4.7591740033333325,4.77583185
OLD_1M,ANALYSIS,EFFECTIVE_CONTINUATION,SELL_EFFECTIVE,1800,300,14,2,50.0,0.0,-0.484232895,-0.484232895
OLD_1M,ANALYSIS,EFFECTIVE_CONTINUATION,SELL_EFFECTIVE,1800,300,20,6,66.66666666666667,0.0,1.1974390983333336,1.85896503
OLD_1M,ANALYSIS,EFFECTIVE_CONTINUATION,SELL_EFFECTIVE,1800,600,14,2,50.0,0.0,1.467854615,1.467854615
OLD_1M,ANALYSIS,EFFECTIVE_CONTINUATION,SELL_EFFECTIVE,1800,600,20,6,66.66666666666667,0.0,-0.7506177666666668,1.94856464
OLD_1M,ANALYSIS,TRAPPED_REVERSAL,BUY_TRAPPED,30,60,0,41,63.41463414634146,0.0,0.9114563273170732,0.986316
OLD_1M,ANALYSIS,TRAPPED_REVERSAL,BUY_TRAPPED,30,60,1,14,42.857142857142854,0.0,-0.450509662142857,-1.13311626
OLD_1M,ANALYSIS,TRAPPED_REVERSAL,BUY_TRAPPED,30,60,2,7,57.142857142857146,0.0,1.5127365285714285,0.09031099
OLD_1M,ANALYSIS,TRAPPED_REVERSAL,BUY_TRAPPED,30,60,3,16,62.5,0.0,0.19232019187500016,0.66524624
OLD_1M,ANALYSIS,TRAPPED_REVERSAL,BUY_TRAPPED,30,60,4,12,58.333333333333336,0.0,-0.490189435,0.76082969
OLD_1M,ANALYSIS,TRAPPED_REVERSAL,BUY_TRAPPED,30,60,5,9,33.333333333333336,33.333333333333336,0.16129055000000003,-0.0
OLD_1M,ANALYSIS,TRAPPED_REVERSAL,BUY_TRAPPED,30,60,6,3,66.66666666666667,0.0,0.15949271,0.18095454
OLD_1M,ANALYSIS,TRAPPED_REVERSAL,BUY_TRAPPED,30,60,7,8,50.0,12.5,0.07146465874999994,0.105704415
OLD_1M,ANALYSIS,TRAPPED_REVERSAL,BUY_TRAPPED,30,60,8,11,45.45454545454545,0.0,-0.29213871181818174,-0.09098298
OLD_1M,ANALYSIS,TRAPPED_REVERSAL,BUY_TRAPPED,30,60,9,8,75.0,0.0,2.9381530875,4.528892635
OLD_1M,ANALYSIS,TRAPPED_REVERSAL,BUY_TRAPPED,30,60,10,17,70.58823529411765,0.0,0.8528069129411763,1.15536637
OLD_1M,ANALYSIS,TRAPPED_REVERSAL,BUY_TRAPPED,30,60,11,16,31.25,0.0,-1.74383107625,-1.3537904900000002
OLD_1M,ANALYSIS,TRAPPED_REVERSAL,BUY_TRAPPED,30,60,13,7,28.571428571428573,0.0,-0.7298821000000001,-0.57292593
OLD_1M,ANALYSIS,TRAPPED_REVERSAL,BUY_TRAPPED,30,60,14,5,80.0,0.0,4.23768063,4.09222977
OLD_1M,ANALYSIS,TRAPPED_REVERSAL,BUY_TRAPPED,30,60,15,8,50.0,12.5,0.45692573375000006,0.750590235
OLD_1M,ANALYSIS,TRAPPED_REVERSAL,BUY_TRAPPED,30,60,16,17,41.1764705882353,0.0,-0.6480708576470589,-0.92772985
OLD_1M,ANALYSIS,TRAPPED_REVERSAL,BUY_TRAPPED,30,60,17,5,60.0,0.0,-0.814259144,0.0605877
OLD_1M,ANALYSIS,TRAPPED_REVERSAL,BUY_TRAPPED,30,60,18,7,71.42857142857143,0.0,1.0210522914285713,0.77240076
OLD_1M,ANALYSIS,TRAPPED_REVERSAL,BUY_TRAPPED,30,60,19,9,77.77777777777777,0.0,2.6120692522222217,3.51119892
OLD_1M,ANALYSIS,TRAPPED_REVERSAL,BUY_TRAPPED,30,60,20,5,40.0,20.0,0.38634304999999997,-0.0
OLD_1M,ANALYSIS,TRAPPED_REVERSAL,BUY_TRAPPED,30,60,21,15,40.0,0.0,-1.5148446833333333,-0.90421364
OLD_1M,ANALYSIS,TRAPPED_REVERSAL,BUY_TRAPPED,30,60,22,20,70.0,0.0,1.4207549069999998,1.04294475
OLD_1M,ANALYSIS,TRAPPED_REVERSAL,BUY_TRAPPED,30,60,23,22,36.36363636363637,0.0,-1.4834243690909097,-2.07310143
OLD_1M,ANALYSIS,TRAPPED_REVERSAL,BUY_TRAPPED,30,180,0,37,62.16216216216216,0.0,1.2263972370270264,3.75351141
OLD_1M,ANALYSIS,TRAPPED_REVERSAL,BUY_TRAPPED,30,180,1,14,64.28571428571429,0.0,3.086126019285714,2.251042815
OLD_1M,ANALYSIS,TRAPPED_REVERSAL,BUY_TRAPPED,30,180,2,7,42.857142857142854,0.0,-0.7864481628571428,-1.95673803
OLD_1M,ANALYSIS,TRAPPED_REVERSAL,BUY_TRAPPED,30,180,3,16,56.25,0.0,1.714308146875,1.3460596649999998
OLD_1M,ANALYSIS,TRAPPED_REVERSAL,BUY_TRAPPED,30,180,4,12,16.666666666666668,0.0,-3.2397504774999994,-2.50485487
OLD_1M,ANALYSIS,TRAPPED_REVERSAL,BUY_TRAPPED,30,180,5,9,33.333333333333336,0.0,-0.17477407444444448,-0.18213305
OLD_1M,ANALYSIS,TRAPPED_REVERSAL,BUY_TRAPPED,30,180,6,1,0.0,0.0,-3.55774908,-3.55774908
OLD_1M,ANALYSIS,TRAPPED_REVERSAL,BUY_TRAPPED,30,180,7,8,50.0,0.0,0.2502979475,0.280363175
OLD_1M,ANALYSIS,TRAPPED_REVERSAL,BUY_TRAPPED,30,180,8,11,27.272727272727273,0.0,-2.8589945627272724,-2.50437133
OLD_1M,ANALYSIS,TRAPPED_REVERSAL,BUY_TRAPPED,30,180,9,8,62.5,0.0,3.32984908,3.2040472500000003
OLD_1M,ANALYSIS,TRAPPED_REVERSAL,BUY_TRAPPED,30,180,10,17,47.05882352941177,0.0,2.633271254117647,-1.06407559
OLD_1M,ANALYSIS,TRAPPED_REVERSAL,BUY_TRAPPED,30,180,11,16,56.25,0.0,0.7529911606249999,1.033588175
OLD_1M,ANALYSIS,TRAPPED_REVERSAL,BUY_TRAPPED,30,180,13,7,28.571428571428573,0.0,0.6449813557142854,-0.96492789
OLD_1M,ANALYSIS,TRAPPED_REVERSAL,BUY_TRAPPED,30,180,14,5,100.0,0.0,3.4722246859999997,2.84940443
OLD_1M,ANALYSIS,TRAPPED_REVERSAL,BUY_TRAPPED,30,180,15,8,100.0,0.0,3.8062684862500005,4.057476295000001
OLD_1M,ANALYSIS,TRAPPED_REVERSAL,BUY_TRAPPED,30,180,16,17,52.94117647058823,0.0,0.4865838658823531,1.12521003
OLD_1M,ANALYSIS,TRAPPED_REVERSAL,BUY_TRAPPED,30,180,17,5,60.0,0.0,0.7461703980000001,3.49970306
OLD_1M,ANALYSIS,TRAPPED_REVERSAL,BUY_TRAPPED,30,180,18,5,80.0,0.0,4.01725037,4.27302509
OLD_1M,ANALYSIS,TRAPPED_REVERSAL,BUY_TRAPPED,30,180,19,9,44.44444444444444,0.0,0.7270299066666667,-0.03015172
OLD_1M,ANALYSIS,TRAPPED_REVERSAL,BUY_TRAPPED,30,180,20,5,40.0,0.0,-1.8930539320000002,-2.08149506
OLD_1M,ANALYSIS,TRAPPED_REVERSAL,BUY_TRAPPED,30,180,21,15,40.0,0.0,-2.546472671333333,-0.78281893
OLD_1M,ANALYSIS,TRAPPED_REVERSAL,BUY_TRAPPED,30,180,22,20,45.0,0.0,-3.3491398814999997,-5.60917395
OLD_1M,ANALYSIS,TRAPPED_REVERSAL,BUY_TRAPPED,30,180,23,20,40.0,0.0,-3.6432554499999994,-3.7008424
OLD_1M,ANALYSIS,TRAPPED_REVERSAL,BUY_TRAPPED,30,300,0,37,51.351351351351354,0.0,2.481762045945946,0.31507593
OLD_1M,ANALYSIS,TRAPPED_REVERSAL,BUY_TRAPPED,30,300,1,14,42.857142857142854,0.0,-1.9359155871428573,-0.233361675
OLD_1M,ANALYSIS,TRAPPED_REVERSAL,BUY_TRAPPED,30,300,2,7,42.857142857142854,0.0,-2.7353094057142857,-3.28129915
OLD_1M,ANALYSIS,TRAPPED_REVERSAL,BUY_TRAPPED,30,300,3,16,75.0,0.0,3.913816010625,4.189881570000001
OLD_1M,ANALYSIS,TRAPPED_REVERSAL,BUY_TRAPPED,30,300,4,12,33.333333333333336,0.0,-1.7601014758333335,-2.819201745
OLD_1M,ANALYSIS,TRAPPED_REVERSAL,BUY_TRAPPED,30,300,5,9,55.55555555555556,0.0,-1.1995176377777779,0.13552502
OLD_1M,ANALYSIS,TRAPPED_REVERSAL,BUY_TRAPPED,30,300,6,1,0.0,0.0,-0.71154982,-0.71154982
OLD_1M,ANALYSIS,TRAPPED_REVERSAL,BUY_TRAPPED,30,300,7,8,25.0,0.0,-0.4913301950000002,-1.111170055
OLD_1M,ANALYSIS,TRAPPED_REVERSAL,BUY_TRAPPED,30,300,8,11,27.272727272727273,0.0,-3.4177706245454544,-1.12212342
OLD_1M,ANALYSIS,TRAPPED_REVERSAL,BUY_TRAPPED,30,300,9,8,62.5,0.0,4.99994511625,4.00843212
OLD_1M,ANALYSIS,TRAPPED_REVERSAL,BUY_TRAPPED,30,300,10,17,52.94117647058823,0.0,2.9524377741176466,4.40560758
OLD_1M,ANALYSIS,TRAPPED_REVERSAL,BUY_TRAPPED,30,300,11,16,50.0,0.0,0.7130751050000004,0.18278993999999993
OLD_1M,ANALYSIS,TRAPPED_REVERSAL,BUY_TRAPPED,30,300,13,7,71.42857142857143,0.0,2.270008321428571,0.31661696
OLD_1M,ANALYSIS,TRAPPED_REVERSAL,BUY_TRAPPED,30,300,14,5,80.0,0.0,1.090703086,2.24268929
OLD_1M,ANALYSIS,TRAPPED_REVERSAL,BUY_TRAPPED,30,300,15,8,87.5,0.0,4.02703600125,4.479917235
OLD_1M,ANALYSIS,TRAPPED_REVERSAL,BUY_TRAPPED,30,300,16,17,35.294117647058826,5.882352941176471,-1.7225599817647057,-1.58109737
OLD_1M,ANALYSIS,TRAPPED_REVERSAL,BUY_TRAPPED,30,300,17,5,80.0,0.0,1.907609992,2.37806725
OLD_1M,ANALYSIS,TRAPPED_REVERSAL,BUY_TRAPPED,30,300,18,5,100.0,0.0,9.33767213,7.95179847
OLD_1M,ANALYSIS,TRAPPED_REVERSAL,BUY_TRAPPED,30,300,19,9,33.333333333333336,0.0,-0.35539035777777783,-0.9251718
OLD_1M,ANALYSIS,TRAPPED_REVERSAL,BUY_TRAPPED,30,300,20,5,40.0,0.0,-2.399097876,-2.54907728
OLD_1M,ANALYSIS,TRAPPED_REVERSAL,BUY_TRAPPED,30,300,21,15,26.666666666666668,0.0,-3.820279972666667,-2.2438779
OLD_1M,ANALYSIS,TRAPPED_REVERSAL,BUY_TRAPPED,30,300,22,20,50.0,0.0,-1.3299513165,-0.14422860999999998
OLD_1M,ANALYSIS,TRAPPED_REVERSAL,BUY_TRAPPED,30,300,23,18,61.111111111111114,0.0,0.79377937,1.64413341
OLD_1M,ANALYSIS,TRAPPED_REVERSAL,BUY_TRAPPED,30,600,0,30,46.666666666666664,0.0,-0.3424449746666666,-0.8350528
OLD_1M,ANALYSIS,TRAPPED_REVERSAL,BUY_TRAPPED,30,600,1,14,35.714285714285715,0.0,-0.9142245157142853,-0.89894355
OLD_1M,ANALYSIS,TRAPPED_REVERSAL,BUY_TRAPPED,30,600,2,7,14.285714285714286,0.0,-4.259932865714285,-4.19022724
OLD_1M,ANALYSIS,TRAPPED_REVERSAL,BUY_TRAPPED,30,600,3,16,56.25,0.0,4.734796396249998,1.6161072349999999
OLD_1M,ANALYSIS,TRAPPED_REVERSAL,BUY_TRAPPED,30,600,4,12,41.666666666666664,0.0,1.4125019441666666,-0.77912071
OLD_1M,ANALYSIS,TRAPPED_REVERSAL,BUY_TRAPPED,30,600,5,9,77.77777777777777,0.0,0.8783932711111111,2.30331843
OLD_1M,ANALYSIS,TRAPPED_REVERSAL,BUY_TRAPPED,30,600,6,1,0.0,0.0,-5.67725917,-5.67725917
OLD_1M,ANALYSIS,TRAPPED_REVERSAL,BUY_TRAPPED,30,600,7,7,42.857142857142854,0.0,-1.4170172885714283,-3.97181527
OLD_1M,ANALYSIS,TRAPPED_REVERSAL,BUY_TRAPPED,30,600,8,11,18.181818181818183,0.0,-6.038444721818183,-6.38162093
OLD_1M,ANALYSIS,TRAPPED_REVERSAL,BUY_TRAPPED,30,600,9,8,75.0,0.0,5.245590363750001,6.1772040100000005
OLD_1M,ANALYSIS,TRAPPED_REVERSAL,BUY_TRAPPED,30,600,10,17,58.8235294117647,0.0,4.928478515882354,2.46971958
OLD_1M,ANALYSIS,TRAPPED_REVERSAL,BUY_TRAPPED,30,600,11,14,57.142857142857146,0.0,2.680989585000001,1.034832965
OLD_1M,ANALYSIS,TRAPPED_REVERSAL,BUY_TRAPPED,30,600,13,7,71.42857142857143,0.0,3.4000637457142857,5.96779201
OLD_1M,ANALYSIS,TRAPPED_REVERSAL,BUY_TRAPPED,30,600,14,5,100.0,0.0,5.16528967,5.18349104
OLD_1M,ANALYSIS,TRAPPED_REVERSAL,BUY_TRAPPED,30,600,15,8,62.5,0.0,6.1092824525000005,12.516700745
OLD_1M,ANALYSIS,TRAPPED_REVERSAL,BUY_TRAPPED,30,600,16,17,35.294117647058826,0.0,-2.2803998888235286,-7.70784969
OLD_1M,ANALYSIS,TRAPPED_REVERSAL,BUY_TRAPPED,30,600,17,5,60.0,0.0,0.13517514199999975,3.16404435
OLD_1M,ANALYSIS,TRAPPED_REVERSAL,BUY_TRAPPED,30,600,18,4,50.0,0.0,5.5044039325,0.2650658
OLD_1M,ANALYSIS,TRAPPED_REVERSAL,BUY_TRAPPED,30,600,19,9,88.88888888888889,0.0,2.4398835988888887,5.00308172
OLD_1M,ANALYSIS,TRAPPED_REVERSAL,BUY_TRAPPED,30,600,20,3,0.0,0.0,-3.8892759966666666,-1.73457921
OLD_1M,ANALYSIS,TRAPPED_REVERSAL,BUY_TRAPPED,30,600,21,15,6.666666666666667,0.0,-8.513630978666667,-7.23000452
OLD_1M,ANALYSIS,TRAPPED_REVERSAL,BUY_TRAPPED,30,600,22,20,60.0,0.0,-0.2781906609999999,5.31568345
OLD_1M,ANALYSIS,TRAPPED_REVERSAL,BUY_TRAPPED,30,600,23,18,88.88888888888889,0.0,5.8883377716666665,7.11703668
OLD_1M,ANALYSIS,TRAPPED_REVERSAL,BUY_TRAPPED,60,60,0,27,51.851851851851855,3.7037037037037037,-0.18025623370370372,0.10498058
OLD_1M,ANALYSIS,TRAPPED_REVERSAL,BUY_TRAPPED,60,60,1,6,16.666666666666668,0.0,-2.3638797083333336,-4.57294768
OLD_1M,ANALYSIS,TRAPPED_REVERSAL,BUY_TRAPPED,60,60,2,13,46.15384615384615,0.0,1.6854766776923076,-0.67660626
OLD_1M,ANALYSIS,TRAPPED_REVERSAL,BUY_TRAPPED,60,60,3,13,53.84615384615385,0.0,-0.13154523461538467,2.84083572
OLD_1M,ANALYSIS,TRAPPED_REVERSAL,BUY_TRAPPED,60,60,4,12,16.666666666666668,0.0,-0.8021730933333333,-0.573267345
OLD_1M,ANALYSIS,TRAPPED_REVERSAL,BUY_TRAPPED,60,60,5,7,42.857142857142854,28.571428571428573,0.76454312,-0.0
OLD_1M,ANALYSIS,TRAPPED_REVERSAL,BUY_TRAPPED,60,60,6,7,28.571428571428573,0.0,-1.37591647,-1.59049701
OLD_1M,ANALYSIS,TRAPPED_REVERSAL,BUY_TRAPPED,60,60,7,7,57.142857142857146,14.285714285714286,0.17696320285714282,0.28799399
OLD_1M,ANALYSIS,TRAPPED_REVERSAL,BUY_TRAPPED,60,60,8,11,36.36363636363637,0.0,-0.8099317054545455,-1.13147942
OLD_1M,ANALYSIS,TRAPPED_REVERSAL,BUY_TRAPPED,60,60,9,3,100.0,0.0,5.85521978,4.8145057
OLD_1M,ANALYSIS,TRAPPED_REVERSAL,BUY_TRAPPED,60,60,10,20,50.0,0.0,-0.2622806845,0.406796905
OLD_1M,ANALYSIS,TRAPPED_REVERSAL,BUY_TRAPPED,60,60,11,25,36.0,4.0,0.5537975712000002,-0.31954035
OLD_1M,ANALYSIS,TRAPPED_REVERSAL,BUY_TRAPPED,60,60,13,7,28.571428571428573,0.0,-0.6738796642857144,-0.60262473
OLD_1M,ANALYSIS,TRAPPED_REVERSAL,BUY_TRAPPED,60,60,14,1,100.0,0.0,9.69810114,9.69810114
OLD_1M,ANALYSIS,TRAPPED_REVERSAL,BUY_TRAPPED,60,60,15,8,50.0,0.0,2.04720084625,0.2048048
OLD_1M,ANALYSIS,TRAPPED_REVERSAL,BUY_TRAPPED,60,60,16,15,60.0,0.0,-0.5543808579999999,0.44099086
OLD_1M,ANALYSIS,TRAPPED_REVERSAL,BUY_TRAPPED,60,60,17,5,20.0,0.0,-0.689128164,-0.15151492
OLD_1M,ANALYSIS,TRAPPED_REVERSAL,BUY_TRAPPED,60,60,18,7,57.142857142857146,0.0,1.3735756914285715,1.60535765
OLD_1M,ANALYSIS,TRAPPED_REVERSAL,BUY_TRAPPED,60,60,19,6,33.333333333333336,0.0,0.29176523666666665,-0.8834581850000001
OLD_1M,ANALYSIS,TRAPPED_REVERSAL,BUY_TRAPPED,60,60,20,4,25.0,0.0,-0.37115254750000004,-1.14681495
OLD_1M,ANALYSIS,TRAPPED_REVERSAL,BUY_TRAPPED,60,60,21,7,42.857142857142854,0.0,-1.815485192857143,-0.09022556
OLD_1M,ANALYSIS,TRAPPED_REVERSAL,BUY_TRAPPED,60,60,22,15,80.0,0.0,1.2775566800000002,1.49320591
OLD_1M,ANALYSIS,TRAPPED_REVERSAL,BUY_TRAPPED,60,60,23,14,28.571428571428573,0.0,-1.4919160664285713,-0.5859486949999999
OLD_1M,ANALYSIS,TRAPPED_REVERSAL,BUY_TRAPPED,60,180,0,22,54.54545454545455,0.0,0.5615571586363637,3.74538216
OLD_1M,ANALYSIS,TRAPPED_REVERSAL,BUY_TRAPPED,60,180,1,6,16.666666666666668,0.0,-5.576983956666666,-8.613596755
OLD_1M,ANALYSIS,TRAPPED_REVERSAL,BUY_TRAPPED,60,180,2,13,46.15384615384615,0.0,0.49361893230769244,-0.31722054
OLD_1M,ANALYSIS,TRAPPED_REVERSAL,BUY_TRAPPED,60,180,3,13,53.84615384615385,0.0,1.867907541538462,0.54768345
OLD_1M,ANALYSIS,TRAPPED_REVERSAL,BUY_TRAPPED,60,180,4,12,33.333333333333336,0.0,-2.2728509058333333,-2.50409312
OLD_1M,ANALYSIS,TRAPPED_REVERSAL,BUY_TRAPPED,60,180,5,7,42.857142857142854,0.0,0.5323397257142858,-0.01505834
OLD_1M,ANALYSIS,TRAPPED_REVERSAL,BUY_TRAPPED,60,180,6,6,50.0,0.0,-0.10247630666666681,0.044416244999999854
OLD_1M,ANALYSIS,TRAPPED_REVERSAL,BUY_TRAPPED,60,180,7,7,57.142857142857146,0.0,1.8612737485714284,0.4698251
OLD_1M,ANALYSIS,TRAPPED_REVERSAL,BUY_TRAPPED,60,180,8,11,0.0,0.0,-4.131163544545455,-2.7762438
OLD_1M,ANALYSIS,TRAPPED_REVERSAL,BUY_TRAPPED,60,180,9,3,66.66666666666667,0.0,4.868887586666666,5.62345355
OLD_1M,ANALYSIS,TRAPPED_REVERSAL,BUY_TRAPPED,60,180,10,20,45.0,0.0,0.49359503649999975,-1.248020025
OLD_1M,ANALYSIS,TRAPPED_REVERSAL,BUY_TRAPPED,60,180,11,25,60.0,0.0,-0.05177963679999971,0.66900413
OLD_1M,ANALYSIS,TRAPPED_REVERSAL,BUY_TRAPPED,60,180,13,7,57.142857142857146,0.0,-0.13428146285714312,2.65154882
OLD_1M,ANALYSIS,TRAPPED_REVERSAL,BUY_TRAPPED,60,180,14,1,100.0,0.0,1.8790071,1.8790071
OLD_1M,ANALYSIS,TRAPPED_REVERSAL,BUY_TRAPPED,60,180,15,8,87.5,0.0,4.15422631375,4.323140555
OLD_1M,ANALYSIS,TRAPPED_REVERSAL,BUY_TRAPPED,60,180,16,15,60.0,0.0,-0.31573788466666647,1.10742139
OLD_1M,ANALYSIS,TRAPPED_REVERSAL,BUY_TRAPPED,60,180,17,5,60.0,0.0,-3.19558514,0.5757567
OLD_1M,ANALYSIS,TRAPPED_REVERSAL,BUY_TRAPPED,60,180,18,6,83.33333333333333,0.0,2.9740974866666665,3.907527925
OLD_1M,ANALYSIS,TRAPPED_REVERSAL,BUY_TRAPPED,60,180,19,6,33.333333333333336,0.0,0.002885088333333267,-0.06815957
OLD_1M,ANALYSIS,TRAPPED_REVERSAL,BUY_TRAPPED,60,180,20,4,0.0,0.0,-4.22953233,-3.7349816799999997
OLD_1M,ANALYSIS,TRAPPED_REVERSAL,BUY_TRAPPED,60,180,21,7,28.571428571428573,0.0,-5.01992329,-5.43411995
OLD_1M,ANALYSIS,TRAPPED_REVERSAL,BUY_TRAPPED,60,180,22,15,80.0,0.0,1.2720688573333334,3.02041712
OLD_1M,ANALYSIS,TRAPPED_REVERSAL,BUY_TRAPPED,60,180,23,14,35.714285714285715,0.0,-2.406317672142857,-4.240548544999999
OLD_1M,ANALYSIS,TRAPPED_REVERSAL,BUY_TRAPPED,60,300,0,22,40.90909090909091,0.0,1.3472855963636359,-0.902904555
OLD_1M,ANALYSIS,TRAPPED_REVERSAL,BUY_TRAPPED,60,300,1,6,16.666666666666668,0.0,-7.484410636666667,-6.0981412299999995
OLD_1M,ANALYSIS,TRAPPED_REVERSAL,BUY_TRAPPED,60,300,2,13,53.84615384615385,0.0,-0.05849122076923066,0.04510708
OLD_1M,ANALYSIS,TRAPPED_REVERSAL,BUY_TRAPPED,60,300,3,13,69.23076923076923,0.0,2.431492730000001,3.57314455
OLD_1M,ANALYSIS,TRAPPED_REVERSAL,BUY_TRAPPED,60,300,4,12,33.333333333333336,0.0,-1.0573743525000003,-2.15620905
OLD_1M,ANALYSIS,TRAPPED_REVERSAL,BUY_TRAPPED,60,300,5,7,71.42857142857143,0.0,-0.2846222914285714,0.34904067
OLD_1M,ANALYSIS,TRAPPED_REVERSAL,BUY_TRAPPED,60,300,6,6,83.33333333333333,0.0,1.8958119866666667,1.6127408
OLD_1M,ANALYSIS,TRAPPED_REVERSAL,BUY_TRAPPED,60,300,7,6,33.333333333333336,0.0,1.696162985,-0.8941824899999999
OLD_1M,ANALYSIS,TRAPPED_REVERSAL,BUY_TRAPPED,60,300,8,11,9.090909090909092,0.0,-5.199528354545454,-4.44997549
OLD_1M,ANALYSIS,TRAPPED_REVERSAL,BUY_TRAPPED,60,300,9,3,66.66666666666667,0.0,7.0886195,9.82521382
OLD_1M,ANALYSIS,TRAPPED_REVERSAL,BUY_TRAPPED,60,300,10,20,50.0,0.0,2.792086435499999,1.9256716849999997
OLD_1M,ANALYSIS,TRAPPED_REVERSAL,BUY_TRAPPED,60,300,11,24,50.0,0.0,0.42054965125000016,-0.13717955999999998
OLD_1M,ANALYSIS,TRAPPED_REVERSAL,BUY_TRAPPED,60,300,13,7,71.42857142857143,0.0,3.97682779,8.10531486
OLD_1M,ANALYSIS,TRAPPED_REVERSAL,BUY_TRAPPED,60,300,14,1,100.0,0.0,2.25783917,2.25783917
OLD_1M,ANALYSIS,TRAPPED_REVERSAL,BUY_TRAPPED,60,300,15,8,100.0,0.0,5.235956411249999,5.48082806
OLD_1M,ANALYSIS,TRAPPED_REVERSAL,BUY_TRAPPED,60,300,16,15,26.666666666666668,0.0,-2.276410844,-3.52167729
OLD_1M,ANALYSIS,TRAPPED_REVERSAL,BUY_TRAPPED,60,300,17,5,20.0,0.0,-9.725852559999998,-4.69696258
OLD_1M,ANALYSIS,TRAPPED_REVERSAL,BUY_TRAPPED,60,300,18,4,100.0,0.0,6.396139205000001,6.90069438
OLD_1M,ANALYSIS,TRAPPED_REVERSAL,BUY_TRAPPED,60,300,19,6,16.666666666666668,0.0,-1.2444124966666668,-0.711329225
OLD_1M,ANALYSIS,TRAPPED_REVERSAL,BUY_TRAPPED,60,300,20,4,0.0,0.0,-4.453328465,-4.20597116
OLD_1M,ANALYSIS,TRAPPED_REVERSAL,BUY_TRAPPED,60,300,21,7,28.571428571428573,0.0,-3.4158814900000003,-5.39130644
OLD_1M,ANALYSIS,TRAPPED_REVERSAL,BUY_TRAPPED,60,300,22,15,73.33333333333333,0.0,3.1450213400000004,7.663851
OLD_1M,ANALYSIS,TRAPPED_REVERSAL,BUY_TRAPPED,60,300,23,13,23.076923076923077,0.0,-4.438296116153846,-1.86575219
OLD_1M,ANALYSIS,TRAPPED_REVERSAL,BUY_TRAPPED,60,600,0,20,50.0,0.0,1.702566175,0.15601624
OLD_1M,ANALYSIS,TRAPPED_REVERSAL,BUY_TRAPPED,60,600,1,6,16.666666666666668,0.0,-4.909821971666667,-1.086776245
OLD_1M,ANALYSIS,TRAPPED_REVERSAL,BUY_TRAPPED,60,600,2,13,69.23076923076923,0.0,8.846730528461537,4.57537096
OLD_1M,ANALYSIS,TRAPPED_REVERSAL,BUY_TRAPPED,60,600,3,13,46.15384615384615,0.0,2.9385940069230774,-0.45631888
OLD_1M,ANALYSIS,TRAPPED_REVERSAL,BUY_TRAPPED,60,600,4,12,50.0,0.0,4.21070555,3.0912233700000002
OLD_1M,ANALYSIS,TRAPPED_REVERSAL,BUY_TRAPPED,60,600,5,7,71.42857142857143,0.0,0.7755096785714286,2.39427542
OLD_1M,ANALYSIS,TRAPPED_REVERSAL,BUY_TRAPPED,60,600,6,6,50.0,0.0,1.9989552600000005,0.914991595
OLD_1M,ANALYSIS,TRAPPED_REVERSAL,BUY_TRAPPED,60,600,7,6,50.0,0.0,1.4638959449999998,1.663385845
OLD_1M,ANALYSIS,TRAPPED_REVERSAL,BUY_TRAPPED,60,600,8,11,0.0,0.0,-8.806308600000001,-9.93204076
OLD_1M,ANALYSIS,TRAPPED_REVERSAL,BUY_TRAPPED,60,600,9,3,66.66666666666667,0.0,5.13443672,12.10418047
OLD_1M,ANALYSIS,TRAPPED_REVERSAL,BUY_TRAPPED,60,600,10,20,40.0,0.0,0.2960151350000001,-2.85107602
OLD_1M,ANALYSIS,TRAPPED_REVERSAL,BUY_TRAPPED,60,600,11,18,55.55555555555556,5.555555555555555,0.5249594711111109,0.53977126
OLD_1M,ANALYSIS,TRAPPED_REVERSAL,BUY_TRAPPED,60,600,13,7,85.71428571428571,0.0,4.358396268571428,5.58935281
OLD_1M,ANALYSIS,TRAPPED_REVERSAL,BUY_TRAPPED,60,600,14,1,100.0,0.0,4.83389729,4.83389729
OLD_1M,ANALYSIS,TRAPPED_REVERSAL,BUY_TRAPPED,60,600,15,8,100.0,0.0,9.383336065,10.920996915
OLD_1M,ANALYSIS,TRAPPED_REVERSAL,BUY_TRAPPED,60,600,16,15,33.333333333333336,0.0,-5.051083814666667,-7.95195378
OLD_1M,ANALYSIS,TRAPPED_REVERSAL,BUY_TRAPPED,60,600,17,5,20.0,0.0,-8.98848855,-9.07574382
OLD_1M,ANALYSIS,TRAPPED_REVERSAL,BUY_TRAPPED,60,600,18,3,33.333333333333336,0.0,-2.0403480233333333,-3.83287455
OLD_1M,ANALYSIS,TRAPPED_REVERSAL,BUY_TRAPPED,60,600,19,6,66.66666666666667,0.0,0.33793795833333345,1.9834303949999998
OLD_1M,ANALYSIS,TRAPPED_REVERSAL,BUY_TRAPPED,60,600,20,4,0.0,0.0,-6.0719842475000005,-6.383078135
OLD_1M,ANALYSIS,TRAPPED_REVERSAL,BUY_TRAPPED,60,600,21,7,0.0,0.0,-10.73995515857143,-7.33015342
OLD_1M,ANALYSIS,TRAPPED_REVERSAL,BUY_TRAPPED,60,600,22,15,73.33333333333333,0.0,1.388623322,5.77474532
OLD_1M,ANALYSIS,TRAPPED_REVERSAL,BUY_TRAPPED,60,600,23,13,61.53846153846154,0.0,-0.585371062307693,6.35104638
OLD_1M,ANALYSIS,TRAPPED_REVERSAL,BUY_TRAPPED,180,60,0,10,40.0,0.0,-1.89890614,-0.99056554
OLD_1M,ANALYSIS,TRAPPED_REVERSAL,BUY_TRAPPED,180,60,1,1,0.0,0.0,-4.49670718,-4.49670718
OLD_1M,ANALYSIS,TRAPPED_REVERSAL,BUY_TRAPPED,180,60,2,1,100.0,0.0,1.32449135,1.32449135
OLD_1M,ANALYSIS,TRAPPED_REVERSAL,BUY_TRAPPED,180,60,3,6,16.666666666666668,0.0,-1.5001354233333333,-1.34876475
OLD_1M,ANALYSIS,TRAPPED_REVERSAL,BUY_TRAPPED,180,60,4,1,0.0,0.0,-5.58554083,-5.58554083
OLD_1M,ANALYSIS,TRAPPED_REVERSAL,BUY_TRAPPED,180,60,5,6,16.666666666666668,0.0,-1.229762485,-1.34014546
OLD_1M,ANALYSIS,TRAPPED_REVERSAL,BUY_TRAPPED,180,60,6,2,50.0,0.0,0.32822228500000006,0.32822228500000006
OLD_1M,ANALYSIS,TRAPPED_REVERSAL,BUY_TRAPPED,180,60,7,2,100.0,0.0,2.140925345,2.140925345
OLD_1M,ANALYSIS,TRAPPED_REVERSAL,BUY_TRAPPED,180,60,8,7,42.857142857142854,0.0,-1.7756405214285718,-1.69064004
OLD_1M,ANALYSIS,TRAPPED_REVERSAL,BUY_TRAPPED,180,60,9,3,0.0,0.0,-1.7180346,-1.26227146
OLD_1M,ANALYSIS,TRAPPED_REVERSAL,BUY_TRAPPED,180,60,10,4,50.0,0.0,3.5360043749999996,0.22791441
OLD_1M,ANALYSIS,TRAPPED_REVERSAL,BUY_TRAPPED,180,60,11,9,55.55555555555556,0.0,-1.079871338888889,0.13699881
OLD_1M,ANALYSIS,TRAPPED_REVERSAL,BUY_TRAPPED,180,60,12,5,100.0,0.0,4.501229245999999,4.08986762
OLD_1M,ANALYSIS,TRAPPED_REVERSAL,BUY_TRAPPED,180,60,14,3,66.66666666666667,0.0,1.60178255,1.60679584
OLD_1M,ANALYSIS,TRAPPED_REVERSAL,BUY_TRAPPED,180,60,15,5,60.0,0.0,1.261552802,3.61074911
OLD_1M,ANALYSIS,TRAPPED_REVERSAL,BUY_TRAPPED,180,60,16,11,45.45454545454545,0.0,-0.244459631818182,-1.15319077
OLD_1M,ANALYSIS,TRAPPED_REVERSAL,BUY_TRAPPED,180,60,17,1,0.0,0.0,-1.37837019,-1.37837019
OLD_1M,ANALYSIS,TRAPPED_REVERSAL,BUY_TRAPPED,180,60,18,3,66.66666666666667,0.0,1.1967665200000002,1.681515
OLD_1M,ANALYSIS,TRAPPED_REVERSAL,BUY_TRAPPED,180,60,19,1,0.0,0.0,-0.66733805,-0.66733805
OLD_1M,ANALYSIS,TRAPPED_REVERSAL,BUY_TRAPPED,180,60,20,4,0.0,0.0,-2.2685655075,-2.2124127700000003
OLD_1M,ANALYSIS,TRAPPED_REVERSAL,BUY_TRAPPED,180,60,21,1,0.0,0.0,-0.37681247,-0.37681247
OLD_1M,ANALYSIS,TRAPPED_REVERSAL,BUY_TRAPPED,180,60,22,2,100.0,0.0,1.013188975,1.013188975
OLD_1M,ANALYSIS,TRAPPED_REVERSAL,BUY_TRAPPED,180,60,23,5,80.0,0.0,5.381003046,4.79506124
OLD_1M,ANALYSIS,TRAPPED_REVERSAL,BUY_TRAPPED,180,180,0,10,40.0,0.0,-1.7391960449999995,-2.573893835
OLD_1M,ANALYSIS,TRAPPED_REVERSAL,BUY_TRAPPED,180,180,1,1,0.0,0.0,-10.06119432,-10.06119432
OLD_1M,ANALYSIS,TRAPPED_REVERSAL,BUY_TRAPPED,180,180,2,1,100.0,0.0,5.34311851,5.34311851
OLD_1M,ANALYSIS,TRAPPED_REVERSAL,BUY_TRAPPED,180,180,3,6,0.0,0.0,-7.830995128333334,-7.718198325
OLD_1M,ANALYSIS,TRAPPED_REVERSAL,BUY_TRAPPED,180,180,4,1,0.0,0.0,-0.42155025,-0.42155025
OLD_1M,ANALYSIS,TRAPPED_REVERSAL,BUY_TRAPPED,180,180,5,6,16.666666666666668,0.0,-0.7328472566666666,-0.90342764
OLD_1M,ANALYSIS,TRAPPED_REVERSAL,BUY_TRAPPED,180,180,6,2,100.0,0.0,3.31258035,3.31258035
OLD_1M,ANALYSIS,TRAPPED_REVERSAL,BUY_TRAPPED,180,180,7,2,100.0,0.0,8.898297095,8.898297095
OLD_1M,ANALYSIS,TRAPPED_REVERSAL,BUY_TRAPPED,180,180,8,7,14.285714285714286,0.0,-3.202308977142857,-3.03202177
OLD_1M,ANALYSIS,TRAPPED_REVERSAL,BUY_TRAPPED,180,180,9,3,0.0,0.0,-7.262925943333332,-5.72501878
OLD_1M,ANALYSIS,TRAPPED_REVERSAL,BUY_TRAPPED,180,180,10,4,25.0,0.0,0.23597348250000016,-3.87802935
OLD_1M,ANALYSIS,TRAPPED_REVERSAL,BUY_TRAPPED,180,180,11,9,66.66666666666667,0.0,-1.1260390477777777,1.26526223
OLD_1M,ANALYSIS,TRAPPED_REVERSAL,BUY_TRAPPED,180,180,12,3,100.0,0.0,0.42571133666666666,0.42571113
OLD_1M,ANALYSIS,TRAPPED_REVERSAL,BUY_TRAPPED,180,180,14,3,100.0,0.0,2.920888686666667,3.42678655
OLD_1M,ANALYSIS,TRAPPED_REVERSAL,BUY_TRAPPED,180,180,15,5,60.0,0.0,0.28485832399999994,1.15301232
OLD_1M,ANALYSIS,TRAPPED_REVERSAL,BUY_TRAPPED,180,180,16,11,45.45454545454545,0.0,-0.18867368454545447,-1.20151909
OLD_1M,ANALYSIS,TRAPPED_REVERSAL,BUY_TRAPPED,180,180,17,1,100.0,0.0,5.81641927,5.81641927
OLD_1M,ANALYSIS,TRAPPED_REVERSAL,BUY_TRAPPED,180,180,18,3,100.0,0.0,6.4121545666666675,7.14900217
OLD_1M,ANALYSIS,TRAPPED_REVERSAL,BUY_TRAPPED,180,180,19,1,100.0,0.0,0.39433612,0.39433612
OLD_1M,ANALYSIS,TRAPPED_REVERSAL,BUY_TRAPPED,180,180,20,4,25.0,0.0,-4.825496927500001,-6.674957745
OLD_1M,ANALYSIS,TRAPPED_REVERSAL,BUY_TRAPPED,180,180,21,1,0.0,0.0,-5.9084195,-5.9084195
OLD_1M,ANALYSIS,TRAPPED_REVERSAL,BUY_TRAPPED,180,180,22,2,100.0,0.0,4.64772574,4.64772574
OLD_1M,ANALYSIS,TRAPPED_REVERSAL,BUY_TRAPPED,180,180,23,5,60.0,0.0,0.7907112960000001,1.29512908
OLD_1M,ANALYSIS,TRAPPED_REVERSAL,BUY_TRAPPED,180,300,0,10,40.0,0.0,0.1067693819999997,-2.1438651500000003
OLD_1M,ANALYSIS,TRAPPED_REVERSAL,BUY_TRAPPED,180,300,1,1,0.0,0.0,-7.0984809,-7.0984809
OLD_1M,ANALYSIS,TRAPPED_REVERSAL,BUY_TRAPPED,180,300,2,1,100.0,0.0,5.38827163,5.38827163
OLD_1M,ANALYSIS,TRAPPED_REVERSAL,BUY_TRAPPED,180,300,3,6,0.0,0.0,-4.170250218333334,-3.803733375
OLD_1M,ANALYSIS,TRAPPED_REVERSAL,BUY_TRAPPED,180,300,4,1,100.0,0.0,0.94848806,0.94848806
OLD_1M,ANALYSIS,TRAPPED_REVERSAL,BUY_TRAPPED,180,300,5,6,66.66666666666667,0.0,0.6700245566666666,0.50437383
OLD_1M,ANALYSIS,TRAPPED_REVERSAL,BUY_TRAPPED,180,300,6,2,100.0,0.0,0.77149658,0.77149658
OLD_1M,ANALYSIS,TRAPPED_REVERSAL,BUY_TRAPPED,180,300,7,2,100.0,0.0,7.716168055,7.716168055
OLD_1M,ANALYSIS,TRAPPED_REVERSAL,BUY_TRAPPED,180,300,8,7,0.0,0.0,-7.189252827142858,-6.5165841
OLD_1M,ANALYSIS,TRAPPED_REVERSAL,BUY_TRAPPED,180,300,9,3,0.0,0.0,-5.8854273233333325,-6.22088655
OLD_1M,ANALYSIS,TRAPPED_REVERSAL,BUY_TRAPPED,180,300,10,4,50.0,0.0,3.511503860000001,-0.6798639200000001
OLD_1M,ANALYSIS,TRAPPED_REVERSAL,BUY_TRAPPED,180,300,11,8,37.5,0.0,0.5515090800000003,-0.631716745
OLD_1M,ANALYSIS,TRAPPED_REVERSAL,BUY_TRAPPED,180,300,12,1,100.0,0.0,9.53288847,9.53288847
OLD_1M,ANALYSIS,TRAPPED_REVERSAL,BUY_TRAPPED,180,300,14,3,66.66666666666667,0.0,0.5254322366666666,0.48510427
OLD_1M,ANALYSIS,TRAPPED_REVERSAL,BUY_TRAPPED,180,300,15,5,60.0,0.0,1.556065566,1.13784111
OLD_1M,ANALYSIS,TRAPPED_REVERSAL,BUY_TRAPPED,180,300,16,11,36.36363636363637,0.0,-3.094047332727273,-5.42848541
OLD_1M,ANALYSIS,TRAPPED_REVERSAL,BUY_TRAPPED,180,300,17,1,100.0,0.0,2.18115723,2.18115723
OLD_1M,ANALYSIS,TRAPPED_REVERSAL,BUY_TRAPPED,180,300,18,3,100.0,0.0,5.144906493333333,5.75653784
OLD_1M,ANALYSIS,TRAPPED_REVERSAL,BUY_TRAPPED,180,300,19,1,0.0,0.0,-1.34984287,-1.34984287
OLD_1M,ANALYSIS,TRAPPED_REVERSAL,BUY_TRAPPED,180,300,20,4,25.0,0.0,-6.7471500375,-9.257348735
OLD_1M,ANALYSIS,TRAPPED_REVERSAL,BUY_TRAPPED,180,300,21,1,0.0,0.0,-5.32059205,-5.32059205
OLD_1M,ANALYSIS,TRAPPED_REVERSAL,BUY_TRAPPED,180,300,22,2,100.0,0.0,8.50266759,8.50266759
OLD_1M,ANALYSIS,TRAPPED_REVERSAL,BUY_TRAPPED,180,300,23,5,20.0,0.0,-3.3777881600000006,-1.32596549
OLD_1M,ANALYSIS,TRAPPED_REVERSAL,BUY_TRAPPED,180,600,0,9,22.22222222222222,0.0,-2.748327466666667,-5.56635761
OLD_1M,ANALYSIS,TRAPPED_REVERSAL,BUY_TRAPPED,180,600,1,1,100.0,0.0,0.04511746,0.04511746
OLD_1M,ANALYSIS,TRAPPED_REVERSAL,BUY_TRAPPED,180,600,2,1,100.0,0.0,0.51173529,0.51173529
OLD_1M,ANALYSIS,TRAPPED_REVERSAL,BUY_TRAPPED,180,600,3,6,66.66666666666667,0.0,1.2238860416666666,1.87829766
OLD_1M,ANALYSIS,TRAPPED_REVERSAL,BUY_TRAPPED,180,600,4,1,100.0,0.0,9.65048968,9.65048968
OLD_1M,ANALYSIS,TRAPPED_REVERSAL,BUY_TRAPPED,180,600,5,6,100.0,0.0,3.2848845866666667,2.717842
OLD_1M,ANALYSIS,TRAPPED_REVERSAL,BUY_TRAPPED,180,600,6,2,100.0,0.0,5.0931819250000006,5.0931819250000006
OLD_1M,ANALYSIS,TRAPPED_REVERSAL,BUY_TRAPPED,180,600,7,1,100.0,0.0,4.93302699,4.93302699
OLD_1M,ANALYSIS,TRAPPED_REVERSAL,BUY_TRAPPED,180,600,8,7,0.0,0.0,-9.44564732714286,-6.86822518
OLD_1M,ANALYSIS,TRAPPED_REVERSAL,BUY_TRAPPED,180,600,9,3,0.0,0.0,-8.364855876666667,-7.85892995
OLD_1M,ANALYSIS,TRAPPED_REVERSAL,BUY_TRAPPED,180,600,10,4,100.0,0.0,11.527522425,4.58437317
OLD_1M,ANALYSIS,TRAPPED_REVERSAL,BUY_TRAPPED,180,600,11,8,0.0,0.0,-5.96027098875,-5.2354916
OLD_1M,ANALYSIS,TRAPPED_REVERSAL,BUY_TRAPPED,180,600,14,3,0.0,0.0,-0.5811450133333333,-0.45488317
OLD_1M,ANALYSIS,TRAPPED_REVERSAL,BUY_TRAPPED,180,600,15,5,60.0,0.0,2.948417108,0.4096228
OLD_1M,ANALYSIS,TRAPPED_REVERSAL,BUY_TRAPPED,180,600,16,11,45.45454545454545,0.0,-7.2536894263636364,-8.84979974
OLD_1M,ANALYSIS,TRAPPED_REVERSAL,BUY_TRAPPED,180,600,17,1,0.0,0.0,-1.52983944,-1.52983944
OLD_1M,ANALYSIS,TRAPPED_REVERSAL,BUY_TRAPPED,180,600,18,2,0.0,0.0,-2.6508206650000004,-2.6508206650000004
OLD_1M,ANALYSIS,TRAPPED_REVERSAL,BUY_TRAPPED,180,600,19,1,0.0,0.0,-0.74317192,-0.74317192
OLD_1M,ANALYSIS,TRAPPED_REVERSAL,BUY_TRAPPED,180,600,20,4,25.0,0.0,-7.0068996625,-12.52687022
OLD_1M,ANALYSIS,TRAPPED_REVERSAL,BUY_TRAPPED,180,600,21,1,0.0,0.0,-12.13336147,-12.13336147
OLD_1M,ANALYSIS,TRAPPED_REVERSAL,BUY_TRAPPED,180,600,22,2,100.0,0.0,9.02829699,9.02829699
OLD_1M,ANALYSIS,TRAPPED_REVERSAL,BUY_TRAPPED,180,600,23,5,40.0,0.0,-5.388255625999999,-0.4779643
OLD_1M,ANALYSIS,TRAPPED_REVERSAL,BUY_TRAPPED,300,60,0,4,75.0,0.0,1.472455515,1.654270045
OLD_1M,ANALYSIS,TRAPPED_REVERSAL,BUY_TRAPPED,300,60,4,2,0.0,0.0,-2.9392107999999997,-2.9392107999999997
OLD_1M,ANALYSIS,TRAPPED_REVERSAL,BUY_TRAPPED,300,60,5,8,12.5,0.0,-1.92369452625,-2.40933376
OLD_1M,ANALYSIS,TRAPPED_REVERSAL,BUY_TRAPPED,300,60,8,3,0.0,0.0,-0.64870378,-0.79955225
OLD_1M,ANALYSIS,TRAPPED_REVERSAL,BUY_TRAPPED,300,60,10,2,50.0,0.0,-3.178524845,-3.178524845
OLD_1M,ANALYSIS,TRAPPED_REVERSAL,BUY_TRAPPED,300,60,11,12,75.0,0.0,0.02683173916666659,0.63899328
OLD_1M,ANALYSIS,TRAPPED_REVERSAL,BUY_TRAPPED,300,60,12,3,0.0,0.0,-1.7894247066666666,-1.8857308
OLD_1M,ANALYSIS,TRAPPED_REVERSAL,BUY_TRAPPED,300,60,14,2,50.0,0.0,1.592009575,1.592009575
OLD_1M,ANALYSIS,TRAPPED_REVERSAL,BUY_TRAPPED,300,60,16,7,0.0,0.0,-1.6529562599999998,-1.21616404
OLD_1M,ANALYSIS,TRAPPED_REVERSAL,BUY_TRAPPED,300,60,19,3,0.0,0.0,-0.21738769333333333,-0.01516739
OLD_1M,ANALYSIS,TRAPPED_REVERSAL,BUY_TRAPPED,300,60,20,2,50.0,0.0,0.05277576500000003,0.05277576500000003
OLD_1M,ANALYSIS,TRAPPED_REVERSAL,BUY_TRAPPED,300,60,21,3,0.0,0.0,-3.7516810499999997,-4.57759628
OLD_1M,ANALYSIS,TRAPPED_REVERSAL,BUY_TRAPPED,300,60,22,3,100.0,0.0,2.1184204533333335,1.66150938
OLD_1M,ANALYSIS,TRAPPED_REVERSAL,BUY_TRAPPED,300,180,0,4,50.0,0.0,0.9486978724999999,0.9810768099999998
OLD_1M,ANALYSIS,TRAPPED_REVERSAL,BUY_TRAPPED,300,180,4,2,0.0,0.0,-4.73162442,-4.73162442
OLD_1M,ANALYSIS,TRAPPED_REVERSAL,BUY_TRAPPED,300,180,5,8,25.0,0.0,-1.0747807925000001,-1.475668295
OLD_1M,ANALYSIS,TRAPPED_REVERSAL,BUY_TRAPPED,300,180,8,3,0.0,0.0,-3.157884863333333,-3.54529682
OLD_1M,ANALYSIS,TRAPPED_REVERSAL,BUY_TRAPPED,300,180,10,2,50.0,0.0,-3.4522083649999997,-3.4522083649999997
OLD_1M,ANALYSIS,TRAPPED_REVERSAL,BUY_TRAPPED,300,180,11,12,66.66666666666667,0.0,1.0758531483333333,0.59210708
OLD_1M,ANALYSIS,TRAPPED_REVERSAL,BUY_TRAPPED,300,180,12,3,100.0,0.0,5.54061407,7.04107547
OLD_1M,ANALYSIS,TRAPPED_REVERSAL,BUY_TRAPPED,300,180,14,2,0.0,0.0,-1.963808395,-1.963808395
OLD_1M,ANALYSIS,TRAPPED_REVERSAL,BUY_TRAPPED,300,180,16,7,0.0,0.0,-4.226905542857144,-3.92171169
OLD_1M,ANALYSIS,TRAPPED_REVERSAL,BUY_TRAPPED,300,180,19,3,33.333333333333336,0.0,-1.04655734,-1.75941781
OLD_1M,ANALYSIS,TRAPPED_REVERSAL,BUY_TRAPPED,300,180,20,2,100.0,0.0,2.05096042,2.05096042
OLD_1M,ANALYSIS,TRAPPED_REVERSAL,BUY_TRAPPED,300,180,21,3,33.333333333333336,0.0,-4.502640266666667,-6.28434159
OLD_1M,ANALYSIS,TRAPPED_REVERSAL,BUY_TRAPPED,300,180,22,3,100.0,0.0,6.533087793333333,6.49200234
OLD_1M,ANALYSIS,TRAPPED_REVERSAL,BUY_TRAPPED,300,300,0,4,50.0,0.0,0.3606257525,0.49668626000000005
OLD_1M,ANALYSIS,TRAPPED_REVERSAL,BUY_TRAPPED,300,300,4,2,0.0,0.0,-5.073397440000001,-5.073397440000001
OLD_1M,ANALYSIS,TRAPPED_REVERSAL,BUY_TRAPPED,300,300,5,8,25.0,0.0,-0.5552576600000001,-1.17455021
OLD_1M,ANALYSIS,TRAPPED_REVERSAL,BUY_TRAPPED,300,300,8,3,0.0,0.0,-7.095253756666668,-7.01493956
OLD_1M,ANALYSIS,TRAPPED_REVERSAL,BUY_TRAPPED,300,300,10,2,50.0,0.0,1.8145613799999998,1.8145613799999998
OLD_1M,ANALYSIS,TRAPPED_REVERSAL,BUY_TRAPPED,300,300,11,10,60.0,0.0,2.967824122,1.1182059149999999
OLD_1M,ANALYSIS,TRAPPED_REVERSAL,BUY_TRAPPED,300,300,14,2,0.0,0.0,-1.766540455,-1.766540455
OLD_1M,ANALYSIS,TRAPPED_REVERSAL,BUY_TRAPPED,300,300,16,7,0.0,0.0,-6.2471919385714285,-6.63049297
OLD_1M,ANALYSIS,TRAPPED_REVERSAL,BUY_TRAPPED,300,300,19,3,33.333333333333336,0.0,-0.6269275033333332,-1.16788941
OLD_1M,ANALYSIS,TRAPPED_REVERSAL,BUY_TRAPPED,300,300,20,2,100.0,0.0,1.153665185,1.153665185
OLD_1M,ANALYSIS,TRAPPED_REVERSAL,BUY_TRAPPED,300,300,21,3,33.333333333333336,0.0,-6.350640316666667,-8.1832074
OLD_1M,ANALYSIS,TRAPPED_REVERSAL,BUY_TRAPPED,300,300,22,3,100.0,0.0,6.060875116666668,5.65383302
OLD_1M,ANALYSIS,TRAPPED_REVERSAL,BUY_TRAPPED,300,600,0,2,0.0,0.0,-11.777560755,-11.777560755
OLD_1M,ANALYSIS,TRAPPED_REVERSAL,BUY_TRAPPED,300,600,4,2,0.0,0.0,-12.622685025,-12.622685025
OLD_1M,ANALYSIS,TRAPPED_REVERSAL,BUY_TRAPPED,300,600,5,8,100.0,0.0,2.5071156812499997,2.39427542
OLD_1M,ANALYSIS,TRAPPED_REVERSAL,BUY_TRAPPED,300,600,8,3,0.0,0.0,-14.014455919999998,-12.65746398
OLD_1M,ANALYSIS,TRAPPED_REVERSAL,BUY_TRAPPED,300,600,10,2,100.0,0.0,2.6154019450000003,2.6154019450000003
OLD_1M,ANALYSIS,TRAPPED_REVERSAL,BUY_TRAPPED,300,600,11,10,20.0,0.0,-4.391402686,-2.68444233
OLD_1M,ANALYSIS,TRAPPED_REVERSAL,BUY_TRAPPED,300,600,14,2,50.0,0.0,0.22728252000000004,0.22728252000000004
OLD_1M,ANALYSIS,TRAPPED_REVERSAL,BUY_TRAPPED,300,600,16,7,0.0,0.0,-12.447378697142856,-10.50811528
OLD_1M,ANALYSIS,TRAPPED_REVERSAL,BUY_TRAPPED,300,600,19,3,0.0,0.0,-2.74520401,-1.72908302
OLD_1M,ANALYSIS,TRAPPED_REVERSAL,BUY_TRAPPED,300,600,20,2,100.0,0.0,9.95320465,9.95320465
OLD_1M,ANALYSIS,TRAPPED_REVERSAL,BUY_TRAPPED,300,600,21,3,0.0,0.0,-12.276420443333334,-12.85502009
OLD_1M,ANALYSIS,TRAPPED_REVERSAL,BUY_TRAPPED,300,600,22,3,100.0,0.0,11.303459779999999,10.6371306
OLD_1M,ANALYSIS,TRAPPED_REVERSAL,BUY_TRAPPED,900,60,5,1,100.0,0.0,0.01506022,0.01506022
OLD_1M,ANALYSIS,TRAPPED_REVERSAL,BUY_TRAPPED,900,60,12,1,100.0,0.0,4.10507159,4.10507159
OLD_1M,ANALYSIS,TRAPPED_REVERSAL,BUY_TRAPPED,900,180,5,1,100.0,0.0,0.6626496,0.6626496
OLD_1M,ANALYSIS,TRAPPED_REVERSAL,BUY_TRAPPED,900,180,12,1,100.0,0.0,0.42571113,0.42571113
OLD_1M,ANALYSIS,TRAPPED_REVERSAL,BUY_TRAPPED,900,300,5,1,100.0,0.0,1.52108205,1.52108205
OLD_1M,ANALYSIS,TRAPPED_REVERSAL,BUY_TRAPPED,900,600,5,1,100.0,0.0,3.96083741,3.96083741
OLD_1M,ANALYSIS,TRAPPED_REVERSAL,SELL_TRAPPED,30,60,0,22,45.45454545454545,0.0,-1.3800967790909089,-0.55363538
OLD_1M,ANALYSIS,TRAPPED_REVERSAL,SELL_TRAPPED,30,60,1,22,27.272727272727273,0.0,-2.3600115577272724,-3.2179235549999996
OLD_1M,ANALYSIS,TRAPPED_REVERSAL,SELL_TRAPPED,30,60,2,12,41.666666666666664,0.0,-0.5537773716666666,-1.17332226
OLD_1M,ANALYSIS,TRAPPED_REVERSAL,SELL_TRAPPED,30,60,3,4,75.0,0.0,1.25306182,1.32186978
OLD_1M,ANALYSIS,TRAPPED_REVERSAL,SELL_TRAPPED,30,60,4,6,50.0,0.0,-0.5645850566666666,-0.273452075
OLD_1M,ANALYSIS,TRAPPED_REVERSAL,SELL_TRAPPED,30,60,5,9,66.66666666666667,0.0,1.498898078888889,0.83477648
OLD_1M,ANALYSIS,TRAPPED_REVERSAL,SELL_TRAPPED,30,60,6,3,66.66666666666667,0.0,2.44377285,3.15170086
OLD_1M,ANALYSIS,TRAPPED_REVERSAL,SELL_TRAPPED,30,60,7,5,20.0,0.0,-3.96658738,-4.56784149
OLD_1M,ANALYSIS,TRAPPED_REVERSAL,SELL_TRAPPED,30,60,8,1,100.0,0.0,4.06183655,4.06183655
OLD_1M,ANALYSIS,TRAPPED_REVERSAL,SELL_TRAPPED,30,60,9,27,62.96296296296296,0.0,2.00487531037037,1.25698345
OLD_1M,ANALYSIS,TRAPPED_REVERSAL,SELL_TRAPPED,30,60,10,12,75.0,0.0,3.0904039524999996,3.78092967
OLD_1M,ANALYSIS,TRAPPED_REVERSAL,SELL_TRAPPED,30,60,13,8,87.5,0.0,1.80352557375,1.4166462
OLD_1M,ANALYSIS,TRAPPED_REVERSAL,SELL_TRAPPED,30,60,14,13,61.53846153846154,0.0,0.11938756153846161,0.84785025
OLD_1M,ANALYSIS,TRAPPED_REVERSAL,SELL_TRAPPED,30,60,15,6,66.66666666666667,0.0,0.33368594833333337,1.41019949
OLD_1M,ANALYSIS,TRAPPED_REVERSAL,SELL_TRAPPED,30,60,16,3,66.66666666666667,0.0,0.9011505933333336,4.79737177
OLD_1M,ANALYSIS,TRAPPED_REVERSAL,SELL_TRAPPED,30,60,17,2,100.0,0.0,0.7729223599999999,0.7729223599999999
OLD_1M,ANALYSIS,TRAPPED_REVERSAL,SELL_TRAPPED,30,60,18,1,100.0,0.0,4.46671767,4.46671767
OLD_1M,ANALYSIS,TRAPPED_REVERSAL,SELL_TRAPPED,30,60,19,5,40.0,20.0,1.0460209959999998,0.0
OLD_1M,ANALYSIS,TRAPPED_REVERSAL,SELL_TRAPPED,30,60,20,8,62.5,0.0,0.5347162262499999,0.9934129549999999
OLD_1M,ANALYSIS,TRAPPED_REVERSAL,SELL_TRAPPED,30,60,21,6,66.66666666666667,0.0,0.667301985,0.8685698
OLD_1M,ANALYSIS,TRAPPED_REVERSAL,SELL_TRAPPED,30,60,22,26,46.15384615384615,0.0,0.2895079896153848,-0.9691630950000001
OLD_1M,ANALYSIS,TRAPPED_REVERSAL,SELL_TRAPPED,30,60,23,24,66.66666666666667,0.0,2.1610873429166673,1.90068189
OLD_1M,ANALYSIS,TRAPPED_REVERSAL,SELL_TRAPPED,30,180,0,22,31.818181818181817,0.0,-1.3224273509090907,-1.545108785
OLD_1M,ANALYSIS,TRAPPED_REVERSAL,SELL_TRAPPED,30,180,1,22,40.90909090909091,0.0,-0.6240501231818185,-3.00102205
OLD_1M,ANALYSIS,TRAPPED_REVERSAL,SELL_TRAPPED,30,180,2,12,25.0,0.0,-3.383772505,-5.07662335
OLD_1M,ANALYSIS,TRAPPED_REVERSAL,SELL_TRAPPED,30,180,3,4,50.0,0.0,-0.10837917250000018,0.648465105
OLD_1M,ANALYSIS,TRAPPED_REVERSAL,SELL_TRAPPED,30,180,4,6,33.333333333333336,0.0,-1.72459992,-0.44595231
OLD_1M,ANALYSIS,TRAPPED_REVERSAL,SELL_TRAPPED,30,180,5,9,77.77777777777777,0.0,4.5224887522222215,4.48479578
OLD_1M,ANALYSIS,TRAPPED_REVERSAL,SELL_TRAPPED,30,180,6,3,66.66666666666667,0.0,2.7097595966666668,0.63335615
OLD_1M,ANALYSIS,TRAPPED_REVERSAL,SELL_TRAPPED,30,180,7,5,20.0,0.0,-2.123608762,-2.84924766
OLD_1M,ANALYSIS,TRAPPED_REVERSAL,SELL_TRAPPED,30,180,8,1,0.0,0.0,-1.99316887,-1.99316887
OLD_1M,ANALYSIS,TRAPPED_REVERSAL,SELL_TRAPPED,30,180,9,27,62.96296296296296,0.0,2.5109100085185188,2.55516279
OLD_1M,ANALYSIS,TRAPPED_REVERSAL,SELL_TRAPPED,30,180,10,12,50.0,8.333333333333334,1.3027532575,1.08718956
OLD_1M,ANALYSIS,TRAPPED_REVERSAL,SELL_TRAPPED,30,180,13,8,62.5,0.0,2.92918469375,1.99720347
OLD_1M,ANALYSIS,TRAPPED_REVERSAL,SELL_TRAPPED,30,180,14,13,61.53846153846154,0.0,1.2390319984615386,0.74294318
OLD_1M,ANALYSIS,TRAPPED_REVERSAL,SELL_TRAPPED,30,180,15,6,16.666666666666668,0.0,-4.237224193333333,-5.353367315
OLD_1M,ANALYSIS,TRAPPED_REVERSAL,SELL_TRAPPED,30,180,16,3,66.66666666666667,0.0,-2.701843853333333,1.04752738
OLD_1M,ANALYSIS,TRAPPED_REVERSAL,SELL_TRAPPED,30,180,17,2,100.0,0.0,9.51715528,9.51715528
OLD_1M,ANALYSIS,TRAPPED_REVERSAL,SELL_TRAPPED,30,180,18,1,100.0,0.0,6.77552782,6.77552782
OLD_1M,ANALYSIS,TRAPPED_REVERSAL,SELL_TRAPPED,30,180,19,5,60.0,0.0,-2.02073416,1.54148639
OLD_1M,ANALYSIS,TRAPPED_REVERSAL,SELL_TRAPPED,30,180,20,8,37.5,0.0,-1.8292119949999999,-1.42078041
OLD_1M,ANALYSIS,TRAPPED_REVERSAL,SELL_TRAPPED,30,180,21,6,66.66666666666667,0.0,0.9627713466666666,0.806167665
OLD_1M,ANALYSIS,TRAPPED_REVERSAL,SELL_TRAPPED,30,180,22,26,50.0,0.0,1.4480287815384614,0.05265035
OLD_1M,ANALYSIS,TRAPPED_REVERSAL,SELL_TRAPPED,30,180,23,24,45.833333333333336,0.0,-1.3522400787499997,-1.57901846
OLD_1M,ANALYSIS,TRAPPED_REVERSAL,SELL_TRAPPED,30,300,0,22,36.36363636363637,0.0,-3.3136538218181815,-5.80456991
OLD_1M,ANALYSIS,TRAPPED_REVERSAL,SELL_TRAPPED,30,300,1,22,50.0,0.0,0.4447997959090911,-1.020899955
OLD_1M,ANALYSIS,TRAPPED_REVERSAL,SELL_TRAPPED,30,300,2,12,16.666666666666668,0.0,-4.123609835833334,-4.988133765000001
OLD_1M,ANALYSIS,TRAPPED_REVERSAL,SELL_TRAPPED,30,300,3,4,0.0,0.0,-3.4326946874999997,-4.067779
OLD_1M,ANALYSIS,TRAPPED_REVERSAL,SELL_TRAPPED,30,300,4,6,16.666666666666668,0.0,-4.59802505,-5.781693300000001
OLD_1M,ANALYSIS,TRAPPED_REVERSAL,SELL_TRAPPED,30,300,5,9,33.333333333333336,0.0,0.8852934066666667,-0.45587994
OLD_1M,ANALYSIS,TRAPPED_REVERSAL,SELL_TRAPPED,30,300,6,3,33.333333333333336,0.0,2.3040305599999997,-0.89364828
OLD_1M,ANALYSIS,TRAPPED_REVERSAL,SELL_TRAPPED,30,300,7,5,40.0,0.0,-1.7635643259999996,-3.46733843
OLD_1M,ANALYSIS,TRAPPED_REVERSAL,SELL_TRAPPED,30,300,8,1,100.0,0.0,1.29857972,1.29857972
OLD_1M,ANALYSIS,TRAPPED_REVERSAL,SELL_TRAPPED,30,300,9,27,85.18518518518519,0.0,4.957353898148149,5.69776584
OLD_1M,ANALYSIS,TRAPPED_REVERSAL,SELL_TRAPPED,30,300,10,12,75.0,0.0,1.5760773808333335,2.01408185
OLD_1M,ANALYSIS,TRAPPED_REVERSAL,SELL_TRAPPED,30,300,13,8,50.0,0.0,1.3784517937499998,0.3470630250000001
OLD_1M,ANALYSIS,TRAPPED_REVERSAL,SELL_TRAPPED,30,300,14,13,61.53846153846154,0.0,0.9965794561538461,0.84735889
OLD_1M,ANALYSIS,TRAPPED_REVERSAL,SELL_TRAPPED,30,300,15,6,16.666666666666668,0.0,-5.506627016666666,-4.70943879
OLD_1M,ANALYSIS,TRAPPED_REVERSAL,SELL_TRAPPED,30,300,16,3,0.0,0.0,-6.472015249999999,-4.7518271
OLD_1M,ANALYSIS,TRAPPED_REVERSAL,SELL_TRAPPED,30,300,17,2,100.0,0.0,13.661931840000001,13.661931840000001
OLD_1M,ANALYSIS,TRAPPED_REVERSAL,SELL_TRAPPED,30,300,18,1,0.0,0.0,-0.31689551,-0.31689551
OLD_1M,ANALYSIS,TRAPPED_REVERSAL,SELL_TRAPPED,30,300,19,5,20.0,0.0,-3.5050382379999996,-0.37781529
OLD_1M,ANALYSIS,TRAPPED_REVERSAL,SELL_TRAPPED,30,300,20,8,75.0,0.0,0.79386637875,0.280583775
OLD_1M,ANALYSIS,TRAPPED_REVERSAL,SELL_TRAPPED,30,300,21,6,83.33333333333333,0.0,1.5668937966666665,0.92658697
OLD_1M,ANALYSIS,TRAPPED_REVERSAL,SELL_TRAPPED,30,300,22,26,69.23076923076923,0.0,7.310353752692308,5.215371865
OLD_1M,ANALYSIS,TRAPPED_REVERSAL,SELL_TRAPPED,30,300,23,23,56.52173913043478,0.0,-3.409500528260869,2.09487071
OLD_1M,ANALYSIS,TRAPPED_REVERSAL,SELL_TRAPPED,30,600,0,22,59.09090909090909,0.0,0.5394732572727273,3.3965467499999997
OLD_1M,ANALYSIS,TRAPPED_REVERSAL,SELL_TRAPPED,30,600,1,22,50.0,0.0,3.7681617977272723,-3.198348095
OLD_1M,ANALYSIS,TRAPPED_REVERSAL,SELL_TRAPPED,30,600,2,12,16.666666666666668,0.0,-10.461547749166666,-10.761149975
OLD_1M,ANALYSIS,TRAPPED_REVERSAL,SELL_TRAPPED,30,600,3,4,50.0,0.0,-2.1187691925000003,-0.050930704999999965
OLD_1M,ANALYSIS,TRAPPED_REVERSAL,SELL_TRAPPED,30,600,4,6,33.333333333333336,0.0,-2.6140611916666674,-1.0088691300000001
OLD_1M,ANALYSIS,TRAPPED_REVERSAL,SELL_TRAPPED,30,600,5,9,88.88888888888889,0.0,4.270198086666667,4.0828159
OLD_1M,ANALYSIS,TRAPPED_REVERSAL,SELL_TRAPPED,30,600,6,3,0.0,0.0,-4.56297374,-4.14697482
OLD_1M,ANALYSIS,TRAPPED_REVERSAL,SELL_TRAPPED,30,600,7,5,40.0,0.0,2.169998076,-1.68844306
OLD_1M,ANALYSIS,TRAPPED_REVERSAL,SELL_TRAPPED,30,600,8,1,100.0,0.0,4.84702429,4.84702429
OLD_1M,ANALYSIS,TRAPPED_REVERSAL,SELL_TRAPPED,30,600,9,27,77.77777777777777,0.0,6.274563795555555,5.43713352
OLD_1M,ANALYSIS,TRAPPED_REVERSAL,SELL_TRAPPED,30,600,10,12,8.333333333333334,0.0,-8.351470651666665,-11.214109095
OLD_1M,ANALYSIS,TRAPPED_REVERSAL,SELL_TRAPPED,30,600,13,8,50.0,0.0,0.12760188625000024,0.21203459000000002
OLD_1M,ANALYSIS,TRAPPED_REVERSAL,SELL_TRAPPED,30,600,14,13,23.076923076923077,0.0,-5.584844943076923,-3.57101246
OLD_1M,ANALYSIS,TRAPPED_REVERSAL,SELL_TRAPPED,30,600,15,6,66.66666666666667,0.0,3.008349673333333,1.6918348349999999
OLD_1M,ANALYSIS,TRAPPED_REVERSAL,SELL_TRAPPED,30,600,16,3,0.0,0.0,-8.505899783333334,-2.86931413
OLD_1M,ANALYSIS,TRAPPED_REVERSAL,SELL_TRAPPED,30,600,17,2,100.0,0.0,3.379504295,3.379504295
OLD_1M,ANALYSIS,TRAPPED_REVERSAL,SELL_TRAPPED,30,600,18,1,100.0,0.0,2.08245621,2.08245621
OLD_1M,ANALYSIS,TRAPPED_REVERSAL,SELL_TRAPPED,30,600,19,5,40.0,0.0,-4.523670182,-0.63468461
OLD_1M,ANALYSIS,TRAPPED_REVERSAL,SELL_TRAPPED,30,600,20,8,62.5,0.0,4.2817778425,2.16138128
OLD_1M,ANALYSIS,TRAPPED_REVERSAL,SELL_TRAPPED,30,600,21,6,66.66666666666667,0.0,0.5766311416666668,3.258244345
OLD_1M,ANALYSIS,TRAPPED_REVERSAL,SELL_TRAPPED,30,600,22,26,80.76923076923077,0.0,14.42269073423077,13.703704389999999
OLD_1M,ANALYSIS,TRAPPED_REVERSAL,SELL_TRAPPED,30,600,23,22,45.45454545454545,0.0,-9.232349170454548,-1.292746055
OLD_1M,ANALYSIS,TRAPPED_REVERSAL,SELL_TRAPPED,60,60,0,15,66.66666666666667,0.0,1.0722085826666665,2.10892043
OLD_1M,ANALYSIS,TRAPPED_REVERSAL,SELL_TRAPPED,60,60,1,14,21.428571428571427,0.0,-2.665759470714285,-3.65779256
OLD_1M,ANALYSIS,TRAPPED_REVERSAL,SELL_TRAPPED,60,60,2,2,100.0,0.0,3.778125685,3.778125685
OLD_1M,ANALYSIS,TRAPPED_REVERSAL,SELL_TRAPPED,60,60,3,2,0.0,0.0,-3.041403945,-3.041403945
OLD_1M,ANALYSIS,TRAPPED_REVERSAL,SELL_TRAPPED,60,60,4,9,44.44444444444444,0.0,-1.1544725766666666,-3.20733863
OLD_1M,ANALYSIS,TRAPPED_REVERSAL,SELL_TRAPPED,60,60,5,4,75.0,0.0,0.7091995625,0.484967005
OLD_1M,ANALYSIS,TRAPPED_REVERSAL,SELL_TRAPPED,60,60,6,4,75.0,0.0,1.5117497874999999,1.1911928600000001
OLD_1M,ANALYSIS,TRAPPED_REVERSAL,SELL_TRAPPED,60,60,7,2,0.0,0.0,-0.67110119,-0.67110119
OLD_1M,ANALYSIS,TRAPPED_REVERSAL,SELL_TRAPPED,60,60,8,2,100.0,0.0,4.75702995,4.75702995
OLD_1M,ANALYSIS,TRAPPED_REVERSAL,SELL_TRAPPED,60,60,9,10,80.0,0.0,3.8457052520000006,3.8427974750000002
OLD_1M,ANALYSIS,TRAPPED_REVERSAL,SELL_TRAPPED,60,60,10,4,50.0,0.0,0.05521389500000001,0.42697642999999996
OLD_1M,ANALYSIS,TRAPPED_REVERSAL,SELL_TRAPPED,60,60,13,5,80.0,0.0,1.546999774,1.07021838
OLD_1M,ANALYSIS,TRAPPED_REVERSAL,SELL_TRAPPED,60,60,14,7,57.142857142857146,0.0,0.7108856471428572,0.50027667
OLD_1M,ANALYSIS,TRAPPED_REVERSAL,SELL_TRAPPED,60,60,15,7,42.857142857142854,0.0,-0.32544391285714286,-0.39441089
OLD_1M,ANALYSIS,TRAPPED_REVERSAL,SELL_TRAPPED,60,60,16,1,0.0,0.0,-0.77405372,-0.77405372
OLD_1M,ANALYSIS,TRAPPED_REVERSAL,SELL_TRAPPED,60,60,17,4,0.0,0.0,-3.4050728400000003,-4.231748120000001
OLD_1M,ANALYSIS,TRAPPED_REVERSAL,SELL_TRAPPED,60,60,18,1,0.0,0.0,-2.15745824,-2.15745824
OLD_1M,ANALYSIS,TRAPPED_REVERSAL,SELL_TRAPPED,60,60,19,6,83.33333333333333,0.0,3.05488312,0.94828051
OLD_1M,ANALYSIS,TRAPPED_REVERSAL,SELL_TRAPPED,60,60,20,2,50.0,0.0,-0.8495397,-0.8495397
OLD_1M,ANALYSIS,TRAPPED_REVERSAL,SELL_TRAPPED,60,60,21,1,100.0,0.0,3.61531801,3.61531801
OLD_1M,ANALYSIS,TRAPPED_REVERSAL,SELL_TRAPPED,60,60,22,20,50.0,0.0,0.03590109550000013,-0.42115766
OLD_1M,ANALYSIS,TRAPPED_REVERSAL,SELL_TRAPPED,60,60,23,23,69.56521739130434,0.0,2.2908738500000005,1.8859311
OLD_1M,ANALYSIS,TRAPPED_REVERSAL,SELL_TRAPPED,60,180,0,15,66.66666666666667,0.0,3.6438802280000004,5.99857823
OLD_1M,ANALYSIS,TRAPPED_REVERSAL,SELL_TRAPPED,60,180,1,14,42.857142857142854,0.0,-2.314252922142857,-3.9121087649999997
OLD_1M,ANALYSIS,TRAPPED_REVERSAL,SELL_TRAPPED,60,180,2,2,50.0,0.0,-1.9862459399999999,-1.9862459399999999
OLD_1M,ANALYSIS,TRAPPED_REVERSAL,SELL_TRAPPED,60,180,3,2,50.0,0.0,1.499975445,1.499975445
OLD_1M,ANALYSIS,TRAPPED_REVERSAL,SELL_TRAPPED,60,180,4,9,0.0,0.0,-4.898235867777777,-4.06643041
OLD_1M,ANALYSIS,TRAPPED_REVERSAL,SELL_TRAPPED,60,180,5,4,100.0,0.0,4.9580224125,3.8780341199999997
OLD_1M,ANALYSIS,TRAPPED_REVERSAL,SELL_TRAPPED,60,180,6,4,75.0,0.0,1.4336908849999999,0.35436539
OLD_1M,ANALYSIS,TRAPPED_REVERSAL,SELL_TRAPPED,60,180,7,2,100.0,0.0,2.443155325,2.443155325
OLD_1M,ANALYSIS,TRAPPED_REVERSAL,SELL_TRAPPED,60,180,8,2,0.0,0.0,-1.698791125,-1.698791125
OLD_1M,ANALYSIS,TRAPPED_REVERSAL,SELL_TRAPPED,60,180,9,10,90.0,0.0,3.921126434,2.84548343
OLD_1M,ANALYSIS,TRAPPED_REVERSAL,SELL_TRAPPED,60,180,10,4,50.0,0.0,0.7212133975000001,0.6296850800000001
OLD_1M,ANALYSIS,TRAPPED_REVERSAL,SELL_TRAPPED,60,180,13,5,80.0,0.0,2.870690018,4.25072654
OLD_1M,ANALYSIS,TRAPPED_REVERSAL,SELL_TRAPPED,60,180,14,7,42.857142857142854,0.0,-1.0771487642857143,-0.43779532
OLD_1M,ANALYSIS,TRAPPED_REVERSAL,SELL_TRAPPED,60,180,15,7,85.71428571428571,0.0,3.4254274385714285,3.97582939
OLD_1M,ANALYSIS,TRAPPED_REVERSAL,SELL_TRAPPED,60,180,16,1,0.0,0.0,-0.45532572,-0.45532572
OLD_1M,ANALYSIS,TRAPPED_REVERSAL,SELL_TRAPPED,60,180,17,3,100.0,0.0,3.42786765,3.42786765
OLD_1M,ANALYSIS,TRAPPED_REVERSAL,SELL_TRAPPED,60,180,18,1,100.0,0.0,0.4375265,0.4375265
OLD_1M,ANALYSIS,TRAPPED_REVERSAL,SELL_TRAPPED,60,180,19,6,66.66666666666667,0.0,-1.110236635,0.48366381
OLD_1M,ANALYSIS,TRAPPED_REVERSAL,SELL_TRAPPED,60,180,20,2,50.0,0.0,-2.168340235,-2.168340235
OLD_1M,ANALYSIS,TRAPPED_REVERSAL,SELL_TRAPPED,60,180,21,1,0.0,0.0,-1.4127083,-1.4127083
OLD_1M,ANALYSIS,TRAPPED_REVERSAL,SELL_TRAPPED,60,180,22,20,70.0,0.0,3.8235091070000005,4.748524385
OLD_1M,ANALYSIS,TRAPPED_REVERSAL,SELL_TRAPPED,60,180,23,23,47.82608695652174,0.0,0.9096607169565221,-0.28403994
OLD_1M,ANALYSIS,TRAPPED_REVERSAL,SELL_TRAPPED,60,300,0,13,61.53846153846154,0.0,4.950815589230767,4.8586217
OLD_1M,ANALYSIS,TRAPPED_REVERSAL,SELL_TRAPPED,60,300,1,14,35.714285714285715,0.0,-3.9050610250000006,-5.355131515
OLD_1M,ANALYSIS,TRAPPED_REVERSAL,SELL_TRAPPED,60,300,2,2,0.0,0.0,-4.68369123,-4.68369123
OLD_1M,ANALYSIS,TRAPPED_REVERSAL,SELL_TRAPPED,60,300,3,2,100.0,0.0,1.97946452,1.97946452
OLD_1M,ANALYSIS,TRAPPED_REVERSAL,SELL_TRAPPED,60,300,4,9,11.11111111111111,0.0,-4.123509094444444,-5.37512177
OLD_1M,ANALYSIS,TRAPPED_REVERSAL,SELL_TRAPPED,60,300,5,4,50.0,0.0,1.4011543149999999,1.449474795
OLD_1M,ANALYSIS,TRAPPED_REVERSAL,SELL_TRAPPED,60,300,6,4,75.0,0.0,2.4078407325000004,4.6783472
OLD_1M,ANALYSIS,TRAPPED_REVERSAL,SELL_TRAPPED,60,300,7,2,0.0,0.0,-3.2272694499999997,-3.2272694499999997
OLD_1M,ANALYSIS,TRAPPED_REVERSAL,SELL_TRAPPED,60,300,8,2,100.0,0.0,2.6504256,2.6504256
OLD_1M,ANALYSIS,TRAPPED_REVERSAL,SELL_TRAPPED,60,300,9,10,90.0,0.0,6.130094346999999,6.0960559750000005
OLD_1M,ANALYSIS,TRAPPED_REVERSAL,SELL_TRAPPED,60,300,10,4,50.0,0.0,1.5260185599999998,-0.3716789949999999
OLD_1M,ANALYSIS,TRAPPED_REVERSAL,SELL_TRAPPED,60,300,13,5,40.0,0.0,2.1473707400000004,-0.66323393
OLD_1M,ANALYSIS,TRAPPED_REVERSAL,SELL_TRAPPED,60,300,14,7,28.571428571428573,0.0,-6.035880262857144,-4.09317274
OLD_1M,ANALYSIS,TRAPPED_REVERSAL,SELL_TRAPPED,60,300,15,7,57.142857142857146,0.0,1.3646944485714287,0.3338503
OLD_1M,ANALYSIS,TRAPPED_REVERSAL,SELL_TRAPPED,60,300,16,1,0.0,0.0,-3.30870021,-3.30870021
OLD_1M,ANALYSIS,TRAPPED_REVERSAL,SELL_TRAPPED,60,300,17,3,100.0,0.0,2.43186481,2.42680896
OLD_1M,ANALYSIS,TRAPPED_REVERSAL,SELL_TRAPPED,60,300,18,1,0.0,0.0,-3.7416059,-3.7416059
OLD_1M,ANALYSIS,TRAPPED_REVERSAL,SELL_TRAPPED,60,300,19,6,33.333333333333336,0.0,-2.5148612700000004,-1.926198865
OLD_1M,ANALYSIS,TRAPPED_REVERSAL,SELL_TRAPPED,60,300,20,2,50.0,0.0,-1.2636521649999999,-1.2636521649999999
OLD_1M,ANALYSIS,TRAPPED_REVERSAL,SELL_TRAPPED,60,300,21,1,100.0,0.0,3.31150978,3.31150978
OLD_1M,ANALYSIS,TRAPPED_REVERSAL,SELL_TRAPPED,60,300,22,20,85.0,0.0,11.4793766415,6.71971382
OLD_1M,ANALYSIS,TRAPPED_REVERSAL,SELL_TRAPPED,60,300,23,20,45.0,0.0,-1.8976581154999999,-2.65641862
OLD_1M,ANALYSIS,TRAPPED_REVERSAL,SELL_TRAPPED,60,600,0,13,84.61538461538461,0.0,8.804553428461539,7.78473261
OLD_1M,ANALYSIS,TRAPPED_REVERSAL,SELL_TRAPPED,60,600,1,14,28.571428571428573,0.0,-4.378208168571429,-8.757033465
OLD_1M,ANALYSIS,TRAPPED_REVERSAL,SELL_TRAPPED,60,600,2,2,0.0,0.0,-19.576062255,-19.576062255
OLD_1M,ANALYSIS,TRAPPED_REVERSAL,SELL_TRAPPED,60,600,3,2,50.0,0.0,-2.97775091,-2.97775091
OLD_1M,ANALYSIS,TRAPPED_REVERSAL,SELL_TRAPPED,60,600,4,9,44.44444444444444,0.0,-6.0412169277777785,-0.31618363
OLD_1M,ANALYSIS,TRAPPED_REVERSAL,SELL_TRAPPED,60,600,5,4,100.0,0.0,3.197271,2.61076766
OLD_1M,ANALYSIS,TRAPPED_REVERSAL,SELL_TRAPPED,60,600,6,4,50.0,0.0,0.9255132950000003,0.055670555000000066
OLD_1M,ANALYSIS,TRAPPED_REVERSAL,SELL_TRAPPED,60,600,7,2,50.0,0.0,-1.5611208250000002,-1.5611208250000002
OLD_1M,ANALYSIS,TRAPPED_REVERSAL,SELL_TRAPPED,60,600,8,2,100.0,0.0,5.889630275,5.889630275
OLD_1M,ANALYSIS,TRAPPED_REVERSAL,SELL_TRAPPED,60,600,9,10,80.0,0.0,4.901932028,4.684905525
OLD_1M,ANALYSIS,TRAPPED_REVERSAL,SELL_TRAPPED,60,600,10,4,0.0,0.0,-12.1894057075,-13.046018905
OLD_1M,ANALYSIS,TRAPPED_REVERSAL,SELL_TRAPPED,60,600,13,5,60.0,0.0,1.827945668,4.56877821
OLD_1M,ANALYSIS,TRAPPED_REVERSAL,SELL_TRAPPED,60,600,14,7,28.571428571428573,0.0,-13.068301152857146,-6.39641073
OLD_1M,ANALYSIS,TRAPPED_REVERSAL,SELL_TRAPPED,60,600,15,7,28.571428571428573,0.0,-1.4241759671428569,-0.44007739
OLD_1M,ANALYSIS,TRAPPED_REVERSAL,SELL_TRAPPED,60,600,16,1,0.0,0.0,-0.03035505,-0.03035505
OLD_1M,ANALYSIS,TRAPPED_REVERSAL,SELL_TRAPPED,60,600,18,1,100.0,0.0,5.00892403,5.00892403
OLD_1M,ANALYSIS,TRAPPED_REVERSAL,SELL_TRAPPED,60,600,19,6,50.0,0.0,-2.170930523333333,-1.306290795
OLD_1M,ANALYSIS,TRAPPED_REVERSAL,SELL_TRAPPED,60,600,20,2,0.0,0.0,-0.643474765,-0.643474765
OLD_1M,ANALYSIS,TRAPPED_REVERSAL,SELL_TRAPPED,60,600,21,1,100.0,0.0,3.69127007,3.69127007
OLD_1M,ANALYSIS,TRAPPED_REVERSAL,SELL_TRAPPED,60,600,22,20,85.0,0.0,15.902071335999997,9.933727095
OLD_1M,ANALYSIS,TRAPPED_REVERSAL,SELL_TRAPPED,60,600,23,20,40.0,0.0,-11.62853962,-17.82547794
OLD_1M,ANALYSIS,TRAPPED_REVERSAL,SELL_TRAPPED,180,60,0,4,75.0,0.0,3.2740793175,4.8855156
OLD_1M,ANALYSIS,TRAPPED_REVERSAL,SELL_TRAPPED,180,60,1,5,40.0,0.0,-1.029677226,-0.55490567
OLD_1M,ANALYSIS,TRAPPED_REVERSAL,SELL_TRAPPED,180,60,2,1,100.0,0.0,5.27173609,5.27173609
OLD_1M,ANALYSIS,TRAPPED_REVERSAL,SELL_TRAPPED,180,60,3,2,0.0,0.0,-0.90960093,-0.90960093
OLD_1M,ANALYSIS,TRAPPED_REVERSAL,SELL_TRAPPED,180,60,5,1,0.0,0.0,-0.60695541,-0.60695541
OLD_1M,ANALYSIS,TRAPPED_REVERSAL,SELL_TRAPPED,180,60,9,11,18.181818181818183,0.0,-2.098649807272727,-3.33998307
OLD_1M,ANALYSIS,TRAPPED_REVERSAL,SELL_TRAPPED,180,60,10,1,0.0,0.0,-0.76732115,-0.76732115
OLD_1M,ANALYSIS,TRAPPED_REVERSAL,SELL_TRAPPED,180,60,13,1,0.0,0.0,-0.15069342,-0.15069342
OLD_1M,ANALYSIS,TRAPPED_REVERSAL,SELL_TRAPPED,180,60,14,1,0.0,0.0,-9.1639102,-9.1639102
OLD_1M,ANALYSIS,TRAPPED_REVERSAL,SELL_TRAPPED,180,60,15,1,100.0,0.0,4.02137856,4.02137856
OLD_1M,ANALYSIS,TRAPPED_REVERSAL,SELL_TRAPPED,180,60,17,3,100.0,0.0,1.8806860533333332,0.77337175
OLD_1M,ANALYSIS,TRAPPED_REVERSAL,SELL_TRAPPED,180,60,18,2,0.0,0.0,-0.233837655,-0.233837655
OLD_1M,ANALYSIS,TRAPPED_REVERSAL,SELL_TRAPPED,180,60,19,2,100.0,0.0,1.27702726,1.27702726
OLD_1M,ANALYSIS,TRAPPED_REVERSAL,SELL_TRAPPED,180,60,22,4,100.0,0.0,6.644743290000001,6.188421965
OLD_1M,ANALYSIS,TRAPPED_REVERSAL,SELL_TRAPPED,180,60,23,8,25.0,0.0,-3.00736068125,-3.26005909
OLD_1M,ANALYSIS,TRAPPED_REVERSAL,SELL_TRAPPED,180,180,0,4,50.0,0.0,0.2678154374999999,0.4975605449999998
OLD_1M,ANALYSIS,TRAPPED_REVERSAL,SELL_TRAPPED,180,180,1,5,40.0,0.0,-2.3310423460000003,-4.90990254
OLD_1M,ANALYSIS,TRAPPED_REVERSAL,SELL_TRAPPED,180,180,2,1,0.0,0.0,-2.46215754,-2.46215754
OLD_1M,ANALYSIS,TRAPPED_REVERSAL,SELL_TRAPPED,180,180,3,2,0.0,0.0,-4.358490095,-4.358490095
OLD_1M,ANALYSIS,TRAPPED_REVERSAL,SELL_TRAPPED,180,180,5,1,100.0,0.0,1.5325624,1.5325624
OLD_1M,ANALYSIS,TRAPPED_REVERSAL,SELL_TRAPPED,180,180,9,11,63.63636363636363,0.0,1.165579590909091,1.07302624
OLD_1M,ANALYSIS,TRAPPED_REVERSAL,SELL_TRAPPED,180,180,10,1,0.0,0.0,-8.00421274,-8.00421274
OLD_1M,ANALYSIS,TRAPPED_REVERSAL,SELL_TRAPPED,180,180,13,1,0.0,0.0,-3.42074054,-3.42074054
OLD_1M,ANALYSIS,TRAPPED_REVERSAL,SELL_TRAPPED,180,180,14,1,0.0,0.0,-14.73472216,-14.73472216
OLD_1M,ANALYSIS,TRAPPED_REVERSAL,SELL_TRAPPED,180,180,15,1,100.0,0.0,6.14588044,6.14588044
OLD_1M,ANALYSIS,TRAPPED_REVERSAL,SELL_TRAPPED,180,180,17,1,100.0,0.0,2.60886711,2.60886711
OLD_1M,ANALYSIS,TRAPPED_REVERSAL,SELL_TRAPPED,180,180,18,2,0.0,0.0,-2.0216248549999998,-2.0216248549999998
OLD_1M,ANALYSIS,TRAPPED_REVERSAL,SELL_TRAPPED,180,180,19,2,0.0,0.0,-0.37781871499999997,-0.37781871499999997
OLD_1M,ANALYSIS,TRAPPED_REVERSAL,SELL_TRAPPED,180,180,22,4,100.0,0.0,14.363456079999999,14.34393208
OLD_1M,ANALYSIS,TRAPPED_REVERSAL,SELL_TRAPPED,180,180,23,8,87.5,0.0,4.26842813875,6.703598455
OLD_1M,ANALYSIS,TRAPPED_REVERSAL,SELL_TRAPPED,180,300,0,3,66.66666666666667,0.0,1.8016481899999996,4.7973135
OLD_1M,ANALYSIS,TRAPPED_REVERSAL,SELL_TRAPPED,180,300,1,5,0.0,0.0,-6.699599752,-7.27376346
OLD_1M,ANALYSIS,TRAPPED_REVERSAL,SELL_TRAPPED,180,300,2,1,0.0,0.0,-3.45910477,-3.45910477
OLD_1M,ANALYSIS,TRAPPED_REVERSAL,SELL_TRAPPED,180,300,3,2,0.0,0.0,-0.530599315,-0.530599315
OLD_1M,ANALYSIS,TRAPPED_REVERSAL,SELL_TRAPPED,180,300,5,1,0.0,0.0,-4.20316618,-4.20316618
OLD_1M,ANALYSIS,TRAPPED_REVERSAL,SELL_TRAPPED,180,300,9,11,54.54545454545455,0.0,1.708313768181818,5.16811485
OLD_1M,ANALYSIS,TRAPPED_REVERSAL,SELL_TRAPPED,180,300,10,1,0.0,0.0,-13.87196269,-13.87196269
OLD_1M,ANALYSIS,TRAPPED_REVERSAL,SELL_TRAPPED,180,300,13,1,0.0,0.0,-4.50573313,-4.50573313
OLD_1M,ANALYSIS,TRAPPED_REVERSAL,SELL_TRAPPED,180,300,14,1,0.0,0.0,-24.95542596,-24.95542596
OLD_1M,ANALYSIS,TRAPPED_REVERSAL,SELL_TRAPPED,180,300,15,1,100.0,0.0,0.3338503,0.3338503
OLD_1M,ANALYSIS,TRAPPED_REVERSAL,SELL_TRAPPED,180,300,18,2,50.0,0.0,0.17357391000000005,0.17357391000000005
OLD_1M,ANALYSIS,TRAPPED_REVERSAL,SELL_TRAPPED,180,300,19,2,50.0,0.0,-0.755637435,-0.755637435
OLD_1M,ANALYSIS,TRAPPED_REVERSAL,SELL_TRAPPED,180,300,22,4,100.0,0.0,44.665808405,44.464679059999995
OLD_1M,ANALYSIS,TRAPPED_REVERSAL,SELL_TRAPPED,180,300,23,4,75.0,0.0,4.9530812399999995,14.961498285000001
OLD_1M,ANALYSIS,TRAPPED_REVERSAL,SELL_TRAPPED,180,600,0,3,100.0,0.0,15.121522953333333,19.76851704
OLD_1M,ANALYSIS,TRAPPED_REVERSAL,SELL_TRAPPED,180,600,1,5,0.0,0.0,-10.180559257999999,-9.92222834
OLD_1M,ANALYSIS,TRAPPED_REVERSAL,SELL_TRAPPED,180,600,2,1,0.0,0.0,-21.72136533,-21.72136533
OLD_1M,ANALYSIS,TRAPPED_REVERSAL,SELL_TRAPPED,180,600,3,2,0.0,0.0,-15.463184900000002,-15.463184900000002
OLD_1M,ANALYSIS,TRAPPED_REVERSAL,SELL_TRAPPED,180,600,5,1,100.0,0.0,1.10769361,1.10769361
OLD_1M,ANALYSIS,TRAPPED_REVERSAL,SELL_TRAPPED,180,600,9,11,54.54545454545455,0.0,3.859699012727273,6.61944496
OLD_1M,ANALYSIS,TRAPPED_REVERSAL,SELL_TRAPPED,180,600,10,1,0.0,0.0,-10.39644926,-10.39644926
OLD_1M,ANALYSIS,TRAPPED_REVERSAL,SELL_TRAPPED,180,600,13,1,0.0,0.0,-7.35383869,-7.35383869
OLD_1M,ANALYSIS,TRAPPED_REVERSAL,SELL_TRAPPED,180,600,14,1,0.0,0.0,-24.9101348,-24.9101348
OLD_1M,ANALYSIS,TRAPPED_REVERSAL,SELL_TRAPPED,180,600,15,1,0.0,0.0,-9.74235862,-9.74235862
OLD_1M,ANALYSIS,TRAPPED_REVERSAL,SELL_TRAPPED,180,600,18,2,100.0,0.0,1.62195456,1.62195456
OLD_1M,ANALYSIS,TRAPPED_REVERSAL,SELL_TRAPPED,180,600,19,2,0.0,0.0,-4.20134413,-4.20134413
OLD_1M,ANALYSIS,TRAPPED_REVERSAL,SELL_TRAPPED,180,600,22,4,100.0,0.0,59.745387477499996,60.655581505
OLD_1M,ANALYSIS,TRAPPED_REVERSAL,SELL_TRAPPED,180,600,23,4,75.0,0.0,10.6574432925,15.001432625
OLD_1M,ANALYSIS,TRAPPED_REVERSAL,SELL_TRAPPED,300,60,0,3,100.0,0.0,2.5656503033333333,2.7478283
OLD_1M,ANALYSIS,TRAPPED_REVERSAL,SELL_TRAPPED,300,60,1,3,33.333333333333336,0.0,-2.07149502,-2.02761156
OLD_1M,ANALYSIS,TRAPPED_REVERSAL,SELL_TRAPPED,300,60,9,5,40.0,0.0,-1.503809536,-0.03001534
OLD_1M,ANALYSIS,TRAPPED_REVERSAL,SELL_TRAPPED,300,60,17,1,0.0,0.0,-0.89453439,-0.89453439
OLD_1M,ANALYSIS,TRAPPED_REVERSAL,SELL_TRAPPED,300,60,18,3,66.66666666666667,0.0,0.6891400866666667,1.34299687
OLD_1M,ANALYSIS,TRAPPED_REVERSAL,SELL_TRAPPED,300,60,23,4,75.0,0.0,-1.2707100599999999,0.72269484
OLD_1M,ANALYSIS,TRAPPED_REVERSAL,SELL_TRAPPED,300,180,0,3,0.0,0.0,-4.726464709999999,-4.72140665
OLD_1M,ANALYSIS,TRAPPED_REVERSAL,SELL_TRAPPED,300,180,1,3,33.333333333333336,0.0,-3.5079744466666667,-3.09398505
OLD_1M,ANALYSIS,TRAPPED_REVERSAL,SELL_TRAPPED,300,180,9,5,20.0,0.0,-0.3364229179999998,-3.51239545
OLD_1M,ANALYSIS,TRAPPED_REVERSAL,SELL_TRAPPED,300,180,18,3,100.0,0.0,1.88618895,2.2332948
OLD_1M,ANALYSIS,TRAPPED_REVERSAL,SELL_TRAPPED,300,180,23,4,75.0,0.0,3.2445876875,12.154973925
OLD_1M,ANALYSIS,TRAPPED_REVERSAL,SELL_TRAPPED,300,300,0,3,100.0,0.0,4.432958459999999,4.32669098
OLD_1M,ANALYSIS,TRAPPED_REVERSAL,SELL_TRAPPED,300,300,1,3,0.0,0.0,-7.0525456066666665,-6.41326028
OLD_1M,ANALYSIS,TRAPPED_REVERSAL,SELL_TRAPPED,300,300,9,5,60.0,0.0,4.057249822,1.08754758
OLD_1M,ANALYSIS,TRAPPED_REVERSAL,SELL_TRAPPED,300,300,18,3,0.0,0.0,-2.3288243833333335,-2.71616936
OLD_1M,ANALYSIS,TRAPPED_REVERSAL,SELL_TRAPPED,300,300,23,1,0.0,0.0,-29.22541429,-29.22541429
OLD_1M,ANALYSIS,TRAPPED_REVERSAL,SELL_TRAPPED,300,600,0,3,100.0,0.0,20.601110966666667,20.52521474
OLD_1M,ANALYSIS,TRAPPED_REVERSAL,SELL_TRAPPED,300,600,1,3,0.0,0.0,-6.8472674,-6.98399539
OLD_1M,ANALYSIS,TRAPPED_REVERSAL,SELL_TRAPPED,300,600,9,5,60.0,0.0,2.7093242220000002,9.79190314
OLD_1M,ANALYSIS,TRAPPED_REVERSAL,SELL_TRAPPED,300,600,18,3,100.0,0.0,6.880763263333333,7.25820811
OLD_1M,ANALYSIS,TRAPPED_REVERSAL,SELL_TRAPPED,300,600,23,1,0.0,0.0,-16.8648448,-16.8648448
OLD_1M,ENTRY_PROBE,STALLED_PRESSURE_PROBE,BUY_STALLED,30,60,0,102,43.13725490196079,0.9803921568627451,-0.40037825529411764,-0.8404245699999999
OLD_1M,ENTRY_PROBE,STALLED_PRESSURE_PROBE,BUY_STALLED,30,60,1,49,46.93877551020408,0.0,-0.7033694204081632,-0.31574959
OLD_1M,ENTRY_PROBE,STALLED_PRESSURE_PROBE,BUY_STALLED,30,60,2,53,43.39622641509434,0.0,-0.4242930041509435,-0.28592927
OLD_1M,ENTRY_PROBE,STALLED_PRESSURE_PROBE,BUY_STALLED,30,60,3,87,47.12643678160919,0.0,-0.3118469198850574,-0.54743194
OLD_1M,ENTRY_PROBE,STALLED_PRESSURE_PROBE,BUY_STALLED,30,60,4,100,45.0,2.0,0.16402983029999996,-0.22612612999999998
OLD_1M,ENTRY_PROBE,STALLED_PRESSURE_PROBE,BUY_STALLED,30,60,5,67,50.74626865671642,4.477611940298507,0.013774070298507317,0.18066847
OLD_1M,ENTRY_PROBE,STALLED_PRESSURE_PROBE,BUY_STALLED,30,60,6,85,43.529411764705884,5.882352941176471,-0.30209246047058824,-0.16690691
OLD_1M,ENTRY_PROBE,STALLED_PRESSURE_PROBE,BUY_STALLED,30,60,7,87,48.275862068965516,0.0,0.031699123218390926,-0.21221896
OLD_1M,ENTRY_PROBE,STALLED_PRESSURE_PROBE,BUY_STALLED,30,60,8,123,60.97560975609756,0.0,0.20670497260162615,0.42161182
OLD_1M,ENTRY_PROBE,STALLED_PRESSURE_PROBE,BUY_STALLED,30,60,9,62,41.935483870967744,0.0,-1.0674887741935484,-1.57622076
OLD_1M,ENTRY_PROBE,STALLED_PRESSURE_PROBE,BUY_STALLED,30,60,10,65,30.76923076923077,3.076923076923077,-1.2545628495384618,-1.50478796
OLD_1M,ENTRY_PROBE,STALLED_PRESSURE_PROBE,BUY_STALLED,30,60,11,76,56.578947368421055,2.6315789473684212,0.5753363700000002,0.60041345
OLD_1M,ENTRY_PROBE,STALLED_PRESSURE_PROBE,BUY_STALLED,30,60,12,3,0.0,33.333333333333336,-3.05106228,-3.93799558
OLD_1M,ENTRY_PROBE,STALLED_PRESSURE_PROBE,BUY_STALLED,30,60,13,42,52.38095238095238,0.0,-0.2963495216666667,0.090430835
OLD_1M,ENTRY_PROBE,STALLED_PRESSURE_PROBE,BUY_STALLED,30,60,14,30,36.666666666666664,0.0,-1.1259342620000001,-1.6600832899999998
OLD_1M,ENTRY_PROBE,STALLED_PRESSURE_PROBE,BUY_STALLED,30,60,15,36,47.22222222222222,2.7777777777777777,-0.17787561944444408,-0.28828632
OLD_1M,ENTRY_PROBE,STALLED_PRESSURE_PROBE,BUY_STALLED,30,60,16,55,54.54545454545455,0.0,-0.1240628865454546,0.18249063
OLD_1M,ENTRY_PROBE,STALLED_PRESSURE_PROBE,BUY_STALLED,30,60,17,35,68.57142857142857,5.714285714285714,1.5695003119999997,1.0907273
OLD_1M,ENTRY_PROBE,STALLED_PRESSURE_PROBE,BUY_STALLED,30,60,18,67,41.791044776119406,0.0,-0.5853772520895526,-0.54649869
OLD_1M,ENTRY_PROBE,STALLED_PRESSURE_PROBE,BUY_STALLED,30,60,19,85,36.470588235294116,2.3529411764705883,-1.0440660149411767,-0.71274432
OLD_1M,ENTRY_PROBE,STALLED_PRESSURE_PROBE,BUY_STALLED,30,60,20,51,50.98039215686274,0.0,0.3202372943137258,0.03016041
OLD_1M,ENTRY_PROBE,STALLED_PRESSURE_PROBE,BUY_STALLED,30,60,21,70,52.857142857142854,0.0,-0.19964795185714282,0.287932935
OLD_1M,ENTRY_PROBE,STALLED_PRESSURE_PROBE,BUY_STALLED,30,60,22,77,42.857142857142854,1.2987012987012987,0.5311511853246755,-0.53341868
OLD_1M,ENTRY_PROBE,STALLED_PRESSURE_PROBE,BUY_STALLED,30,60,23,70,47.142857142857146,1.4285714285714286,0.01863224057142857,-0.091695325
OLD_1M,ENTRY_PROBE,STALLED_PRESSURE_PROBE,BUY_STALLED,30,180,0,96,50.0,0.0,-0.2288336288541664,0.07660306
OLD_1M,ENTRY_PROBE,STALLED_PRESSURE_PROBE,BUY_STALLED,30,180,1,49,51.02040816326531,0.0,-0.45029668489795904,0.18043756
OLD_1M,ENTRY_PROBE,STALLED_PRESSURE_PROBE,BUY_STALLED,30,180,2,53,39.62264150943396,0.0,-1.47640202754717,-3.7919199
OLD_1M,ENTRY_PROBE,STALLED_PRESSURE_PROBE,BUY_STALLED,30,180,3,87,51.724137931034484,0.0,0.13336589873563232,0.86542359
OLD_1M,ENTRY_PROBE,STALLED_PRESSURE_PROBE,BUY_STALLED,30,180,4,100,65.0,1.0,1.1243606510000006,1.610741565
OLD_1M,ENTRY_PROBE,STALLED_PRESSURE_PROBE,BUY_STALLED,30,180,5,67,53.73134328358209,0.0,-0.020683136865671414,0.19728925
OLD_1M,ENTRY_PROBE,STALLED_PRESSURE_PROBE,BUY_STALLED,30,180,6,84,40.476190476190474,0.0,-0.39654675059523814,-1.126469035
OLD_1M,ENTRY_PROBE,STALLED_PRESSURE_PROBE,BUY_STALLED,30,180,7,87,42.52873563218391,0.0,-0.7511817201149426,-0.61868302
OLD_1M,ENTRY_PROBE,STALLED_PRESSURE_PROBE,BUY_STALLED,30,180,8,123,60.97560975609756,0.8130081300813008,0.7556699033333335,0.74252325
OLD_1M,ENTRY_PROBE,STALLED_PRESSURE_PROBE,BUY_STALLED,30,180,9,62,41.935483870967744,0.0,-2.0061063982258065,-1.1107727399999998
OLD_1M,ENTRY_PROBE,STALLED_PRESSURE_PROBE,BUY_STALLED,30,180,10,65,40.0,0.0,-2.560052908769232,-1.80618438
OLD_1M,ENTRY_PROBE,STALLED_PRESSURE_PROBE,BUY_STALLED,30,180,11,76,44.73684210526316,0.0,-0.4507493364473689,-0.9424154899999999
OLD_1M,ENTRY_PROBE,STALLED_PRESSURE_PROBE,BUY_STALLED,30,180,13,42,57.142857142857146,0.0,0.41717419166666675,1.10825795
OLD_1M,ENTRY_PROBE,STALLED_PRESSURE_PROBE,BUY_STALLED,30,180,14,30,26.666666666666668,0.0,-3.0727741660000003,-2.47334369
OLD_1M,ENTRY_PROBE,STALLED_PRESSURE_PROBE,BUY_STALLED,30,180,15,36,38.888888888888886,0.0,-1.0480561541666664,-1.955974245
OLD_1M,ENTRY_PROBE,STALLED_PRESSURE_PROBE,BUY_STALLED,30,180,16,55,47.27272727272727,1.8181818181818181,-0.7964757627272722,-0.01520254
OLD_1M,ENTRY_PROBE,STALLED_PRESSURE_PROBE,BUY_STALLED,30,180,17,34,44.11764705882353,0.0,1.247992292941177,-1.879559515
OLD_1M,ENTRY_PROBE,STALLED_PRESSURE_PROBE,BUY_STALLED,30,180,18,64,39.0625,0.0,-2.03437182578125,-2.211111125
OLD_1M,ENTRY_PROBE,STALLED_PRESSURE_PROBE,BUY_STALLED,30,180,19,85,44.705882352941174,0.0,-0.05130225929411801,-0.07583571
OLD_1M,ENTRY_PROBE,STALLED_PRESSURE_PROBE,BUY_STALLED,30,180,20,50,52.0,0.0,0.5794048922000004,0.43735867500000003
OLD_1M,ENTRY_PROBE,STALLED_PRESSURE_PROBE,BUY_STALLED,30,180,21,70,45.714285714285715,0.0,-2.6281169318571425,-1.745981475
OLD_1M,ENTRY_PROBE,STALLED_PRESSURE_PROBE,BUY_STALLED,30,180,22,77,62.33766233766234,0.0,2.2361115993506493,3.11003107
OLD_1M,ENTRY_PROBE,STALLED_PRESSURE_PROBE,BUY_STALLED,30,180,23,66,51.515151515151516,0.0,1.619486386212121,0.55812562
OLD_1M,ENTRY_PROBE,STALLED_PRESSURE_PROBE,BUY_STALLED,30,300,0,94,55.319148936170215,0.0,-0.1885262480851064,0.615946235
OLD_1M,ENTRY_PROBE,STALLED_PRESSURE_PROBE,BUY_STALLED,30,300,1,49,51.02040816326531,0.0,1.8593377002040818,0.04542021
OLD_1M,ENTRY_PROBE,STALLED_PRESSURE_PROBE,BUY_STALLED,30,300,2,53,35.84905660377358,0.0,-2.0879365477358487,-3.56110246
OLD_1M,ENTRY_PROBE,STALLED_PRESSURE_PROBE,BUY_STALLED,30,300,3,87,55.172413793103445,1.1494252873563218,-0.21403397482758635,0.98150542
OLD_1M,ENTRY_PROBE,STALLED_PRESSURE_PROBE,BUY_STALLED,30,300,4,100,71.0,0.0,2.280061019599999,3.03030152
OLD_1M,ENTRY_PROBE,STALLED_PRESSURE_PROBE,BUY_STALLED,30,300,5,67,50.74626865671642,0.0,-0.014145862835820738,0.09106487
OLD_1M,ENTRY_PROBE,STALLED_PRESSURE_PROBE,BUY_STALLED,30,300,6,84,39.285714285714285,0.0,0.16780827880952437,-1.013383195
OLD_1M,ENTRY_PROBE,STALLED_PRESSURE_PROBE,BUY_STALLED,30,300,7,84,41.666666666666664,0.0,-0.8365575110714286,-0.7615990850000001
OLD_1M,ENTRY_PROBE,STALLED_PRESSURE_PROBE,BUY_STALLED,30,300,8,123,67.47967479674797,0.0,1.4331719900000002,1.63781285
OLD_1M,ENTRY_PROBE,STALLED_PRESSURE_PROBE,BUY_STALLED,30,300,9,62,33.87096774193548,0.0,-3.8581420891935476,-5.194654294999999
OLD_1M,ENTRY_PROBE,STALLED_PRESSURE_PROBE,BUY_STALLED,30,300,10,65,44.61538461538461,0.0,-3.502566798153847,-1.2793806
OLD_1M,ENTRY_PROBE,STALLED_PRESSURE_PROBE,BUY_STALLED,30,300,11,76,48.68421052631579,0.0,-1.247187314605263,-0.601191595
OLD_1M,ENTRY_PROBE,STALLED_PRESSURE_PROBE,BUY_STALLED,30,300,13,42,54.76190476190476,0.0,-0.7005732930952379,0.11301087500000001
OLD_1M,ENTRY_PROBE,STALLED_PRESSURE_PROBE,BUY_STALLED,30,300,14,30,26.666666666666668,0.0,-4.354228804,-3.311969335
OLD_1M,ENTRY_PROBE,STALLED_PRESSURE_PROBE,BUY_STALLED,30,300,15,36,30.555555555555557,0.0,-2.156965855277778,-2.557774785
OLD_1M,ENTRY_PROBE,STALLED_PRESSURE_PROBE,BUY_STALLED,30,300,16,55,54.54545454545455,0.0,1.3328381705454542,0.60697935
OLD_1M,ENTRY_PROBE,STALLED_PRESSURE_PROBE,BUY_STALLED,30,300,17,29,34.48275862068966,0.0,1.6852612517241383,-2.49907231
OLD_1M,ENTRY_PROBE,STALLED_PRESSURE_PROBE,BUY_STALLED,30,300,18,61,27.868852459016395,1.639344262295082,-3.480002128360657,-4.20974207
OLD_1M,ENTRY_PROBE,STALLED_PRESSURE_PROBE,BUY_STALLED,30,300,19,85,49.411764705882355,0.0,0.10729606611764722,-0.12112055
OLD_1M,ENTRY_PROBE,STALLED_PRESSURE_PROBE,BUY_STALLED,30,300,20,48,52.083333333333336,0.0,0.615652539583333,1.7541822
OLD_1M,ENTRY_PROBE,STALLED_PRESSURE_PROBE,BUY_STALLED,30,300,21,70,40.0,0.0,-2.3027014137142854,-2.33758544
OLD_1M,ENTRY_PROBE,STALLED_PRESSURE_PROBE,BUY_STALLED,30,300,22,77,57.142857142857146,0.0,2.9450166984415587,4.41999055
OLD_1M,ENTRY_PROBE,STALLED_PRESSURE_PROBE,BUY_STALLED,30,300,23,61,52.459016393442624,0.0,1.2155264721311483,1.29526488
OLD_1M,ENTRY_PROBE,STALLED_PRESSURE_PROBE,BUY_STALLED,30,600,0,80,46.25,0.0,-1.1797958616250006,-2.1452811599999997
OLD_1M,ENTRY_PROBE,STALLED_PRESSURE_PROBE,BUY_STALLED,30,600,1,49,44.89795918367347,0.0,-2.8427253516326534,-1.44355692
OLD_1M,ENTRY_PROBE,STALLED_PRESSURE_PROBE,BUY_STALLED,30,600,2,53,50.943396226415096,0.0,-0.5048231873584912,0.55680963
OLD_1M,ENTRY_PROBE,STALLED_PRESSURE_PROBE,BUY_STALLED,30,600,3,87,50.57471264367816,0.0,-0.42808898091953973,0.25847297
OLD_1M,ENTRY_PROBE,STALLED_PRESSURE_PROBE,BUY_STALLED,30,600,4,100,65.0,0.0,2.7669517999999984,3.78702967
OLD_1M,ENTRY_PROBE,STALLED_PRESSURE_PROBE,BUY_STALLED,30,600,5,67,43.28358208955224,0.0,-0.23530975686567152,-0.34898559
OLD_1M,ENTRY_PROBE,STALLED_PRESSURE_PROBE,BUY_STALLED,30,600,6,79,43.037974683544306,3.7974683544303796,0.1675230527848104,-1.22941489
OLD_1M,ENTRY_PROBE,STALLED_PRESSURE_PROBE,BUY_STALLED,30,600,7,81,44.44444444444444,0.0,-1.4435766249382718,-2.11226062
OLD_1M,ENTRY_PROBE,STALLED_PRESSURE_PROBE,BUY_STALLED,30,600,8,123,81.30081300813008,0.0,5.063159433089431,7.28834259
OLD_1M,ENTRY_PROBE,STALLED_PRESSURE_PROBE,BUY_STALLED,30,600,9,62,41.935483870967744,0.0,-3.1081441549999993,-3.513701405
OLD_1M,ENTRY_PROBE,STALLED_PRESSURE_PROBE,BUY_STALLED,30,600,10,65,36.92307692307692,0.0,-4.237031569538462,-2.86243729
OLD_1M,ENTRY_PROBE,STALLED_PRESSURE_PROBE,BUY_STALLED,30,600,11,62,40.32258064516129,0.0,-2.105300447903226,-1.26280178
OLD_1M,ENTRY_PROBE,STALLED_PRESSURE_PROBE,BUY_STALLED,30,600,13,42,30.952380952380953,0.0,-2.4340069740476187,-3.03702153
OLD_1M,ENTRY_PROBE,STALLED_PRESSURE_PROBE,BUY_STALLED,30,600,14,30,26.666666666666668,0.0,-7.435402749333333,-5.6090835949999995
OLD_1M,ENTRY_PROBE,STALLED_PRESSURE_PROBE,BUY_STALLED,30,600,15,36,25.0,2.7777777777777777,-4.762726155277779,-4.58982167
OLD_1M,ENTRY_PROBE,STALLED_PRESSURE_PROBE,BUY_STALLED,30,600,16,55,63.63636363636363,0.0,5.125099420181818,5.92821389
OLD_1M,ENTRY_PROBE,STALLED_PRESSURE_PROBE,BUY_STALLED,30,600,17,29,37.93103448275862,0.0,0.566469539655172,-3.90764035
OLD_1M,ENTRY_PROBE,STALLED_PRESSURE_PROBE,BUY_STALLED,30,600,18,52,46.15384615384615,0.0,-1.1414294874999997,-0.6891197250000001
OLD_1M,ENTRY_PROBE,STALLED_PRESSURE_PROBE,BUY_STALLED,30,600,19,83,37.34939759036145,1.2048192771084338,-0.28647301614457843,-2.00167413
OLD_1M,ENTRY_PROBE,STALLED_PRESSURE_PROBE,BUY_STALLED,30,600,20,46,58.69565217391305,0.0,1.4628086784782612,4.887616075
OLD_1M,ENTRY_PROBE,STALLED_PRESSURE_PROBE,BUY_STALLED,30,600,21,70,47.142857142857146,0.0,-2.8138430620000006,-1.2811565599999999
OLD_1M,ENTRY_PROBE,STALLED_PRESSURE_PROBE,BUY_STALLED,30,600,22,77,67.53246753246754,0.0,6.142991254415584,4.00859418
OLD_1M,ENTRY_PROBE,STALLED_PRESSURE_PROBE,BUY_STALLED,30,600,23,59,45.76271186440678,0.0,0.9431995261016959,-2.26659471
OLD_1M,ENTRY_PROBE,STALLED_PRESSURE_PROBE,BUY_STALLED,60,60,0,59,38.983050847457626,0.0,-0.27657576983050824,-1.39556869
OLD_1M,ENTRY_PROBE,STALLED_PRESSURE_PROBE,BUY_STALLED,60,60,1,12,33.333333333333336,0.0,-0.39839108416666663,-1.70431253
OLD_1M,ENTRY_PROBE,STALLED_PRESSURE_PROBE,BUY_STALLED,60,60,2,23,21.73913043478261,0.0,-2.857410284782609,-2.58813191
OLD_1M,ENTRY_PROBE,STALLED_PRESSURE_PROBE,BUY_STALLED,60,60,3,39,46.15384615384615,0.0,-0.33132754051282054,-0.41080196
OLD_1M,ENTRY_PROBE,STALLED_PRESSURE_PROBE,BUY_STALLED,60,60,4,54,37.03703703703704,0.0,-0.5853310864814817,-0.603401505
OLD_1M,ENTRY_PROBE,STALLED_PRESSURE_PROBE,BUY_STALLED,60,60,5,28,53.57142857142857,3.5714285714285716,-0.058517089642857165,0.301347255
OLD_1M,ENTRY_PROBE,STALLED_PRESSURE_PROBE,BUY_STALLED,60,60,6,38,47.36842105263158,7.894736842105263,0.30931869868421064,0.0
OLD_1M,ENTRY_PROBE,STALLED_PRESSURE_PROBE,BUY_STALLED,60,60,7,43,44.18604651162791,0.0,-0.312613888139535,-0.50019022
OLD_1M,ENTRY_PROBE,STALLED_PRESSURE_PROBE,BUY_STALLED,60,60,8,56,55.357142857142854,0.0,-0.16101417857142844,0.31820713
OLD_1M,ENTRY_PROBE,STALLED_PRESSURE_PROBE,BUY_STALLED,60,60,9,22,45.45454545454545,0.0,-1.661847975909091,-2.362893835
OLD_1M,ENTRY_PROBE,STALLED_PRESSURE_PROBE,BUY_STALLED,60,60,10,43,58.13953488372093,0.0,0.6496892086046511,0.85899648
OLD_1M,ENTRY_PROBE,STALLED_PRESSURE_PROBE,BUY_STALLED,60,60,11,50,48.0,4.0,0.03579641260000012,0.0
OLD_1M,ENTRY_PROBE,STALLED_PRESSURE_PROBE,BUY_STALLED,60,60,12,1,0.0,0.0,-2.21987395,-2.21987395
OLD_1M,ENTRY_PROBE,STALLED_PRESSURE_PROBE,BUY_STALLED,60,60,13,11,63.63636363636363,0.0,-0.03639907272727282,1.46180764
OLD_1M,ENTRY_PROBE,STALLED_PRESSURE_PROBE,BUY_STALLED,60,60,14,5,20.0,0.0,-4.099904642,-6.30447269
OLD_1M,ENTRY_PROBE,STALLED_PRESSURE_PROBE,BUY_STALLED,60,60,15,17,29.41176470588235,5.882352941176471,-1.4386108499999999,-0.98624267
OLD_1M,ENTRY_PROBE,STALLED_PRESSURE_PROBE,BUY_STALLED,60,60,16,36,61.111111111111114,0.0,0.5345370905555558,0.630600575
OLD_1M,ENTRY_PROBE,STALLED_PRESSURE_PROBE,BUY_STALLED,60,60,17,24,66.66666666666667,0.0,2.5981437704166677,0.80251251
OLD_1M,ENTRY_PROBE,STALLED_PRESSURE_PROBE,BUY_STALLED,60,60,18,21,14.285714285714286,0.0,-1.0950232742857142,-1.0022779
OLD_1M,ENTRY_PROBE,STALLED_PRESSURE_PROBE,BUY_STALLED,60,60,19,41,43.90243902439025,7.317073170731708,-0.14798928878048792,0.0
OLD_1M,ENTRY_PROBE,STALLED_PRESSURE_PROBE,BUY_STALLED,60,60,20,22,36.36363636363637,0.0,-0.3492058972727273,-1.123215995
OLD_1M,ENTRY_PROBE,STALLED_PRESSURE_PROBE,BUY_STALLED,60,60,21,35,62.857142857142854,2.857142857142857,0.003551747142856649,0.51688229
OLD_1M,ENTRY_PROBE,STALLED_PRESSURE_PROBE,BUY_STALLED,60,60,22,31,54.83870967741935,0.0,0.19604925709677415,0.28827057
OLD_1M,ENTRY_PROBE,STALLED_PRESSURE_PROBE,BUY_STALLED,60,60,23,36,50.0,8.333333333333334,0.13195074527777775,0.007709305
OLD_1M,ENTRY_PROBE,STALLED_PRESSURE_PROBE,BUY_STALLED,60,180,0,52,57.69230769230769,0.0,0.37840732846153824,0.96017483
OLD_1M,ENTRY_PROBE,STALLED_PRESSURE_PROBE,BUY_STALLED,60,180,1,12,50.0,0.0,-0.7325237791666667,-0.99709921
OLD_1M,ENTRY_PROBE,STALLED_PRESSURE_PROBE,BUY_STALLED,60,180,2,23,21.73913043478261,0.0,-2.8235972239130436,-3.90866943
OLD_1M,ENTRY_PROBE,STALLED_PRESSURE_PROBE,BUY_STALLED,60,180,3,39,46.15384615384615,0.0,-2.1539616597435893,-1.2115705
OLD_1M,ENTRY_PROBE,STALLED_PRESSURE_PROBE,BUY_STALLED,60,180,4,54,61.111111111111114,0.0,0.6620911796296299,1.082043565
OLD_1M,ENTRY_PROBE,STALLED_PRESSURE_PROBE,BUY_STALLED,60,180,5,28,46.42857142857143,0.0,-0.2618911917857144,-0.324629585
OLD_1M,ENTRY_PROBE,STALLED_PRESSURE_PROBE,BUY_STALLED,60,180,6,36,52.77777777777778,2.7777777777777777,0.7595184000000003,0.28833969
OLD_1M,ENTRY_PROBE,STALLED_PRESSURE_PROBE,BUY_STALLED,60,180,7,43,39.53488372093023,4.651162790697675,-0.4206515939534884,-0.27270331
OLD_1M,ENTRY_PROBE,STALLED_PRESSURE_PROBE,BUY_STALLED,60,180,8,56,60.714285714285715,1.7857142857142858,0.7214219632142858,1.2584519250000001
OLD_1M,ENTRY_PROBE,STALLED_PRESSURE_PROBE,BUY_STALLED,60,180,9,22,31.818181818181817,0.0,-3.3145325099999994,-3.89801295
OLD_1M,ENTRY_PROBE,STALLED_PRESSURE_PROBE,BUY_STALLED,60,180,10,43,60.46511627906977,0.0,-0.38332324813953494,1.09917908
OLD_1M,ENTRY_PROBE,STALLED_PRESSURE_PROBE,BUY_STALLED,60,180,11,50,56.0,0.0,0.196821452,0.47115999000000003
OLD_1M,ENTRY_PROBE,STALLED_PRESSURE_PROBE,BUY_STALLED,60,180,13,11,45.45454545454545,0.0,-1.0733405018181819,-1.50704771
OLD_1M,ENTRY_PROBE,STALLED_PRESSURE_PROBE,BUY_STALLED,60,180,14,5,20.0,0.0,-2.9841914399999996,-4.69804455
OLD_1M,ENTRY_PROBE,STALLED_PRESSURE_PROBE,BUY_STALLED,60,180,15,17,29.41176470588235,0.0,-2.67419731,-3.73322892
OLD_1M,ENTRY_PROBE,STALLED_PRESSURE_PROBE,BUY_STALLED,60,180,16,36,58.333333333333336,0.0,0.586573189722222,0.45554033
OLD_1M,ENTRY_PROBE,STALLED_PRESSURE_PROBE,BUY_STALLED,60,180,17,22,50.0,0.0,3.3580374190909095,-0.39397286
OLD_1M,ENTRY_PROBE,STALLED_PRESSURE_PROBE,BUY_STALLED,60,180,18,21,42.857142857142854,0.0,-2.2013389014285716,-1.74626603
OLD_1M,ENTRY_PROBE,STALLED_PRESSURE_PROBE,BUY_STALLED,60,180,19,41,53.65853658536585,0.0,1.1185747519512195,0.09099457
OLD_1M,ENTRY_PROBE,STALLED_PRESSURE_PROBE,BUY_STALLED,60,180,20,22,50.0,9.090909090909092,0.6196179286363637,0.407641925
OLD_1M,ENTRY_PROBE,STALLED_PRESSURE_PROBE,BUY_STALLED,60,180,21,35,51.42857142857143,0.0,-0.920049354285714,0.15197869
OLD_1M,ENTRY_PROBE,STALLED_PRESSURE_PROBE,BUY_STALLED,60,180,22,31,54.83870967741935,0.0,1.205909105806452,1.18638035
OLD_1M,ENTRY_PROBE,STALLED_PRESSURE_PROBE,BUY_STALLED,60,180,23,34,58.8235294117647,0.0,-0.2500039626470592,3.60756158
OLD_1M,ENTRY_PROBE,STALLED_PRESSURE_PROBE,BUY_STALLED,60,300,0,52,55.76923076923077,3.8461538461538463,0.9748631665384614,0.60065994
OLD_1M,ENTRY_PROBE,STALLED_PRESSURE_PROBE,BUY_STALLED,60,300,1,12,50.0,0.0,0.7190001116666668,-0.13595592999999997
OLD_1M,ENTRY_PROBE,STALLED_PRESSURE_PROBE,BUY_STALLED,60,300,2,23,26.08695652173913,0.0,-2.3110442078260864,-3.62537217
OLD_1M,ENTRY_PROBE,STALLED_PRESSURE_PROBE,BUY_STALLED,60,300,3,39,41.02564102564103,0.0,-4.100530391025641,-3.73406193
OLD_1M,ENTRY_PROBE,STALLED_PRESSURE_PROBE,BUY_STALLED,60,300,4,54,64.81481481481481,0.0,0.9329870661111109,1.7315166949999998
OLD_1M,ENTRY_PROBE,STALLED_PRESSURE_PROBE,BUY_STALLED,60,300,5,28,50.0,0.0,0.4291568385714286,-0.07484636
OLD_1M,ENTRY_PROBE,STALLED_PRESSURE_PROBE,BUY_STALLED,60,300,6,36,52.77777777777778,0.0,0.5275667902777776,0.189664055
OLD_1M,ENTRY_PROBE,STALLED_PRESSURE_PROBE,BUY_STALLED,60,300,7,41,51.21951219512195,0.0,-0.2613362919512195,0.19695239
OLD_1M,ENTRY_PROBE,STALLED_PRESSURE_PROBE,BUY_STALLED,60,300,8,56,60.714285714285715,0.0,1.4179174567857142,1.3277006199999999
OLD_1M,ENTRY_PROBE,STALLED_PRESSURE_PROBE,BUY_STALLED,60,300,9,22,27.272727272727273,0.0,-5.174180736818181,-7.583779335000001
OLD_1M,ENTRY_PROBE,STALLED_PRESSURE_PROBE,BUY_STALLED,60,300,10,43,67.44186046511628,0.0,-0.38620682674418566,2.82777913
OLD_1M,ENTRY_PROBE,STALLED_PRESSURE_PROBE,BUY_STALLED,60,300,11,48,45.833333333333336,0.0,-0.5260471131249995,-0.882551605
OLD_1M,ENTRY_PROBE,STALLED_PRESSURE_PROBE,BUY_STALLED,60,300,13,11,45.45454545454545,0.0,-1.3485198090909092,-1.14549954
OLD_1M,ENTRY_PROBE,STALLED_PRESSURE_PROBE,BUY_STALLED,60,300,14,5,0.0,0.0,-4.45834708,-4.53168313
OLD_1M,ENTRY_PROBE,STALLED_PRESSURE_PROBE,BUY_STALLED,60,300,15,17,17.647058823529413,0.0,-3.7975297729411777,-6.30578192
OLD_1M,ENTRY_PROBE,STALLED_PRESSURE_PROBE,BUY_STALLED,60,300,16,36,66.66666666666667,0.0,4.241667264166667,4.445965995
OLD_1M,ENTRY_PROBE,STALLED_PRESSURE_PROBE,BUY_STALLED,60,300,17,20,45.0,0.0,3.656935153500001,-1.082596735
OLD_1M,ENTRY_PROBE,STALLED_PRESSURE_PROBE,BUY_STALLED,60,300,18,21,19.047619047619047,0.0,-3.1086730919047616,-2.6810951
OLD_1M,ENTRY_PROBE,STALLED_PRESSURE_PROBE,BUY_STALLED,60,300,19,41,63.41463414634146,0.0,1.0479924253658537,0.58774063
OLD_1M,ENTRY_PROBE,STALLED_PRESSURE_PROBE,BUY_STALLED,60,300,20,22,59.09090909090909,0.0,0.9452552954545456,2.6078887899999996
OLD_1M,ENTRY_PROBE,STALLED_PRESSURE_PROBE,BUY_STALLED,60,300,21,35,51.42857142857143,0.0,-0.15641334371428509,0.34926328
OLD_1M,ENTRY_PROBE,STALLED_PRESSURE_PROBE,BUY_STALLED,60,300,22,31,35.483870967741936,0.0,-0.7601186638709677,-1.79878323
OLD_1M,ENTRY_PROBE,STALLED_PRESSURE_PROBE,BUY_STALLED,60,300,23,34,55.88235294117647,0.0,0.06602297852941179,0.604800055
OLD_1M,ENTRY_PROBE,STALLED_PRESSURE_PROBE,BUY_STALLED,60,600,0,49,44.89795918367347,0.0,0.6735024261224495,-0.06168071
OLD_1M,ENTRY_PROBE,STALLED_PRESSURE_PROBE,BUY_STALLED,60,600,1,12,41.666666666666664,0.0,-2.220026270833333,-0.55705211
OLD_1M,ENTRY_PROBE,STALLED_PRESSURE_PROBE,BUY_STALLED,60,600,2,23,43.47826086956522,0.0,-2.8535933191304337,-1.64015336
OLD_1M,ENTRY_PROBE,STALLED_PRESSURE_PROBE,BUY_STALLED,60,600,3,39,41.02564102564103,0.0,-4.62599473923077,-4.86393115
OLD_1M,ENTRY_PROBE,STALLED_PRESSURE_PROBE,BUY_STALLED,60,600,4,54,51.851851851851855,1.8518518518518519,0.19151011833333348,0.933235205
OLD_1M,ENTRY_PROBE,STALLED_PRESSURE_PROBE,BUY_STALLED,60,600,5,28,53.57142857142857,0.0,0.4216557060714285,0.45529043
OLD_1M,ENTRY_PROBE,STALLED_PRESSURE_PROBE,BUY_STALLED,60,600,6,34,58.8235294117647,0.0,3.3650479532352953,1.828629165
OLD_1M,ENTRY_PROBE,STALLED_PRESSURE_PROBE,BUY_STALLED,60,600,7,41,48.78048780487805,0.0,-0.7853301058536588,-0.43750603
OLD_1M,ENTRY_PROBE,STALLED_PRESSURE_PROBE,BUY_STALLED,60,600,8,56,80.35714285714286,0.0,4.5859952135714295,6.59720966
OLD_1M,ENTRY_PROBE,STALLED_PRESSURE_PROBE,BUY_STALLED,60,600,9,22,27.272727272727273,0.0,-4.03911485,-5.55604516
OLD_1M,ENTRY_PROBE,STALLED_PRESSURE_PROBE,BUY_STALLED,60,600,10,43,46.51162790697674,0.0,-1.527810005348838,-0.76016377
OLD_1M,ENTRY_PROBE,STALLED_PRESSURE_PROBE,BUY_STALLED,60,600,11,42,40.476190476190474,2.380952380952381,-2.769524718809523,-0.57810023
OLD_1M,ENTRY_PROBE,STALLED_PRESSURE_PROBE,BUY_STALLED,60,600,13,11,18.181818181818183,0.0,-3.3218348854545456,-3.90374186
OLD_1M,ENTRY_PROBE,STALLED_PRESSURE_PROBE,BUY_STALLED,60,600,14,5,0.0,0.0,-5.916416012000001,-4.62175133
OLD_1M,ENTRY_PROBE,STALLED_PRESSURE_PROBE,BUY_STALLED,60,600,15,17,29.41176470588235,0.0,-6.491310547058824,-11.18379821
OLD_1M,ENTRY_PROBE,STALLED_PRESSURE_PROBE,BUY_STALLED,60,600,16,36,72.22222222222223,0.0,10.816446149444443,8.780919189999999
OLD_1M,ENTRY_PROBE,STALLED_PRESSURE_PROBE,BUY_STALLED,60,600,17,20,50.0,0.0,5.782598942000002,-0.544681055
OLD_1M,ENTRY_PROBE,STALLED_PRESSURE_PROBE,BUY_STALLED,60,600,18,14,50.0,0.0,0.5200364714285715,0.43354864000000004
OLD_1M,ENTRY_PROBE,STALLED_PRESSURE_PROBE,BUY_STALLED,60,600,19,39,53.84615384615385,0.0,3.448400035641026,0.90994571
OLD_1M,ENTRY_PROBE,STALLED_PRESSURE_PROBE,BUY_STALLED,60,600,20,20,65.0,0.0,2.2924618104999994,4.284358645
OLD_1M,ENTRY_PROBE,STALLED_PRESSURE_PROBE,BUY_STALLED,60,600,21,35,54.285714285714285,0.0,-0.2879476002857144,1.33779264
OLD_1M,ENTRY_PROBE,STALLED_PRESSURE_PROBE,BUY_STALLED,60,600,22,31,61.29032258064516,0.0,4.913495202903225,0.713687
OLD_1M,ENTRY_PROBE,STALLED_PRESSURE_PROBE,BUY_STALLED,60,600,23,34,41.1764705882353,0.0,-2.709920354117647,-3.02975228
OLD_1M,ENTRY_PROBE,STALLED_PRESSURE_PROBE,BUY_STALLED,180,60,0,19,63.1578947368421,0.0,1.1986865263157893,0.84033235
OLD_1M,ENTRY_PROBE,STALLED_PRESSURE_PROBE,BUY_STALLED,180,60,1,2,50.0,0.0,-0.8675577350000001,-0.8675577350000001
OLD_1M,ENTRY_PROBE,STALLED_PRESSURE_PROBE,BUY_STALLED,180,60,2,4,50.0,0.0,0.41187836999999994,0.391534315
OLD_1M,ENTRY_PROBE,STALLED_PRESSURE_PROBE,BUY_STALLED,180,60,3,14,42.857142857142854,0.0,-0.9889346278571429,-0.23445005000000002
OLD_1M,ENTRY_PROBE,STALLED_PRESSURE_PROBE,BUY_STALLED,180,60,4,20,60.0,0.0,0.575393291,0.478408165
OLD_1M,ENTRY_PROBE,STALLED_PRESSURE_PROBE,BUY_STALLED,180,60,5,11,27.272727272727273,0.0,-0.62025991,-1.17424784
OLD_1M,ENTRY_PROBE,STALLED_PRESSURE_PROBE,BUY_STALLED,180,60,6,7,71.42857142857143,0.0,0.8029912871428572,0.47044898
OLD_1M,ENTRY_PROBE,STALLED_PRESSURE_PROBE,BUY_STALLED,180,60,7,9,33.333333333333336,0.0,-1.2738392755555554,-0.4698543
OLD_1M,ENTRY_PROBE,STALLED_PRESSURE_PROBE,BUY_STALLED,180,60,8,18,55.55555555555556,5.555555555555555,0.8918060072222223,0.263995535
OLD_1M,ENTRY_PROBE,STALLED_PRESSURE_PROBE,BUY_STALLED,180,60,9,7,57.142857142857146,0.0,-1.310003587142857,0.07512629
OLD_1M,ENTRY_PROBE,STALLED_PRESSURE_PROBE,BUY_STALLED,180,60,10,17,41.1764705882353,0.0,-2.9298762099999998,-0.22805398
OLD_1M,ENTRY_PROBE,STALLED_PRESSURE_PROBE,BUY_STALLED,180,60,11,18,44.44444444444444,0.0,-0.22239697,-0.60840944
OLD_1M,ENTRY_PROBE,STALLED_PRESSURE_PROBE,BUY_STALLED,180,60,12,1,0.0,0.0,-3.14649439,-3.14649439
OLD_1M,ENTRY_PROBE,STALLED_PRESSURE_PROBE,BUY_STALLED,180,60,13,3,33.333333333333336,0.0,-3.0336395400000007,-4.49201762
OLD_1M,ENTRY_PROBE,STALLED_PRESSURE_PROBE,BUY_STALLED,180,60,14,5,0.0,0.0,-5.691350122,-5.45644694
OLD_1M,ENTRY_PROBE,STALLED_PRESSURE_PROBE,BUY_STALLED,180,60,15,9,33.333333333333336,0.0,-2.1105082433333333,-2.70128356
OLD_1M,ENTRY_PROBE,STALLED_PRESSURE_PROBE,BUY_STALLED,180,60,16,25,60.0,0.0,0.6504506563999999,1.44404113
OLD_1M,ENTRY_PROBE,STALLED_PRESSURE_PROBE,BUY_STALLED,180,60,17,2,50.0,0.0,5.2288119250000005,5.2288119250000005
OLD_1M,ENTRY_PROBE,STALLED_PRESSURE_PROBE,BUY_STALLED,180,60,18,6,50.0,0.0,-0.0652881350000001,0.438402365
OLD_1M,ENTRY_PROBE,STALLED_PRESSURE_PROBE,BUY_STALLED,180,60,19,16,56.25,0.0,0.992035045625,0.18178347
OLD_1M,ENTRY_PROBE,STALLED_PRESSURE_PROBE,BUY_STALLED,180,60,20,5,60.0,0.0,0.440131182,1.05704893
OLD_1M,ENTRY_PROBE,STALLED_PRESSURE_PROBE,BUY_STALLED,180,60,21,12,50.0,0.0,-0.06031890916666649,-0.014698409999999995
OLD_1M,ENTRY_PROBE,STALLED_PRESSURE_PROBE,BUY_STALLED,180,60,22,3,33.333333333333336,0.0,-0.2891233766666667,-0.48762574
OLD_1M,ENTRY_PROBE,STALLED_PRESSURE_PROBE,BUY_STALLED,180,60,23,7,42.857142857142854,0.0,-2.4722268457142853,-3.96281431
OLD_1M,ENTRY_PROBE,STALLED_PRESSURE_PROBE,BUY_STALLED,180,180,0,19,47.36842105263158,0.0,-0.41980492473684217,-1.06533984
OLD_1M,ENTRY_PROBE,STALLED_PRESSURE_PROBE,BUY_STALLED,180,180,1,2,50.0,0.0,0.59077337,0.59077337
OLD_1M,ENTRY_PROBE,STALLED_PRESSURE_PROBE,BUY_STALLED,180,180,2,4,25.0,0.0,0.016160084999999658,-3.732659505
OLD_1M,ENTRY_PROBE,STALLED_PRESSURE_PROBE,BUY_STALLED,180,180,3,14,71.42857142857143,0.0,2.9652472828571423,5.92658612
OLD_1M,ENTRY_PROBE,STALLED_PRESSURE_PROBE,BUY_STALLED,180,180,4,20,65.0,0.0,1.7589919995000003,2.433979775
OLD_1M,ENTRY_PROBE,STALLED_PRESSURE_PROBE,BUY_STALLED,180,180,5,11,45.45454545454545,0.0,0.07625661545454543,-0.09033736
OLD_1M,ENTRY_PROBE,STALLED_PRESSURE_PROBE,BUY_STALLED,180,180,6,7,42.857142857142854,0.0,0.7633335114285714,-0.69808558
OLD_1M,ENTRY_PROBE,STALLED_PRESSURE_PROBE,BUY_STALLED,180,180,7,9,22.22222222222222,0.0,-1.3215085711111105,-1.19697151
OLD_1M,ENTRY_PROBE,STALLED_PRESSURE_PROBE,BUY_STALLED,180,180,8,18,55.55555555555556,0.0,0.9851010166666667,0.481039195
OLD_1M,ENTRY_PROBE,STALLED_PRESSURE_PROBE,BUY_STALLED,180,180,9,7,57.142857142857146,0.0,0.3611571299999992,5.04848651
OLD_1M,ENTRY_PROBE,STALLED_PRESSURE_PROBE,BUY_STALLED,180,180,10,17,52.94117647058823,0.0,-1.7109428435294118,0.547561
OLD_1M,ENTRY_PROBE,STALLED_PRESSURE_PROBE,BUY_STALLED,180,180,11,18,44.44444444444444,0.0,-0.2505831027777774,-0.745456745
OLD_1M,ENTRY_PROBE,STALLED_PRESSURE_PROBE,BUY_STALLED,180,180,12,1,0.0,0.0,-2.73608208,-2.73608208
OLD_1M,ENTRY_PROBE,STALLED_PRESSURE_PROBE,BUY_STALLED,180,180,13,3,33.333333333333336,0.0,-2.8668296666666664,-2.42689543
OLD_1M,ENTRY_PROBE,STALLED_PRESSURE_PROBE,BUY_STALLED,180,180,14,5,0.0,0.0,-6.427442264,-4.68356387
OLD_1M,ENTRY_PROBE,STALLED_PRESSURE_PROBE,BUY_STALLED,180,180,15,9,33.333333333333336,0.0,-3.3330527955555556,-4.01919507
OLD_1M,ENTRY_PROBE,STALLED_PRESSURE_PROBE,BUY_STALLED,180,180,16,25,60.0,0.0,0.8016184207999999,0.95776121
OLD_1M,ENTRY_PROBE,STALLED_PRESSURE_PROBE,BUY_STALLED,180,180,17,2,50.0,0.0,2.8274452549999998,2.8274452549999998
OLD_1M,ENTRY_PROBE,STALLED_PRESSURE_PROBE,BUY_STALLED,180,180,18,6,0.0,0.0,-4.507093646666666,-4.566092485
OLD_1M,ENTRY_PROBE,STALLED_PRESSURE_PROBE,BUY_STALLED,180,180,19,16,43.75,0.0,0.61126482875,-0.12892244
OLD_1M,ENTRY_PROBE,STALLED_PRESSURE_PROBE,BUY_STALLED,180,180,20,5,60.0,0.0,2.1827284380000003,2.53001936
OLD_1M,ENTRY_PROBE,STALLED_PRESSURE_PROBE,BUY_STALLED,180,180,21,12,75.0,0.0,4.385850554166667,3.6834493349999997
OLD_1M,ENTRY_PROBE,STALLED_PRESSURE_PROBE,BUY_STALLED,180,180,22,3,0.0,0.0,-3.6876902699999996,-3.54959995
OLD_1M,ENTRY_PROBE,STALLED_PRESSURE_PROBE,BUY_STALLED,180,180,23,7,42.857142857142854,0.0,1.14231892,-0.43174631
OLD_1M,ENTRY_PROBE,STALLED_PRESSURE_PROBE,BUY_STALLED,180,300,0,19,36.8421052631579,0.0,-3.146598762105263,-4.11575285
OLD_1M,ENTRY_PROBE,STALLED_PRESSURE_PROBE,BUY_STALLED,180,300,1,2,50.0,0.0,-1.3797928950000005,-1.3797928950000005
OLD_1M,ENTRY_PROBE,STALLED_PRESSURE_PROBE,BUY_STALLED,180,300,2,4,25.0,0.0,-1.1178547675,-3.60476828
OLD_1M,ENTRY_PROBE,STALLED_PRESSURE_PROBE,BUY_STALLED,180,300,3,14,71.42857142857143,0.0,-1.5745591957142853,1.25427548
OLD_1M,ENTRY_PROBE,STALLED_PRESSURE_PROBE,BUY_STALLED,180,300,4,20,55.0,0.0,1.8753751129999998,1.8524822799999998
OLD_1M,ENTRY_PROBE,STALLED_PRESSURE_PROBE,BUY_STALLED,180,300,5,11,27.272727272727273,0.0,-1.106308910909091,-1.24984189
OLD_1M,ENTRY_PROBE,STALLED_PRESSURE_PROBE,BUY_STALLED,180,300,6,7,14.285714285714286,0.0,1.142139147142857,-1.16853455
OLD_1M,ENTRY_PROBE,STALLED_PRESSURE_PROBE,BUY_STALLED,180,300,7,9,66.66666666666667,0.0,0.5551819822222223,1.39440631
OLD_1M,ENTRY_PROBE,STALLED_PRESSURE_PROBE,BUY_STALLED,180,300,8,18,55.55555555555556,0.0,2.973938398888889,2.791040335
OLD_1M,ENTRY_PROBE,STALLED_PRESSURE_PROBE,BUY_STALLED,180,300,9,7,71.42857142857143,0.0,1.299126511428571,3.20053372
OLD_1M,ENTRY_PROBE,STALLED_PRESSURE_PROBE,BUY_STALLED,180,300,10,17,52.94117647058823,0.0,-2.279170098235295,1.86929523
OLD_1M,ENTRY_PROBE,STALLED_PRESSURE_PROBE,BUY_STALLED,180,300,11,17,47.05882352941177,0.0,-2.9601071929411766,-4.07478756
OLD_1M,ENTRY_PROBE,STALLED_PRESSURE_PROBE,BUY_STALLED,180,300,12,1,0.0,0.0,-11.67395022,-11.67395022
OLD_1M,ENTRY_PROBE,STALLED_PRESSURE_PROBE,BUY_STALLED,180,300,13,3,33.333333333333336,0.0,-2.876612703333333,-2.14049162
OLD_1M,ENTRY_PROBE,STALLED_PRESSURE_PROBE,BUY_STALLED,180,300,14,5,0.0,0.0,-6.5921038460000005,-2.68281814
OLD_1M,ENTRY_PROBE,STALLED_PRESSURE_PROBE,BUY_STALLED,180,300,15,9,22.22222222222222,0.0,-4.19942923,-2.24560552
OLD_1M,ENTRY_PROBE,STALLED_PRESSURE_PROBE,BUY_STALLED,180,300,16,25,76.0,0.0,4.0694552844,4.92494026
OLD_1M,ENTRY_PROBE,STALLED_PRESSURE_PROBE,BUY_STALLED,180,300,17,2,50.0,0.0,9.57383132,9.57383132
OLD_1M,ENTRY_PROBE,STALLED_PRESSURE_PROBE,BUY_STALLED,180,300,18,6,33.333333333333336,0.0,-2.310264833333333,-2.059663605
OLD_1M,ENTRY_PROBE,STALLED_PRESSURE_PROBE,BUY_STALLED,180,300,19,16,56.25,0.0,0.4157776975000002,0.348815075
OLD_1M,ENTRY_PROBE,STALLED_PRESSURE_PROBE,BUY_STALLED,180,300,20,5,80.0,0.0,3.3659550420000004,2.74211679
OLD_1M,ENTRY_PROBE,STALLED_PRESSURE_PROBE,BUY_STALLED,180,300,21,12,66.66666666666667,0.0,4.6921691225,5.41691761
OLD_1M,ENTRY_PROBE,STALLED_PRESSURE_PROBE,BUY_STALLED,180,300,22,3,33.333333333333336,0.0,-5.358004869999999,-7.32962433
OLD_1M,ENTRY_PROBE,STALLED_PRESSURE_PROBE,BUY_STALLED,180,300,23,7,71.42857142857143,0.0,2.8663822871428564,1.9736974
OLD_1M,ENTRY_PROBE,STALLED_PRESSURE_PROBE,BUY_STALLED,180,600,0,18,66.66666666666667,0.0,-1.8018628838888893,2.30385697
OLD_1M,ENTRY_PROBE,STALLED_PRESSURE_PROBE,BUY_STALLED,180,600,1,2,0.0,0.0,-8.9929851,-8.9929851
OLD_1M,ENTRY_PROBE,STALLED_PRESSURE_PROBE,BUY_STALLED,180,600,2,4,75.0,0.0,6.2329145575,1.271768
OLD_1M,ENTRY_PROBE,STALLED_PRESSURE_PROBE,BUY_STALLED,180,600,3,14,42.857142857142854,0.0,-5.605129750000001,-3.6701149699999998
OLD_1M,ENTRY_PROBE,STALLED_PRESSURE_PROBE,BUY_STALLED,180,600,4,20,55.0,0.0,1.3023735810000001,1.0861306050000001
OLD_1M,ENTRY_PROBE,STALLED_PRESSURE_PROBE,BUY_STALLED,180,600,5,11,9.090909090909092,0.0,-3.258200560909091,-2.75567549
OLD_1M,ENTRY_PROBE,STALLED_PRESSURE_PROBE,BUY_STALLED,180,600,6,7,28.571428571428573,0.0,2.06295412,-1.95757376
OLD_1M,ENTRY_PROBE,STALLED_PRESSURE_PROBE,BUY_STALLED,180,600,7,9,44.44444444444444,0.0,1.687668753333333,-0.07543481
OLD_1M,ENTRY_PROBE,STALLED_PRESSURE_PROBE,BUY_STALLED,180,600,8,18,100.0,0.0,7.842142123333334,8.06393619
OLD_1M,ENTRY_PROBE,STALLED_PRESSURE_PROBE,BUY_STALLED,180,600,9,7,85.71428571428571,0.0,3.5835710928571425,5.67954732
OLD_1M,ENTRY_PROBE,STALLED_PRESSURE_PROBE,BUY_STALLED,180,600,10,17,47.05882352941177,0.0,-5.132453694705881,-0.68396126
OLD_1M,ENTRY_PROBE,STALLED_PRESSURE_PROBE,BUY_STALLED,180,600,11,16,75.0,0.0,0.6734237800000002,2.10748477
OLD_1M,ENTRY_PROBE,STALLED_PRESSURE_PROBE,BUY_STALLED,180,600,13,3,33.333333333333336,0.0,-3.77564142,-5.10879164
OLD_1M,ENTRY_PROBE,STALLED_PRESSURE_PROBE,BUY_STALLED,180,600,14,5,0.0,0.0,-6.70020347,-1.37955709
OLD_1M,ENTRY_PROBE,STALLED_PRESSURE_PROBE,BUY_STALLED,180,600,15,9,44.44444444444444,0.0,-4.603860681111111,-1.60813656
OLD_1M,ENTRY_PROBE,STALLED_PRESSURE_PROBE,BUY_STALLED,180,600,16,25,68.0,0.0,9.134296202400002,10.20451614
OLD_1M,ENTRY_PROBE,STALLED_PRESSURE_PROBE,BUY_STALLED,180,600,17,2,50.0,0.0,13.7093422,13.7093422
OLD_1M,ENTRY_PROBE,STALLED_PRESSURE_PROBE,BUY_STALLED,180,600,18,4,50.0,0.0,-0.18008746749999988,-0.40284636499999993
OLD_1M,ENTRY_PROBE,STALLED_PRESSURE_PROBE,BUY_STALLED,180,600,19,16,50.0,0.0,2.160525899375,-0.030322804999999994
OLD_1M,ENTRY_PROBE,STALLED_PRESSURE_PROBE,BUY_STALLED,180,600,20,5,40.0,0.0,2.3994642180000003,-0.22724725
OLD_1M,ENTRY_PROBE,STALLED_PRESSURE_PROBE,BUY_STALLED,180,600,21,12,100.0,0.0,10.413524651666666,8.387142789999999
OLD_1M,ENTRY_PROBE,STALLED_PRESSURE_PROBE,BUY_STALLED,180,600,22,3,33.333333333333336,0.0,-4.092861853333333,-4.76958922
OLD_1M,ENTRY_PROBE,STALLED_PRESSURE_PROBE,BUY_STALLED,180,600,23,7,57.142857142857146,0.0,4.601175832857142,1.32607794
OLD_1M,ENTRY_PROBE,STALLED_PRESSURE_PROBE,BUY_STALLED,300,60,0,19,26.31578947368421,0.0,-0.6169295463157893,-0.90013592
OLD_1M,ENTRY_PROBE,STALLED_PRESSURE_PROBE,BUY_STALLED,300,60,2,4,0.0,0.0,-2.841058095,-2.837311255
OLD_1M,ENTRY_PROBE,STALLED_PRESSURE_PROBE,BUY_STALLED,300,60,3,7,71.42857142857143,0.0,0.13226706142857125,4.60418362
OLD_1M,ENTRY_PROBE,STALLED_PRESSURE_PROBE,BUY_STALLED,300,60,4,7,85.71428571428571,0.0,1.9824514871428573,3.22195021
OLD_1M,ENTRY_PROBE,STALLED_PRESSURE_PROBE,BUY_STALLED,300,60,5,9,44.44444444444444,22.22222222222222,-0.3610623333333334,0.0
OLD_1M,ENTRY_PROBE,STALLED_PRESSURE_PROBE,BUY_STALLED,300,60,6,1,100.0,0.0,0.1365801,0.1365801
OLD_1M,ENTRY_PROBE,STALLED_PRESSURE_PROBE,BUY_STALLED,300,60,7,1,0.0,0.0,-3.39343995,-3.39343995
OLD_1M,ENTRY_PROBE,STALLED_PRESSURE_PROBE,BUY_STALLED,300,60,8,9,55.55555555555556,11.11111111111111,0.3336088988888889,0.03016937
OLD_1M,ENTRY_PROBE,STALLED_PRESSURE_PROBE,BUY_STALLED,300,60,10,6,83.33333333333333,0.0,2.2556719233333333,2.44087387
OLD_1M,ENTRY_PROBE,STALLED_PRESSURE_PROBE,BUY_STALLED,300,60,11,27,51.851851851851855,0.0,-0.2642652437037037,0.1368482
OLD_1M,ENTRY_PROBE,STALLED_PRESSURE_PROBE,BUY_STALLED,300,60,12,1,0.0,0.0,-1.73335523,-1.73335523
OLD_1M,ENTRY_PROBE,STALLED_PRESSURE_PROBE,BUY_STALLED,300,60,13,6,50.0,0.0,0.3063181183333334,0.188294195
OLD_1M,ENTRY_PROBE,STALLED_PRESSURE_PROBE,BUY_STALLED,300,60,14,3,33.333333333333336,0.0,-1.2584481633333333,-0.47003525
OLD_1M,ENTRY_PROBE,STALLED_PRESSURE_PROBE,BUY_STALLED,300,60,15,1,100.0,0.0,2.01820941,2.01820941
OLD_1M,ENTRY_PROBE,STALLED_PRESSURE_PROBE,BUY_STALLED,300,60,16,15,73.33333333333333,0.0,0.9813412106666666,1.53582268
OLD_1M,ENTRY_PROBE,STALLED_PRESSURE_PROBE,BUY_STALLED,300,60,19,10,30.0,10.0,-0.8978098259999999,-0.993352845
OLD_1M,ENTRY_PROBE,STALLED_PRESSURE_PROBE,BUY_STALLED,300,60,20,3,33.333333333333336,0.0,-0.3668332666666667,-0.16586223
OLD_1M,ENTRY_PROBE,STALLED_PRESSURE_PROBE,BUY_STALLED,300,60,21,7,71.42857142857143,0.0,1.4276656571428572,2.36356082
OLD_1M,ENTRY_PROBE,STALLED_PRESSURE_PROBE,BUY_STALLED,300,60,22,1,0.0,0.0,-2.91073788,-2.91073788
OLD_1M,ENTRY_PROBE,STALLED_PRESSURE_PROBE,BUY_STALLED,300,180,0,19,36.8421052631579,0.0,-1.0379197994736844,-4.25490586
OLD_1M,ENTRY_PROBE,STALLED_PRESSURE_PROBE,BUY_STALLED,300,180,2,4,0.0,0.0,-4.8053521125,-4.583366195
OLD_1M,ENTRY_PROBE,STALLED_PRESSURE_PROBE,BUY_STALLED,300,180,3,7,71.42857142857143,0.0,4.200609312857142,10.68701829
OLD_1M,ENTRY_PROBE,STALLED_PRESSURE_PROBE,BUY_STALLED,300,180,4,7,71.42857142857143,0.0,2.2941298100000003,3.37250863
OLD_1M,ENTRY_PROBE,STALLED_PRESSURE_PROBE,BUY_STALLED,300,180,5,9,55.55555555555556,0.0,-0.11002299111111112,0.33122903
OLD_1M,ENTRY_PROBE,STALLED_PRESSURE_PROBE,BUY_STALLED,300,180,6,1,0.0,0.0,-0.66772491,-0.66772491
OLD_1M,ENTRY_PROBE,STALLED_PRESSURE_PROBE,BUY_STALLED,300,180,7,1,0.0,0.0,-10.73835221,-10.73835221
OLD_1M,ENTRY_PROBE,STALLED_PRESSURE_PROBE,BUY_STALLED,300,180,8,9,88.88888888888889,0.0,2.79582464,3.04711105
OLD_1M,ENTRY_PROBE,STALLED_PRESSURE_PROBE,BUY_STALLED,300,180,10,6,83.33333333333333,0.0,3.261873066666667,4.34911932
OLD_1M,ENTRY_PROBE,STALLED_PRESSURE_PROBE,BUY_STALLED,300,180,11,27,44.44444444444444,0.0,-0.20588967888888876,-0.22825005
OLD_1M,ENTRY_PROBE,STALLED_PRESSURE_PROBE,BUY_STALLED,300,180,12,1,0.0,0.0,-2.05265751,-2.05265751
OLD_1M,ENTRY_PROBE,STALLED_PRESSURE_PROBE,BUY_STALLED,300,180,13,6,0.0,0.0,-4.659661155,-4.722391930000001
OLD_1M,ENTRY_PROBE,STALLED_PRESSURE_PROBE,BUY_STALLED,300,180,14,3,66.66666666666667,0.0,0.4498063766666667,0.33356632
OLD_1M,ENTRY_PROBE,STALLED_PRESSURE_PROBE,BUY_STALLED,300,180,15,1,0.0,0.0,-0.80424886,-0.80424886
OLD_1M,ENTRY_PROBE,STALLED_PRESSURE_PROBE,BUY_STALLED,300,180,16,15,86.66666666666667,0.0,3.259468513333333,4.06016341
OLD_1M,ENTRY_PROBE,STALLED_PRESSURE_PROBE,BUY_STALLED,300,180,19,10,40.0,0.0,-0.12130086600000001,-0.23506577
OLD_1M,ENTRY_PROBE,STALLED_PRESSURE_PROBE,BUY_STALLED,300,180,20,3,0.0,0.0,-2.8700570733333333,-2.9101283
OLD_1M,ENTRY_PROBE,STALLED_PRESSURE_PROBE,BUY_STALLED,300,180,21,7,57.142857142857146,0.0,3.8337451285714286,5.72555602
OLD_1M,ENTRY_PROBE,STALLED_PRESSURE_PROBE,BUY_STALLED,300,180,22,1,0.0,0.0,-5.33381287,-5.33381287
OLD_1M,ENTRY_PROBE,STALLED_PRESSURE_PROBE,BUY_STALLED,300,300,0,19,26.31578947368421,0.0,-4.549798204210526,-5.58070986
OLD_1M,ENTRY_PROBE,STALLED_PRESSURE_PROBE,BUY_STALLED,300,300,2,4,0.0,0.0,-6.246630529999999,-6.3068346349999995
OLD_1M,ENTRY_PROBE,STALLED_PRESSURE_PROBE,BUY_STALLED,300,300,3,7,71.42857142857143,0.0,0.5291869657142865,5.29822517
OLD_1M,ENTRY_PROBE,STALLED_PRESSURE_PROBE,BUY_STALLED,300,300,4,7,57.142857142857146,0.0,1.0832663642857145,0.64731935
OLD_1M,ENTRY_PROBE,STALLED_PRESSURE_PROBE,BUY_STALLED,300,300,5,9,11.11111111111111,0.0,-1.607522068888889,-1.30986024
OLD_1M,ENTRY_PROBE,STALLED_PRESSURE_PROBE,BUY_STALLED,300,300,6,1,100.0,0.0,1.13816746,1.13816746
OLD_1M,ENTRY_PROBE,STALLED_PRESSURE_PROBE,BUY_STALLED,300,300,7,1,0.0,0.0,-11.0098274,-11.0098274
OLD_1M,ENTRY_PROBE,STALLED_PRESSURE_PROBE,BUY_STALLED,300,300,8,9,100.0,0.0,6.501729884444445,6.89448125
OLD_1M,ENTRY_PROBE,STALLED_PRESSURE_PROBE,BUY_STALLED,300,300,10,6,83.33333333333333,0.0,1.594840286666667,3.655879615
OLD_1M,ENTRY_PROBE,STALLED_PRESSURE_PROBE,BUY_STALLED,300,300,11,24,41.666666666666664,4.166666666666667,-1.2039208275,-0.372582555
OLD_1M,ENTRY_PROBE,STALLED_PRESSURE_PROBE,BUY_STALLED,300,300,13,6,0.0,0.0,-8.262323973333334,-8.382804385
OLD_1M,ENTRY_PROBE,STALLED_PRESSURE_PROBE,BUY_STALLED,300,300,14,3,33.333333333333336,0.0,-0.53070918,-0.53068496
OLD_1M,ENTRY_PROBE,STALLED_PRESSURE_PROBE,BUY_STALLED,300,300,15,1,0.0,0.0,-10.07587253,-10.07587253
OLD_1M,ENTRY_PROBE,STALLED_PRESSURE_PROBE,BUY_STALLED,300,300,16,15,86.66666666666667,0.0,5.445235722666666,5.71581456
OLD_1M,ENTRY_PROBE,STALLED_PRESSURE_PROBE,BUY_STALLED,300,300,19,10,70.0,0.0,0.024313666000000022,0.10616387499999999
OLD_1M,ENTRY_PROBE,STALLED_PRESSURE_PROBE,BUY_STALLED,300,300,20,3,0.0,0.0,-2.2316414300000003,-2.92521551
OLD_1M,ENTRY_PROBE,STALLED_PRESSURE_PROBE,BUY_STALLED,300,300,21,7,71.42857142857143,0.0,6.587260111428572,8.34645313
OLD_1M,ENTRY_PROBE,STALLED_PRESSURE_PROBE,BUY_STALLED,300,300,22,1,0.0,0.0,-7.48257748,-7.48257748
OLD_1M,ENTRY_PROBE,STALLED_PRESSURE_PROBE,BUY_STALLED,300,600,0,15,40.0,0.0,-6.073908378666667,-12.98248752
OLD_1M,ENTRY_PROBE,STALLED_PRESSURE_PROBE,BUY_STALLED,300,600,2,4,25.0,0.0,-1.4374166375000001,-1.919125935
OLD_1M,ENTRY_PROBE,STALLED_PRESSURE_PROBE,BUY_STALLED,300,600,3,7,57.142857142857146,0.0,-4.981503712857143,3.00376905
OLD_1M,ENTRY_PROBE,STALLED_PRESSURE_PROBE,BUY_STALLED,300,600,4,7,42.857142857142854,0.0,0.8445338285714286,-0.76784795
OLD_1M,ENTRY_PROBE,STALLED_PRESSURE_PROBE,BUY_STALLED,300,600,5,9,11.11111111111111,0.0,-3.512129965555556,-4.0199159
OLD_1M,ENTRY_PROBE,STALLED_PRESSURE_PROBE,BUY_STALLED,300,600,6,1,100.0,0.0,0.0910534,0.0910534
OLD_1M,ENTRY_PROBE,STALLED_PRESSURE_PROBE,BUY_STALLED,300,600,7,1,0.0,0.0,-7.58622354,-7.58622354
OLD_1M,ENTRY_PROBE,STALLED_PRESSURE_PROBE,BUY_STALLED,300,600,8,9,100.0,0.0,13.470972197777776,12.65748308
OLD_1M,ENTRY_PROBE,STALLED_PRESSURE_PROBE,BUY_STALLED,300,600,10,6,66.66666666666667,0.0,1.620340456666666,3.3525852950000004
OLD_1M,ENTRY_PROBE,STALLED_PRESSURE_PROBE,BUY_STALLED,300,600,11,24,54.166666666666664,0.0,2.309309750833333,2.304458475
OLD_1M,ENTRY_PROBE,STALLED_PRESSURE_PROBE,BUY_STALLED,300,600,13,6,0.0,0.0,-4.262972803333334,-4.104855325
OLD_1M,ENTRY_PROBE,STALLED_PRESSURE_PROBE,BUY_STALLED,300,600,14,3,66.66666666666667,0.0,2.1834500833333332,3.01732307
OLD_1M,ENTRY_PROBE,STALLED_PRESSURE_PROBE,BUY_STALLED,300,600,15,1,0.0,0.0,-11.45675266,-11.45675266
OLD_1M,ENTRY_PROBE,STALLED_PRESSURE_PROBE,BUY_STALLED,300,600,16,15,86.66666666666667,0.0,12.530812594,13.46760403
OLD_1M,ENTRY_PROBE,STALLED_PRESSURE_PROBE,BUY_STALLED,300,600,19,10,60.0,0.0,2.205119477,0.545980605
OLD_1M,ENTRY_PROBE,STALLED_PRESSURE_PROBE,BUY_STALLED,300,600,20,3,0.0,0.0,-10.892134506666666,-10.63026141
OLD_1M,ENTRY_PROBE,STALLED_PRESSURE_PROBE,BUY_STALLED,300,600,21,7,100.0,0.0,8.209295378571428,7.63836054
OLD_1M,ENTRY_PROBE,STALLED_PRESSURE_PROBE,BUY_STALLED,300,600,22,1,0.0,0.0,-11.1248097,-11.1248097
OLD_1M,ENTRY_PROBE,STALLED_PRESSURE_PROBE,BUY_STALLED,900,60,5,1,0.0,0.0,-1.58107528,-1.58107528
OLD_1M,ENTRY_PROBE,STALLED_PRESSURE_PROBE,BUY_STALLED,900,60,12,1,0.0,0.0,-2.63028661,-2.63028661
OLD_1M,ENTRY_PROBE,STALLED_PRESSURE_PROBE,BUY_STALLED,900,60,19,1,0.0,0.0,-1.38014921,-1.38014921
OLD_1M,ENTRY_PROBE,STALLED_PRESSURE_PROBE,BUY_STALLED,900,180,5,1,0.0,0.0,-3.222382,-3.222382
OLD_1M,ENTRY_PROBE,STALLED_PRESSURE_PROBE,BUY_STALLED,900,180,12,1,0.0,0.0,-0.4409151,-0.4409151
OLD_1M,ENTRY_PROBE,STALLED_PRESSURE_PROBE,BUY_STALLED,900,180,19,1,0.0,0.0,-0.92515496,-0.92515496
OLD_1M,ENTRY_PROBE,STALLED_PRESSURE_PROBE,BUY_STALLED,900,300,5,1,0.0,0.0,-2.71041477,-2.71041477
OLD_1M,ENTRY_PROBE,STALLED_PRESSURE_PROBE,BUY_STALLED,900,300,12,1,0.0,0.0,-8.8791178,-8.8791178
OLD_1M,ENTRY_PROBE,STALLED_PRESSURE_PROBE,BUY_STALLED,900,300,19,1,100.0,0.0,1.38014921,1.38014921
OLD_1M,ENTRY_PROBE,STALLED_PRESSURE_PROBE,BUY_STALLED,900,600,5,1,0.0,0.0,-5.52623456,-5.52623456
OLD_1M,ENTRY_PROBE,STALLED_PRESSURE_PROBE,BUY_STALLED,900,600,19,1,100.0,0.0,18.26043567,18.26043567
OLD_1M,ENTRY_PROBE,STALLED_PRESSURE_PROBE,BUY_STALLED,1800,60,21,1,100.0,0.0,7.84118583,7.84118583
OLD_1M,ENTRY_PROBE,STALLED_PRESSURE_PROBE,BUY_STALLED,1800,180,21,1,100.0,0.0,11.50543228,11.50543228
OLD_1M,ENTRY_PROBE,STALLED_PRESSURE_PROBE,BUY_STALLED,1800,300,21,1,100.0,0.0,14.05381768,14.05381768
OLD_1M,ENTRY_PROBE,STALLED_PRESSURE_PROBE,BUY_STALLED,1800,600,21,1,100.0,0.0,18.74344997,18.74344997
OLD_1M,ENTRY_PROBE,STALLED_PRESSURE_PROBE,SELL_STALLED,30,60,0,69,47.82608695652174,0.0,0.26539999333333336,-0.12002749
OLD_1M,ENTRY_PROBE,STALLED_PRESSURE_PROBE,SELL_STALLED,30,60,1,86,66.27906976744185,0.0,1.3872862373255817,1.4351536
OLD_1M,ENTRY_PROBE,STALLED_PRESSURE_PROBE,SELL_STALLED,30,60,2,63,44.44444444444444,1.5873015873015872,-0.19317788555555554,-0.28704375
OLD_1M,ENTRY_PROBE,STALLED_PRESSURE_PROBE,SELL_STALLED,30,60,3,61,45.90163934426229,1.639344262295082,0.007781374262295175,-0.09097801
OLD_1M,ENTRY_PROBE,STALLED_PRESSURE_PROBE,SELL_STALLED,30,60,4,30,33.333333333333336,0.0,-0.8595456853333334,-0.6858675700000001
OLD_1M,ENTRY_PROBE,STALLED_PRESSURE_PROBE,SELL_STALLED,30,60,5,72,48.611111111111114,2.7777777777777777,-0.00296808111111119,-0.0
OLD_1M,ENTRY_PROBE,STALLED_PRESSURE_PROBE,SELL_STALLED,30,60,6,46,54.34782608695652,4.3478260869565215,-0.023073856304347974,0.120695805
OLD_1M,ENTRY_PROBE,STALLED_PRESSURE_PROBE,SELL_STALLED,30,60,7,43,46.51162790697674,0.0,0.3078924576744187,-0.49810719
OLD_1M,ENTRY_PROBE,STALLED_PRESSURE_PROBE,SELL_STALLED,30,60,8,29,37.93103448275862,3.4482758620689653,-0.6895052003448279,-0.03012048
OLD_1M,ENTRY_PROBE,STALLED_PRESSURE_PROBE,SELL_STALLED,30,60,9,84,46.42857142857143,0.0,-0.6914252157142863,-0.574914835
OLD_1M,ENTRY_PROBE,STALLED_PRESSURE_PROBE,SELL_STALLED,30,60,10,60,66.66666666666667,1.6666666666666667,1.8672408168333339,1.814279255
OLD_1M,ENTRY_PROBE,STALLED_PRESSURE_PROBE,SELL_STALLED,30,60,11,11,54.54545454545455,0.0,-0.4429545454545455,0.54237778
OLD_1M,ENTRY_PROBE,STALLED_PRESSURE_PROBE,SELL_STALLED,30,60,12,2,100.0,0.0,1.824558755,1.824558755
OLD_1M,ENTRY_PROBE,STALLED_PRESSURE_PROBE,SELL_STALLED,30,60,13,23,39.130434782608695,0.0,-0.508325682173913,-0.49755069
OLD_1M,ENTRY_PROBE,STALLED_PRESSURE_PROBE,SELL_STALLED,30,60,14,58,53.44827586206897,0.0,0.9263892098275864,1.154791055
OLD_1M,ENTRY_PROBE,STALLED_PRESSURE_PROBE,SELL_STALLED,30,60,15,34,35.294117647058826,0.0,-0.5781017929411765,-0.8201490250000001
OLD_1M,ENTRY_PROBE,STALLED_PRESSURE_PROBE,SELL_STALLED,30,60,16,23,56.52173913043478,4.3478260869565215,0.5020837404347825,1.33592422
OLD_1M,ENTRY_PROBE,STALLED_PRESSURE_PROBE,SELL_STALLED,30,60,17,32,56.25,3.125,0.4506935175000001,0.98458742
OLD_1M,ENTRY_PROBE,STALLED_PRESSURE_PROBE,SELL_STALLED,30,60,18,45,48.888888888888886,2.2222222222222223,-0.06853248755555567,-0.0
OLD_1M,ENTRY_PROBE,STALLED_PRESSURE_PROBE,SELL_STALLED,30,60,19,56,50.0,1.7857142857142858,-0.3705719719642855,0.007556295
OLD_1M,ENTRY_PROBE,STALLED_PRESSURE_PROBE,SELL_STALLED,30,60,20,60,51.666666666666664,1.6666666666666667,-0.020738093000000075,0.165886375
OLD_1M,ENTRY_PROBE,STALLED_PRESSURE_PROBE,SELL_STALLED,30,60,21,45,46.666666666666664,2.2222222222222223,0.0709997184444445,-0.09027335
OLD_1M,ENTRY_PROBE,STALLED_PRESSURE_PROBE,SELL_STALLED,30,60,22,50,38.0,4.0,-1.1851869218,-0.36018626
OLD_1M,ENTRY_PROBE,STALLED_PRESSURE_PROBE,SELL_STALLED,30,60,23,95,55.78947368421053,0.0,2.2849461896842116,0.18213554
OLD_1M,ENTRY_PROBE,STALLED_PRESSURE_PROBE,SELL_STALLED,30,180,0,68,54.411764705882355,0.0,0.15023943338235307,0.22713357
OLD_1M,ENTRY_PROBE,STALLED_PRESSURE_PROBE,SELL_STALLED,30,180,1,86,66.27906976744185,0.0,1.5212925913953486,2.62638864
OLD_1M,ENTRY_PROBE,STALLED_PRESSURE_PROBE,SELL_STALLED,30,180,2,63,65.07936507936508,0.0,3.467923734761904,2.22833509
OLD_1M,ENTRY_PROBE,STALLED_PRESSURE_PROBE,SELL_STALLED,30,180,3,61,52.459016393442624,0.0,0.43777194032786887,0.37964553
OLD_1M,ENTRY_PROBE,STALLED_PRESSURE_PROBE,SELL_STALLED,30,180,4,30,70.0,0.0,0.7053526596666667,1.4196925999999999
OLD_1M,ENTRY_PROBE,STALLED_PRESSURE_PROBE,SELL_STALLED,30,180,5,72,44.44444444444444,0.0,-0.033515255416666806,-0.295389895
OLD_1M,ENTRY_PROBE,STALLED_PRESSURE_PROBE,SELL_STALLED,30,180,6,43,37.2093023255814,0.0,-1.2742844909302322,-1.9126554
OLD_1M,ENTRY_PROBE,STALLED_PRESSURE_PROBE,SELL_STALLED,30,180,7,42,47.61904761904762,0.0,0.8233667392857139,-0.07550406
OLD_1M,ENTRY_PROBE,STALLED_PRESSURE_PROBE,SELL_STALLED,30,180,8,29,20.689655172413794,0.0,-3.1158266796551723,-3.23028766
OLD_1M,ENTRY_PROBE,STALLED_PRESSURE_PROBE,SELL_STALLED,30,180,9,84,42.857142857142854,1.1904761904761905,-1.8168637015476172,-0.92627084
OLD_1M,ENTRY_PROBE,STALLED_PRESSURE_PROBE,SELL_STALLED,30,180,10,60,83.33333333333333,0.0,5.00595014,3.7591373050000003
OLD_1M,ENTRY_PROBE,STALLED_PRESSURE_PROBE,SELL_STALLED,30,180,11,7,14.285714285714286,0.0,-5.135395321428571,-5.92319639
OLD_1M,ENTRY_PROBE,STALLED_PRESSURE_PROBE,SELL_STALLED,30,180,12,2,100.0,0.0,2.49355553,2.49355553
OLD_1M,ENTRY_PROBE,STALLED_PRESSURE_PROBE,SELL_STALLED,30,180,13,23,56.52173913043478,0.0,-0.7906106839130437,0.39196354
OLD_1M,ENTRY_PROBE,STALLED_PRESSURE_PROBE,SELL_STALLED,30,180,14,58,72.41379310344827,0.0,2.913520089827585,2.2821672250000002
OLD_1M,ENTRY_PROBE,STALLED_PRESSURE_PROBE,SELL_STALLED,30,180,15,34,47.05882352941177,0.0,-0.15301808794117605,-0.379377465
OLD_1M,ENTRY_PROBE,STALLED_PRESSURE_PROBE,SELL_STALLED,30,180,16,23,39.130434782608695,0.0,-0.6177481813043478,-1.1992956
OLD_1M,ENTRY_PROBE,STALLED_PRESSURE_PROBE,SELL_STALLED,30,180,17,30,40.0,0.0,-0.6302283616666668,-0.63619495
OLD_1M,ENTRY_PROBE,STALLED_PRESSURE_PROBE,SELL_STALLED,30,180,18,42,26.19047619047619,0.0,-1.686354968095238,-1.297641855
OLD_1M,ENTRY_PROBE,STALLED_PRESSURE_PROBE,SELL_STALLED,30,180,19,55,43.63636363636363,0.0,-0.10592149363636323,-0.16683299
OLD_1M,ENTRY_PROBE,STALLED_PRESSURE_PROBE,SELL_STALLED,30,180,20,56,67.85714285714286,0.0,0.9883914242857142,1.399668535
OLD_1M,ENTRY_PROBE,STALLED_PRESSURE_PROBE,SELL_STALLED,30,180,21,45,40.0,0.0,0.148161875111111,-0.37981337
OLD_1M,ENTRY_PROBE,STALLED_PRESSURE_PROBE,SELL_STALLED,30,180,22,50,40.0,0.0,-2.0283027934,-0.901949785
OLD_1M,ENTRY_PROBE,STALLED_PRESSURE_PROBE,SELL_STALLED,30,180,23,95,56.8421052631579,0.0,3.2862428595789477,1.10998742
OLD_1M,ENTRY_PROBE,STALLED_PRESSURE_PROBE,SELL_STALLED,30,300,0,65,55.38461538461539,0.0,0.42601527861538396,1.98822478
OLD_1M,ENTRY_PROBE,STALLED_PRESSURE_PROBE,SELL_STALLED,30,300,1,86,52.325581395348834,0.0,-0.34224748779069797,0.62343556
OLD_1M,ENTRY_PROBE,STALLED_PRESSURE_PROBE,SELL_STALLED,30,300,2,63,60.317460317460316,0.0,3.636587428571428,2.4948968
OLD_1M,ENTRY_PROBE,STALLED_PRESSURE_PROBE,SELL_STALLED,30,300,3,61,49.18032786885246,0.0,-0.19030839918032783,-0.09111493
OLD_1M,ENTRY_PROBE,STALLED_PRESSURE_PROBE,SELL_STALLED,30,300,4,30,63.333333333333336,0.0,1.8234024873333332,3.37074465
OLD_1M,ENTRY_PROBE,STALLED_PRESSURE_PROBE,SELL_STALLED,30,300,5,72,63.888888888888886,0.0,0.8920380880555554,1.340938915
OLD_1M,ENTRY_PROBE,STALLED_PRESSURE_PROBE,SELL_STALLED,30,300,6,38,44.73684210526316,0.0,-0.5762759971052631,-1.11568525
OLD_1M,ENTRY_PROBE,STALLED_PRESSURE_PROBE,SELL_STALLED,30,300,7,42,47.61904761904762,0.0,1.2908427742857143,-0.422445285
OLD_1M,ENTRY_PROBE,STALLED_PRESSURE_PROBE,SELL_STALLED,30,300,8,29,13.793103448275861,0.0,-3.3578936813793105,-3.26087616
OLD_1M,ENTRY_PROBE,STALLED_PRESSURE_PROBE,SELL_STALLED,30,300,9,84,32.142857142857146,0.0,-3.540779699880952,-5.013817415
OLD_1M,ENTRY_PROBE,STALLED_PRESSURE_PROBE,SELL_STALLED,30,300,10,60,75.0,0.0,5.692358968,6.39536337
OLD_1M,ENTRY_PROBE,STALLED_PRESSURE_PROBE,SELL_STALLED,30,300,11,7,14.285714285714286,0.0,-4.922006434285714,-3.97417547
OLD_1M,ENTRY_PROBE,STALLED_PRESSURE_PROBE,SELL_STALLED,30,300,13,23,26.08695652173913,0.0,-2.238972783478261,-2.17110411
OLD_1M,ENTRY_PROBE,STALLED_PRESSURE_PROBE,SELL_STALLED,30,300,14,58,67.24137931034483,0.0,3.293174721724139,1.7091817
OLD_1M,ENTRY_PROBE,STALLED_PRESSURE_PROBE,SELL_STALLED,30,300,15,34,38.23529411764706,0.0,-0.6848799555882357,-1.22918759
OLD_1M,ENTRY_PROBE,STALLED_PRESSURE_PROBE,SELL_STALLED,30,300,16,23,47.82608695652174,0.0,0.4328183708695651,-0.81966964
OLD_1M,ENTRY_PROBE,STALLED_PRESSURE_PROBE,SELL_STALLED,30,300,17,30,56.666666666666664,0.0,1.3019466590000006,0.553536085
OLD_1M,ENTRY_PROBE,STALLED_PRESSURE_PROBE,SELL_STALLED,30,300,18,40,37.5,0.0,-1.2260349532500003,-1.4910825600000002
OLD_1M,ENTRY_PROBE,STALLED_PRESSURE_PROBE,SELL_STALLED,30,300,19,54,53.7037037037037,0.0,0.7427625359259267,0.01517812
OLD_1M,ENTRY_PROBE,STALLED_PRESSURE_PROBE,SELL_STALLED,30,300,20,55,52.72727272727273,0.0,-0.1329575001818177,0.12067057
OLD_1M,ENTRY_PROBE,STALLED_PRESSURE_PROBE,SELL_STALLED,30,300,21,45,46.666666666666664,0.0,0.15786524399999977,-1.36895011
OLD_1M,ENTRY_PROBE,STALLED_PRESSURE_PROBE,SELL_STALLED,30,300,22,50,36.0,0.0,-3.4645578298000004,-5.875609245
OLD_1M,ENTRY_PROBE,STALLED_PRESSURE_PROBE,SELL_STALLED,30,300,23,94,54.255319148936174,1.0638297872340425,3.4787800253191494,5.5849084
OLD_1M,ENTRY_PROBE,STALLED_PRESSURE_PROBE,SELL_STALLED,30,600,0,61,36.0655737704918,0.0,-2.4699888452459025,-6.04911151
OLD_1M,ENTRY_PROBE,STALLED_PRESSURE_PROBE,SELL_STALLED,30,600,1,86,53.48837209302326,0.0,-3.784807343139535,2.817365295
OLD_1M,ENTRY_PROBE,STALLED_PRESSURE_PROBE,SELL_STALLED,30,600,2,63,71.42857142857143,0.0,9.022109953174601,7.51672848
OLD_1M,ENTRY_PROBE,STALLED_PRESSURE_PROBE,SELL_STALLED,30,600,3,61,49.18032786885246,0.0,1.1761249244262293,-0.95166019
OLD_1M,ENTRY_PROBE,STALLED_PRESSURE_PROBE,SELL_STALLED,30,600,4,30,40.0,0.0,-0.8387850886666668,-2.283506585
OLD_1M,ENTRY_PROBE,STALLED_PRESSURE_PROBE,SELL_STALLED,30,600,5,72,50.0,0.0,0.25670756888888907,-0.030327825000000003
OLD_1M,ENTRY_PROBE,STALLED_PRESSURE_PROBE,SELL_STALLED,30,600,6,33,42.42424242424242,0.0,-1.7862747821212117,-2.62499265
OLD_1M,ENTRY_PROBE,STALLED_PRESSURE_PROBE,SELL_STALLED,30,600,7,42,54.76190476190476,0.0,0.1740352145238097,0.8295091299999999
OLD_1M,ENTRY_PROBE,STALLED_PRESSURE_PROBE,SELL_STALLED,30,600,8,29,17.24137931034483,0.0,-4.737782275517241,-6.4445214
OLD_1M,ENTRY_PROBE,STALLED_PRESSURE_PROBE,SELL_STALLED,30,600,9,84,39.285714285714285,0.0,-3.5027892366666666,-5.0313929349999995
OLD_1M,ENTRY_PROBE,STALLED_PRESSURE_PROBE,SELL_STALLED,30,600,10,60,85.0,0.0,10.850324864500003,13.51171159
OLD_1M,ENTRY_PROBE,STALLED_PRESSURE_PROBE,SELL_STALLED,30,600,11,6,16.666666666666668,0.0,-8.898047748333333,-11.00697239
OLD_1M,ENTRY_PROBE,STALLED_PRESSURE_PROBE,SELL_STALLED,30,600,13,23,34.78260869565217,0.0,-2.4709957773913045,-3.89008842
OLD_1M,ENTRY_PROBE,STALLED_PRESSURE_PROBE,SELL_STALLED,30,600,14,58,77.58620689655173,0.0,7.400352424655175,3.9338110950000003
OLD_1M,ENTRY_PROBE,STALLED_PRESSURE_PROBE,SELL_STALLED,30,600,15,34,47.05882352941177,0.0,-3.315860008235294,-0.73567262
OLD_1M,ENTRY_PROBE,STALLED_PRESSURE_PROBE,SELL_STALLED,30,600,16,23,43.47826086956522,0.0,0.645705101304348,-0.91077999
OLD_1M,ENTRY_PROBE,STALLED_PRESSURE_PROBE,SELL_STALLED,30,600,17,21,57.142857142857146,0.0,2.7561434923809522,0.59141179
OLD_1M,ENTRY_PROBE,STALLED_PRESSURE_PROBE,SELL_STALLED,30,600,18,40,42.5,0.0,-1.52082806225,-1.313202935
OLD_1M,ENTRY_PROBE,STALLED_PRESSURE_PROBE,SELL_STALLED,30,600,19,50,44.0,0.0,3.073339705599999,-0.613387865
OLD_1M,ENTRY_PROBE,STALLED_PRESSURE_PROBE,SELL_STALLED,30,600,20,55,40.0,0.0,-1.8827500167272733,-3.56113484
OLD_1M,ENTRY_PROBE,STALLED_PRESSURE_PROBE,SELL_STALLED,30,600,21,45,44.44444444444444,0.0,0.40595966511111103,-1.30864261
OLD_1M,ENTRY_PROBE,STALLED_PRESSURE_PROBE,SELL_STALLED,30,600,22,50,30.0,0.0,-8.537712795,-9.411263925
OLD_1M,ENTRY_PROBE,STALLED_PRESSURE_PROBE,SELL_STALLED,30,600,23,87,56.32183908045977,0.0,9.041897259310344,3.67523247
OLD_1M,ENTRY_PROBE,STALLED_PRESSURE_PROBE,SELL_STALLED,60,60,0,30,46.666666666666664,0.0,-0.3494564656666661,-0.83729186
OLD_1M,ENTRY_PROBE,STALLED_PRESSURE_PROBE,SELL_STALLED,60,60,1,44,63.63636363636363,2.272727272727273,1.8519807122727272,2.1022662050000003
OLD_1M,ENTRY_PROBE,STALLED_PRESSURE_PROBE,SELL_STALLED,60,60,2,22,40.90909090909091,0.0,-0.7895091995454543,-0.347659335
OLD_1M,ENTRY_PROBE,STALLED_PRESSURE_PROBE,SELL_STALLED,60,60,3,11,81.81818181818181,0.0,0.7537363890909089,1.25247477
OLD_1M,ENTRY_PROBE,STALLED_PRESSURE_PROBE,SELL_STALLED,60,60,4,19,47.36842105263158,0.0,-0.14748843000000003,-0.96330558
OLD_1M,ENTRY_PROBE,STALLED_PRESSURE_PROBE,SELL_STALLED,60,60,5,33,57.57575757575758,0.0,0.4949281187878788,0.03013946
OLD_1M,ENTRY_PROBE,STALLED_PRESSURE_PROBE,SELL_STALLED,60,60,6,17,52.94117647058823,11.764705882352942,0.4725012611764708,0.42241197
OLD_1M,ENTRY_PROBE,STALLED_PRESSURE_PROBE,SELL_STALLED,60,60,7,14,21.428571428571427,0.0,-0.2160681957142858,-0.79951908
OLD_1M,ENTRY_PROBE,STALLED_PRESSURE_PROBE,SELL_STALLED,60,60,8,7,0.0,0.0,-3.0785069585714284,-3.47338631
OLD_1M,ENTRY_PROBE,STALLED_PRESSURE_PROBE,SELL_STALLED,60,60,9,35,48.57142857142857,0.0,-0.9613738717142861,-0.61987938
OLD_1M,ENTRY_PROBE,STALLED_PRESSURE_PROBE,SELL_STALLED,60,60,10,33,54.54545454545455,0.0,0.42260073636363643,0.53023956
OLD_1M,ENTRY_PROBE,STALLED_PRESSURE_PROBE,SELL_STALLED,60,60,11,2,50.0,0.0,-1.1180400549999998,-1.1180400549999998
OLD_1M,ENTRY_PROBE,STALLED_PRESSURE_PROBE,SELL_STALLED,60,60,12,1,100.0,0.0,2.14379872,2.14379872
OLD_1M,ENTRY_PROBE,STALLED_PRESSURE_PROBE,SELL_STALLED,60,60,13,5,40.0,0.0,-0.006030621999999997,-0.46742359
OLD_1M,ENTRY_PROBE,STALLED_PRESSURE_PROBE,SELL_STALLED,60,60,14,18,38.888888888888886,0.0,-0.2437870255555555,-0.151182595
OLD_1M,ENTRY_PROBE,STALLED_PRESSURE_PROBE,SELL_STALLED,60,60,15,16,31.25,6.25,-0.5691429650000001,-0.310857945
OLD_1M,ENTRY_PROBE,STALLED_PRESSURE_PROBE,SELL_STALLED,60,60,16,9,33.333333333333336,0.0,0.537249301111111,-1.04743833
OLD_1M,ENTRY_PROBE,STALLED_PRESSURE_PROBE,SELL_STALLED,60,60,17,20,40.0,0.0,-0.19762733899999996,-0.25000365
OLD_1M,ENTRY_PROBE,STALLED_PRESSURE_PROBE,SELL_STALLED,60,60,18,22,36.36363636363637,4.545454545454546,-1.0217186786363635,-0.64495491
OLD_1M,ENTRY_PROBE,STALLED_PRESSURE_PROBE,SELL_STALLED,60,60,19,37,56.75675675675676,2.7027027027027026,0.13428783162162164,0.09067567
OLD_1M,ENTRY_PROBE,STALLED_PRESSURE_PROBE,SELL_STALLED,60,60,20,23,69.56521739130434,0.0,0.2718296886956521,0.33242672
OLD_1M,ENTRY_PROBE,STALLED_PRESSURE_PROBE,SELL_STALLED,60,60,21,11,36.36363636363637,0.0,-0.24747906363636368,-0.92674182
OLD_1M,ENTRY_PROBE,STALLED_PRESSURE_PROBE,SELL_STALLED,60,60,22,35,37.142857142857146,2.857142857142857,-1.7793285677142856,-0.71940505
OLD_1M,ENTRY_PROBE,STALLED_PRESSURE_PROBE,SELL_STALLED,60,60,23,44,43.18181818181818,2.272727272727273,-0.9917396734090917,-0.51379071
OLD_1M,ENTRY_PROBE,STALLED_PRESSURE_PROBE,SELL_STALLED,60,180,0,30,53.333333333333336,0.0,-1.2279545493333333,0.74308965
OLD_1M,ENTRY_PROBE,STALLED_PRESSURE_PROBE,SELL_STALLED,60,180,1,44,52.27272727272727,0.0,0.14994218659090916,0.613274805
OLD_1M,ENTRY_PROBE,STALLED_PRESSURE_PROBE,SELL_STALLED,60,180,2,22,50.0,0.0,0.4004270772727272,0.24203170000000002
OLD_1M,ENTRY_PROBE,STALLED_PRESSURE_PROBE,SELL_STALLED,60,180,3,11,63.63636363636363,0.0,1.4294688245454548,1.50890101
OLD_1M,ENTRY_PROBE,STALLED_PRESSURE_PROBE,SELL_STALLED,60,180,4,19,84.21052631578948,0.0,3.39836358631579,3.2384946
OLD_1M,ENTRY_PROBE,STALLED_PRESSURE_PROBE,SELL_STALLED,60,180,5,33,51.515151515151516,0.0,1.5812262003030304,0.03039745
OLD_1M,ENTRY_PROBE,STALLED_PRESSURE_PROBE,SELL_STALLED,60,180,6,16,31.25,0.0,-0.9924378700000002,-2.164517525
OLD_1M,ENTRY_PROBE,STALLED_PRESSURE_PROBE,SELL_STALLED,60,180,7,14,35.714285714285715,0.0,-0.9808484035714284,-3.1974382749999997
OLD_1M,ENTRY_PROBE,STALLED_PRESSURE_PROBE,SELL_STALLED,60,180,8,7,14.285714285714286,0.0,-3.409726994285714,-3.84104404
OLD_1M,ENTRY_PROBE,STALLED_PRESSURE_PROBE,SELL_STALLED,60,180,9,35,40.0,0.0,-2.449648542571428,-1.99662825
OLD_1M,ENTRY_PROBE,STALLED_PRESSURE_PROBE,SELL_STALLED,60,180,10,33,63.63636363636363,0.0,4.474036902424242,4.35050957
OLD_1M,ENTRY_PROBE,STALLED_PRESSURE_PROBE,SELL_STALLED,60,180,11,1,0.0,0.0,-5.49666394,-5.49666394
OLD_1M,ENTRY_PROBE,STALLED_PRESSURE_PROBE,SELL_STALLED,60,180,12,1,100.0,0.0,3.17768746,3.17768746
OLD_1M,ENTRY_PROBE,STALLED_PRESSURE_PROBE,SELL_STALLED,60,180,13,5,60.0,0.0,-0.3136532599999998,1.17604842
OLD_1M,ENTRY_PROBE,STALLED_PRESSURE_PROBE,SELL_STALLED,60,180,14,18,72.22222222222223,0.0,3.4668493611111106,2.455542455
OLD_1M,ENTRY_PROBE,STALLED_PRESSURE_PROBE,SELL_STALLED,60,180,15,16,37.5,0.0,-1.428789295625,-2.0407348
OLD_1M,ENTRY_PROBE,STALLED_PRESSURE_PROBE,SELL_STALLED,60,180,16,9,44.44444444444444,0.0,-0.42687479777777804,-1.86717268
OLD_1M,ENTRY_PROBE,STALLED_PRESSURE_PROBE,SELL_STALLED,60,180,17,19,5.2631578947368425,0.0,-2.7705959499999997,-3.0335158
OLD_1M,ENTRY_PROBE,STALLED_PRESSURE_PROBE,SELL_STALLED,60,180,18,19,26.31578947368421,0.0,-1.0119528684210526,-1.47319245
OLD_1M,ENTRY_PROBE,STALLED_PRESSURE_PROBE,SELL_STALLED,60,180,19,37,59.45945945945946,0.0,0.602887411621622,0.19646158
OLD_1M,ENTRY_PROBE,STALLED_PRESSURE_PROBE,SELL_STALLED,60,180,20,21,47.61904761904762,0.0,-1.84461632952381,-0.61843572
OLD_1M,ENTRY_PROBE,STALLED_PRESSURE_PROBE,SELL_STALLED,60,180,21,11,45.45454545454545,0.0,-1.1290477972727269,-1.30853632
OLD_1M,ENTRY_PROBE,STALLED_PRESSURE_PROBE,SELL_STALLED,60,180,22,35,25.714285714285715,0.0,-3.942632948857142,-2.71275655
OLD_1M,ENTRY_PROBE,STALLED_PRESSURE_PROBE,SELL_STALLED,60,180,23,44,43.18181818181818,0.0,-3.5483669256818176,-4.544223105
OLD_1M,ENTRY_PROBE,STALLED_PRESSURE_PROBE,SELL_STALLED,60,300,0,29,55.172413793103445,0.0,0.14636688551724092,5.09411221
OLD_1M,ENTRY_PROBE,STALLED_PRESSURE_PROBE,SELL_STALLED,60,300,1,44,50.0,0.0,-0.8701701127272727,-0.24184539499999996
OLD_1M,ENTRY_PROBE,STALLED_PRESSURE_PROBE,SELL_STALLED,60,300,2,22,59.09090909090909,0.0,3.260501336818182,1.59045271
OLD_1M,ENTRY_PROBE,STALLED_PRESSURE_PROBE,SELL_STALLED,60,300,3,11,45.45454545454545,0.0,1.5530057272727282,-0.01516082
OLD_1M,ENTRY_PROBE,STALLED_PRESSURE_PROBE,SELL_STALLED,60,300,4,19,84.21052631578948,0.0,5.198589123157895,5.37820641
OLD_1M,ENTRY_PROBE,STALLED_PRESSURE_PROBE,SELL_STALLED,60,300,5,33,60.60606060606061,0.0,1.2620239675757572,1.47693124
OLD_1M,ENTRY_PROBE,STALLED_PRESSURE_PROBE,SELL_STALLED,60,300,6,14,21.428571428571427,0.0,-3.526678194285714,-5.73974119
OLD_1M,ENTRY_PROBE,STALLED_PRESSURE_PROBE,SELL_STALLED,60,300,7,14,64.28571428571429,7.142857142857143,3.001026295714286,2.639312275
OLD_1M,ENTRY_PROBE,STALLED_PRESSURE_PROBE,SELL_STALLED,60,300,8,7,0.0,0.0,-4.226361708571429,-3.73560362
OLD_1M,ENTRY_PROBE,STALLED_PRESSURE_PROBE,SELL_STALLED,60,300,9,35,25.714285714285715,0.0,-4.0999184231428565,-4.70535885
OLD_1M,ENTRY_PROBE,STALLED_PRESSURE_PROBE,SELL_STALLED,60,300,10,33,66.66666666666667,0.0,3.5839347587878785,5.974273
OLD_1M,ENTRY_PROBE,STALLED_PRESSURE_PROBE,SELL_STALLED,60,300,11,1,0.0,0.0,-3.62383938,-3.62383938
OLD_1M,ENTRY_PROBE,STALLED_PRESSURE_PROBE,SELL_STALLED,60,300,13,5,40.0,0.0,-3.019018102,-4.16148993
OLD_1M,ENTRY_PROBE,STALLED_PRESSURE_PROBE,SELL_STALLED,60,300,14,18,72.22222222222223,0.0,7.065316949444444,6.002659469999999
OLD_1M,ENTRY_PROBE,STALLED_PRESSURE_PROBE,SELL_STALLED,60,300,15,16,37.5,0.0,0.14741764312499972,-0.63732735
OLD_1M,ENTRY_PROBE,STALLED_PRESSURE_PROBE,SELL_STALLED,60,300,16,9,77.77777777777777,0.0,3.254266114444445,1.35104364
OLD_1M,ENTRY_PROBE,STALLED_PRESSURE_PROBE,SELL_STALLED,60,300,17,12,50.0,0.0,-1.2621010966666668,-0.454184495
OLD_1M,ENTRY_PROBE,STALLED_PRESSURE_PROBE,SELL_STALLED,60,300,18,19,47.36842105263158,0.0,-0.3832235710526316,-0.72436539
OLD_1M,ENTRY_PROBE,STALLED_PRESSURE_PROBE,SELL_STALLED,60,300,19,37,62.16216216216216,2.7027027027027026,1.1532570383783787,0.37781472
OLD_1M,ENTRY_PROBE,STALLED_PRESSURE_PROBE,SELL_STALLED,60,300,20,21,52.38095238095238,0.0,-1.8015956147619046,0.13575418
OLD_1M,ENTRY_PROBE,STALLED_PRESSURE_PROBE,SELL_STALLED,60,300,21,11,27.272727272727273,0.0,-0.9762383172727273,-1.70138298
OLD_1M,ENTRY_PROBE,STALLED_PRESSURE_PROBE,SELL_STALLED,60,300,22,35,22.857142857142858,0.0,-9.826400455428569,-8.21320768
OLD_1M,ENTRY_PROBE,STALLED_PRESSURE_PROBE,SELL_STALLED,60,300,23,42,45.23809523809524,0.0,-3.6020725288095243,-5.777809485
OLD_1M,ENTRY_PROBE,STALLED_PRESSURE_PROBE,SELL_STALLED,60,600,0,29,34.48275862068966,0.0,-4.922297553448275,-6.91438191
OLD_1M,ENTRY_PROBE,STALLED_PRESSURE_PROBE,SELL_STALLED,60,600,1,44,47.72727272727273,0.0,-4.1329290777272725,-0.24154645
OLD_1M,ENTRY_PROBE,STALLED_PRESSURE_PROBE,SELL_STALLED,60,600,2,22,72.72727272727273,0.0,7.021979298181819,5.572003255
OLD_1M,ENTRY_PROBE,STALLED_PRESSURE_PROBE,SELL_STALLED,60,600,3,11,54.54545454545455,0.0,2.8454731218181823,4.49683712
OLD_1M,ENTRY_PROBE,STALLED_PRESSURE_PROBE,SELL_STALLED,60,600,4,19,42.10526315789474,0.0,1.8353866389473688,-1.76219947
OLD_1M,ENTRY_PROBE,STALLED_PRESSURE_PROBE,SELL_STALLED,60,600,5,33,48.484848484848484,0.0,0.42079667545454535,-0.31874784
OLD_1M,ENTRY_PROBE,STALLED_PRESSURE_PROBE,SELL_STALLED,60,600,6,13,15.384615384615385,0.0,-4.128135043846154,-3.04752939
OLD_1M,ENTRY_PROBE,STALLED_PRESSURE_PROBE,SELL_STALLED,60,600,7,14,57.142857142857146,0.0,0.310226330714286,1.6901156949999998
OLD_1M,ENTRY_PROBE,STALLED_PRESSURE_PROBE,SELL_STALLED,60,600,8,7,14.285714285714286,0.0,-2.5350188328571437,-5.13645497
OLD_1M,ENTRY_PROBE,STALLED_PRESSURE_PROBE,SELL_STALLED,60,600,9,35,28.571428571428573,0.0,-5.549996972285715,-8.66441822
OLD_1M,ENTRY_PROBE,STALLED_PRESSURE_PROBE,SELL_STALLED,60,600,10,33,87.87878787878788,0.0,10.966514947878789,13.03647503
OLD_1M,ENTRY_PROBE,STALLED_PRESSURE_PROBE,SELL_STALLED,60,600,11,1,0.0,0.0,-17.00768315,-17.00768315
OLD_1M,ENTRY_PROBE,STALLED_PRESSURE_PROBE,SELL_STALLED,60,600,13,5,20.0,0.0,-4.5059566339999995,-6.78518116
OLD_1M,ENTRY_PROBE,STALLED_PRESSURE_PROBE,SELL_STALLED,60,600,14,18,77.77777777777777,0.0,11.393909947222221,4.25129653
OLD_1M,ENTRY_PROBE,STALLED_PRESSURE_PROBE,SELL_STALLED,60,600,15,16,68.75,0.0,1.550086868125,1.9726846999999998
OLD_1M,ENTRY_PROBE,STALLED_PRESSURE_PROBE,SELL_STALLED,60,600,16,9,55.55555555555556,0.0,3.479563407777777,0.72955424
OLD_1M,ENTRY_PROBE,STALLED_PRESSURE_PROBE,SELL_STALLED,60,600,17,8,12.5,0.0,-3.01802981875,-1.71381165
OLD_1M,ENTRY_PROBE,STALLED_PRESSURE_PROBE,SELL_STALLED,60,600,18,19,31.57894736842105,0.0,-4.005374756842105,-5.50718121
OLD_1M,ENTRY_PROBE,STALLED_PRESSURE_PROBE,SELL_STALLED,60,600,19,36,47.22222222222222,0.0,2.0471086483333334,-0.05299164
OLD_1M,ENTRY_PROBE,STALLED_PRESSURE_PROBE,SELL_STALLED,60,600,20,21,28.571428571428573,0.0,-4.30364121952381,-8.52324246
OLD_1M,ENTRY_PROBE,STALLED_PRESSURE_PROBE,SELL_STALLED,60,600,21,11,27.272727272727273,0.0,-3.8860205063636357,-4.14712102
OLD_1M,ENTRY_PROBE,STALLED_PRESSURE_PROBE,SELL_STALLED,60,600,22,35,20.0,0.0,-14.553484574571431,-10.37446818
OLD_1M,ENTRY_PROBE,STALLED_PRESSURE_PROBE,SELL_STALLED,60,600,23,38,42.10526315789474,0.0,4.005779648157895,-2.507622405
OLD_1M,ENTRY_PROBE,STALLED_PRESSURE_PROBE,SELL_STALLED,180,60,0,8,25.0,0.0,-1.2553847075000002,-4.0245990549999995
OLD_1M,ENTRY_PROBE,STALLED_PRESSURE_PROBE,SELL_STALLED,180,60,1,12,58.333333333333336,0.0,0.8117505375,1.08810805
OLD_1M,ENTRY_PROBE,STALLED_PRESSURE_PROBE,SELL_STALLED,180,60,2,1,0.0,0.0,-6.25419212,-6.25419212
OLD_1M,ENTRY_PROBE,STALLED_PRESSURE_PROBE,SELL_STALLED,180,60,3,5,80.0,0.0,1.0885525360000001,0.8489389
OLD_1M,ENTRY_PROBE,STALLED_PRESSURE_PROBE,SELL_STALLED,180,60,4,4,100.0,0.0,6.0892213225,5.625406760000001
OLD_1M,ENTRY_PROBE,STALLED_PRESSURE_PROBE,SELL_STALLED,180,60,5,6,83.33333333333333,16.666666666666668,1.1902886433333333,1.242650755
OLD_1M,ENTRY_PROBE,STALLED_PRESSURE_PROBE,SELL_STALLED,180,60,6,6,83.33333333333333,0.0,-0.13506698000000003,1.44014547
OLD_1M,ENTRY_PROBE,STALLED_PRESSURE_PROBE,SELL_STALLED,180,60,8,1,0.0,0.0,-6.22282235,-6.22282235
OLD_1M,ENTRY_PROBE,STALLED_PRESSURE_PROBE,SELL_STALLED,180,60,9,15,46.666666666666664,0.0,-0.3687829406666667,-0.21016666
OLD_1M,ENTRY_PROBE,STALLED_PRESSURE_PROBE,SELL_STALLED,180,60,10,4,75.0,0.0,1.9574763775000001,2.716919175
OLD_1M,ENTRY_PROBE,STALLED_PRESSURE_PROBE,SELL_STALLED,180,60,14,18,77.77777777777777,0.0,2.074606338333334,1.9630568950000002
OLD_1M,ENTRY_PROBE,STALLED_PRESSURE_PROBE,SELL_STALLED,180,60,15,1,0.0,0.0,-5.49416359,-5.49416359
OLD_1M,ENTRY_PROBE,STALLED_PRESSURE_PROBE,SELL_STALLED,180,60,18,11,45.45454545454545,0.0,0.08903749818181823,-0.25653369
OLD_1M,ENTRY_PROBE,STALLED_PRESSURE_PROBE,SELL_STALLED,180,60,19,6,33.333333333333336,0.0,-0.9193643150000002,-0.838757495
OLD_1M,ENTRY_PROBE,STALLED_PRESSURE_PROBE,SELL_STALLED,180,60,20,5,0.0,0.0,-3.6551849999999995,-1.81343392
OLD_1M,ENTRY_PROBE,STALLED_PRESSURE_PROBE,SELL_STALLED,180,60,21,1,100.0,0.0,2.8251119,2.8251119
OLD_1M,ENTRY_PROBE,STALLED_PRESSURE_PROBE,SELL_STALLED,180,60,22,5,0.0,20.0,-5.35241978,-6.24119035
OLD_1M,ENTRY_PROBE,STALLED_PRESSURE_PROBE,SELL_STALLED,180,60,23,19,52.63157894736842,0.0,-0.9360099778947368,0.04612036
OLD_1M,ENTRY_PROBE,STALLED_PRESSURE_PROBE,SELL_STALLED,180,180,0,8,25.0,0.0,0.10052924249999995,-3.6486769199999998
OLD_1M,ENTRY_PROBE,STALLED_PRESSURE_PROBE,SELL_STALLED,180,180,1,12,75.0,0.0,2.4910212625,3.500215995
OLD_1M,ENTRY_PROBE,STALLED_PRESSURE_PROBE,SELL_STALLED,180,180,2,1,100.0,0.0,1.48046094,1.48046094
OLD_1M,ENTRY_PROBE,STALLED_PRESSURE_PROBE,SELL_STALLED,180,180,3,5,40.0,0.0,1.2854494359999997,-0.07580444
OLD_1M,ENTRY_PROBE,STALLED_PRESSURE_PROBE,SELL_STALLED,180,180,4,4,100.0,0.0,5.176300395,3.712315415
OLD_1M,ENTRY_PROBE,STALLED_PRESSURE_PROBE,SELL_STALLED,180,180,5,6,83.33333333333333,0.0,2.3609906549999997,0.89621866
OLD_1M,ENTRY_PROBE,STALLED_PRESSURE_PROBE,SELL_STALLED,180,180,6,6,50.0,0.0,-2.6603448833333334,-1.47752005
OLD_1M,ENTRY_PROBE,STALLED_PRESSURE_PROBE,SELL_STALLED,180,180,8,1,0.0,0.0,-6.64573261,-6.64573261
OLD_1M,ENTRY_PROBE,STALLED_PRESSURE_PROBE,SELL_STALLED,180,180,9,15,53.333333333333336,6.666666666666667,-1.415400304,0.64529103
OLD_1M,ENTRY_PROBE,STALLED_PRESSURE_PROBE,SELL_STALLED,180,180,10,4,75.0,0.0,7.433934712499999,12.303670635
OLD_1M,ENTRY_PROBE,STALLED_PRESSURE_PROBE,SELL_STALLED,180,180,14,18,77.77777777777777,0.0,3.2376492694444443,2.584461915
OLD_1M,ENTRY_PROBE,STALLED_PRESSURE_PROBE,SELL_STALLED,180,180,15,1,0.0,0.0,-7.61897824,-7.61897824
OLD_1M,ENTRY_PROBE,STALLED_PRESSURE_PROBE,SELL_STALLED,180,180,18,11,18.181818181818183,0.0,-0.8628586436363637,-0.4375463
OLD_1M,ENTRY_PROBE,STALLED_PRESSURE_PROBE,SELL_STALLED,180,180,19,6,83.33333333333333,0.0,2.506818723333333,0.46849521
OLD_1M,ENTRY_PROBE,STALLED_PRESSURE_PROBE,SELL_STALLED,180,180,20,5,0.0,0.0,-7.844427236,-7.11772813
OLD_1M,ENTRY_PROBE,STALLED_PRESSURE_PROBE,SELL_STALLED,180,180,21,1,0.0,0.0,-2.5365252,-2.5365252
OLD_1M,ENTRY_PROBE,STALLED_PRESSURE_PROBE,SELL_STALLED,180,180,22,5,0.0,0.0,-15.01674989,-14.95473629
OLD_1M,ENTRY_PROBE,STALLED_PRESSURE_PROBE,SELL_STALLED,180,180,23,19,10.526315789473685,0.0,-7.37669278368421,-8.3190198
OLD_1M,ENTRY_PROBE,STALLED_PRESSURE_PROBE,SELL_STALLED,180,300,0,6,33.333333333333336,0.0,-1.4055580049999998,-8.421469845
OLD_1M,ENTRY_PROBE,STALLED_PRESSURE_PROBE,SELL_STALLED,180,300,1,12,83.33333333333333,0.0,4.906002152500001,5.107703519999999
OLD_1M,ENTRY_PROBE,STALLED_PRESSURE_PROBE,SELL_STALLED,180,300,2,1,100.0,0.0,2.6285735,2.6285735
OLD_1M,ENTRY_PROBE,STALLED_PRESSURE_PROBE,SELL_STALLED,180,300,3,5,40.0,0.0,-0.28810913599999993,-0.01516082
OLD_1M,ENTRY_PROBE,STALLED_PRESSURE_PROBE,SELL_STALLED,180,300,4,4,75.0,0.0,1.9475046,1.27249516
OLD_1M,ENTRY_PROBE,STALLED_PRESSURE_PROBE,SELL_STALLED,180,300,5,6,66.66666666666667,0.0,4.894849914999999,6.343704025
OLD_1M,ENTRY_PROBE,STALLED_PRESSURE_PROBE,SELL_STALLED,180,300,6,4,0.0,0.0,-3.7111616025,-4.67610283
OLD_1M,ENTRY_PROBE,STALLED_PRESSURE_PROBE,SELL_STALLED,180,300,8,1,0.0,0.0,-2.67339698,-2.67339698
OLD_1M,ENTRY_PROBE,STALLED_PRESSURE_PROBE,SELL_STALLED,180,300,9,15,33.333333333333336,0.0,-3.1403781753333333,-5.32004933
OLD_1M,ENTRY_PROBE,STALLED_PRESSURE_PROBE,SELL_STALLED,180,300,10,4,75.0,0.0,6.450470225,12.077988285
OLD_1M,ENTRY_PROBE,STALLED_PRESSURE_PROBE,SELL_STALLED,180,300,14,18,77.77777777777777,0.0,5.997293264444446,2.05405829
OLD_1M,ENTRY_PROBE,STALLED_PRESSURE_PROBE,SELL_STALLED,180,300,15,1,0.0,0.0,-1.97304217,-1.97304217
OLD_1M,ENTRY_PROBE,STALLED_PRESSURE_PROBE,SELL_STALLED,180,300,18,11,54.54545454545455,0.0,0.9764937318181818,1.14670594
OLD_1M,ENTRY_PROBE,STALLED_PRESSURE_PROBE,SELL_STALLED,180,300,19,6,50.0,0.0,2.0629376366666667,0.0302255
OLD_1M,ENTRY_PROBE,STALLED_PRESSURE_PROBE,SELL_STALLED,180,300,20,5,0.0,0.0,-8.118643514,-7.49552686
OLD_1M,ENTRY_PROBE,STALLED_PRESSURE_PROBE,SELL_STALLED,180,300,21,1,100.0,0.0,0.68349482,0.68349482
OLD_1M,ENTRY_PROBE,STALLED_PRESSURE_PROBE,SELL_STALLED,180,300,22,5,0.0,0.0,-41.196647528,-44.23104465
OLD_1M,ENTRY_PROBE,STALLED_PRESSURE_PROBE,SELL_STALLED,180,300,23,7,28.571428571428573,0.0,-5.598456747142857,-16.52966873
OLD_1M,ENTRY_PROBE,STALLED_PRESSURE_PROBE,SELL_STALLED,180,600,0,6,16.666666666666668,0.0,-9.815804344999998,-9.270845354999999
OLD_1M,ENTRY_PROBE,STALLED_PRESSURE_PROBE,SELL_STALLED,180,600,1,12,83.33333333333333,0.0,5.814324719166667,7.80380637
OLD_1M,ENTRY_PROBE,STALLED_PRESSURE_PROBE,SELL_STALLED,180,600,2,1,100.0,0.0,20.75666661,20.75666661
OLD_1M,ENTRY_PROBE,STALLED_PRESSURE_PROBE,SELL_STALLED,180,600,3,5,100.0,0.0,15.525240051999997,15.63087484
OLD_1M,ENTRY_PROBE,STALLED_PRESSURE_PROBE,SELL_STALLED,180,600,4,4,25.0,0.0,-1.4433860649999999,-1.649225645
OLD_1M,ENTRY_PROBE,STALLED_PRESSURE_PROBE,SELL_STALLED,180,600,5,6,66.66666666666667,0.0,3.599839616666667,5.6491351750000005
OLD_1M,ENTRY_PROBE,STALLED_PRESSURE_PROBE,SELL_STALLED,180,600,6,3,0.0,0.0,-5.163926109999999,-4.73804925
OLD_1M,ENTRY_PROBE,STALLED_PRESSURE_PROBE,SELL_STALLED,180,600,8,1,0.0,0.0,-7.61238462,-7.61238462
OLD_1M,ENTRY_PROBE,STALLED_PRESSURE_PROBE,SELL_STALLED,180,600,9,15,33.333333333333336,0.0,-4.840657226,-7.65592186
OLD_1M,ENTRY_PROBE,STALLED_PRESSURE_PROBE,SELL_STALLED,180,600,10,4,100.0,0.0,10.962221827499999,13.000699685
OLD_1M,ENTRY_PROBE,STALLED_PRESSURE_PROBE,SELL_STALLED,180,600,14,18,83.33333333333333,0.0,8.050172293333336,1.8039783950000001
OLD_1M,ENTRY_PROBE,STALLED_PRESSURE_PROBE,SELL_STALLED,180,600,15,1,100.0,0.0,8.27159988,8.27159988
OLD_1M,ENTRY_PROBE,STALLED_PRESSURE_PROBE,SELL_STALLED,180,600,18,11,0.0,0.0,-5.422384086363636,-5.00891647
OLD_1M,ENTRY_PROBE,STALLED_PRESSURE_PROBE,SELL_STALLED,180,600,19,6,83.33333333333333,0.0,4.73302515,4.412919275
OLD_1M,ENTRY_PROBE,STALLED_PRESSURE_PROBE,SELL_STALLED,180,600,20,5,0.0,0.0,-12.41682664,-13.4496349
OLD_1M,ENTRY_PROBE,STALLED_PRESSURE_PROBE,SELL_STALLED,180,600,21,1,100.0,0.0,1.23029067,1.23029067
OLD_1M,ENTRY_PROBE,STALLED_PRESSURE_PROBE,SELL_STALLED,180,600,22,5,0.0,0.0,-58.387367252000004,-58.95965086
OLD_1M,ENTRY_PROBE,STALLED_PRESSURE_PROBE,SELL_STALLED,180,600,23,6,33.333333333333336,0.0,-7.959437275,-16.163430944999998
OLD_1M,ENTRY_PROBE,STALLED_PRESSURE_PROBE,SELL_STALLED,300,60,0,3,0.0,0.0,-3.0822796333333335,-3.18808809
OLD_1M,ENTRY_PROBE,STALLED_PRESSURE_PROBE,SELL_STALLED,300,60,1,10,70.0,0.0,1.412781531,1.1793879
OLD_1M,ENTRY_PROBE,STALLED_PRESSURE_PROBE,SELL_STALLED,300,60,3,1,100.0,0.0,3.60829119,3.60829119
OLD_1M,ENTRY_PROBE,STALLED_PRESSURE_PROBE,SELL_STALLED,300,60,6,1,100.0,0.0,0.40732644,0.40732644
OLD_1M,ENTRY_PROBE,STALLED_PRESSURE_PROBE,SELL_STALLED,300,60,9,10,50.0,0.0,1.303844445,-0.34766482499999996
OLD_1M,ENTRY_PROBE,STALLED_PRESSURE_PROBE,SELL_STALLED,300,60,14,9,66.66666666666667,0.0,1.8204071699999997,2.00081245
OLD_1M,ENTRY_PROBE,STALLED_PRESSURE_PROBE,SELL_STALLED,300,60,15,2,0.0,0.0,-4.975746095,-4.975746095
OLD_1M,ENTRY_PROBE,STALLED_PRESSURE_PROBE,SELL_STALLED,300,60,17,3,100.0,0.0,1.6529561933333332,1.3190052
OLD_1M,ENTRY_PROBE,STALLED_PRESSURE_PROBE,SELL_STALLED,300,60,18,4,25.0,0.0,-0.17749175500000003,-0.882758335
OLD_1M,ENTRY_PROBE,STALLED_PRESSURE_PROBE,SELL_STALLED,300,60,20,4,50.0,0.0,-2.3921016600000002,-0.725255735
OLD_1M,ENTRY_PROBE,STALLED_PRESSURE_PROBE,SELL_STALLED,300,60,23,7,42.857142857142854,0.0,1.1427183757142854,-1.53779674
OLD_1M,ENTRY_PROBE,STALLED_PRESSURE_PROBE,SELL_STALLED,300,180,0,3,100.0,0.0,3.5019508866666667,4.73658802
OLD_1M,ENTRY_PROBE,STALLED_PRESSURE_PROBE,SELL_STALLED,300,180,1,10,70.0,0.0,1.854081244,0.578375395
OLD_1M,ENTRY_PROBE,STALLED_PRESSURE_PROBE,SELL_STALLED,300,180,3,1,0.0,0.0,-0.07580444,-0.07580444
OLD_1M,ENTRY_PROBE,STALLED_PRESSURE_PROBE,SELL_STALLED,300,180,6,1,100.0,0.0,0.79956673,0.79956673
OLD_1M,ENTRY_PROBE,STALLED_PRESSURE_PROBE,SELL_STALLED,300,180,9,10,60.0,0.0,-1.09298872,1.20998335
OLD_1M,ENTRY_PROBE,STALLED_PRESSURE_PROBE,SELL_STALLED,300,180,14,9,88.88888888888889,0.0,8.257688292222221,6.07841919
OLD_1M,ENTRY_PROBE,STALLED_PRESSURE_PROBE,SELL_STALLED,300,180,15,2,0.0,0.0,-5.1505449500000005,-5.1505449500000005
OLD_1M,ENTRY_PROBE,STALLED_PRESSURE_PROBE,SELL_STALLED,300,180,17,1,0.0,0.0,-3.4127001,-3.4127001
OLD_1M,ENTRY_PROBE,STALLED_PRESSURE_PROBE,SELL_STALLED,300,180,18,4,25.0,0.0,-1.3694850650000001,-2.1427819550000002
OLD_1M,ENTRY_PROBE,STALLED_PRESSURE_PROBE,SELL_STALLED,300,180,20,4,0.0,0.0,-9.70681542,-10.145578465
OLD_1M,ENTRY_PROBE,STALLED_PRESSURE_PROBE,SELL_STALLED,300,180,23,7,14.285714285714286,0.0,-6.276222592857143,-8.56315627
OLD_1M,ENTRY_PROBE,STALLED_PRESSURE_PROBE,SELL_STALLED,300,300,0,3,0.0,0.0,-6.94904459,-6.042186
OLD_1M,ENTRY_PROBE,STALLED_PRESSURE_PROBE,SELL_STALLED,300,300,1,10,100.0,0.0,6.45700655,5.8361537850000005
OLD_1M,ENTRY_PROBE,STALLED_PRESSURE_PROBE,SELL_STALLED,300,300,3,1,0.0,0.0,-1.13706655,-1.13706655
OLD_1M,ENTRY_PROBE,STALLED_PRESSURE_PROBE,SELL_STALLED,300,300,6,1,0.0,0.0,-5.44610543,-5.44610543
OLD_1M,ENTRY_PROBE,STALLED_PRESSURE_PROBE,SELL_STALLED,300,300,9,10,0.0,0.0,-6.802104008000001,-6.779974025
OLD_1M,ENTRY_PROBE,STALLED_PRESSURE_PROBE,SELL_STALLED,300,300,14,9,77.77777777777777,0.0,9.623444446666666,4.12288626
OLD_1M,ENTRY_PROBE,STALLED_PRESSURE_PROBE,SELL_STALLED,300,300,15,2,100.0,0.0,3.07194331,3.07194331
OLD_1M,ENTRY_PROBE,STALLED_PRESSURE_PROBE,SELL_STALLED,300,300,17,1,0.0,0.0,-2.42680896,-2.42680896
OLD_1M,ENTRY_PROBE,STALLED_PRESSURE_PROBE,SELL_STALLED,300,300,18,4,75.0,0.0,1.2335596075,1.531572955
OLD_1M,ENTRY_PROBE,STALLED_PRESSURE_PROBE,SELL_STALLED,300,300,20,4,0.0,0.0,-9.891261657500001,-9.82773002
OLD_1M,ENTRY_PROBE,STALLED_PRESSURE_PROBE,SELL_STALLED,300,300,23,2,50.0,0.0,12.566509005,12.566509005
OLD_1M,ENTRY_PROBE,STALLED_PRESSURE_PROBE,SELL_STALLED,300,600,0,3,0.0,0.0,-19.454127940000003,-21.04138138
OLD_1M,ENTRY_PROBE,STALLED_PRESSURE_PROBE,SELL_STALLED,300,600,1,10,100.0,0.0,8.562138639,9.62978052
OLD_1M,ENTRY_PROBE,STALLED_PRESSURE_PROBE,SELL_STALLED,300,600,3,1,100.0,0.0,17.69275552,17.69275552
OLD_1M,ENTRY_PROBE,STALLED_PRESSURE_PROBE,SELL_STALLED,300,600,6,1,0.0,0.0,-2.62499265,-2.62499265
OLD_1M,ENTRY_PROBE,STALLED_PRESSURE_PROBE,SELL_STALLED,300,600,9,10,20.0,0.0,-8.652160293,-12.4148856
OLD_1M,ENTRY_PROBE,STALLED_PRESSURE_PROBE,SELL_STALLED,300,600,14,9,100.0,0.0,13.433659855555554,6.39641073
OLD_1M,ENTRY_PROBE,STALLED_PRESSURE_PROBE,SELL_STALLED,300,600,15,2,100.0,0.0,7.896237525,7.896237525
OLD_1M,ENTRY_PROBE,STALLED_PRESSURE_PROBE,SELL_STALLED,300,600,18,4,0.0,0.0,-6.0772950075,-6.956507630000001
OLD_1M,ENTRY_PROBE,STALLED_PRESSURE_PROBE,SELL_STALLED,300,600,20,4,0.0,0.0,-9.777874554999999,-9.383139844999999
OLD_1M,ENTRY_PROBE,STALLED_PRESSURE_PROBE,SELL_STALLED,300,600,23,2,100.0,0.0,15.883411435,15.883411435
OLD_1M,ENTRY_PROBE,STALLED_REVERSAL_PROBE,BUY_STALLED,30,60,0,102,55.88235294117647,0.9803921568627451,0.4003782552941174,0.8404245699999999
OLD_1M,ENTRY_PROBE,STALLED_REVERSAL_PROBE,BUY_STALLED,30,60,1,49,53.06122448979592,0.0,0.7033694204081635,0.31574959
OLD_1M,ENTRY_PROBE,STALLED_REVERSAL_PROBE,BUY_STALLED,30,60,2,53,56.60377358490566,0.0,0.4242930041509434,0.28592927
OLD_1M,ENTRY_PROBE,STALLED_REVERSAL_PROBE,BUY_STALLED,30,60,3,87,52.87356321839081,0.0,0.31184691988505747,0.54743194
OLD_1M,ENTRY_PROBE,STALLED_REVERSAL_PROBE,BUY_STALLED,30,60,4,100,53.0,2.0,-0.1640298303,0.22612612999999998
OLD_1M,ENTRY_PROBE,STALLED_REVERSAL_PROBE,BUY_STALLED,30,60,5,67,44.776119402985074,4.477611940298507,-0.01377407029850739,-0.18066847
OLD_1M,ENTRY_PROBE,STALLED_REVERSAL_PROBE,BUY_STALLED,30,60,6,85,50.588235294117645,5.882352941176471,0.3020924604705882,0.16690691
OLD_1M,ENTRY_PROBE,STALLED_REVERSAL_PROBE,BUY_STALLED,30,60,7,87,51.724137931034484,0.0,-0.03169912321839086,0.21221896
OLD_1M,ENTRY_PROBE,STALLED_REVERSAL_PROBE,BUY_STALLED,30,60,8,123,39.02439024390244,0.0,-0.20670497260162618,-0.42161182
OLD_1M,ENTRY_PROBE,STALLED_REVERSAL_PROBE,BUY_STALLED,30,60,9,62,58.064516129032256,0.0,1.0674887741935484,1.57622076
OLD_1M,ENTRY_PROBE,STALLED_REVERSAL_PROBE,BUY_STALLED,30,60,10,65,66.15384615384616,3.076923076923077,1.2545628495384615,1.50478796
OLD_1M,ENTRY_PROBE,STALLED_REVERSAL_PROBE,BUY_STALLED,30,60,11,76,40.78947368421053,2.6315789473684212,-0.5753363699999999,-0.60041345
OLD_1M,ENTRY_PROBE,STALLED_REVERSAL_PROBE,BUY_STALLED,30,60,12,3,66.66666666666667,33.333333333333336,3.05106228,3.93799558
OLD_1M,ENTRY_PROBE,STALLED_REVERSAL_PROBE,BUY_STALLED,30,60,13,42,47.61904761904762,0.0,0.2963495216666667,-0.090430835
OLD_1M,ENTRY_PROBE,STALLED_REVERSAL_PROBE,BUY_STALLED,30,60,14,30,63.333333333333336,0.0,1.1259342620000001,1.6600832899999998
OLD_1M,ENTRY_PROBE,STALLED_REVERSAL_PROBE,BUY_STALLED,30,60,15,36,50.0,2.7777777777777777,0.1778756194444444,0.28828632
OLD_1M,ENTRY_PROBE,STALLED_REVERSAL_PROBE,BUY_STALLED,30,60,16,55,45.45454545454545,0.0,0.1240628865454546,-0.18249063
OLD_1M,ENTRY_PROBE,STALLED_REVERSAL_PROBE,BUY_STALLED,30,60,17,35,25.714285714285715,5.714285714285714,-1.5695003119999997,-1.0907273
OLD_1M,ENTRY_PROBE,STALLED_REVERSAL_PROBE,BUY_STALLED,30,60,18,67,58.208955223880594,0.0,0.5853772520895518,0.54649869
OLD_1M,ENTRY_PROBE,STALLED_REVERSAL_PROBE,BUY_STALLED,30,60,19,85,61.1764705882353,2.3529411764705883,1.0440660149411762,0.71274432
OLD_1M,ENTRY_PROBE,STALLED_REVERSAL_PROBE,BUY_STALLED,30,60,20,51,49.01960784313726,0.0,-0.3202372943137258,-0.03016041
OLD_1M,ENTRY_PROBE,STALLED_REVERSAL_PROBE,BUY_STALLED,30,60,21,70,47.142857142857146,0.0,0.19964795185714296,-0.287932935
OLD_1M,ENTRY_PROBE,STALLED_REVERSAL_PROBE,BUY_STALLED,30,60,22,77,55.84415584415584,1.2987012987012987,-0.5311511853246754,0.53341868
OLD_1M,ENTRY_PROBE,STALLED_REVERSAL_PROBE,BUY_STALLED,30,60,23,70,51.42857142857143,1.4285714285714286,-0.018632240571428683,0.091695325
OLD_1M,ENTRY_PROBE,STALLED_REVERSAL_PROBE,BUY_STALLED,30,180,0,96,50.0,0.0,0.22883362885416622,-0.07660306
OLD_1M,ENTRY_PROBE,STALLED_REVERSAL_PROBE,BUY_STALLED,30,180,1,49,48.97959183673469,0.0,0.45029668489795915,-0.18043756
OLD_1M,ENTRY_PROBE,STALLED_REVERSAL_PROBE,BUY_STALLED,30,180,2,53,60.37735849056604,0.0,1.4764020275471694,3.7919199
OLD_1M,ENTRY_PROBE,STALLED_REVERSAL_PROBE,BUY_STALLED,30,180,3,87,48.275862068965516,0.0,-0.13336589873563243,-0.86542359
OLD_1M,ENTRY_PROBE,STALLED_REVERSAL_PROBE,BUY_STALLED,30,180,4,100,34.0,1.0,-1.124360651,-1.610741565
OLD_1M,ENTRY_PROBE,STALLED_REVERSAL_PROBE,BUY_STALLED,30,180,5,67,46.26865671641791,0.0,0.020683136865671546,-0.19728925
OLD_1M,ENTRY_PROBE,STALLED_REVERSAL_PROBE,BUY_STALLED,30,180,6,84,59.523809523809526,0.0,0.3965467505952381,1.126469035
OLD_1M,ENTRY_PROBE,STALLED_REVERSAL_PROBE,BUY_STALLED,30,180,7,87,57.47126436781609,0.0,0.7511817201149426,0.61868302
OLD_1M,ENTRY_PROBE,STALLED_REVERSAL_PROBE,BUY_STALLED,30,180,8,123,38.21138211382114,0.8130081300813008,-0.7556699033333337,-0.74252325
OLD_1M,ENTRY_PROBE,STALLED_REVERSAL_PROBE,BUY_STALLED,30,180,9,62,58.064516129032256,0.0,2.0061063982258065,1.1107727399999998
OLD_1M,ENTRY_PROBE,STALLED_REVERSAL_PROBE,BUY_STALLED,30,180,10,65,60.0,0.0,2.5600529087692308,1.80618438
OLD_1M,ENTRY_PROBE,STALLED_REVERSAL_PROBE,BUY_STALLED,30,180,11,76,55.26315789473684,0.0,0.45074933644736853,0.9424154899999999
OLD_1M,ENTRY_PROBE,STALLED_REVERSAL_PROBE,BUY_STALLED,30,180,13,42,42.857142857142854,0.0,-0.41717419166666675,-1.10825795
OLD_1M,ENTRY_PROBE,STALLED_REVERSAL_PROBE,BUY_STALLED,30,180,14,30,73.33333333333333,0.0,3.0727741660000003,2.47334369
OLD_1M,ENTRY_PROBE,STALLED_REVERSAL_PROBE,BUY_STALLED,30,180,15,36,61.111111111111114,0.0,1.0480561541666669,1.955974245
OLD_1M,ENTRY_PROBE,STALLED_REVERSAL_PROBE,BUY_STALLED,30,180,16,55,50.90909090909091,1.8181818181818181,0.7964757627272722,0.01520254
OLD_1M,ENTRY_PROBE,STALLED_REVERSAL_PROBE,BUY_STALLED,30,180,17,34,55.88235294117647,0.0,-1.247992292941177,1.879559515
OLD_1M,ENTRY_PROBE,STALLED_REVERSAL_PROBE,BUY_STALLED,30,180,18,64,60.9375,0.0,2.0343718257812493,2.211111125
OLD_1M,ENTRY_PROBE,STALLED_REVERSAL_PROBE,BUY_STALLED,30,180,19,85,55.294117647058826,0.0,0.05130225929411769,0.07583571
OLD_1M,ENTRY_PROBE,STALLED_REVERSAL_PROBE,BUY_STALLED,30,180,20,50,48.0,0.0,-0.5794048922000001,-0.43735867500000003
OLD_1M,ENTRY_PROBE,STALLED_REVERSAL_PROBE,BUY_STALLED,30,180,21,70,54.285714285714285,0.0,2.628116931857143,1.745981475
OLD_1M,ENTRY_PROBE,STALLED_REVERSAL_PROBE,BUY_STALLED,30,180,22,77,37.66233766233766,0.0,-2.2361115993506493,-3.11003107
OLD_1M,ENTRY_PROBE,STALLED_REVERSAL_PROBE,BUY_STALLED,30,180,23,66,48.484848484848484,0.0,-1.6194863862121214,-0.55812562
OLD_1M,ENTRY_PROBE,STALLED_REVERSAL_PROBE,BUY_STALLED,30,300,0,94,44.680851063829785,0.0,0.1885262480851064,-0.615946235
OLD_1M,ENTRY_PROBE,STALLED_REVERSAL_PROBE,BUY_STALLED,30,300,1,49,48.97959183673469,0.0,-1.8593377002040818,-0.04542021
OLD_1M,ENTRY_PROBE,STALLED_REVERSAL_PROBE,BUY_STALLED,30,300,2,53,64.15094339622641,0.0,2.0879365477358496,3.56110246
OLD_1M,ENTRY_PROBE,STALLED_REVERSAL_PROBE,BUY_STALLED,30,300,3,87,43.67816091954023,1.1494252873563218,0.21403397482758701,-0.98150542
OLD_1M,ENTRY_PROBE,STALLED_REVERSAL_PROBE,BUY_STALLED,30,300,4,100,29.0,0.0,-2.2800610195999997,-3.03030152
OLD_1M,ENTRY_PROBE,STALLED_REVERSAL_PROBE,BUY_STALLED,30,300,5,67,49.25373134328358,0.0,0.014145862835820896,-0.09106487
OLD_1M,ENTRY_PROBE,STALLED_REVERSAL_PROBE,BUY_STALLED,30,300,6,84,60.714285714285715,0.0,-0.1678082788095237,1.013383195
OLD_1M,ENTRY_PROBE,STALLED_REVERSAL_PROBE,BUY_STALLED,30,300,7,84,58.333333333333336,0.0,0.8365575110714287,0.7615990850000001
OLD_1M,ENTRY_PROBE,STALLED_REVERSAL_PROBE,BUY_STALLED,30,300,8,123,32.520325203252035,0.0,-1.4331719900000008,-1.63781285
OLD_1M,ENTRY_PROBE,STALLED_REVERSAL_PROBE,BUY_STALLED,30,300,9,62,66.12903225806451,0.0,3.858142089193548,5.194654294999999
OLD_1M,ENTRY_PROBE,STALLED_REVERSAL_PROBE,BUY_STALLED,30,300,10,65,55.38461538461539,0.0,3.5025667981538455,1.2793806
OLD_1M,ENTRY_PROBE,STALLED_REVERSAL_PROBE,BUY_STALLED,30,300,11,76,51.31578947368421,0.0,1.247187314605263,0.601191595
OLD_1M,ENTRY_PROBE,STALLED_REVERSAL_PROBE,BUY_STALLED,30,300,13,42,45.23809523809524,0.0,0.7005732930952379,-0.11301087500000001
OLD_1M,ENTRY_PROBE,STALLED_REVERSAL_PROBE,BUY_STALLED,30,300,14,30,73.33333333333333,0.0,4.354228804,3.311969335
OLD_1M,ENTRY_PROBE,STALLED_REVERSAL_PROBE,BUY_STALLED,30,300,15,36,69.44444444444444,0.0,2.156965855277778,2.557774785
OLD_1M,ENTRY_PROBE,STALLED_REVERSAL_PROBE,BUY_STALLED,30,300,16,55,45.45454545454545,0.0,-1.3328381705454542,-0.60697935
OLD_1M,ENTRY_PROBE,STALLED_REVERSAL_PROBE,BUY_STALLED,30,300,17,29,65.51724137931035,0.0,-1.6852612517241383,2.49907231
OLD_1M,ENTRY_PROBE,STALLED_REVERSAL_PROBE,BUY_STALLED,30,300,18,61,70.49180327868852,1.639344262295082,3.480002128360657,4.20974207
OLD_1M,ENTRY_PROBE,STALLED_REVERSAL_PROBE,BUY_STALLED,30,300,19,85,50.588235294117645,0.0,-0.10729606611764733,0.12112055
OLD_1M,ENTRY_PROBE,STALLED_REVERSAL_PROBE,BUY_STALLED,30,300,20,48,47.916666666666664,0.0,-0.615652539583333,-1.7541822
OLD_1M,ENTRY_PROBE,STALLED_REVERSAL_PROBE,BUY_STALLED,30,300,21,70,60.0,0.0,2.3027014137142867,2.33758544
OLD_1M,ENTRY_PROBE,STALLED_REVERSAL_PROBE,BUY_STALLED,30,300,22,77,42.857142857142854,0.0,-2.9450166984415587,-4.41999055
OLD_1M,ENTRY_PROBE,STALLED_REVERSAL_PROBE,BUY_STALLED,30,300,23,61,47.540983606557376,0.0,-1.2155264721311476,-1.29526488
OLD_1M,ENTRY_PROBE,STALLED_REVERSAL_PROBE,BUY_STALLED,30,600,0,80,53.75,0.0,1.1797958616250006,2.1452811599999997
OLD_1M,ENTRY_PROBE,STALLED_REVERSAL_PROBE,BUY_STALLED,30,600,1,49,55.10204081632653,0.0,2.8427253516326534,1.44355692
OLD_1M,ENTRY_PROBE,STALLED_REVERSAL_PROBE,BUY_STALLED,30,600,2,53,49.056603773584904,0.0,0.5048231873584911,-0.55680963
OLD_1M,ENTRY_PROBE,STALLED_REVERSAL_PROBE,BUY_STALLED,30,600,3,87,49.42528735632184,0.0,0.4280889809195389,-0.25847297
OLD_1M,ENTRY_PROBE,STALLED_REVERSAL_PROBE,BUY_STALLED,30,600,4,100,35.0,0.0,-2.7669517999999993,-3.78702967
OLD_1M,ENTRY_PROBE,STALLED_REVERSAL_PROBE,BUY_STALLED,30,600,5,67,56.71641791044776,0.0,0.2353097568656716,0.34898559
OLD_1M,ENTRY_PROBE,STALLED_REVERSAL_PROBE,BUY_STALLED,30,600,6,79,53.164556962025316,3.7974683544303796,-0.16752305278481103,1.22941489
OLD_1M,ENTRY_PROBE,STALLED_REVERSAL_PROBE,BUY_STALLED,30,600,7,81,55.55555555555556,0.0,1.4435766249382718,2.11226062
OLD_1M,ENTRY_PROBE,STALLED_REVERSAL_PROBE,BUY_STALLED,30,600,8,123,18.69918699186992,0.0,-5.063159433089431,-7.28834259
OLD_1M,ENTRY_PROBE,STALLED_REVERSAL_PROBE,BUY_STALLED,30,600,9,62,58.064516129032256,0.0,3.1081441549999993,3.513701405
OLD_1M,ENTRY_PROBE,STALLED_REVERSAL_PROBE,BUY_STALLED,30,600,10,65,63.07692307692308,0.0,4.237031569538462,2.86243729
OLD_1M,ENTRY_PROBE,STALLED_REVERSAL_PROBE,BUY_STALLED,30,600,11,62,59.67741935483871,0.0,2.105300447903226,1.26280178
OLD_1M,ENTRY_PROBE,STALLED_REVERSAL_PROBE,BUY_STALLED,30,600,13,42,69.04761904761905,0.0,2.4340069740476187,3.03702153
OLD_1M,ENTRY_PROBE,STALLED_REVERSAL_PROBE,BUY_STALLED,30,600,14,30,73.33333333333333,0.0,7.435402749333333,5.6090835949999995
OLD_1M,ENTRY_PROBE,STALLED_REVERSAL_PROBE,BUY_STALLED,30,600,15,36,72.22222222222223,2.7777777777777777,4.762726155277779,4.58982167
OLD_1M,ENTRY_PROBE,STALLED_REVERSAL_PROBE,BUY_STALLED,30,600,16,55,36.36363636363637,0.0,-5.125099420181818,-5.92821389
OLD_1M,ENTRY_PROBE,STALLED_REVERSAL_PROBE,BUY_STALLED,30,600,17,29,62.06896551724138,0.0,-0.566469539655172,3.90764035
OLD_1M,ENTRY_PROBE,STALLED_REVERSAL_PROBE,BUY_STALLED,30,600,18,52,53.84615384615385,0.0,1.1414294874999997,0.6891197250000001
OLD_1M,ENTRY_PROBE,STALLED_REVERSAL_PROBE,BUY_STALLED,30,600,19,83,61.44578313253012,1.2048192771084338,0.28647301614457793,2.00167413
OLD_1M,ENTRY_PROBE,STALLED_REVERSAL_PROBE,BUY_STALLED,30,600,20,46,41.30434782608695,0.0,-1.4628086784782608,-4.887616075
OLD_1M,ENTRY_PROBE,STALLED_REVERSAL_PROBE,BUY_STALLED,30,600,21,70,52.857142857142854,0.0,2.8138430620000014,1.2811565599999999
OLD_1M,ENTRY_PROBE,STALLED_REVERSAL_PROBE,BUY_STALLED,30,600,22,77,32.467532467532465,0.0,-6.142991254415586,-4.00859418
OLD_1M,ENTRY_PROBE,STALLED_REVERSAL_PROBE,BUY_STALLED,30,600,23,59,54.23728813559322,0.0,-0.9431995261016949,2.26659471
OLD_1M,ENTRY_PROBE,STALLED_REVERSAL_PROBE,BUY_STALLED,60,60,0,59,61.016949152542374,0.0,0.27657576983050824,1.39556869
OLD_1M,ENTRY_PROBE,STALLED_REVERSAL_PROBE,BUY_STALLED,60,60,1,12,66.66666666666667,0.0,0.3983910841666665,1.70431253
OLD_1M,ENTRY_PROBE,STALLED_REVERSAL_PROBE,BUY_STALLED,60,60,2,23,78.26086956521739,0.0,2.8574102847826084,2.58813191
OLD_1M,ENTRY_PROBE,STALLED_REVERSAL_PROBE,BUY_STALLED,60,60,3,39,53.84615384615385,0.0,0.3313275405128203,0.41080196
OLD_1M,ENTRY_PROBE,STALLED_REVERSAL_PROBE,BUY_STALLED,60,60,4,54,62.96296296296296,0.0,0.5853310864814816,0.603401505
OLD_1M,ENTRY_PROBE,STALLED_REVERSAL_PROBE,BUY_STALLED,60,60,5,28,42.857142857142854,3.5714285714285716,0.058517089642857255,-0.301347255
OLD_1M,ENTRY_PROBE,STALLED_REVERSAL_PROBE,BUY_STALLED,60,60,6,38,44.73684210526316,7.894736842105263,-0.30931869868421047,-0.0
OLD_1M,ENTRY_PROBE,STALLED_REVERSAL_PROBE,BUY_STALLED,60,60,7,43,55.81395348837209,0.0,0.31261388813953483,0.50019022
OLD_1M,ENTRY_PROBE,STALLED_REVERSAL_PROBE,BUY_STALLED,60,60,8,56,44.642857142857146,0.0,0.16101417857142877,-0.31820713
OLD_1M,ENTRY_PROBE,STALLED_REVERSAL_PROBE,BUY_STALLED,60,60,9,22,54.54545454545455,0.0,1.661847975909091,2.362893835
OLD_1M,ENTRY_PROBE,STALLED_REVERSAL_PROBE,BUY_STALLED,60,60,10,43,41.86046511627907,0.0,-0.6496892086046512,-0.85899648
OLD_1M,ENTRY_PROBE,STALLED_REVERSAL_PROBE,BUY_STALLED,60,60,11,50,48.0,4.0,-0.03579641259999995,-0.0
OLD_1M,ENTRY_PROBE,STALLED_REVERSAL_PROBE,BUY_STALLED,60,60,12,1,100.0,0.0,2.21987395,2.21987395
OLD_1M,ENTRY_PROBE,STALLED_REVERSAL_PROBE,BUY_STALLED,60,60,13,11,36.36363636363637,0.0,0.03639907272727282,-1.46180764
OLD_1M,ENTRY_PROBE,STALLED_REVERSAL_PROBE,BUY_STALLED,60,60,14,5,80.0,0.0,4.099904642,6.30447269
OLD_1M,ENTRY_PROBE,STALLED_REVERSAL_PROBE,BUY_STALLED,60,60,15,17,64.70588235294117,5.882352941176471,1.4386108499999999,0.98624267
OLD_1M,ENTRY_PROBE,STALLED_REVERSAL_PROBE,BUY_STALLED,60,60,16,36,38.888888888888886,0.0,-0.5345370905555558,-0.630600575
OLD_1M,ENTRY_PROBE,STALLED_REVERSAL_PROBE,BUY_STALLED,60,60,17,24,33.333333333333336,0.0,-2.5981437704166677,-0.80251251
OLD_1M,ENTRY_PROBE,STALLED_REVERSAL_PROBE,BUY_STALLED,60,60,18,21,85.71428571428571,0.0,1.0950232742857142,1.0022779
OLD_1M,ENTRY_PROBE,STALLED_REVERSAL_PROBE,BUY_STALLED,60,60,19,41,48.78048780487805,7.317073170731708,0.1479892887804878,-0.0
OLD_1M,ENTRY_PROBE,STALLED_REVERSAL_PROBE,BUY_STALLED,60,60,20,22,63.63636363636363,0.0,0.3492058972727272,1.123215995
OLD_1M,ENTRY_PROBE,STALLED_REVERSAL_PROBE,BUY_STALLED,60,60,21,35,34.285714285714285,2.857142857142857,-0.0035517471428570552,-0.51688229
OLD_1M,ENTRY_PROBE,STALLED_REVERSAL_PROBE,BUY_STALLED,60,60,22,31,45.16129032258065,0.0,-0.19604925709677418,-0.28827057
OLD_1M,ENTRY_PROBE,STALLED_REVERSAL_PROBE,BUY_STALLED,60,60,23,36,41.666666666666664,8.333333333333334,-0.13195074527777775,-0.007709305
OLD_1M,ENTRY_PROBE,STALLED_REVERSAL_PROBE,BUY_STALLED,60,180,0,52,42.30769230769231,0.0,-0.37840732846153824,-0.96017483
OLD_1M,ENTRY_PROBE,STALLED_REVERSAL_PROBE,BUY_STALLED,60,180,1,12,50.0,0.0,0.7325237791666667,0.99709921
OLD_1M,ENTRY_PROBE,STALLED_REVERSAL_PROBE,BUY_STALLED,60,180,2,23,78.26086956521739,0.0,2.8235972239130436,3.90866943
OLD_1M,ENTRY_PROBE,STALLED_REVERSAL_PROBE,BUY_STALLED,60,180,3,39,53.84615384615385,0.0,2.1539616597435893,1.2115705
OLD_1M,ENTRY_PROBE,STALLED_REVERSAL_PROBE,BUY_STALLED,60,180,4,54,38.888888888888886,0.0,-0.6620911796296298,-1.082043565
OLD_1M,ENTRY_PROBE,STALLED_REVERSAL_PROBE,BUY_STALLED,60,180,5,28,53.57142857142857,0.0,0.2618911917857142,0.324629585
OLD_1M,ENTRY_PROBE,STALLED_REVERSAL_PROBE,BUY_STALLED,60,180,6,36,44.44444444444444,2.7777777777777777,-0.7595184000000003,-0.28833969
OLD_1M,ENTRY_PROBE,STALLED_REVERSAL_PROBE,BUY_STALLED,60,180,7,43,55.81395348837209,4.651162790697675,0.42065159395348845,0.27270331
OLD_1M,ENTRY_PROBE,STALLED_REVERSAL_PROBE,BUY_STALLED,60,180,8,56,37.5,1.7857142857142858,-0.7214219632142861,-1.2584519250000001
OLD_1M,ENTRY_PROBE,STALLED_REVERSAL_PROBE,BUY_STALLED,60,180,9,22,68.18181818181819,0.0,3.31453251,3.89801295
OLD_1M,ENTRY_PROBE,STALLED_REVERSAL_PROBE,BUY_STALLED,60,180,10,43,39.53488372093023,0.0,0.38332324813953483,-1.09917908
OLD_1M,ENTRY_PROBE,STALLED_REVERSAL_PROBE,BUY_STALLED,60,180,11,50,44.0,0.0,-0.1968214520000001,-0.47115999000000003
OLD_1M,ENTRY_PROBE,STALLED_REVERSAL_PROBE,BUY_STALLED,60,180,13,11,54.54545454545455,0.0,1.0733405018181819,1.50704771
OLD_1M,ENTRY_PROBE,STALLED_REVERSAL_PROBE,BUY_STALLED,60,180,14,5,80.0,0.0,2.9841914399999996,4.69804455
OLD_1M,ENTRY_PROBE,STALLED_REVERSAL_PROBE,BUY_STALLED,60,180,15,17,70.58823529411765,0.0,2.6741973100000003,3.73322892
OLD_1M,ENTRY_PROBE,STALLED_REVERSAL_PROBE,BUY_STALLED,60,180,16,36,41.666666666666664,0.0,-0.586573189722222,-0.45554033
OLD_1M,ENTRY_PROBE,STALLED_REVERSAL_PROBE,BUY_STALLED,60,180,17,22,50.0,0.0,-3.3580374190909095,0.39397286
OLD_1M,ENTRY_PROBE,STALLED_REVERSAL_PROBE,BUY_STALLED,60,180,18,21,57.142857142857146,0.0,2.2013389014285716,1.74626603
OLD_1M,ENTRY_PROBE,STALLED_REVERSAL_PROBE,BUY_STALLED,60,180,19,41,46.34146341463415,0.0,-1.1185747519512195,-0.09099457
OLD_1M,ENTRY_PROBE,STALLED_REVERSAL_PROBE,BUY_STALLED,60,180,20,22,40.90909090909091,9.090909090909092,-0.6196179286363637,-0.407641925
OLD_1M,ENTRY_PROBE,STALLED_REVERSAL_PROBE,BUY_STALLED,60,180,21,35,48.57142857142857,0.0,0.920049354285715,-0.15197869
OLD_1M,ENTRY_PROBE,STALLED_REVERSAL_PROBE,BUY_STALLED,60,180,22,31,45.16129032258065,0.0,-1.2059091058064515,-1.18638035
OLD_1M,ENTRY_PROBE,STALLED_REVERSAL_PROBE,BUY_STALLED,60,180,23,34,41.1764705882353,0.0,0.2500039626470592,-3.60756158
OLD_1M,ENTRY_PROBE,STALLED_REVERSAL_PROBE,BUY_STALLED,60,300,0,52,40.38461538461539,3.8461538461538463,-0.9748631665384615,-0.60065994
OLD_1M,ENTRY_PROBE,STALLED_REVERSAL_PROBE,BUY_STALLED,60,300,1,12,50.0,0.0,-0.7190001116666664,0.13595592999999997
OLD_1M,ENTRY_PROBE,STALLED_REVERSAL_PROBE,BUY_STALLED,60,300,2,23,73.91304347826087,0.0,2.311044207826087,3.62537217
OLD_1M,ENTRY_PROBE,STALLED_REVERSAL_PROBE,BUY_STALLED,60,300,3,39,58.97435897435897,0.0,4.10053039102564,3.73406193
OLD_1M,ENTRY_PROBE,STALLED_REVERSAL_PROBE,BUY_STALLED,60,300,4,54,35.18518518518518,0.0,-0.9329870661111108,-1.7315166949999998
OLD_1M,ENTRY_PROBE,STALLED_REVERSAL_PROBE,BUY_STALLED,60,300,5,28,50.0,0.0,-0.4291568385714285,0.07484636
OLD_1M,ENTRY_PROBE,STALLED_REVERSAL_PROBE,BUY_STALLED,60,300,6,36,47.22222222222222,0.0,-0.5275667902777774,-0.189664055
OLD_1M,ENTRY_PROBE,STALLED_REVERSAL_PROBE,BUY_STALLED,60,300,7,41,48.78048780487805,0.0,0.2613362919512196,-0.19695239
OLD_1M,ENTRY_PROBE,STALLED_REVERSAL_PROBE,BUY_STALLED,60,300,8,56,39.285714285714285,0.0,-1.4179174567857145,-1.3277006199999999
OLD_1M,ENTRY_PROBE,STALLED_REVERSAL_PROBE,BUY_STALLED,60,300,9,22,72.72727272727273,0.0,5.174180736818181,7.583779335000001
OLD_1M,ENTRY_PROBE,STALLED_REVERSAL_PROBE,BUY_STALLED,60,300,10,43,32.55813953488372,0.0,0.38620682674418566,-2.82777913
OLD_1M,ENTRY_PROBE,STALLED_REVERSAL_PROBE,BUY_STALLED,60,300,11,48,54.166666666666664,0.0,0.5260471131250002,0.882551605
OLD_1M,ENTRY_PROBE,STALLED_REVERSAL_PROBE,BUY_STALLED,60,300,13,11,54.54545454545455,0.0,1.3485198090909092,1.14549954
OLD_1M,ENTRY_PROBE,STALLED_REVERSAL_PROBE,BUY_STALLED,60,300,14,5,100.0,0.0,4.45834708,4.53168313
OLD_1M,ENTRY_PROBE,STALLED_REVERSAL_PROBE,BUY_STALLED,60,300,15,17,82.3529411764706,0.0,3.7975297729411768,6.30578192
OLD_1M,ENTRY_PROBE,STALLED_REVERSAL_PROBE,BUY_STALLED,60,300,16,36,33.333333333333336,0.0,-4.241667264166667,-4.445965995
OLD_1M,ENTRY_PROBE,STALLED_REVERSAL_PROBE,BUY_STALLED,60,300,17,20,55.0,0.0,-3.656935153500001,1.082596735
OLD_1M,ENTRY_PROBE,STALLED_REVERSAL_PROBE,BUY_STALLED,60,300,18,21,80.95238095238095,0.0,3.1086730919047616,2.6810951
OLD_1M,ENTRY_PROBE,STALLED_REVERSAL_PROBE,BUY_STALLED,60,300,19,41,36.58536585365854,0.0,-1.0479924253658541,-0.58774063
OLD_1M,ENTRY_PROBE,STALLED_REVERSAL_PROBE,BUY_STALLED,60,300,20,22,40.90909090909091,0.0,-0.9452552954545453,-2.6078887899999996
OLD_1M,ENTRY_PROBE,STALLED_REVERSAL_PROBE,BUY_STALLED,60,300,21,35,48.57142857142857,0.0,0.1564133437142849,-0.34926328
OLD_1M,ENTRY_PROBE,STALLED_REVERSAL_PROBE,BUY_STALLED,60,300,22,31,64.51612903225806,0.0,0.7601186638709676,1.79878323
OLD_1M,ENTRY_PROBE,STALLED_REVERSAL_PROBE,BUY_STALLED,60,300,23,34,44.11764705882353,0.0,-0.06602297852941179,-0.604800055
OLD_1M,ENTRY_PROBE,STALLED_REVERSAL_PROBE,BUY_STALLED,60,600,0,49,55.10204081632653,0.0,-0.6735024261224495,0.06168071
OLD_1M,ENTRY_PROBE,STALLED_REVERSAL_PROBE,BUY_STALLED,60,600,1,12,58.333333333333336,0.0,2.2200262708333334,0.55705211
OLD_1M,ENTRY_PROBE,STALLED_REVERSAL_PROBE,BUY_STALLED,60,600,2,23,56.52173913043478,0.0,2.8535933191304346,1.64015336
OLD_1M,ENTRY_PROBE,STALLED_REVERSAL_PROBE,BUY_STALLED,60,600,3,39,58.97435897435897,0.0,4.6259947392307685,4.86393115
OLD_1M,ENTRY_PROBE,STALLED_REVERSAL_PROBE,BUY_STALLED,60,600,4,54,46.2962962962963,1.8518518518518519,-0.19151011833333348,-0.933235205
OLD_1M,ENTRY_PROBE,STALLED_REVERSAL_PROBE,BUY_STALLED,60,600,5,28,46.42857142857143,0.0,-0.4216557060714286,-0.45529043
OLD_1M,ENTRY_PROBE,STALLED_REVERSAL_PROBE,BUY_STALLED,60,600,6,34,41.1764705882353,0.0,-3.3650479532352953,-1.828629165
OLD_1M,ENTRY_PROBE,STALLED_REVERSAL_PROBE,BUY_STALLED,60,600,7,41,51.21951219512195,0.0,0.7853301058536588,0.43750603
OLD_1M,ENTRY_PROBE,STALLED_REVERSAL_PROBE,BUY_STALLED,60,600,8,56,19.642857142857142,0.0,-4.585995213571429,-6.59720966
OLD_1M,ENTRY_PROBE,STALLED_REVERSAL_PROBE,BUY_STALLED,60,600,9,22,72.72727272727273,0.0,4.039114850000001,5.55604516
OLD_1M,ENTRY_PROBE,STALLED_REVERSAL_PROBE,BUY_STALLED,60,600,10,43,53.48837209302326,0.0,1.5278100053488373,0.76016377
OLD_1M,ENTRY_PROBE,STALLED_REVERSAL_PROBE,BUY_STALLED,60,600,11,42,57.142857142857146,2.380952380952381,2.769524718809523,0.57810023
OLD_1M,ENTRY_PROBE,STALLED_REVERSAL_PROBE,BUY_STALLED,60,600,13,11,81.81818181818181,0.0,3.3218348854545456,3.90374186
OLD_1M,ENTRY_PROBE,STALLED_REVERSAL_PROBE,BUY_STALLED,60,600,14,5,100.0,0.0,5.916416012000001,4.62175133
OLD_1M,ENTRY_PROBE,STALLED_REVERSAL_PROBE,BUY_STALLED,60,600,15,17,70.58823529411765,0.0,6.491310547058824,11.18379821
OLD_1M,ENTRY_PROBE,STALLED_REVERSAL_PROBE,BUY_STALLED,60,600,16,36,27.77777777777778,0.0,-10.816446149444443,-8.780919189999999
OLD_1M,ENTRY_PROBE,STALLED_REVERSAL_PROBE,BUY_STALLED,60,600,17,20,50.0,0.0,-5.782598942000002,0.544681055
OLD_1M,ENTRY_PROBE,STALLED_REVERSAL_PROBE,BUY_STALLED,60,600,18,14,50.0,0.0,-0.5200364714285716,-0.43354864000000004
OLD_1M,ENTRY_PROBE,STALLED_REVERSAL_PROBE,BUY_STALLED,60,600,19,39,46.15384615384615,0.0,-3.448400035641026,-0.90994571
OLD_1M,ENTRY_PROBE,STALLED_REVERSAL_PROBE,BUY_STALLED,60,600,20,20,35.0,0.0,-2.2924618104999994,-4.284358645
OLD_1M,ENTRY_PROBE,STALLED_REVERSAL_PROBE,BUY_STALLED,60,600,21,35,45.714285714285715,0.0,0.287947600285714,-1.33779264
OLD_1M,ENTRY_PROBE,STALLED_REVERSAL_PROBE,BUY_STALLED,60,600,22,31,38.70967741935484,0.0,-4.913495202903226,-0.713687
OLD_1M,ENTRY_PROBE,STALLED_REVERSAL_PROBE,BUY_STALLED,60,600,23,34,58.8235294117647,0.0,2.709920354117647,3.02975228
OLD_1M,ENTRY_PROBE,STALLED_REVERSAL_PROBE,BUY_STALLED,180,60,0,19,36.8421052631579,0.0,-1.1986865263157895,-0.84033235
OLD_1M,ENTRY_PROBE,STALLED_REVERSAL_PROBE,BUY_STALLED,180,60,1,2,50.0,0.0,0.8675577350000001,0.8675577350000001
OLD_1M,ENTRY_PROBE,STALLED_REVERSAL_PROBE,BUY_STALLED,180,60,2,4,50.0,0.0,-0.41187836999999994,-0.391534315
OLD_1M,ENTRY_PROBE,STALLED_REVERSAL_PROBE,BUY_STALLED,180,60,3,14,57.142857142857146,0.0,0.9889346278571425,0.23445005000000002
OLD_1M,ENTRY_PROBE,STALLED_REVERSAL_PROBE,BUY_STALLED,180,60,4,20,40.0,0.0,-0.5753932909999999,-0.478408165
OLD_1M,ENTRY_PROBE,STALLED_REVERSAL_PROBE,BUY_STALLED,180,60,5,11,72.72727272727273,0.0,0.62025991,1.17424784
OLD_1M,ENTRY_PROBE,STALLED_REVERSAL_PROBE,BUY_STALLED,180,60,6,7,28.571428571428573,0.0,-0.8029912871428572,-0.47044898
OLD_1M,ENTRY_PROBE,STALLED_REVERSAL_PROBE,BUY_STALLED,180,60,7,9,66.66666666666667,0.0,1.2738392755555554,0.4698543
OLD_1M,ENTRY_PROBE,STALLED_REVERSAL_PROBE,BUY_STALLED,180,60,8,18,38.888888888888886,5.555555555555555,-0.8918060072222223,-0.263995535
OLD_1M,ENTRY_PROBE,STALLED_REVERSAL_PROBE,BUY_STALLED,180,60,9,7,42.857142857142854,0.0,1.310003587142857,-0.07512629
OLD_1M,ENTRY_PROBE,STALLED_REVERSAL_PROBE,BUY_STALLED,180,60,10,17,58.8235294117647,0.0,2.9298762099999993,0.22805398
OLD_1M,ENTRY_PROBE,STALLED_REVERSAL_PROBE,BUY_STALLED,180,60,11,18,55.55555555555556,0.0,0.22239697,0.60840944
OLD_1M,ENTRY_PROBE,STALLED_REVERSAL_PROBE,BUY_STALLED,180,60,12,1,100.0,0.0,3.14649439,3.14649439
OLD_1M,ENTRY_PROBE,STALLED_REVERSAL_PROBE,BUY_STALLED,180,60,13,3,66.66666666666667,0.0,3.0336395400000007,4.49201762
OLD_1M,ENTRY_PROBE,STALLED_REVERSAL_PROBE,BUY_STALLED,180,60,14,5,100.0,0.0,5.691350122,5.45644694
OLD_1M,ENTRY_PROBE,STALLED_REVERSAL_PROBE,BUY_STALLED,180,60,15,9,66.66666666666667,0.0,2.1105082433333333,2.70128356
OLD_1M,ENTRY_PROBE,STALLED_REVERSAL_PROBE,BUY_STALLED,180,60,16,25,40.0,0.0,-0.6504506563999999,-1.44404113
OLD_1M,ENTRY_PROBE,STALLED_REVERSAL_PROBE,BUY_STALLED,180,60,17,2,50.0,0.0,-5.2288119250000005,-5.2288119250000005
OLD_1M,ENTRY_PROBE,STALLED_REVERSAL_PROBE,BUY_STALLED,180,60,18,6,50.0,0.0,0.0652881350000001,-0.438402365
OLD_1M,ENTRY_PROBE,STALLED_REVERSAL_PROBE,BUY_STALLED,180,60,19,16,43.75,0.0,-0.992035045625,-0.18178347
OLD_1M,ENTRY_PROBE,STALLED_REVERSAL_PROBE,BUY_STALLED,180,60,20,5,40.0,0.0,-0.440131182,-1.05704893
OLD_1M,ENTRY_PROBE,STALLED_REVERSAL_PROBE,BUY_STALLED,180,60,21,12,50.0,0.0,0.06031890916666649,0.014698409999999995
OLD_1M,ENTRY_PROBE,STALLED_REVERSAL_PROBE,BUY_STALLED,180,60,22,3,66.66666666666667,0.0,0.2891233766666667,0.48762574
OLD_1M,ENTRY_PROBE,STALLED_REVERSAL_PROBE,BUY_STALLED,180,60,23,7,57.142857142857146,0.0,2.4722268457142853,3.96281431
OLD_1M,ENTRY_PROBE,STALLED_REVERSAL_PROBE,BUY_STALLED,180,180,0,19,52.63157894736842,0.0,0.419804924736842,1.06533984
OLD_1M,ENTRY_PROBE,STALLED_REVERSAL_PROBE,BUY_STALLED,180,180,1,2,50.0,0.0,-0.59077337,-0.59077337
OLD_1M,ENTRY_PROBE,STALLED_REVERSAL_PROBE,BUY_STALLED,180,180,2,4,75.0,0.0,-0.016160084999999658,3.732659505
OLD_1M,ENTRY_PROBE,STALLED_REVERSAL_PROBE,BUY_STALLED,180,180,3,14,28.571428571428573,0.0,-2.965247282857143,-5.92658612
OLD_1M,ENTRY_PROBE,STALLED_REVERSAL_PROBE,BUY_STALLED,180,180,4,20,35.0,0.0,-1.7589919995000003,-2.433979775
OLD_1M,ENTRY_PROBE,STALLED_REVERSAL_PROBE,BUY_STALLED,180,180,5,11,54.54545454545455,0.0,-0.07625661545454543,0.09033736
OLD_1M,ENTRY_PROBE,STALLED_REVERSAL_PROBE,BUY_STALLED,180,180,6,7,57.142857142857146,0.0,-0.7633335114285714,0.69808558
OLD_1M,ENTRY_PROBE,STALLED_REVERSAL_PROBE,BUY_STALLED,180,180,7,9,77.77777777777777,0.0,1.321508571111111,1.19697151
OLD_1M,ENTRY_PROBE,STALLED_REVERSAL_PROBE,BUY_STALLED,180,180,8,18,44.44444444444444,0.0,-0.9851010166666667,-0.481039195
OLD_1M,ENTRY_PROBE,STALLED_REVERSAL_PROBE,BUY_STALLED,180,180,9,7,42.857142857142854,0.0,-0.3611571299999992,-5.04848651
OLD_1M,ENTRY_PROBE,STALLED_REVERSAL_PROBE,BUY_STALLED,180,180,10,17,47.05882352941177,0.0,1.7109428435294118,-0.547561
OLD_1M,ENTRY_PROBE,STALLED_REVERSAL_PROBE,BUY_STALLED,180,180,11,18,55.55555555555556,0.0,0.25058310277777757,0.745456745
OLD_1M,ENTRY_PROBE,STALLED_REVERSAL_PROBE,BUY_STALLED,180,180,12,1,100.0,0.0,2.73608208,2.73608208
OLD_1M,ENTRY_PROBE,STALLED_REVERSAL_PROBE,BUY_STALLED,180,180,13,3,66.66666666666667,0.0,2.8668296666666664,2.42689543
OLD_1M,ENTRY_PROBE,STALLED_REVERSAL_PROBE,BUY_STALLED,180,180,14,5,100.0,0.0,6.427442264,4.68356387
OLD_1M,ENTRY_PROBE,STALLED_REVERSAL_PROBE,BUY_STALLED,180,180,15,9,66.66666666666667,0.0,3.3330527955555556,4.01919507
OLD_1M,ENTRY_PROBE,STALLED_REVERSAL_PROBE,BUY_STALLED,180,180,16,25,40.0,0.0,-0.8016184207999999,-0.95776121
OLD_1M,ENTRY_PROBE,STALLED_REVERSAL_PROBE,BUY_STALLED,180,180,17,2,50.0,0.0,-2.8274452549999998,-2.8274452549999998
OLD_1M,ENTRY_PROBE,STALLED_REVERSAL_PROBE,BUY_STALLED,180,180,18,6,100.0,0.0,4.507093646666666,4.566092485
OLD_1M,ENTRY_PROBE,STALLED_REVERSAL_PROBE,BUY_STALLED,180,180,19,16,56.25,0.0,-0.61126482875,0.12892244
OLD_1M,ENTRY_PROBE,STALLED_REVERSAL_PROBE,BUY_STALLED,180,180,20,5,40.0,0.0,-2.1827284380000003,-2.53001936
OLD_1M,ENTRY_PROBE,STALLED_REVERSAL_PROBE,BUY_STALLED,180,180,21,12,25.0,0.0,-4.385850554166667,-3.6834493349999997
OLD_1M,ENTRY_PROBE,STALLED_REVERSAL_PROBE,BUY_STALLED,180,180,22,3,100.0,0.0,3.6876902699999996,3.54959995
OLD_1M,ENTRY_PROBE,STALLED_REVERSAL_PROBE,BUY_STALLED,180,180,23,7,57.142857142857146,0.0,-1.14231892,0.43174631
OLD_1M,ENTRY_PROBE,STALLED_REVERSAL_PROBE,BUY_STALLED,180,300,0,19,63.1578947368421,0.0,3.146598762105263,4.11575285
OLD_1M,ENTRY_PROBE,STALLED_REVERSAL_PROBE,BUY_STALLED,180,300,1,2,50.0,0.0,1.3797928950000005,1.3797928950000005
OLD_1M,ENTRY_PROBE,STALLED_REVERSAL_PROBE,BUY_STALLED,180,300,2,4,75.0,0.0,1.1178547675,3.60476828
OLD_1M,ENTRY_PROBE,STALLED_REVERSAL_PROBE,BUY_STALLED,180,300,3,14,28.571428571428573,0.0,1.5745591957142857,-1.25427548
OLD_1M,ENTRY_PROBE,STALLED_REVERSAL_PROBE,BUY_STALLED,180,300,4,20,45.0,0.0,-1.8753751129999998,-1.8524822799999998
OLD_1M,ENTRY_PROBE,STALLED_REVERSAL_PROBE,BUY_STALLED,180,300,5,11,72.72727272727273,0.0,1.106308910909091,1.24984189
OLD_1M,ENTRY_PROBE,STALLED_REVERSAL_PROBE,BUY_STALLED,180,300,6,7,85.71428571428571,0.0,-1.142139147142857,1.16853455
OLD_1M,ENTRY_PROBE,STALLED_REVERSAL_PROBE,BUY_STALLED,180,300,7,9,33.333333333333336,0.0,-0.5551819822222223,-1.39440631
OLD_1M,ENTRY_PROBE,STALLED_REVERSAL_PROBE,BUY_STALLED,180,300,8,18,44.44444444444444,0.0,-2.973938398888889,-2.791040335
OLD_1M,ENTRY_PROBE,STALLED_REVERSAL_PROBE,BUY_STALLED,180,300,9,7,28.571428571428573,0.0,-1.299126511428571,-3.20053372
OLD_1M,ENTRY_PROBE,STALLED_REVERSAL_PROBE,BUY_STALLED,180,300,10,17,47.05882352941177,0.0,2.2791700982352943,-1.86929523
OLD_1M,ENTRY_PROBE,STALLED_REVERSAL_PROBE,BUY_STALLED,180,300,11,17,52.94117647058823,0.0,2.9601071929411766,4.07478756
OLD_1M,ENTRY_PROBE,STALLED_REVERSAL_PROBE,BUY_STALLED,180,300,12,1,100.0,0.0,11.67395022,11.67395022
OLD_1M,ENTRY_PROBE,STALLED_REVERSAL_PROBE,BUY_STALLED,180,300,13,3,66.66666666666667,0.0,2.876612703333333,2.14049162
OLD_1M,ENTRY_PROBE,STALLED_REVERSAL_PROBE,BUY_STALLED,180,300,14,5,100.0,0.0,6.5921038460000005,2.68281814
OLD_1M,ENTRY_PROBE,STALLED_REVERSAL_PROBE,BUY_STALLED,180,300,15,9,77.77777777777777,0.0,4.19942923,2.24560552
OLD_1M,ENTRY_PROBE,STALLED_REVERSAL_PROBE,BUY_STALLED,180,300,16,25,24.0,0.0,-4.0694552844,-4.92494026
OLD_1M,ENTRY_PROBE,STALLED_REVERSAL_PROBE,BUY_STALLED,180,300,17,2,50.0,0.0,-9.57383132,-9.57383132
OLD_1M,ENTRY_PROBE,STALLED_REVERSAL_PROBE,BUY_STALLED,180,300,18,6,66.66666666666667,0.0,2.310264833333333,2.059663605
OLD_1M,ENTRY_PROBE,STALLED_REVERSAL_PROBE,BUY_STALLED,180,300,19,16,43.75,0.0,-0.41577769750000004,-0.348815075
OLD_1M,ENTRY_PROBE,STALLED_REVERSAL_PROBE,BUY_STALLED,180,300,20,5,20.0,0.0,-3.3659550420000004,-2.74211679
OLD_1M,ENTRY_PROBE,STALLED_REVERSAL_PROBE,BUY_STALLED,180,300,21,12,33.333333333333336,0.0,-4.6921691225,-5.41691761
OLD_1M,ENTRY_PROBE,STALLED_REVERSAL_PROBE,BUY_STALLED,180,300,22,3,66.66666666666667,0.0,5.358004869999999,7.32962433
OLD_1M,ENTRY_PROBE,STALLED_REVERSAL_PROBE,BUY_STALLED,180,300,23,7,28.571428571428573,0.0,-2.8663822871428564,-1.9736974
OLD_1M,ENTRY_PROBE,STALLED_REVERSAL_PROBE,BUY_STALLED,180,600,0,18,33.333333333333336,0.0,1.8018628838888888,-2.30385697
OLD_1M,ENTRY_PROBE,STALLED_REVERSAL_PROBE,BUY_STALLED,180,600,1,2,100.0,0.0,8.9929851,8.9929851
OLD_1M,ENTRY_PROBE,STALLED_REVERSAL_PROBE,BUY_STALLED,180,600,2,4,25.0,0.0,-6.2329145575,-1.271768
OLD_1M,ENTRY_PROBE,STALLED_REVERSAL_PROBE,BUY_STALLED,180,600,3,14,57.142857142857146,0.0,5.605129750000001,3.6701149699999998
OLD_1M,ENTRY_PROBE,STALLED_REVERSAL_PROBE,BUY_STALLED,180,600,4,20,45.0,0.0,-1.302373581,-1.0861306050000001
OLD_1M,ENTRY_PROBE,STALLED_REVERSAL_PROBE,BUY_STALLED,180,600,5,11,90.9090909090909,0.0,3.258200560909091,2.75567549
OLD_1M,ENTRY_PROBE,STALLED_REVERSAL_PROBE,BUY_STALLED,180,600,6,7,71.42857142857143,0.0,-2.06295412,1.95757376
OLD_1M,ENTRY_PROBE,STALLED_REVERSAL_PROBE,BUY_STALLED,180,600,7,9,55.55555555555556,0.0,-1.687668753333333,0.07543481
OLD_1M,ENTRY_PROBE,STALLED_REVERSAL_PROBE,BUY_STALLED,180,600,8,18,0.0,0.0,-7.842142123333334,-8.06393619
OLD_1M,ENTRY_PROBE,STALLED_REVERSAL_PROBE,BUY_STALLED,180,600,9,7,14.285714285714286,0.0,-3.5835710928571425,-5.67954732
OLD_1M,ENTRY_PROBE,STALLED_REVERSAL_PROBE,BUY_STALLED,180,600,10,17,52.94117647058823,0.0,5.132453694705881,0.68396126
OLD_1M,ENTRY_PROBE,STALLED_REVERSAL_PROBE,BUY_STALLED,180,600,11,16,25.0,0.0,-0.6734237800000002,-2.10748477
OLD_1M,ENTRY_PROBE,STALLED_REVERSAL_PROBE,BUY_STALLED,180,600,13,3,66.66666666666667,0.0,3.77564142,5.10879164
OLD_1M,ENTRY_PROBE,STALLED_REVERSAL_PROBE,BUY_STALLED,180,600,14,5,100.0,0.0,6.70020347,1.37955709
OLD_1M,ENTRY_PROBE,STALLED_REVERSAL_PROBE,BUY_STALLED,180,600,15,9,55.55555555555556,0.0,4.603860681111111,1.60813656
OLD_1M,ENTRY_PROBE,STALLED_REVERSAL_PROBE,BUY_STALLED,180,600,16,25,32.0,0.0,-9.134296202400002,-10.20451614
OLD_1M,ENTRY_PROBE,STALLED_REVERSAL_PROBE,BUY_STALLED,180,600,17,2,50.0,0.0,-13.7093422,-13.7093422
OLD_1M,ENTRY_PROBE,STALLED_REVERSAL_PROBE,BUY_STALLED,180,600,18,4,50.0,0.0,0.18008746749999988,0.40284636499999993
OLD_1M,ENTRY_PROBE,STALLED_REVERSAL_PROBE,BUY_STALLED,180,600,19,16,50.0,0.0,-2.160525899375,0.030322804999999994
OLD_1M,ENTRY_PROBE,STALLED_REVERSAL_PROBE,BUY_STALLED,180,600,20,5,60.0,0.0,-2.3994642180000003,0.22724725
OLD_1M,ENTRY_PROBE,STALLED_REVERSAL_PROBE,BUY_STALLED,180,600,21,12,0.0,0.0,-10.413524651666666,-8.387142789999999
OLD_1M,ENTRY_PROBE,STALLED_REVERSAL_PROBE,BUY_STALLED,180,600,22,3,66.66666666666667,0.0,4.092861853333333,4.76958922
OLD_1M,ENTRY_PROBE,STALLED_REVERSAL_PROBE,BUY_STALLED,180,600,23,7,42.857142857142854,0.0,-4.601175832857142,-1.32607794
OLD_1M,ENTRY_PROBE,STALLED_REVERSAL_PROBE,BUY_STALLED,300,60,0,19,73.6842105263158,0.0,0.6169295463157894,0.90013592
OLD_1M,ENTRY_PROBE,STALLED_REVERSAL_PROBE,BUY_STALLED,300,60,2,4,100.0,0.0,2.841058095,2.837311255
OLD_1M,ENTRY_PROBE,STALLED_REVERSAL_PROBE,BUY_STALLED,300,60,3,7,28.571428571428573,0.0,-0.13226706142857125,-4.60418362
OLD_1M,ENTRY_PROBE,STALLED_REVERSAL_PROBE,BUY_STALLED,300,60,4,7,14.285714285714286,0.0,-1.9824514871428573,-3.22195021
OLD_1M,ENTRY_PROBE,STALLED_REVERSAL_PROBE,BUY_STALLED,300,60,5,9,33.333333333333336,22.22222222222222,0.3610623333333334,-0.0
OLD_1M,ENTRY_PROBE,STALLED_REVERSAL_PROBE,BUY_STALLED,300,60,6,1,0.0,0.0,-0.1365801,-0.1365801
OLD_1M,ENTRY_PROBE,STALLED_REVERSAL_PROBE,BUY_STALLED,300,60,7,1,100.0,0.0,3.39343995,3.39343995
OLD_1M,ENTRY_PROBE,STALLED_REVERSAL_PROBE,BUY_STALLED,300,60,8,9,33.333333333333336,11.11111111111111,-0.3336088988888889,-0.03016937
OLD_1M,ENTRY_PROBE,STALLED_REVERSAL_PROBE,BUY_STALLED,300,60,10,6,16.666666666666668,0.0,-2.2556719233333333,-2.44087387
OLD_1M,ENTRY_PROBE,STALLED_REVERSAL_PROBE,BUY_STALLED,300,60,11,27,48.148148148148145,0.0,0.2642652437037038,-0.1368482
OLD_1M,ENTRY_PROBE,STALLED_REVERSAL_PROBE,BUY_STALLED,300,60,12,1,100.0,0.0,1.73335523,1.73335523
OLD_1M,ENTRY_PROBE,STALLED_REVERSAL_PROBE,BUY_STALLED,300,60,13,6,50.0,0.0,-0.3063181183333334,-0.188294195
OLD_1M,ENTRY_PROBE,STALLED_REVERSAL_PROBE,BUY_STALLED,300,60,14,3,66.66666666666667,0.0,1.2584481633333333,0.47003525
OLD_1M,ENTRY_PROBE,STALLED_REVERSAL_PROBE,BUY_STALLED,300,60,15,1,0.0,0.0,-2.01820941,-2.01820941
OLD_1M,ENTRY_PROBE,STALLED_REVERSAL_PROBE,BUY_STALLED,300,60,16,15,26.666666666666668,0.0,-0.9813412106666666,-1.53582268
OLD_1M,ENTRY_PROBE,STALLED_REVERSAL_PROBE,BUY_STALLED,300,60,19,10,60.0,10.0,0.8978098259999999,0.993352845
OLD_1M,ENTRY_PROBE,STALLED_REVERSAL_PROBE,BUY_STALLED,300,60,20,3,66.66666666666667,0.0,0.3668332666666667,0.16586223
OLD_1M,ENTRY_PROBE,STALLED_REVERSAL_PROBE,BUY_STALLED,300,60,21,7,28.571428571428573,0.0,-1.4276656571428572,-2.36356082
OLD_1M,ENTRY_PROBE,STALLED_REVERSAL_PROBE,BUY_STALLED,300,60,22,1,100.0,0.0,2.91073788,2.91073788
OLD_1M,ENTRY_PROBE,STALLED_REVERSAL_PROBE,BUY_STALLED,300,180,0,19,63.1578947368421,0.0,1.0379197994736844,4.25490586
OLD_1M,ENTRY_PROBE,STALLED_REVERSAL_PROBE,BUY_STALLED,300,180,2,4,100.0,0.0,4.8053521125,4.583366195
OLD_1M,ENTRY_PROBE,STALLED_REVERSAL_PROBE,BUY_STALLED,300,180,3,7,28.571428571428573,0.0,-4.200609312857142,-10.68701829
OLD_1M,ENTRY_PROBE,STALLED_REVERSAL_PROBE,BUY_STALLED,300,180,4,7,28.571428571428573,0.0,-2.2941298100000003,-3.37250863
OLD_1M,ENTRY_PROBE,STALLED_REVERSAL_PROBE,BUY_STALLED,300,180,5,9,44.44444444444444,0.0,0.11002299111111112,-0.33122903
OLD_1M,ENTRY_PROBE,STALLED_REVERSAL_PROBE,BUY_STALLED,300,180,6,1,100.0,0.0,0.66772491,0.66772491
OLD_1M,ENTRY_PROBE,STALLED_REVERSAL_PROBE,BUY_STALLED,300,180,7,1,100.0,0.0,10.73835221,10.73835221
OLD_1M,ENTRY_PROBE,STALLED_REVERSAL_PROBE,BUY_STALLED,300,180,8,9,11.11111111111111,0.0,-2.79582464,-3.04711105
OLD_1M,ENTRY_PROBE,STALLED_REVERSAL_PROBE,BUY_STALLED,300,180,10,6,16.666666666666668,0.0,-3.261873066666667,-4.34911932
OLD_1M,ENTRY_PROBE,STALLED_REVERSAL_PROBE,BUY_STALLED,300,180,11,27,55.55555555555556,0.0,0.20588967888888884,0.22825005
OLD_1M,ENTRY_PROBE,STALLED_REVERSAL_PROBE,BUY_STALLED,300,180,12,1,100.0,0.0,2.05265751,2.05265751
OLD_1M,ENTRY_PROBE,STALLED_REVERSAL_PROBE,BUY_STALLED,300,180,13,6,100.0,0.0,4.659661155,4.722391930000001
OLD_1M,ENTRY_PROBE,STALLED_REVERSAL_PROBE,BUY_STALLED,300,180,14,3,33.333333333333336,0.0,-0.4498063766666667,-0.33356632
OLD_1M,ENTRY_PROBE,STALLED_REVERSAL_PROBE,BUY_STALLED,300,180,15,1,100.0,0.0,0.80424886,0.80424886
OLD_1M,ENTRY_PROBE,STALLED_REVERSAL_PROBE,BUY_STALLED,300,180,16,15,13.333333333333334,0.0,-3.259468513333333,-4.06016341
OLD_1M,ENTRY_PROBE,STALLED_REVERSAL_PROBE,BUY_STALLED,300,180,19,10,60.0,0.0,0.12130086600000001,0.23506577
OLD_1M,ENTRY_PROBE,STALLED_REVERSAL_PROBE,BUY_STALLED,300,180,20,3,100.0,0.0,2.8700570733333333,2.9101283
OLD_1M,ENTRY_PROBE,STALLED_REVERSAL_PROBE,BUY_STALLED,300,180,21,7,42.857142857142854,0.0,-3.8337451285714286,-5.72555602
OLD_1M,ENTRY_PROBE,STALLED_REVERSAL_PROBE,BUY_STALLED,300,180,22,1,100.0,0.0,5.33381287,5.33381287
OLD_1M,ENTRY_PROBE,STALLED_REVERSAL_PROBE,BUY_STALLED,300,300,0,19,73.6842105263158,0.0,4.549798204210527,5.58070986
OLD_1M,ENTRY_PROBE,STALLED_REVERSAL_PROBE,BUY_STALLED,300,300,2,4,100.0,0.0,6.246630529999999,6.3068346349999995
OLD_1M,ENTRY_PROBE,STALLED_REVERSAL_PROBE,BUY_STALLED,300,300,3,7,28.571428571428573,0.0,-0.5291869657142863,-5.29822517
OLD_1M,ENTRY_PROBE,STALLED_REVERSAL_PROBE,BUY_STALLED,300,300,4,7,42.857142857142854,0.0,-1.0832663642857145,-0.64731935
OLD_1M,ENTRY_PROBE,STALLED_REVERSAL_PROBE,BUY_STALLED,300,300,5,9,88.88888888888889,0.0,1.607522068888889,1.30986024
OLD_1M,ENTRY_PROBE,STALLED_REVERSAL_PROBE,BUY_STALLED,300,300,6,1,0.0,0.0,-1.13816746,-1.13816746
OLD_1M,ENTRY_PROBE,STALLED_REVERSAL_PROBE,BUY_STALLED,300,300,7,1,100.0,0.0,11.0098274,11.0098274
OLD_1M,ENTRY_PROBE,STALLED_REVERSAL_PROBE,BUY_STALLED,300,300,8,9,0.0,0.0,-6.501729884444445,-6.89448125
OLD_1M,ENTRY_PROBE,STALLED_REVERSAL_PROBE,BUY_STALLED,300,300,10,6,16.666666666666668,0.0,-1.594840286666667,-3.655879615
OLD_1M,ENTRY_PROBE,STALLED_REVERSAL_PROBE,BUY_STALLED,300,300,11,24,54.166666666666664,4.166666666666667,1.2039208275,0.372582555
OLD_1M,ENTRY_PROBE,STALLED_REVERSAL_PROBE,BUY_STALLED,300,300,13,6,100.0,0.0,8.262323973333334,8.382804385
OLD_1M,ENTRY_PROBE,STALLED_REVERSAL_PROBE,BUY_STALLED,300,300,14,3,66.66666666666667,0.0,0.53070918,0.53068496
OLD_1M,ENTRY_PROBE,STALLED_REVERSAL_PROBE,BUY_STALLED,300,300,15,1,100.0,0.0,10.07587253,10.07587253
OLD_1M,ENTRY_PROBE,STALLED_REVERSAL_PROBE,BUY_STALLED,300,300,16,15,13.333333333333334,0.0,-5.445235722666666,-5.71581456
OLD_1M,ENTRY_PROBE,STALLED_REVERSAL_PROBE,BUY_STALLED,300,300,19,10,30.0,0.0,-0.024313666000000022,-0.10616387499999999
OLD_1M,ENTRY_PROBE,STALLED_REVERSAL_PROBE,BUY_STALLED,300,300,20,3,100.0,0.0,2.2316414300000003,2.92521551
OLD_1M,ENTRY_PROBE,STALLED_REVERSAL_PROBE,BUY_STALLED,300,300,21,7,28.571428571428573,0.0,-6.587260111428572,-8.34645313
OLD_1M,ENTRY_PROBE,STALLED_REVERSAL_PROBE,BUY_STALLED,300,300,22,1,100.0,0.0,7.48257748,7.48257748
OLD_1M,ENTRY_PROBE,STALLED_REVERSAL_PROBE,BUY_STALLED,300,600,0,15,60.0,0.0,6.073908378666668,12.98248752
OLD_1M,ENTRY_PROBE,STALLED_REVERSAL_PROBE,BUY_STALLED,300,600,2,4,75.0,0.0,1.4374166375000001,1.919125935
OLD_1M,ENTRY_PROBE,STALLED_REVERSAL_PROBE,BUY_STALLED,300,600,3,7,42.857142857142854,0.0,4.981503712857143,-3.00376905
OLD_1M,ENTRY_PROBE,STALLED_REVERSAL_PROBE,BUY_STALLED,300,600,4,7,57.142857142857146,0.0,-0.8445338285714283,0.76784795
OLD_1M,ENTRY_PROBE,STALLED_REVERSAL_PROBE,BUY_STALLED,300,600,5,9,88.88888888888889,0.0,3.512129965555556,4.0199159
OLD_1M,ENTRY_PROBE,STALLED_REVERSAL_PROBE,BUY_STALLED,300,600,6,1,0.0,0.0,-0.0910534,-0.0910534
OLD_1M,ENTRY_PROBE,STALLED_REVERSAL_PROBE,BUY_STALLED,300,600,7,1,100.0,0.0,7.58622354,7.58622354
OLD_1M,ENTRY_PROBE,STALLED_REVERSAL_PROBE,BUY_STALLED,300,600,8,9,0.0,0.0,-13.470972197777776,-12.65748308
OLD_1M,ENTRY_PROBE,STALLED_REVERSAL_PROBE,BUY_STALLED,300,600,10,6,33.333333333333336,0.0,-1.620340456666666,-3.3525852950000004
OLD_1M,ENTRY_PROBE,STALLED_REVERSAL_PROBE,BUY_STALLED,300,600,11,24,45.833333333333336,0.0,-2.309309750833333,-2.304458475
OLD_1M,ENTRY_PROBE,STALLED_REVERSAL_PROBE,BUY_STALLED,300,600,13,6,100.0,0.0,4.262972803333334,4.104855325
OLD_1M,ENTRY_PROBE,STALLED_REVERSAL_PROBE,BUY_STALLED,300,600,14,3,33.333333333333336,0.0,-2.1834500833333332,-3.01732307
OLD_1M,ENTRY_PROBE,STALLED_REVERSAL_PROBE,BUY_STALLED,300,600,15,1,100.0,0.0,11.45675266,11.45675266
OLD_1M,ENTRY_PROBE,STALLED_REVERSAL_PROBE,BUY_STALLED,300,600,16,15,13.333333333333334,0.0,-12.530812594,-13.46760403
OLD_1M,ENTRY_PROBE,STALLED_REVERSAL_PROBE,BUY_STALLED,300,600,19,10,40.0,0.0,-2.205119477,-0.545980605
OLD_1M,ENTRY_PROBE,STALLED_REVERSAL_PROBE,BUY_STALLED,300,600,20,3,100.0,0.0,10.892134506666666,10.63026141
OLD_1M,ENTRY_PROBE,STALLED_REVERSAL_PROBE,BUY_STALLED,300,600,21,7,0.0,0.0,-8.209295378571428,-7.63836054
OLD_1M,ENTRY_PROBE,STALLED_REVERSAL_PROBE,BUY_STALLED,300,600,22,1,100.0,0.0,11.1248097,11.1248097
OLD_1M,ENTRY_PROBE,STALLED_REVERSAL_PROBE,BUY_STALLED,900,60,5,1,100.0,0.0,1.58107528,1.58107528
OLD_1M,ENTRY_PROBE,STALLED_REVERSAL_PROBE,BUY_STALLED,900,60,12,1,100.0,0.0,2.63028661,2.63028661
OLD_1M,ENTRY_PROBE,STALLED_REVERSAL_PROBE,BUY_STALLED,900,60,19,1,100.0,0.0,1.38014921,1.38014921
OLD_1M,ENTRY_PROBE,STALLED_REVERSAL_PROBE,BUY_STALLED,900,180,5,1,100.0,0.0,3.222382,3.222382
OLD_1M,ENTRY_PROBE,STALLED_REVERSAL_PROBE,BUY_STALLED,900,180,12,1,100.0,0.0,0.4409151,0.4409151
OLD_1M,ENTRY_PROBE,STALLED_REVERSAL_PROBE,BUY_STALLED,900,180,19,1,100.0,0.0,0.92515496,0.92515496
OLD_1M,ENTRY_PROBE,STALLED_REVERSAL_PROBE,BUY_STALLED,900,300,5,1,100.0,0.0,2.71041477,2.71041477
OLD_1M,ENTRY_PROBE,STALLED_REVERSAL_PROBE,BUY_STALLED,900,300,12,1,100.0,0.0,8.8791178,8.8791178
OLD_1M,ENTRY_PROBE,STALLED_REVERSAL_PROBE,BUY_STALLED,900,300,19,1,0.0,0.0,-1.38014921,-1.38014921
OLD_1M,ENTRY_PROBE,STALLED_REVERSAL_PROBE,BUY_STALLED,900,600,5,1,100.0,0.0,5.52623456,5.52623456
OLD_1M,ENTRY_PROBE,STALLED_REVERSAL_PROBE,BUY_STALLED,900,600,19,1,0.0,0.0,-18.26043567,-18.26043567
OLD_1M,ENTRY_PROBE,STALLED_REVERSAL_PROBE,BUY_STALLED,1800,60,21,1,0.0,0.0,-7.84118583,-7.84118583
OLD_1M,ENTRY_PROBE,STALLED_REVERSAL_PROBE,BUY_STALLED,1800,180,21,1,0.0,0.0,-11.50543228,-11.50543228
OLD_1M,ENTRY_PROBE,STALLED_REVERSAL_PROBE,BUY_STALLED,1800,300,21,1,0.0,0.0,-14.05381768,-14.05381768
OLD_1M,ENTRY_PROBE,STALLED_REVERSAL_PROBE,BUY_STALLED,1800,600,21,1,0.0,0.0,-18.74344997,-18.74344997
OLD_1M,ENTRY_PROBE,STALLED_REVERSAL_PROBE,SELL_STALLED,30,60,0,69,52.17391304347826,0.0,-0.26539999333333275,0.12002749
OLD_1M,ENTRY_PROBE,STALLED_REVERSAL_PROBE,SELL_STALLED,30,60,1,86,33.72093023255814,0.0,-1.3872862373255814,-1.4351536
OLD_1M,ENTRY_PROBE,STALLED_REVERSAL_PROBE,SELL_STALLED,30,60,2,63,53.96825396825397,1.5873015873015872,0.19317788555555554,0.28704375
OLD_1M,ENTRY_PROBE,STALLED_REVERSAL_PROBE,SELL_STALLED,30,60,3,61,52.459016393442624,1.639344262295082,-0.007781374262295168,0.09097801
OLD_1M,ENTRY_PROBE,STALLED_REVERSAL_PROBE,SELL_STALLED,30,60,4,30,66.66666666666667,0.0,0.8595456853333334,0.6858675700000001
OLD_1M,ENTRY_PROBE,STALLED_REVERSAL_PROBE,SELL_STALLED,30,60,5,72,48.611111111111114,2.7777777777777777,0.0029680811111111437,0.0
OLD_1M,ENTRY_PROBE,STALLED_REVERSAL_PROBE,SELL_STALLED,30,60,6,46,41.30434782608695,4.3478260869565215,0.023073856304347974,-0.120695805
OLD_1M,ENTRY_PROBE,STALLED_REVERSAL_PROBE,SELL_STALLED,30,60,7,43,53.48837209302326,0.0,-0.3078924576744186,0.49810719
OLD_1M,ENTRY_PROBE,STALLED_REVERSAL_PROBE,SELL_STALLED,30,60,8,29,58.62068965517241,3.4482758620689653,0.6895052003448278,0.03012048
OLD_1M,ENTRY_PROBE,STALLED_REVERSAL_PROBE,SELL_STALLED,30,60,9,84,53.57142857142857,0.0,0.6914252157142857,0.574914835
OLD_1M,ENTRY_PROBE,STALLED_REVERSAL_PROBE,SELL_STALLED,30,60,10,60,31.666666666666668,1.6666666666666667,-1.8672408168333334,-1.814279255
OLD_1M,ENTRY_PROBE,STALLED_REVERSAL_PROBE,SELL_STALLED,30,60,11,11,45.45454545454545,0.0,0.4429545454545455,-0.54237778
OLD_1M,ENTRY_PROBE,STALLED_REVERSAL_PROBE,SELL_STALLED,30,60,12,2,0.0,0.0,-1.824558755,-1.824558755
OLD_1M,ENTRY_PROBE,STALLED_REVERSAL_PROBE,SELL_STALLED,30,60,13,23,60.869565217391305,0.0,0.508325682173913,0.49755069
OLD_1M,ENTRY_PROBE,STALLED_REVERSAL_PROBE,SELL_STALLED,30,60,14,58,46.55172413793103,0.0,-0.9263892098275864,-1.154791055
OLD_1M,ENTRY_PROBE,STALLED_REVERSAL_PROBE,SELL_STALLED,30,60,15,34,64.70588235294117,0.0,0.5781017929411765,0.8201490250000001
OLD_1M,ENTRY_PROBE,STALLED_REVERSAL_PROBE,SELL_STALLED,30,60,16,23,39.130434782608695,4.3478260869565215,-0.5020837404347825,-1.33592422
OLD_1M,ENTRY_PROBE,STALLED_REVERSAL_PROBE,SELL_STALLED,30,60,17,32,40.625,3.125,-0.4506935175000001,-0.98458742
OLD_1M,ENTRY_PROBE,STALLED_REVERSAL_PROBE,SELL_STALLED,30,60,18,45,48.888888888888886,2.2222222222222223,0.06853248755555562,0.0
OLD_1M,ENTRY_PROBE,STALLED_REVERSAL_PROBE,SELL_STALLED,30,60,19,56,48.214285714285715,1.7857142857142858,0.37057197196428543,-0.007556295
OLD_1M,ENTRY_PROBE,STALLED_REVERSAL_PROBE,SELL_STALLED,30,60,20,60,46.666666666666664,1.6666666666666667,0.02073809300000007,-0.165886375
OLD_1M,ENTRY_PROBE,STALLED_REVERSAL_PROBE,SELL_STALLED,30,60,21,45,51.111111111111114,2.2222222222222223,-0.07099971844444461,0.09027335
OLD_1M,ENTRY_PROBE,STALLED_REVERSAL_PROBE,SELL_STALLED,30,60,22,50,58.0,4.0,1.1851869218,0.36018626
OLD_1M,ENTRY_PROBE,STALLED_REVERSAL_PROBE,SELL_STALLED,30,60,23,95,44.21052631578947,0.0,-2.2849461896842116,-0.18213554
OLD_1M,ENTRY_PROBE,STALLED_REVERSAL_PROBE,SELL_STALLED,30,180,0,68,45.588235294117645,0.0,-0.15023943338235307,-0.22713357
OLD_1M,ENTRY_PROBE,STALLED_REVERSAL_PROBE,SELL_STALLED,30,180,1,86,33.72093023255814,0.0,-1.5212925913953483,-2.62638864
OLD_1M,ENTRY_PROBE,STALLED_REVERSAL_PROBE,SELL_STALLED,30,180,2,63,34.92063492063492,0.0,-3.467923734761905,-2.22833509
OLD_1M,ENTRY_PROBE,STALLED_REVERSAL_PROBE,SELL_STALLED,30,180,3,61,47.540983606557376,0.0,-0.43777194032786887,-0.37964553
OLD_1M,ENTRY_PROBE,STALLED_REVERSAL_PROBE,SELL_STALLED,30,180,4,30,30.0,0.0,-0.7053526596666665,-1.4196925999999999
OLD_1M,ENTRY_PROBE,STALLED_REVERSAL_PROBE,SELL_STALLED,30,180,5,72,55.55555555555556,0.0,0.033515255416666494,0.295389895
OLD_1M,ENTRY_PROBE,STALLED_REVERSAL_PROBE,SELL_STALLED,30,180,6,43,62.7906976744186,0.0,1.2742844909302324,1.9126554
OLD_1M,ENTRY_PROBE,STALLED_REVERSAL_PROBE,SELL_STALLED,30,180,7,42,52.38095238095238,0.0,-0.8233667392857139,0.07550406
OLD_1M,ENTRY_PROBE,STALLED_REVERSAL_PROBE,SELL_STALLED,30,180,8,29,79.3103448275862,0.0,3.115826679655172,3.23028766
OLD_1M,ENTRY_PROBE,STALLED_REVERSAL_PROBE,SELL_STALLED,30,180,9,84,55.95238095238095,1.1904761904761905,1.8168637015476186,0.92627084
OLD_1M,ENTRY_PROBE,STALLED_REVERSAL_PROBE,SELL_STALLED,30,180,10,60,16.666666666666668,0.0,-5.00595014,-3.7591373050000003
OLD_1M,ENTRY_PROBE,STALLED_REVERSAL_PROBE,SELL_STALLED,30,180,11,7,85.71428571428571,0.0,5.135395321428571,5.92319639
OLD_1M,ENTRY_PROBE,STALLED_REVERSAL_PROBE,SELL_STALLED,30,180,12,2,0.0,0.0,-2.49355553,-2.49355553
OLD_1M,ENTRY_PROBE,STALLED_REVERSAL_PROBE,SELL_STALLED,30,180,13,23,43.47826086956522,0.0,0.7906106839130437,-0.39196354
OLD_1M,ENTRY_PROBE,STALLED_REVERSAL_PROBE,SELL_STALLED,30,180,14,58,27.586206896551722,0.0,-2.913520089827585,-2.2821672250000002
OLD_1M,ENTRY_PROBE,STALLED_REVERSAL_PROBE,SELL_STALLED,30,180,15,34,52.94117647058823,0.0,0.15301808794117627,0.379377465
OLD_1M,ENTRY_PROBE,STALLED_REVERSAL_PROBE,SELL_STALLED,30,180,16,23,60.869565217391305,0.0,0.6177481813043478,1.1992956
OLD_1M,ENTRY_PROBE,STALLED_REVERSAL_PROBE,SELL_STALLED,30,180,17,30,60.0,0.0,0.6302283616666668,0.63619495
OLD_1M,ENTRY_PROBE,STALLED_REVERSAL_PROBE,SELL_STALLED,30,180,18,42,73.80952380952381,0.0,1.6863549680952379,1.297641855
OLD_1M,ENTRY_PROBE,STALLED_REVERSAL_PROBE,SELL_STALLED,30,180,19,55,56.36363636363637,0.0,0.10592149363636323,0.16683299
OLD_1M,ENTRY_PROBE,STALLED_REVERSAL_PROBE,SELL_STALLED,30,180,20,56,32.142857142857146,0.0,-0.9883914242857144,-1.399668535
OLD_1M,ENTRY_PROBE,STALLED_REVERSAL_PROBE,SELL_STALLED,30,180,21,45,60.0,0.0,-0.14816187511111106,0.37981337
OLD_1M,ENTRY_PROBE,STALLED_REVERSAL_PROBE,SELL_STALLED,30,180,22,50,60.0,0.0,2.0283027934,0.901949785
OLD_1M,ENTRY_PROBE,STALLED_REVERSAL_PROBE,SELL_STALLED,30,180,23,95,43.1578947368421,0.0,-3.286242859578946,-1.10998742
OLD_1M,ENTRY_PROBE,STALLED_REVERSAL_PROBE,SELL_STALLED,30,300,0,65,44.61538461538461,0.0,-0.4260152786153843,-1.98822478
OLD_1M,ENTRY_PROBE,STALLED_REVERSAL_PROBE,SELL_STALLED,30,300,1,86,47.674418604651166,0.0,0.34224748779069747,-0.62343556
OLD_1M,ENTRY_PROBE,STALLED_REVERSAL_PROBE,SELL_STALLED,30,300,2,63,39.682539682539684,0.0,-3.6365874285714286,-2.4948968
OLD_1M,ENTRY_PROBE,STALLED_REVERSAL_PROBE,SELL_STALLED,30,300,3,61,50.81967213114754,0.0,0.19030839918032788,0.09111493
OLD_1M,ENTRY_PROBE,STALLED_REVERSAL_PROBE,SELL_STALLED,30,300,4,30,36.666666666666664,0.0,-1.8234024873333334,-3.37074465
OLD_1M,ENTRY_PROBE,STALLED_REVERSAL_PROBE,SELL_STALLED,30,300,5,72,36.111111111111114,0.0,-0.8920380880555554,-1.340938915
OLD_1M,ENTRY_PROBE,STALLED_REVERSAL_PROBE,SELL_STALLED,30,300,6,38,55.26315789473684,0.0,0.5762759971052632,1.11568525
OLD_1M,ENTRY_PROBE,STALLED_REVERSAL_PROBE,SELL_STALLED,30,300,7,42,52.38095238095238,0.0,-1.2908427742857143,0.422445285
OLD_1M,ENTRY_PROBE,STALLED_REVERSAL_PROBE,SELL_STALLED,30,300,8,29,86.20689655172414,0.0,3.3578936813793097,3.26087616
OLD_1M,ENTRY_PROBE,STALLED_REVERSAL_PROBE,SELL_STALLED,30,300,9,84,67.85714285714286,0.0,3.5407796998809524,5.013817415
OLD_1M,ENTRY_PROBE,STALLED_REVERSAL_PROBE,SELL_STALLED,30,300,10,60,25.0,0.0,-5.692358968,-6.39536337
OLD_1M,ENTRY_PROBE,STALLED_REVERSAL_PROBE,SELL_STALLED,30,300,11,7,85.71428571428571,0.0,4.922006434285715,3.97417547
OLD_1M,ENTRY_PROBE,STALLED_REVERSAL_PROBE,SELL_STALLED,30,300,13,23,73.91304347826087,0.0,2.238972783478261,2.17110411
OLD_1M,ENTRY_PROBE,STALLED_REVERSAL_PROBE,SELL_STALLED,30,300,14,58,32.758620689655174,0.0,-3.293174721724139,-1.7091817
OLD_1M,ENTRY_PROBE,STALLED_REVERSAL_PROBE,SELL_STALLED,30,300,15,34,61.76470588235294,0.0,0.6848799555882353,1.22918759
OLD_1M,ENTRY_PROBE,STALLED_REVERSAL_PROBE,SELL_STALLED,30,300,16,23,52.17391304347826,0.0,-0.4328183708695651,0.81966964
OLD_1M,ENTRY_PROBE,STALLED_REVERSAL_PROBE,SELL_STALLED,30,300,17,30,43.333333333333336,0.0,-1.3019466590000006,-0.553536085
OLD_1M,ENTRY_PROBE,STALLED_REVERSAL_PROBE,SELL_STALLED,30,300,18,40,62.5,0.0,1.2260349532499997,1.4910825600000002
OLD_1M,ENTRY_PROBE,STALLED_REVERSAL_PROBE,SELL_STALLED,30,300,19,54,46.2962962962963,0.0,-0.7427625359259266,-0.01517812
OLD_1M,ENTRY_PROBE,STALLED_REVERSAL_PROBE,SELL_STALLED,30,300,20,55,47.27272727272727,0.0,0.1329575001818181,-0.12067057
OLD_1M,ENTRY_PROBE,STALLED_REVERSAL_PROBE,SELL_STALLED,30,300,21,45,53.333333333333336,0.0,-0.15786524400000007,1.36895011
OLD_1M,ENTRY_PROBE,STALLED_REVERSAL_PROBE,SELL_STALLED,30,300,22,50,64.0,0.0,3.4645578298,5.875609245
OLD_1M,ENTRY_PROBE,STALLED_REVERSAL_PROBE,SELL_STALLED,30,300,23,94,44.680851063829785,1.0638297872340425,-3.4787800253191494,-5.5849084
OLD_1M,ENTRY_PROBE,STALLED_REVERSAL_PROBE,SELL_STALLED,30,600,0,61,63.9344262295082,0.0,2.469988845245903,6.04911151
OLD_1M,ENTRY_PROBE,STALLED_REVERSAL_PROBE,SELL_STALLED,30,600,1,86,46.51162790697674,0.0,3.784807343139535,-2.817365295
OLD_1M,ENTRY_PROBE,STALLED_REVERSAL_PROBE,SELL_STALLED,30,600,2,63,28.571428571428573,0.0,-9.022109953174601,-7.51672848
OLD_1M,ENTRY_PROBE,STALLED_REVERSAL_PROBE,SELL_STALLED,30,600,3,61,50.81967213114754,0.0,-1.176124924426229,0.95166019
OLD_1M,ENTRY_PROBE,STALLED_REVERSAL_PROBE,SELL_STALLED,30,600,4,30,60.0,0.0,0.8387850886666665,2.283506585
OLD_1M,ENTRY_PROBE,STALLED_REVERSAL_PROBE,SELL_STALLED,30,600,5,72,50.0,0.0,-0.25670756888888885,0.030327825000000003
OLD_1M,ENTRY_PROBE,STALLED_REVERSAL_PROBE,SELL_STALLED,30,600,6,33,57.57575757575758,0.0,1.7862747821212117,2.62499265
OLD_1M,ENTRY_PROBE,STALLED_REVERSAL_PROBE,SELL_STALLED,30,600,7,42,45.23809523809524,0.0,-0.17403521452380963,-0.8295091299999999
OLD_1M,ENTRY_PROBE,STALLED_REVERSAL_PROBE,SELL_STALLED,30,600,8,29,82.75862068965517,0.0,4.73778227551724,6.4445214
OLD_1M,ENTRY_PROBE,STALLED_REVERSAL_PROBE,SELL_STALLED,30,600,9,84,60.714285714285715,0.0,3.5027892366666666,5.0313929349999995
OLD_1M,ENTRY_PROBE,STALLED_REVERSAL_PROBE,SELL_STALLED,30,600,10,60,15.0,0.0,-10.850324864500005,-13.51171159
OLD_1M,ENTRY_PROBE,STALLED_REVERSAL_PROBE,SELL_STALLED,30,600,11,6,83.33333333333333,0.0,8.898047748333333,11.00697239
OLD_1M,ENTRY_PROBE,STALLED_REVERSAL_PROBE,SELL_STALLED,30,600,13,23,65.21739130434783,0.0,2.4709957773913045,3.89008842
OLD_1M,ENTRY_PROBE,STALLED_REVERSAL_PROBE,SELL_STALLED,30,600,14,58,22.413793103448278,0.0,-7.400352424655175,-3.9338110950000003
OLD_1M,ENTRY_PROBE,STALLED_REVERSAL_PROBE,SELL_STALLED,30,600,15,34,52.94117647058823,0.0,3.315860008235294,0.73567262
OLD_1M,ENTRY_PROBE,STALLED_REVERSAL_PROBE,SELL_STALLED,30,600,16,23,56.52173913043478,0.0,-0.645705101304348,0.91077999
OLD_1M,ENTRY_PROBE,STALLED_REVERSAL_PROBE,SELL_STALLED,30,600,17,21,42.857142857142854,0.0,-2.7561434923809522,-0.59141179
OLD_1M,ENTRY_PROBE,STALLED_REVERSAL_PROBE,SELL_STALLED,30,600,18,40,57.5,0.0,1.5208280622500001,1.313202935
OLD_1M,ENTRY_PROBE,STALLED_REVERSAL_PROBE,SELL_STALLED,30,600,19,50,56.0,0.0,-3.0733397055999996,0.613387865
OLD_1M,ENTRY_PROBE,STALLED_REVERSAL_PROBE,SELL_STALLED,30,600,20,55,60.0,0.0,1.882750016727273,3.56113484
OLD_1M,ENTRY_PROBE,STALLED_REVERSAL_PROBE,SELL_STALLED,30,600,21,45,55.55555555555556,0.0,-0.40595966511111026,1.30864261
OLD_1M,ENTRY_PROBE,STALLED_REVERSAL_PROBE,SELL_STALLED,30,600,22,50,70.0,0.0,8.537712795,9.411263925
OLD_1M,ENTRY_PROBE,STALLED_REVERSAL_PROBE,SELL_STALLED,30,600,23,87,43.67816091954023,0.0,-9.041897259310346,-3.67523247
OLD_1M,ENTRY_PROBE,STALLED_REVERSAL_PROBE,SELL_STALLED,60,60,0,30,53.333333333333336,0.0,0.3494564656666663,0.83729186
OLD_1M,ENTRY_PROBE,STALLED_REVERSAL_PROBE,SELL_STALLED,60,60,1,44,34.09090909090909,2.272727272727273,-1.8519807122727272,-2.1022662050000003
OLD_1M,ENTRY_PROBE,STALLED_REVERSAL_PROBE,SELL_STALLED,60,60,2,22,59.09090909090909,0.0,0.7895091995454545,0.347659335
OLD_1M,ENTRY_PROBE,STALLED_REVERSAL_PROBE,SELL_STALLED,60,60,3,11,18.181818181818183,0.0,-0.7537363890909089,-1.25247477
OLD_1M,ENTRY_PROBE,STALLED_REVERSAL_PROBE,SELL_STALLED,60,60,4,19,52.63157894736842,0.0,0.14748843000000003,0.96330558
OLD_1M,ENTRY_PROBE,STALLED_REVERSAL_PROBE,SELL_STALLED,60,60,5,33,42.42424242424242,0.0,-0.4949281187878788,-0.03013946
OLD_1M,ENTRY_PROBE,STALLED_REVERSAL_PROBE,SELL_STALLED,60,60,6,17,35.294117647058826,11.764705882352942,-0.4725012611764708,-0.42241197
OLD_1M,ENTRY_PROBE,STALLED_REVERSAL_PROBE,SELL_STALLED,60,60,7,14,78.57142857142857,0.0,0.2160681957142858,0.79951908
OLD_1M,ENTRY_PROBE,STALLED_REVERSAL_PROBE,SELL_STALLED,60,60,8,7,100.0,0.0,3.078506958571428,3.47338631
OLD_1M,ENTRY_PROBE,STALLED_REVERSAL_PROBE,SELL_STALLED,60,60,9,35,51.42857142857143,0.0,0.9613738717142858,0.61987938
OLD_1M,ENTRY_PROBE,STALLED_REVERSAL_PROBE,SELL_STALLED,60,60,10,33,45.45454545454545,0.0,-0.4226007363636364,-0.53023956
OLD_1M,ENTRY_PROBE,STALLED_REVERSAL_PROBE,SELL_STALLED,60,60,11,2,50.0,0.0,1.1180400549999998,1.1180400549999998
OLD_1M,ENTRY_PROBE,STALLED_REVERSAL_PROBE,SELL_STALLED,60,60,12,1,0.0,0.0,-2.14379872,-2.14379872
OLD_1M,ENTRY_PROBE,STALLED_REVERSAL_PROBE,SELL_STALLED,60,60,13,5,60.0,0.0,0.006030621999999997,0.46742359
OLD_1M,ENTRY_PROBE,STALLED_REVERSAL_PROBE,SELL_STALLED,60,60,14,18,61.111111111111114,0.0,0.2437870255555555,0.151182595
OLD_1M,ENTRY_PROBE,STALLED_REVERSAL_PROBE,SELL_STALLED,60,60,15,16,62.5,6.25,0.569142965,0.310857945
OLD_1M,ENTRY_PROBE,STALLED_REVERSAL_PROBE,SELL_STALLED,60,60,16,9,66.66666666666667,0.0,-0.537249301111111,1.04743833
OLD_1M,ENTRY_PROBE,STALLED_REVERSAL_PROBE,SELL_STALLED,60,60,17,20,60.0,0.0,0.19762733899999996,0.25000365
OLD_1M,ENTRY_PROBE,STALLED_REVERSAL_PROBE,SELL_STALLED,60,60,18,22,59.09090909090909,4.545454545454546,1.0217186786363635,0.64495491
OLD_1M,ENTRY_PROBE,STALLED_REVERSAL_PROBE,SELL_STALLED,60,60,19,37,40.54054054054054,2.7027027027027026,-0.13428783162162164,-0.09067567
OLD_1M,ENTRY_PROBE,STALLED_REVERSAL_PROBE,SELL_STALLED,60,60,20,23,30.434782608695652,0.0,-0.2718296886956521,-0.33242672
OLD_1M,ENTRY_PROBE,STALLED_REVERSAL_PROBE,SELL_STALLED,60,60,21,11,63.63636363636363,0.0,0.2474790636363637,0.92674182
OLD_1M,ENTRY_PROBE,STALLED_REVERSAL_PROBE,SELL_STALLED,60,60,22,35,60.0,2.857142857142857,1.7793285677142856,0.71940505
OLD_1M,ENTRY_PROBE,STALLED_REVERSAL_PROBE,SELL_STALLED,60,60,23,44,54.54545454545455,2.272727272727273,0.9917396734090919,0.51379071
OLD_1M,ENTRY_PROBE,STALLED_REVERSAL_PROBE,SELL_STALLED,60,180,0,30,46.666666666666664,0.0,1.2279545493333335,-0.74308965
OLD_1M,ENTRY_PROBE,STALLED_REVERSAL_PROBE,SELL_STALLED,60,180,1,44,47.72727272727273,0.0,-0.1499421865909092,-0.613274805
OLD_1M,ENTRY_PROBE,STALLED_REVERSAL_PROBE,SELL_STALLED,60,180,2,22,50.0,0.0,-0.4004270772727272,-0.24203170000000002
OLD_1M,ENTRY_PROBE,STALLED_REVERSAL_PROBE,SELL_STALLED,60,180,3,11,36.36363636363637,0.0,-1.4294688245454545,-1.50890101
OLD_1M,ENTRY_PROBE,STALLED_REVERSAL_PROBE,SELL_STALLED,60,180,4,19,15.789473684210526,0.0,-3.398363586315789,-3.2384946
OLD_1M,ENTRY_PROBE,STALLED_REVERSAL_PROBE,SELL_STALLED,60,180,5,33,48.484848484848484,0.0,-1.5812262003030304,-0.03039745
OLD_1M,ENTRY_PROBE,STALLED_REVERSAL_PROBE,SELL_STALLED,60,180,6,16,68.75,0.0,0.9924378700000002,2.164517525
OLD_1M,ENTRY_PROBE,STALLED_REVERSAL_PROBE,SELL_STALLED,60,180,7,14,64.28571428571429,0.0,0.9808484035714284,3.1974382749999997
OLD_1M,ENTRY_PROBE,STALLED_REVERSAL_PROBE,SELL_STALLED,60,180,8,7,85.71428571428571,0.0,3.4097269942857147,3.84104404
OLD_1M,ENTRY_PROBE,STALLED_REVERSAL_PROBE,SELL_STALLED,60,180,9,35,60.0,0.0,2.4496485425714276,1.99662825
OLD_1M,ENTRY_PROBE,STALLED_REVERSAL_PROBE,SELL_STALLED,60,180,10,33,36.36363636363637,0.0,-4.474036902424242,-4.35050957
OLD_1M,ENTRY_PROBE,STALLED_REVERSAL_PROBE,SELL_STALLED,60,180,11,1,100.0,0.0,5.49666394,5.49666394
OLD_1M,ENTRY_PROBE,STALLED_REVERSAL_PROBE,SELL_STALLED,60,180,12,1,0.0,0.0,-3.17768746,-3.17768746
OLD_1M,ENTRY_PROBE,STALLED_REVERSAL_PROBE,SELL_STALLED,60,180,13,5,40.0,0.0,0.3136532599999998,-1.17604842
OLD_1M,ENTRY_PROBE,STALLED_REVERSAL_PROBE,SELL_STALLED,60,180,14,18,27.77777777777778,0.0,-3.4668493611111106,-2.455542455
OLD_1M,ENTRY_PROBE,STALLED_REVERSAL_PROBE,SELL_STALLED,60,180,15,16,62.5,0.0,1.4287892956249997,2.0407348
OLD_1M,ENTRY_PROBE,STALLED_REVERSAL_PROBE,SELL_STALLED,60,180,16,9,55.55555555555556,0.0,0.42687479777777804,1.86717268
OLD_1M,ENTRY_PROBE,STALLED_REVERSAL_PROBE,SELL_STALLED,60,180,17,19,94.73684210526316,0.0,2.7705959499999997,3.0335158
OLD_1M,ENTRY_PROBE,STALLED_REVERSAL_PROBE,SELL_STALLED,60,180,18,19,73.6842105263158,0.0,1.0119528684210528,1.47319245
OLD_1M,ENTRY_PROBE,STALLED_REVERSAL_PROBE,SELL_STALLED,60,180,19,37,40.54054054054054,0.0,-0.602887411621622,-0.19646158
OLD_1M,ENTRY_PROBE,STALLED_REVERSAL_PROBE,SELL_STALLED,60,180,20,21,52.38095238095238,0.0,1.84461632952381,0.61843572
OLD_1M,ENTRY_PROBE,STALLED_REVERSAL_PROBE,SELL_STALLED,60,180,21,11,54.54545454545455,0.0,1.1290477972727269,1.30853632
OLD_1M,ENTRY_PROBE,STALLED_REVERSAL_PROBE,SELL_STALLED,60,180,22,35,74.28571428571429,0.0,3.942632948857142,2.71275655
OLD_1M,ENTRY_PROBE,STALLED_REVERSAL_PROBE,SELL_STALLED,60,180,23,44,56.81818181818182,0.0,3.5483669256818184,4.544223105
OLD_1M,ENTRY_PROBE,STALLED_REVERSAL_PROBE,SELL_STALLED,60,300,0,29,44.827586206896555,0.0,-0.14636688551724036,-5.09411221
OLD_1M,ENTRY_PROBE,STALLED_REVERSAL_PROBE,SELL_STALLED,60,300,1,44,50.0,0.0,0.8701701127272727,0.24184539499999996
OLD_1M,ENTRY_PROBE,STALLED_REVERSAL_PROBE,SELL_STALLED,60,300,2,22,40.90909090909091,0.0,-3.260501336818182,-1.59045271
OLD_1M,ENTRY_PROBE,STALLED_REVERSAL_PROBE,SELL_STALLED,60,300,3,11,54.54545454545455,0.0,-1.5530057272727276,0.01516082
OLD_1M,ENTRY_PROBE,STALLED_REVERSAL_PROBE,SELL_STALLED,60,300,4,19,15.789473684210526,0.0,-5.198589123157895,-5.37820641
OLD_1M,ENTRY_PROBE,STALLED_REVERSAL_PROBE,SELL_STALLED,60,300,5,33,39.39393939393939,0.0,-1.262023967575757,-1.47693124
OLD_1M,ENTRY_PROBE,STALLED_REVERSAL_PROBE,SELL_STALLED,60,300,6,14,78.57142857142857,0.0,3.526678194285714,5.73974119
OLD_1M,ENTRY_PROBE,STALLED_REVERSAL_PROBE,SELL_STALLED,60,300,7,14,28.571428571428573,7.142857142857143,-3.001026295714286,-2.639312275
OLD_1M,ENTRY_PROBE,STALLED_REVERSAL_PROBE,SELL_STALLED,60,300,8,7,100.0,0.0,4.226361708571429,3.73560362
OLD_1M,ENTRY_PROBE,STALLED_REVERSAL_PROBE,SELL_STALLED,60,300,9,35,74.28571428571429,0.0,4.099918423142856,4.70535885
OLD_1M,ENTRY_PROBE,STALLED_REVERSAL_PROBE,SELL_STALLED,60,300,10,33,33.333333333333336,0.0,-3.583934758787879,-5.974273
OLD_1M,ENTRY_PROBE,STALLED_REVERSAL_PROBE,SELL_STALLED,60,300,11,1,100.0,0.0,3.62383938,3.62383938
OLD_1M,ENTRY_PROBE,STALLED_REVERSAL_PROBE,SELL_STALLED,60,300,13,5,60.0,0.0,3.019018102,4.16148993
OLD_1M,ENTRY_PROBE,STALLED_REVERSAL_PROBE,SELL_STALLED,60,300,14,18,27.77777777777778,0.0,-7.065316949444444,-6.002659469999999
OLD_1M,ENTRY_PROBE,STALLED_REVERSAL_PROBE,SELL_STALLED,60,300,15,16,62.5,0.0,-0.14741764312499983,0.63732735
OLD_1M,ENTRY_PROBE,STALLED_REVERSAL_PROBE,SELL_STALLED,60,300,16,9,22.22222222222222,0.0,-3.254266114444445,-1.35104364
OLD_1M,ENTRY_PROBE,STALLED_REVERSAL_PROBE,SELL_STALLED,60,300,17,12,50.0,0.0,1.2621010966666668,0.454184495
OLD_1M,ENTRY_PROBE,STALLED_REVERSAL_PROBE,SELL_STALLED,60,300,18,19,52.63157894736842,0.0,0.3832235710526317,0.72436539
OLD_1M,ENTRY_PROBE,STALLED_REVERSAL_PROBE,SELL_STALLED,60,300,19,37,35.13513513513514,2.7027027027027026,-1.1532570383783787,-0.37781472
OLD_1M,ENTRY_PROBE,STALLED_REVERSAL_PROBE,SELL_STALLED,60,300,20,21,47.61904761904762,0.0,1.8015956147619046,-0.13575418
OLD_1M,ENTRY_PROBE,STALLED_REVERSAL_PROBE,SELL_STALLED,60,300,21,11,72.72727272727273,0.0,0.9762383172727271,1.70138298
OLD_1M,ENTRY_PROBE,STALLED_REVERSAL_PROBE,SELL_STALLED,60,300,22,35,77.14285714285714,0.0,9.826400455428569,8.21320768
OLD_1M,ENTRY_PROBE,STALLED_REVERSAL_PROBE,SELL_STALLED,60,300,23,42,54.76190476190476,0.0,3.602072528809524,5.777809485
OLD_1M,ENTRY_PROBE,STALLED_REVERSAL_PROBE,SELL_STALLED,60,600,0,29,65.51724137931035,0.0,4.9222975534482725,6.91438191
OLD_1M,ENTRY_PROBE,STALLED_REVERSAL_PROBE,SELL_STALLED,60,600,1,44,52.27272727272727,0.0,4.1329290777272725,0.24154645
OLD_1M,ENTRY_PROBE,STALLED_REVERSAL_PROBE,SELL_STALLED,60,600,2,22,27.272727272727273,0.0,-7.021979298181818,-5.572003255
OLD_1M,ENTRY_PROBE,STALLED_REVERSAL_PROBE,SELL_STALLED,60,600,3,11,45.45454545454545,0.0,-2.8454731218181823,-4.49683712
OLD_1M,ENTRY_PROBE,STALLED_REVERSAL_PROBE,SELL_STALLED,60,600,4,19,57.89473684210526,0.0,-1.8353866389473688,1.76219947
OLD_1M,ENTRY_PROBE,STALLED_REVERSAL_PROBE,SELL_STALLED,60,600,5,33,51.515151515151516,0.0,-0.42079667545454497,0.31874784
OLD_1M,ENTRY_PROBE,STALLED_REVERSAL_PROBE,SELL_STALLED,60,600,6,13,84.61538461538461,0.0,4.128135043846154,3.04752939
OLD_1M,ENTRY_PROBE,STALLED_REVERSAL_PROBE,SELL_STALLED,60,600,7,14,42.857142857142854,0.0,-0.310226330714286,-1.6901156949999998
OLD_1M,ENTRY_PROBE,STALLED_REVERSAL_PROBE,SELL_STALLED,60,600,8,7,85.71428571428571,0.0,2.5350188328571437,5.13645497
OLD_1M,ENTRY_PROBE,STALLED_REVERSAL_PROBE,SELL_STALLED,60,600,9,35,71.42857142857143,0.0,5.549996972285715,8.66441822
OLD_1M,ENTRY_PROBE,STALLED_REVERSAL_PROBE,SELL_STALLED,60,600,10,33,12.121212121212121,0.0,-10.966514947878787,-13.03647503
OLD_1M,ENTRY_PROBE,STALLED_REVERSAL_PROBE,SELL_STALLED,60,600,11,1,100.0,0.0,17.00768315,17.00768315
OLD_1M,ENTRY_PROBE,STALLED_REVERSAL_PROBE,SELL_STALLED,60,600,13,5,80.0,0.0,4.5059566339999995,6.78518116
OLD_1M,ENTRY_PROBE,STALLED_REVERSAL_PROBE,SELL_STALLED,60,600,14,18,22.22222222222222,0.0,-11.393909947222221,-4.25129653
OLD_1M,ENTRY_PROBE,STALLED_REVERSAL_PROBE,SELL_STALLED,60,600,15,16,31.25,0.0,-1.550086868125,-1.9726846999999998
OLD_1M,ENTRY_PROBE,STALLED_REVERSAL_PROBE,SELL_STALLED,60,600,16,9,44.44444444444444,0.0,-3.479563407777777,-0.72955424
OLD_1M,ENTRY_PROBE,STALLED_REVERSAL_PROBE,SELL_STALLED,60,600,17,8,87.5,0.0,3.01802981875,1.71381165
OLD_1M,ENTRY_PROBE,STALLED_REVERSAL_PROBE,SELL_STALLED,60,600,18,19,68.42105263157895,0.0,4.005374756842105,5.50718121
OLD_1M,ENTRY_PROBE,STALLED_REVERSAL_PROBE,SELL_STALLED,60,600,19,36,52.77777777777778,0.0,-2.047108648333334,0.05299164
OLD_1M,ENTRY_PROBE,STALLED_REVERSAL_PROBE,SELL_STALLED,60,600,20,21,71.42857142857143,0.0,4.303641219523809,8.52324246
OLD_1M,ENTRY_PROBE,STALLED_REVERSAL_PROBE,SELL_STALLED,60,600,21,11,72.72727272727273,0.0,3.8860205063636357,4.14712102
OLD_1M,ENTRY_PROBE,STALLED_REVERSAL_PROBE,SELL_STALLED,60,600,22,35,80.0,0.0,14.55348457457143,10.37446818
OLD_1M,ENTRY_PROBE,STALLED_REVERSAL_PROBE,SELL_STALLED,60,600,23,38,57.89473684210526,0.0,-4.005779648157895,2.507622405
OLD_1M,ENTRY_PROBE,STALLED_REVERSAL_PROBE,SELL_STALLED,180,60,0,8,75.0,0.0,1.2553847075000002,4.0245990549999995
OLD_1M,ENTRY_PROBE,STALLED_REVERSAL_PROBE,SELL_STALLED,180,60,1,12,41.666666666666664,0.0,-0.8117505375,-1.08810805
OLD_1M,ENTRY_PROBE,STALLED_REVERSAL_PROBE,SELL_STALLED,180,60,2,1,100.0,0.0,6.25419212,6.25419212
OLD_1M,ENTRY_PROBE,STALLED_REVERSAL_PROBE,SELL_STALLED,180,60,3,5,20.0,0.0,-1.0885525360000001,-0.8489389
OLD_1M,ENTRY_PROBE,STALLED_REVERSAL_PROBE,SELL_STALLED,180,60,4,4,0.0,0.0,-6.0892213225,-5.625406760000001
OLD_1M,ENTRY_PROBE,STALLED_REVERSAL_PROBE,SELL_STALLED,180,60,5,6,0.0,16.666666666666668,-1.1902886433333333,-1.242650755
OLD_1M,ENTRY_PROBE,STALLED_REVERSAL_PROBE,SELL_STALLED,180,60,6,6,16.666666666666668,0.0,0.13506698000000003,-1.44014547
OLD_1M,ENTRY_PROBE,STALLED_REVERSAL_PROBE,SELL_STALLED,180,60,8,1,100.0,0.0,6.22282235,6.22282235
OLD_1M,ENTRY_PROBE,STALLED_REVERSAL_PROBE,SELL_STALLED,180,60,9,15,53.333333333333336,0.0,0.36878294066666656,0.21016666
OLD_1M,ENTRY_PROBE,STALLED_REVERSAL_PROBE,SELL_STALLED,180,60,10,4,25.0,0.0,-1.9574763775000001,-2.716919175
OLD_1M,ENTRY_PROBE,STALLED_REVERSAL_PROBE,SELL_STALLED,180,60,14,18,22.22222222222222,0.0,-2.074606338333334,-1.9630568950000002
OLD_1M,ENTRY_PROBE,STALLED_REVERSAL_PROBE,SELL_STALLED,180,60,15,1,100.0,0.0,5.49416359,5.49416359
OLD_1M,ENTRY_PROBE,STALLED_REVERSAL_PROBE,SELL_STALLED,180,60,18,11,54.54545454545455,0.0,-0.08903749818181823,0.25653369
OLD_1M,ENTRY_PROBE,STALLED_REVERSAL_PROBE,SELL_STALLED,180,60,19,6,66.66666666666667,0.0,0.9193643150000002,0.838757495
OLD_1M,ENTRY_PROBE,STALLED_REVERSAL_PROBE,SELL_STALLED,180,60,20,5,100.0,0.0,3.6551849999999995,1.81343392
OLD_1M,ENTRY_PROBE,STALLED_REVERSAL_PROBE,SELL_STALLED,180,60,21,1,0.0,0.0,-2.8251119,-2.8251119
OLD_1M,ENTRY_PROBE,STALLED_REVERSAL_PROBE,SELL_STALLED,180,60,22,5,80.0,20.0,5.35241978,6.24119035
OLD_1M,ENTRY_PROBE,STALLED_REVERSAL_PROBE,SELL_STALLED,180,60,23,19,47.36842105263158,0.0,0.9360099778947368,-0.04612036
OLD_1M,ENTRY_PROBE,STALLED_REVERSAL_PROBE,SELL_STALLED,180,180,0,8,75.0,0.0,-0.10052924249999995,3.6486769199999998
OLD_1M,ENTRY_PROBE,STALLED_REVERSAL_PROBE,SELL_STALLED,180,180,1,12,25.0,0.0,-2.4910212625,-3.500215995
OLD_1M,ENTRY_PROBE,STALLED_REVERSAL_PROBE,SELL_STALLED,180,180,2,1,0.0,0.0,-1.48046094,-1.48046094
OLD_1M,ENTRY_PROBE,STALLED_REVERSAL_PROBE,SELL_STALLED,180,180,3,5,60.0,0.0,-1.2854494359999997,0.07580444
OLD_1M,ENTRY_PROBE,STALLED_REVERSAL_PROBE,SELL_STALLED,180,180,4,4,0.0,0.0,-5.176300395,-3.712315415
OLD_1M,ENTRY_PROBE,STALLED_REVERSAL_PROBE,SELL_STALLED,180,180,5,6,16.666666666666668,0.0,-2.3609906549999997,-0.89621866
OLD_1M,ENTRY_PROBE,STALLED_REVERSAL_PROBE,SELL_STALLED,180,180,6,6,50.0,0.0,2.6603448833333334,1.47752005
OLD_1M,ENTRY_PROBE,STALLED_REVERSAL_PROBE,SELL_STALLED,180,180,8,1,100.0,0.0,6.64573261,6.64573261
OLD_1M,ENTRY_PROBE,STALLED_REVERSAL_PROBE,SELL_STALLED,180,180,9,15,40.0,6.666666666666667,1.4154003039999996,-0.64529103
OLD_1M,ENTRY_PROBE,STALLED_REVERSAL_PROBE,SELL_STALLED,180,180,10,4,25.0,0.0,-7.4339347125,-12.303670635
OLD_1M,ENTRY_PROBE,STALLED_REVERSAL_PROBE,SELL_STALLED,180,180,14,18,22.22222222222222,0.0,-3.2376492694444443,-2.584461915
OLD_1M,ENTRY_PROBE,STALLED_REVERSAL_PROBE,SELL_STALLED,180,180,15,1,100.0,0.0,7.61897824,7.61897824
OLD_1M,ENTRY_PROBE,STALLED_REVERSAL_PROBE,SELL_STALLED,180,180,18,11,81.81818181818181,0.0,0.8628586436363637,0.4375463
OLD_1M,ENTRY_PROBE,STALLED_REVERSAL_PROBE,SELL_STALLED,180,180,19,6,16.666666666666668,0.0,-2.506818723333333,-0.46849521
OLD_1M,ENTRY_PROBE,STALLED_REVERSAL_PROBE,SELL_STALLED,180,180,20,5,100.0,0.0,7.844427236,7.11772813
OLD_1M,ENTRY_PROBE,STALLED_REVERSAL_PROBE,SELL_STALLED,180,180,21,1,100.0,0.0,2.5365252,2.5365252
OLD_1M,ENTRY_PROBE,STALLED_REVERSAL_PROBE,SELL_STALLED,180,180,22,5,100.0,0.0,15.01674989,14.95473629
OLD_1M,ENTRY_PROBE,STALLED_REVERSAL_PROBE,SELL_STALLED,180,180,23,19,89.47368421052632,0.0,7.37669278368421,8.3190198
OLD_1M,ENTRY_PROBE,STALLED_REVERSAL_PROBE,SELL_STALLED,180,300,0,6,66.66666666666667,0.0,1.4055580050000003,8.421469845
OLD_1M,ENTRY_PROBE,STALLED_REVERSAL_PROBE,SELL_STALLED,180,300,1,12,16.666666666666668,0.0,-4.906002152500001,-5.107703519999999
OLD_1M,ENTRY_PROBE,STALLED_REVERSAL_PROBE,SELL_STALLED,180,300,2,1,0.0,0.0,-2.6285735,-2.6285735
OLD_1M,ENTRY_PROBE,STALLED_REVERSAL_PROBE,SELL_STALLED,180,300,3,5,60.0,0.0,0.28810913599999993,0.01516082
OLD_1M,ENTRY_PROBE,STALLED_REVERSAL_PROBE,SELL_STALLED,180,300,4,4,25.0,0.0,-1.9475046,-1.27249516
OLD_1M,ENTRY_PROBE,STALLED_REVERSAL_PROBE,SELL_STALLED,180,300,5,6,33.333333333333336,0.0,-4.894849914999999,-6.343704025
OLD_1M,ENTRY_PROBE,STALLED_REVERSAL_PROBE,SELL_STALLED,180,300,6,4,100.0,0.0,3.7111616025,4.67610283
OLD_1M,ENTRY_PROBE,STALLED_REVERSAL_PROBE,SELL_STALLED,180,300,8,1,100.0,0.0,2.67339698,2.67339698
OLD_1M,ENTRY_PROBE,STALLED_REVERSAL_PROBE,SELL_STALLED,180,300,9,15,66.66666666666667,0.0,3.1403781753333324,5.32004933
OLD_1M,ENTRY_PROBE,STALLED_REVERSAL_PROBE,SELL_STALLED,180,300,10,4,25.0,0.0,-6.450470224999999,-12.077988285
OLD_1M,ENTRY_PROBE,STALLED_REVERSAL_PROBE,SELL_STALLED,180,300,14,18,22.22222222222222,0.0,-5.997293264444446,-2.05405829
OLD_1M,ENTRY_PROBE,STALLED_REVERSAL_PROBE,SELL_STALLED,180,300,15,1,100.0,0.0,1.97304217,1.97304217
OLD_1M,ENTRY_PROBE,STALLED_REVERSAL_PROBE,SELL_STALLED,180,300,18,11,45.45454545454545,0.0,-0.9764937318181818,-1.14670594
OLD_1M,ENTRY_PROBE,STALLED_REVERSAL_PROBE,SELL_STALLED,180,300,19,6,50.0,0.0,-2.0629376366666667,-0.0302255
OLD_1M,ENTRY_PROBE,STALLED_REVERSAL_PROBE,SELL_STALLED,180,300,20,5,100.0,0.0,8.118643514,7.49552686
OLD_1M,ENTRY_PROBE,STALLED_REVERSAL_PROBE,SELL_STALLED,180,300,21,1,0.0,0.0,-0.68349482,-0.68349482
OLD_1M,ENTRY_PROBE,STALLED_REVERSAL_PROBE,SELL_STALLED,180,300,22,5,100.0,0.0,41.196647528,44.23104465
OLD_1M,ENTRY_PROBE,STALLED_REVERSAL_PROBE,SELL_STALLED,180,300,23,7,71.42857142857143,0.0,5.598456747142857,16.52966873
OLD_1M,ENTRY_PROBE,STALLED_REVERSAL_PROBE,SELL_STALLED,180,600,0,6,83.33333333333333,0.0,9.815804345,9.270845354999999
OLD_1M,ENTRY_PROBE,STALLED_REVERSAL_PROBE,SELL_STALLED,180,600,1,12,16.666666666666668,0.0,-5.814324719166667,-7.80380637
OLD_1M,ENTRY_PROBE,STALLED_REVERSAL_PROBE,SELL_STALLED,180,600,2,1,0.0,0.0,-20.75666661,-20.75666661
OLD_1M,ENTRY_PROBE,STALLED_REVERSAL_PROBE,SELL_STALLED,180,600,3,5,0.0,0.0,-15.525240051999997,-15.63087484
OLD_1M,ENTRY_PROBE,STALLED_REVERSAL_PROBE,SELL_STALLED,180,600,4,4,75.0,0.0,1.4433860649999999,1.649225645
OLD_1M,ENTRY_PROBE,STALLED_REVERSAL_PROBE,SELL_STALLED,180,600,5,6,33.333333333333336,0.0,-3.5998396166666673,-5.6491351750000005
OLD_1M,ENTRY_PROBE,STALLED_REVERSAL_PROBE,SELL_STALLED,180,600,6,3,100.0,0.0,5.163926109999999,4.73804925
OLD_1M,ENTRY_PROBE,STALLED_REVERSAL_PROBE,SELL_STALLED,180,600,8,1,100.0,0.0,7.61238462,7.61238462
OLD_1M,ENTRY_PROBE,STALLED_REVERSAL_PROBE,SELL_STALLED,180,600,9,15,66.66666666666667,0.0,4.840657226,7.65592186
OLD_1M,ENTRY_PROBE,STALLED_REVERSAL_PROBE,SELL_STALLED,180,600,10,4,0.0,0.0,-10.9622218275,-13.000699685
OLD_1M,ENTRY_PROBE,STALLED_REVERSAL_PROBE,SELL_STALLED,180,600,14,18,16.666666666666668,0.0,-8.050172293333336,-1.8039783950000001
OLD_1M,ENTRY_PROBE,STALLED_REVERSAL_PROBE,SELL_STALLED,180,600,15,1,0.0,0.0,-8.27159988,-8.27159988
OLD_1M,ENTRY_PROBE,STALLED_REVERSAL_PROBE,SELL_STALLED,180,600,18,11,100.0,0.0,5.422384086363636,5.00891647
OLD_1M,ENTRY_PROBE,STALLED_REVERSAL_PROBE,SELL_STALLED,180,600,19,6,16.666666666666668,0.0,-4.73302515,-4.412919275
OLD_1M,ENTRY_PROBE,STALLED_REVERSAL_PROBE,SELL_STALLED,180,600,20,5,100.0,0.0,12.41682664,13.4496349
OLD_1M,ENTRY_PROBE,STALLED_REVERSAL_PROBE,SELL_STALLED,180,600,21,1,0.0,0.0,-1.23029067,-1.23029067
OLD_1M,ENTRY_PROBE,STALLED_REVERSAL_PROBE,SELL_STALLED,180,600,22,5,100.0,0.0,58.387367252000004,58.95965086
OLD_1M,ENTRY_PROBE,STALLED_REVERSAL_PROBE,SELL_STALLED,180,600,23,6,66.66666666666667,0.0,7.959437275,16.163430944999998
OLD_1M,ENTRY_PROBE,STALLED_REVERSAL_PROBE,SELL_STALLED,300,60,0,3,100.0,0.0,3.0822796333333335,3.18808809
OLD_1M,ENTRY_PROBE,STALLED_REVERSAL_PROBE,SELL_STALLED,300,60,1,10,30.0,0.0,-1.412781531,-1.1793879
OLD_1M,ENTRY_PROBE,STALLED_REVERSAL_PROBE,SELL_STALLED,300,60,3,1,0.0,0.0,-3.60829119,-3.60829119
OLD_1M,ENTRY_PROBE,STALLED_REVERSAL_PROBE,SELL_STALLED,300,60,6,1,0.0,0.0,-0.40732644,-0.40732644
OLD_1M,ENTRY_PROBE,STALLED_REVERSAL_PROBE,SELL_STALLED,300,60,9,10,50.0,0.0,-1.303844445,0.34766482499999996
OLD_1M,ENTRY_PROBE,STALLED_REVERSAL_PROBE,SELL_STALLED,300,60,14,9,33.333333333333336,0.0,-1.8204071699999997,-2.00081245
OLD_1M,ENTRY_PROBE,STALLED_REVERSAL_PROBE,SELL_STALLED,300,60,15,2,100.0,0.0,4.975746095,4.975746095
OLD_1M,ENTRY_PROBE,STALLED_REVERSAL_PROBE,SELL_STALLED,300,60,17,3,0.0,0.0,-1.6529561933333332,-1.3190052
OLD_1M,ENTRY_PROBE,STALLED_REVERSAL_PROBE,SELL_STALLED,300,60,18,4,75.0,0.0,0.17749175500000003,0.882758335
OLD_1M,ENTRY_PROBE,STALLED_REVERSAL_PROBE,SELL_STALLED,300,60,20,4,50.0,0.0,2.3921016600000002,0.725255735
OLD_1M,ENTRY_PROBE,STALLED_REVERSAL_PROBE,SELL_STALLED,300,60,23,7,57.142857142857146,0.0,-1.1427183757142858,1.53779674
OLD_1M,ENTRY_PROBE,STALLED_REVERSAL_PROBE,SELL_STALLED,300,180,0,3,0.0,0.0,-3.5019508866666667,-4.73658802
OLD_1M,ENTRY_PROBE,STALLED_REVERSAL_PROBE,SELL_STALLED,300,180,1,10,30.0,0.0,-1.854081244,-0.578375395
OLD_1M,ENTRY_PROBE,STALLED_REVERSAL_PROBE,SELL_STALLED,300,180,3,1,100.0,0.0,0.07580444,0.07580444
OLD_1M,ENTRY_PROBE,STALLED_REVERSAL_PROBE,SELL_STALLED,300,180,6,1,0.0,0.0,-0.79956673,-0.79956673
OLD_1M,ENTRY_PROBE,STALLED_REVERSAL_PROBE,SELL_STALLED,300,180,9,10,40.0,0.0,1.09298872,-1.20998335
OLD_1M,ENTRY_PROBE,STALLED_REVERSAL_PROBE,SELL_STALLED,300,180,14,9,11.11111111111111,0.0,-8.257688292222221,-6.07841919
OLD_1M,ENTRY_PROBE,STALLED_REVERSAL_PROBE,SELL_STALLED,300,180,15,2,100.0,0.0,5.1505449500000005,5.1505449500000005
OLD_1M,ENTRY_PROBE,STALLED_REVERSAL_PROBE,SELL_STALLED,300,180,17,1,100.0,0.0,3.4127001,3.4127001
OLD_1M,ENTRY_PROBE,STALLED_REVERSAL_PROBE,SELL_STALLED,300,180,18,4,75.0,0.0,1.3694850650000001,2.1427819550000002
OLD_1M,ENTRY_PROBE,STALLED_REVERSAL_PROBE,SELL_STALLED,300,180,20,4,100.0,0.0,9.70681542,10.145578465
OLD_1M,ENTRY_PROBE,STALLED_REVERSAL_PROBE,SELL_STALLED,300,180,23,7,85.71428571428571,0.0,6.276222592857143,8.56315627
OLD_1M,ENTRY_PROBE,STALLED_REVERSAL_PROBE,SELL_STALLED,300,300,0,3,100.0,0.0,6.94904459,6.042186
OLD_1M,ENTRY_PROBE,STALLED_REVERSAL_PROBE,SELL_STALLED,300,300,1,10,0.0,0.0,-6.45700655,-5.8361537850000005
OLD_1M,ENTRY_PROBE,STALLED_REVERSAL_PROBE,SELL_STALLED,300,300,3,1,100.0,0.0,1.13706655,1.13706655
OLD_1M,ENTRY_PROBE,STALLED_REVERSAL_PROBE,SELL_STALLED,300,300,6,1,100.0,0.0,5.44610543,5.44610543
OLD_1M,ENTRY_PROBE,STALLED_REVERSAL_PROBE,SELL_STALLED,300,300,9,10,100.0,0.0,6.802104008000001,6.779974025
OLD_1M,ENTRY_PROBE,STALLED_REVERSAL_PROBE,SELL_STALLED,300,300,14,9,22.22222222222222,0.0,-9.623444446666666,-4.12288626
OLD_1M,ENTRY_PROBE,STALLED_REVERSAL_PROBE,SELL_STALLED,300,300,15,2,0.0,0.0,-3.07194331,-3.07194331
OLD_1M,ENTRY_PROBE,STALLED_REVERSAL_PROBE,SELL_STALLED,300,300,17,1,100.0,0.0,2.42680896,2.42680896
OLD_1M,ENTRY_PROBE,STALLED_REVERSAL_PROBE,SELL_STALLED,300,300,18,4,25.0,0.0,-1.2335596075,-1.531572955
OLD_1M,ENTRY_PROBE,STALLED_REVERSAL_PROBE,SELL_STALLED,300,300,20,4,100.0,0.0,9.891261657500001,9.82773002
OLD_1M,ENTRY_PROBE,STALLED_REVERSAL_PROBE,SELL_STALLED,300,300,23,2,50.0,0.0,-12.566509005,-12.566509005
OLD_1M,ENTRY_PROBE,STALLED_REVERSAL_PROBE,SELL_STALLED,300,600,0,3,100.0,0.0,19.454127940000003,21.04138138
OLD_1M,ENTRY_PROBE,STALLED_REVERSAL_PROBE,SELL_STALLED,300,600,1,10,0.0,0.0,-8.562138639,-9.62978052
OLD_1M,ENTRY_PROBE,STALLED_REVERSAL_PROBE,SELL_STALLED,300,600,3,1,0.0,0.0,-17.69275552,-17.69275552
OLD_1M,ENTRY_PROBE,STALLED_REVERSAL_PROBE,SELL_STALLED,300,600,6,1,100.0,0.0,2.62499265,2.62499265
OLD_1M,ENTRY_PROBE,STALLED_REVERSAL_PROBE,SELL_STALLED,300,600,9,10,80.0,0.0,8.652160292999998,12.4148856
OLD_1M,ENTRY_PROBE,STALLED_REVERSAL_PROBE,SELL_STALLED,300,600,14,9,0.0,0.0,-13.433659855555554,-6.39641073
OLD_1M,ENTRY_PROBE,STALLED_REVERSAL_PROBE,SELL_STALLED,300,600,15,2,0.0,0.0,-7.896237525,-7.896237525
OLD_1M,ENTRY_PROBE,STALLED_REVERSAL_PROBE,SELL_STALLED,300,600,18,4,100.0,0.0,6.0772950075,6.956507630000001
OLD_1M,ENTRY_PROBE,STALLED_REVERSAL_PROBE,SELL_STALLED,300,600,20,4,100.0,0.0,9.777874554999999,9.383139844999999
OLD_1M,ENTRY_PROBE,STALLED_REVERSAL_PROBE,SELL_STALLED,300,600,23,2,0.0,0.0,-15.883411435,-15.883411435
