"predicate_id","predicate_kind","observation_text","predicate_classes","side_binding","condition_selectors","condition_candidate_ids","condition_candidate_keys","contradiction_condition_ids","contradiction_condition_keys","freshness_condition_ids","freshness_condition_keys","evaluation_contract","observability","implementation_status","base_edge_ids","status"
"OPR-001","OBSERVATION","key level接近","LOCATION_CONTEXT","DYNAMIC_FROM_PATTERN_CONTEXT","VARIANT_LOCATION","","","","","CD-G01-005 CD-G01-009 CD-G01-011 CD-G01-019 CD-G01-021 CD-G01-027 CD-G01-001 CD-G01-002 CD-G01-004 CD-G01-020","trade_event_fresh exchange_clock_aligned event_order_monotonic persistence_confirmed cross_source_time_aligned window_complete depth_book_synced depth_sequence_contiguous depth_event_fresh market_state_atomic","ALL predicate classes true using fresh evidence strictly after prior transition","DIRECT","VARIANT_LOCATION_SELECTOR","PAT-CVD-EXTREME-NONCONFIRM-FLIP-001::E01","UNVALIDATED"
"OPR-002","OBSERVATION","priceだけ新極値","PRICE_STRUCTURE","DYNAMIC_FROM_PATTERN_CONTEXT","SIDE_RESOLVED","CD-G03-021 CD-G03-023 CD-G03-025 CD-G03-027 CD-G09-002 CD-G09-006","distance_to_rolling_1m_high distance_to_rolling_1m_low distance_to_rolling_5m_high distance_to_rolling_5m_low upward_progress_ticks_1s downward_progress_ticks_1s","CD-G16-023 CD-G16-024","upside_breakout_failure downside_breakout_failure","CD-G01-005 CD-G01-009 CD-G01-011 CD-G01-019 CD-G01-021 CD-G01-027","trade_event_fresh exchange_clock_aligned event_order_monotonic persistence_confirmed cross_source_time_aligned window_complete","ALL predicate classes true using fresh evidence strictly after prior transition","DERIVED","DERIVED_EVALUATOR_REQUIRED","PAT-CVD-EXTREME-NONCONFIRM-FLIP-001::E02","UNVALIDATED"
"OPR-003","OBSERVATION","CVD不追随","DELTA_STATE FLOW_PRICE_DIVERGENCE","DYNAMIC_FROM_PATTERN_CONTEXT","SIDE_RESOLVED","CD-G10-001 CD-G10-002 CD-G10-005 CD-G10-006 CD-G10-009 CD-G10-010 CD-G16-048 CD-G09-002 CD-G09-006","trade_delta_1s trade_delta_5s cvd_change_1s cvd_change_5s cvd_slope_1s cvd_slope_5s flow_price_divergence_active upward_progress_ticks_1s downward_progress_ticks_1s","CD-G10-001 CD-G10-002 CD-G16-021 CD-G16-022","trade_delta_1s trade_delta_5s upside_breakout_follow_through downside_breakout_follow_through","CD-G01-005 CD-G01-009 CD-G01-011 CD-G01-019 CD-G01-021 CD-G01-027","trade_event_fresh exchange_clock_aligned event_order_monotonic persistence_confirmed cross_source_time_aligned window_complete","ALL predicate classes true using fresh evidence strictly after prior transition","DIRECT HYBRID","COMPOSITE_CONDITION_AVAILABLE DERIVED_EVALUATOR_REQUIRED","PAT-CVD-EXTREME-NONCONFIRM-FLIP-001::E03","UNVALIDATED"
"OPR-004","OBSERVATION","initiator volume減衰","TAPE_AGGRESSION TAPE_FADE TAPE_PARTICIPATION","OBSERVED_INITIATOR_SIDE","SIDE_RESOLVED","CD-G08-002 CD-G08-014 CD-G08-017 CD-G08-023 CD-G08-026 CD-G08-038 CD-G08-041 CD-G08-047 CD-G10-002 CD-G16-007 CD-G16-008 CD-G16-033 CD-G16-034 CD-G10-014 CD-G04-015 CD-G08-005 CD-G08-029","buy_market_volume_1s buy_large_trade_count_1s buy_trade_rate_1s buy_side_share_1s sell_market_volume_1s sell_large_trade_count_1s sell_trade_rate_1s sell_side_share_1s trade_delta_5s buyer_fade_active seller_fade_active buy_momentum_fading sell_momentum_fading delta_acceleration_5s trade_rate_percentile_1m buy_trade_count_1s sell_trade_count_1s","CD-G16-007 CD-G16-008 CD-G16-009 CD-G16-010 CD-G04-015","buyer_fade_active seller_fade_active buyers_jump_in sellers_jump_in trade_rate_percentile_1m","CD-G01-005 CD-G01-009 CD-G01-011 CD-G01-019 CD-G01-021 CD-G01-027","trade_event_fresh exchange_clock_aligned event_order_monotonic persistence_confirmed cross_source_time_aligned window_complete","ALL predicate classes true using fresh evidence strictly after prior transition","DIRECT HYBRID","COMPOSITE_CONDITION_AVAILABLE DERIVED_EVALUATOR_REQUIRED","PAT-CVD-EXTREME-NONCONFIRM-FLIP-001::E04","UNVALIDATED"
"OPR-005","OBSERVATION","opposite aggression","TAPE_AGGRESSION","TERMINAL_SIDE","SIDE_RESOLVED","CD-G08-002 CD-G08-014 CD-G08-017 CD-G08-023 CD-G08-026 CD-G08-038 CD-G08-041 CD-G08-047 CD-G10-002","buy_market_volume_1s buy_large_trade_count_1s buy_trade_rate_1s buy_side_share_1s sell_market_volume_1s sell_large_trade_count_1s sell_trade_rate_1s sell_side_share_1s trade_delta_5s","CD-G16-007 CD-G16-008","buyer_fade_active seller_fade_active","CD-G01-005 CD-G01-009 CD-G01-011 CD-G01-019 CD-G01-021 CD-G01-027","trade_event_fresh exchange_clock_aligned event_order_monotonic persistence_confirmed cross_source_time_aligned window_complete","ALL predicate classes true using fresh evidence strictly after prior transition","DIRECT","DERIVED_EVALUATOR_REQUIRED","PAT-CVD-EXTREME-NONCONFIRM-FLIP-001::E05 PAT-CVD-RETEST-WEAKER-001::E05","UNVALIDATED"
"OPR-006","OBSERVATION","trendがliquidityへ到達","LOCATION_CONTEXT TREND_CONTEXT","DYNAMIC_FROM_PATTERN_CONTEXT","SIDE_RESOLVED VARIANT_LOCATION","CD-G02-016 CD-G02-023 CD-G16-040 CD-G16-041 CD-G09-002 CD-G09-006","trend_regime regime_age directional_flow_resumed_up directional_flow_resumed_down upward_progress_ticks_1s downward_progress_ticks_1s","CD-G02-017","balance_regime","CD-G01-005 CD-G01-009 CD-G01-011 CD-G01-019 CD-G01-021 CD-G01-027 CD-G01-001 CD-G01-002 CD-G01-004 CD-G01-020","trade_event_fresh exchange_clock_aligned event_order_monotonic persistence_confirmed cross_source_time_aligned window_complete depth_book_synced depth_sequence_contiguous depth_event_fresh market_state_atomic","ALL predicate classes true using fresh evidence strictly after prior transition","DIRECT HYBRID","DERIVED_EVALUATOR_REQUIRED VARIANT_LOCATION_SELECTOR","PAT-CVD-ABSORPTION-STRUCTUREBREAK-001::E01","UNVALIDATED"
"OPR-007","OBSERVATION","divergence","FLOW_PRICE_DIVERGENCE","DYNAMIC_FROM_PATTERN_CONTEXT","SIDE_RESOLVED","CD-G16-048 CD-G10-006 CD-G10-010 CD-G09-002 CD-G09-006","flow_price_divergence_active cvd_change_5s cvd_slope_5s upward_progress_ticks_1s downward_progress_ticks_1s","CD-G16-021 CD-G16-022","upside_breakout_follow_through downside_breakout_follow_through","CD-G01-005 CD-G01-009 CD-G01-011 CD-G01-019 CD-G01-021 CD-G01-027","trade_event_fresh exchange_clock_aligned event_order_monotonic persistence_confirmed cross_source_time_aligned window_complete","ALL predicate classes true using fresh evidence strictly after prior transition","HYBRID","COMPOSITE_CONDITION_AVAILABLE","PAT-CVD-ABSORPTION-STRUCTUREBREAK-001::E02 PAT-CVD-RETEST-WEAKER-001::E02","UNVALIDATED"
"OPR-008","OBSERVATION","aggression継続でもprice停止","PRICE_STALL TAPE_AGGRESSION","DYNAMIC_FROM_PATTERN_CONTEXT","SIDE_RESOLVED","CD-G09-026 CD-G09-030 CD-G16-033 CD-G16-034 CD-G08-002 CD-G08-014 CD-G08-017 CD-G08-023 CD-G08-026 CD-G08-038 CD-G08-041 CD-G08-047 CD-G10-002","buy_no_progress_ratio_1s sell_no_progress_ratio_1s buy_momentum_fading sell_momentum_fading buy_market_volume_1s buy_large_trade_count_1s buy_trade_rate_1s buy_side_share_1s sell_market_volume_1s sell_large_trade_count_1s sell_trade_rate_1s sell_side_share_1s trade_delta_5s","CD-G09-002 CD-G09-006 CD-G16-007 CD-G16-008","upward_progress_ticks_1s downward_progress_ticks_1s buyer_fade_active seller_fade_active","CD-G01-005 CD-G01-009 CD-G01-011 CD-G01-019 CD-G01-021 CD-G01-027","trade_event_fresh exchange_clock_aligned event_order_monotonic persistence_confirmed cross_source_time_aligned window_complete","ALL predicate classes true using fresh evidence strictly after prior transition","DIRECT HYBRID","DERIVED_EVALUATOR_REQUIRED","PAT-CVD-ABSORPTION-STRUCTUREBREAK-001::E03","UNVALIDATED"
"OPR-009","OBSERVATION","absorption","ABSORPTION_STATE","DYNAMIC_FROM_PATTERN_CONTEXT","SIDE_RESOLVED","CD-G16-001 CD-G16-002 CD-G09-026 CD-G09-030","bid_absorption_like_active ask_absorption_like_active buy_no_progress_ratio_1s sell_no_progress_ratio_1s","CD-G16-037 CD-G16-038","bid_passive_defense_failed ask_passive_defense_failed","CD-G01-005 CD-G01-009 CD-G01-011 CD-G01-019 CD-G01-021 CD-G01-027 CD-G01-001 CD-G01-002 CD-G01-004 CD-G01-020","trade_event_fresh exchange_clock_aligned event_order_monotonic persistence_confirmed cross_source_time_aligned window_complete depth_book_synced depth_sequence_contiguous depth_event_fresh market_state_atomic","ALL predicate classes true using fresh evidence strictly after prior transition","HYBRID","COMPOSITE_CONDITION_AVAILABLE","PAT-CVD-ABSORPTION-STRUCTUREBREAK-001::E04 PAT-ABS-FULL-THREE-ELEMENT-001::E03 PAT-DF-NEGABS-NOLOW-POSFLIP-001::E02","UNVALIDATED"
"OPR-010","OBSERVATION","minor structureを反対向きにbreak","BREAK_ATTEMPT","TERMINAL_SIDE","SIDE_RESOLVED","CD-G16-019 CD-G16-020 CD-G09-002 CD-G09-006","upside_breakout_attempt downside_breakout_attempt upward_progress_ticks_1s downward_progress_ticks_1s","CD-G16-023 CD-G16-024","upside_breakout_failure downside_breakout_failure","CD-G01-005 CD-G01-009 CD-G01-011 CD-G01-019 CD-G01-021 CD-G01-027 CD-G01-001 CD-G01-002 CD-G01-004 CD-G01-020","trade_event_fresh exchange_clock_aligned event_order_monotonic persistence_confirmed cross_source_time_aligned window_complete depth_book_synced depth_sequence_contiguous depth_event_fresh market_state_atomic","ALL predicate classes true using fresh evidence strictly after prior transition","HYBRID","COMPOSITE_CONDITION_AVAILABLE","PAT-CVD-ABSORPTION-STRUCTUREBREAK-001::E05","UNVALIDATED"
"OPR-011","OBSERVATION","range break","BREAK_ATTEMPT","DYNAMIC_FROM_PATTERN_CONTEXT","SIDE_RESOLVED","CD-G16-019 CD-G16-020 CD-G09-002 CD-G09-006","upside_breakout_attempt downside_breakout_attempt upward_progress_ticks_1s downward_progress_ticks_1s","CD-G16-023 CD-G16-024","upside_breakout_failure downside_breakout_failure","CD-G01-005 CD-G01-009 CD-G01-011 CD-G01-019 CD-G01-021 CD-G01-027 CD-G01-001 CD-G01-002 CD-G01-004 CD-G01-020","trade_event_fresh exchange_clock_aligned event_order_monotonic persistence_confirmed cross_source_time_aligned window_complete depth_book_synced depth_sequence_contiguous depth_event_fresh market_state_atomic","ALL predicate classes true using fresh evidence strictly after prior transition","HYBRID","COMPOSITE_CONDITION_AVAILABLE","PAT-CVD-FAILED-BREAK-SQUEEZE-001::E01 PAT-STACK-RANGE-POC-SHIFT-001::E05","UNVALIDATED"
"OPR-012","OBSERVATION","CVDがbreakと逆行","DELTA_STATE FLOW_PRICE_DIVERGENCE","DYNAMIC_FROM_PATTERN_CONTEXT","SIDE_RESOLVED","CD-G10-001 CD-G10-002 CD-G10-005 CD-G10-006 CD-G10-009 CD-G10-010 CD-G16-048 CD-G09-002 CD-G09-006","trade_delta_1s trade_delta_5s cvd_change_1s cvd_change_5s cvd_slope_1s cvd_slope_5s flow_price_divergence_active upward_progress_ticks_1s downward_progress_ticks_1s","CD-G10-001 CD-G10-002 CD-G16-021 CD-G16-022","trade_delta_1s trade_delta_5s upside_breakout_follow_through downside_breakout_follow_through","CD-G01-005 CD-G01-009 CD-G01-011 CD-G01-019 CD-G01-021 CD-G01-027","trade_event_fresh exchange_clock_aligned event_order_monotonic persistence_confirmed cross_source_time_aligned window_complete","ALL predicate classes true using fresh evidence strictly after prior transition","DIRECT HYBRID","COMPOSITE_CONDITION_AVAILABLE DERIVED_EVALUATOR_REQUIRED","PAT-CVD-FAILED-BREAK-SQUEEZE-001::E02","UNVALIDATED"
"OPR-013","OBSERVATION","pullbackが深くなる","LIQUIDITY_PULL PULLBACK_STATE","DYNAMIC_FROM_PATTERN_CONTEXT","SIDE_RESOLVED TERMINAL_SIDE_RESOLVED","CD-G07-014 CD-G07-023 CD-G07-038 CD-G07-047 CD-G16-027 CD-G16-028 CD-G16-029 CD-G16-030","bid_pull_ratio_1s bid_depth_change_1s ask_pull_ratio_1s ask_depth_change_1s bullish_pullback_low_participation bearish_pullback_low_participation bullish_pullback_stall bearish_pullback_stall","CD-G07-017 CD-G07-041 CD-G16-031 CD-G16-032","bid_stack_ratio_1s ask_stack_ratio_1s buy_momentum_accelerating sell_momentum_accelerating","CD-G01-001 CD-G01-002 CD-G01-004 CD-G01-009 CD-G01-011 CD-G01-019 CD-G01-020 CD-G01-021 CD-G01-027 CD-G01-005","depth_book_synced depth_sequence_contiguous depth_event_fresh exchange_clock_aligned event_order_monotonic persistence_confirmed market_state_atomic cross_source_time_aligned window_complete trade_event_fresh","ALL predicate classes true using fresh evidence strictly after prior transition","DIRECT HYBRID","COMPOSITE_CONDITION_AVAILABLE DERIVED_EVALUATOR_REQUIRED","PAT-CVD-FAILED-BREAK-SQUEEZE-001::E03","UNVALIDATED"
"OPR-014","OBSERVATION","higher-low／lower-high形成","PRICE_STRUCTURE","DYNAMIC_FROM_PATTERN_CONTEXT","SIDE_RESOLVED","CD-G03-021 CD-G03-023 CD-G03-025 CD-G03-027 CD-G09-002 CD-G09-006","distance_to_rolling_1m_high distance_to_rolling_1m_low distance_to_rolling_5m_high distance_to_rolling_5m_low upward_progress_ticks_1s downward_progress_ticks_1s","CD-G16-023 CD-G16-024","upside_breakout_failure downside_breakout_failure","CD-G01-005 CD-G01-009 CD-G01-011 CD-G01-019 CD-G01-021 CD-G01-027","trade_event_fresh exchange_clock_aligned event_order_monotonic persistence_confirmed cross_source_time_aligned window_complete","ALL predicate classes true using fresh evidence strictly after prior transition","DERIVED","DERIVED_EVALUATOR_REQUIRED","PAT-CVD-FAILED-BREAK-SQUEEZE-001::E04","UNVALIDATED"
"OPR-015","OBSERVATION","wedgeをrange側へbreak","BREAK_ATTEMPT","DYNAMIC_FROM_PATTERN_CONTEXT","SIDE_RESOLVED","CD-G16-019 CD-G16-020 CD-G09-002 CD-G09-006","upside_breakout_attempt downside_breakout_attempt upward_progress_ticks_1s downward_progress_ticks_1s","CD-G16-023 CD-G16-024","upside_breakout_failure downside_breakout_failure","CD-G01-005 CD-G01-009 CD-G01-011 CD-G01-019 CD-G01-021 CD-G01-027 CD-G01-001 CD-G01-002 CD-G01-004 CD-G01-020","trade_event_fresh exchange_clock_aligned event_order_monotonic persistence_confirmed cross_source_time_aligned window_complete depth_book_synced depth_sequence_contiguous depth_event_fresh market_state_atomic","ALL predicate classes true using fresh evidence strictly after prior transition","HYBRID","COMPOSITE_CONDITION_AVAILABLE","PAT-CVD-FAILED-BREAK-SQUEEZE-001::E05","UNVALIDATED"
"OPR-016","OBSERVATION","first extreme","RETEST_SEQUENCE","DYNAMIC_FROM_PATTERN_CONTEXT","REFERENCE_SIDE_RESOLVED","CD-G16-013 CD-G16-014","repeated_high_test repeated_low_test","CD-G16-021 CD-G16-022 CD-G16-023 CD-G16-024","upside_breakout_follow_through downside_breakout_follow_through upside_breakout_failure downside_breakout_failure","CD-G01-005 CD-G01-009 CD-G01-011 CD-G01-019 CD-G01-021 CD-G01-027 CD-G01-001 CD-G01-002 CD-G01-004 CD-G01-020","trade_event_fresh exchange_clock_aligned event_order_monotonic persistence_confirmed cross_source_time_aligned window_complete depth_book_synced depth_sequence_contiguous depth_event_fresh market_state_atomic","ALL predicate classes true using fresh evidence strictly after prior transition","HYBRID","COMPOSITE_CONDITION_AVAILABLE","PAT-CVD-RETEST-WEAKER-001::E01","UNVALIDATED"
"OPR-017","OBSERVATION","同価格再test","RETEST_SEQUENCE","DYNAMIC_FROM_PATTERN_CONTEXT","REFERENCE_SIDE_RESOLVED","CD-G16-013 CD-G16-014","repeated_high_test repeated_low_test","CD-G16-021 CD-G16-022 CD-G16-023 CD-G16-024","upside_breakout_follow_through downside_breakout_follow_through upside_breakout_failure downside_breakout_failure","CD-G01-005 CD-G01-009 CD-G01-011 CD-G01-019 CD-G01-021 CD-G01-027 CD-G01-001 CD-G01-002 CD-G01-004 CD-G01-020","trade_event_fresh exchange_clock_aligned event_order_monotonic persistence_confirmed cross_source_time_aligned window_complete depth_book_synced depth_sequence_contiguous depth_event_fresh market_state_atomic","ALL predicate classes true using fresh evidence strictly after prior transition","HYBRID","COMPOSITE_CONDITION_AVAILABLE","PAT-CVD-RETEST-WEAKER-001::E03 PAT-EXH-BUYER-DOUBLE-FADE-001::E04 PAT-EXH-SELLER-DOUBLE-FADE-001::E04","UNVALIDATED"
"OPR-018","OBSERVATION","initiator printがさらに減る","TAPE_AGGRESSION TAPE_FADE","OBSERVED_INITIATOR_SIDE","SIDE_RESOLVED","CD-G08-002 CD-G08-014 CD-G08-017 CD-G08-023 CD-G08-026 CD-G08-038 CD-G08-041 CD-G08-047 CD-G10-002 CD-G16-007 CD-G16-008 CD-G16-033 CD-G16-034 CD-G10-014","buy_market_volume_1s buy_large_trade_count_1s buy_trade_rate_1s buy_side_share_1s sell_market_volume_1s sell_large_trade_count_1s sell_trade_rate_1s sell_side_share_1s trade_delta_5s buyer_fade_active seller_fade_active buy_momentum_fading sell_momentum_fading delta_acceleration_5s","CD-G16-007 CD-G16-008 CD-G16-009 CD-G16-010","buyer_fade_active seller_fade_active buyers_jump_in sellers_jump_in","CD-G01-005 CD-G01-009 CD-G01-011 CD-G01-019 CD-G01-021 CD-G01-027","trade_event_fresh exchange_clock_aligned event_order_monotonic persistence_confirmed cross_source_time_aligned window_complete","ALL predicate classes true using fresh evidence strictly after prior transition","DIRECT HYBRID","COMPOSITE_CONDITION_AVAILABLE DERIVED_EVALUATOR_REQUIRED","PAT-CVD-RETEST-WEAKER-001::E04","UNVALIDATED"
"OPR-019","OBSERVATION","bearish divergence","FLOW_PRICE_DIVERGENCE","EXPLICIT_SELL_OR_ASK_COMPONENT","SIDE_RESOLVED","CD-G16-048 CD-G10-006 CD-G10-010 CD-G09-002 CD-G09-006","flow_price_divergence_active cvd_change_5s cvd_slope_5s upward_progress_ticks_1s downward_progress_ticks_1s","CD-G16-021 CD-G16-022","upside_breakout_follow_through downside_breakout_follow_through","CD-G01-005 CD-G01-009 CD-G01-011 CD-G01-019 CD-G01-021 CD-G01-027","trade_event_fresh exchange_clock_aligned event_order_monotonic persistence_confirmed cross_source_time_aligned window_complete","ALL predicate classes true using fresh evidence strictly after prior transition","HYBRID","COMPOSITE_CONDITION_AVAILABLE","PAT-CVD-BEAR-ABSFAIL-BIDBREAK-OIUNWIND-001::E01","UNVALIDATED"
"OPR-020","OBSERVATION","bid-side absorption","ABSORPTION_STATE","EXPLICIT_BUY_OR_BID_COMPONENT","SIDE_RESOLVED","CD-G16-001 CD-G16-002 CD-G09-026 CD-G09-030","bid_absorption_like_active ask_absorption_like_active buy_no_progress_ratio_1s sell_no_progress_ratio_1s","CD-G16-037 CD-G16-038","bid_passive_defense_failed ask_passive_defense_failed","CD-G01-005 CD-G01-009 CD-G01-011 CD-G01-019 CD-G01-021 CD-G01-027 CD-G01-001 CD-G01-002 CD-G01-004 CD-G01-020","trade_event_fresh exchange_clock_aligned event_order_monotonic persistence_confirmed cross_source_time_aligned window_complete depth_book_synced depth_sequence_contiguous depth_event_fresh market_state_atomic","ALL predicate classes true using fresh evidence strictly after prior transition","HYBRID","COMPOSITE_CONDITION_AVAILABLE","PAT-CVD-BEAR-ABSFAIL-BIDBREAK-OIUNWIND-001::E02","UNVALIDATED"
"OPR-021","OBSERVATION","buy wall崩壊","BREAK_ATTEMPT WALL_STATE","EXPLICIT_BUY_OR_BID_COMPONENT","SIDE_RESOLVED","CD-G16-019 CD-G16-020 CD-G09-002 CD-G09-006 CD-G06-029 CD-G06-030 CD-G06-031 CD-G06-032 CD-G07-011 CD-G07-014 CD-G07-035 CD-G07-038 CD-G16-035 CD-G16-036 CD-G16-037 CD-G16-038","upside_breakout_attempt downside_breakout_attempt upward_progress_ticks_1s downward_progress_ticks_1s bid_wall_concentration_top10 distance_to_nearest_bid_wall ask_wall_concentration_top10 distance_to_nearest_ask_wall bid_refresh_count_1s bid_pull_ratio_1s ask_refresh_count_1s ask_pull_ratio_1s bid_passive_defense_holding ask_passive_defense_holding bid_passive_defense_failed ask_passive_defense_failed","CD-G16-023 CD-G16-024 CD-G16-037 CD-G16-038","upside_breakout_failure downside_breakout_failure bid_passive_defense_failed ask_passive_defense_failed","CD-G01-005 CD-G01-009 CD-G01-011 CD-G01-019 CD-G01-021 CD-G01-027 CD-G01-001 CD-G01-002 CD-G01-004 CD-G01-020","trade_event_fresh exchange_clock_aligned event_order_monotonic persistence_confirmed cross_source_time_aligned window_complete depth_book_synced depth_sequence_contiguous depth_event_fresh market_state_atomic","ALL predicate classes true using fresh evidence strictly after prior transition","HYBRID","COMPOSITE_CONDITION_AVAILABLE","PAT-CVD-BEAR-ABSFAIL-BIDBREAK-OIUNWIND-001::E03","UNVALIDATED"
"OPR-022","OBSERVATION","fresh OI減少","OPEN_INTEREST_CHANGE","DYNAMIC_FROM_PATTERN_CONTEXT","SIGN_RESOLVED","CD-G12-001 CD-G12-002 CD-G12-003","open_interest_change_5m open_interest_pct_change_5m price_oi_joint_state_5m","CD-G12-001 CD-G12-002","open_interest_change_5m open_interest_pct_change_5m","CD-G01-007 CD-G01-009 CD-G01-011 CD-G01-021 CD-G01-024 CD-G01-027","open_interest_snapshot_fresh exchange_clock_aligned event_order_monotonic cross_source_time_aligned sampling_limit_disclosed window_complete","ALL predicate classes true using fresh evidence strictly after prior transition","LIMITED","DERIVED_EVALUATOR_REQUIRED","PAT-CVD-BEAR-ABSFAIL-BIDBREAK-OIUNWIND-001::E04","UNVALIDATED"
"OPR-023","OBSERVATION","key level","LOCATION_CONTEXT","DYNAMIC_FROM_PATTERN_CONTEXT","VARIANT_LOCATION","","","","","CD-G01-005 CD-G01-009 CD-G01-011 CD-G01-019 CD-G01-021 CD-G01-027 CD-G01-001 CD-G01-002 CD-G01-004 CD-G01-020","trade_event_fresh exchange_clock_aligned event_order_monotonic persistence_confirmed cross_source_time_aligned window_complete depth_book_synced depth_sequence_contiguous depth_event_fresh market_state_atomic","ALL predicate classes true using fresh evidence strictly after prior transition","DIRECT","VARIANT_LOCATION_SELECTOR","PAT-ABS-FULL-THREE-ELEMENT-001::E01","UNVALIDATED"
"OPR-024","OBSERVATION","initiator優勢だがprice停止","PRICE_STALL TAPE_AGGRESSION","OBSERVED_INITIATOR_SIDE","SIDE_RESOLVED","CD-G09-026 CD-G09-030 CD-G16-033 CD-G16-034 CD-G08-002 CD-G08-014 CD-G08-017 CD-G08-023 CD-G08-026 CD-G08-038 CD-G08-041 CD-G08-047 CD-G10-002","buy_no_progress_ratio_1s sell_no_progress_ratio_1s buy_momentum_fading sell_momentum_fading buy_market_volume_1s buy_large_trade_count_1s buy_trade_rate_1s buy_side_share_1s sell_market_volume_1s sell_large_trade_count_1s sell_trade_rate_1s sell_side_share_1s trade_delta_5s","CD-G09-002 CD-G09-006 CD-G16-007 CD-G16-008","upward_progress_ticks_1s downward_progress_ticks_1s buyer_fade_active seller_fade_active","CD-G01-005 CD-G01-009 CD-G01-011 CD-G01-019 CD-G01-021 CD-G01-027","trade_event_fresh exchange_clock_aligned event_order_monotonic persistence_confirmed cross_source_time_aligned window_complete","ALL predicate classes true using fresh evidence strictly after prior transition","DIRECT HYBRID","DERIVED_EVALUATOR_REQUIRED","PAT-ABS-FULL-THREE-ELEMENT-001::E02","UNVALIDATED"
"OPR-025","OBSERVATION","initiator fade","TAPE_AGGRESSION TAPE_FADE","OBSERVED_INITIATOR_SIDE","SIDE_RESOLVED","CD-G08-002 CD-G08-014 CD-G08-017 CD-G08-023 CD-G08-026 CD-G08-038 CD-G08-041 CD-G08-047 CD-G10-002 CD-G16-007 CD-G16-008 CD-G16-033 CD-G16-034 CD-G10-014","buy_market_volume_1s buy_large_trade_count_1s buy_trade_rate_1s buy_side_share_1s sell_market_volume_1s sell_large_trade_count_1s sell_trade_rate_1s sell_side_share_1s trade_delta_5s buyer_fade_active seller_fade_active buy_momentum_fading sell_momentum_fading delta_acceleration_5s","CD-G16-007 CD-G16-008 CD-G16-009 CD-G16-010","buyer_fade_active seller_fade_active buyers_jump_in sellers_jump_in","CD-G01-005 CD-G01-009 CD-G01-011 CD-G01-019 CD-G01-021 CD-G01-027","trade_event_fresh exchange_clock_aligned event_order_monotonic persistence_confirmed cross_source_time_aligned window_complete","ALL predicate classes true using fresh evidence strictly after prior transition","DIRECT HYBRID","COMPOSITE_CONDITION_AVAILABLE DERIVED_EVALUATOR_REQUIRED","PAT-ABS-FULL-THREE-ELEMENT-001::E04","UNVALIDATED"
"OPR-026","OBSERVATION","short pause","TEMPORAL_SEQUENCE","DYNAMIC_FROM_PATTERN_CONTEXT","ENGINE_TIME","","","","","CD-G01-009 CD-G01-010 CD-G01-011 CD-G01-016 CD-G01-019 CD-G01-027","exchange_clock_aligned receive_clock_monotonic event_order_monotonic duplicate_event_absent persistence_confirmed window_complete","ALL predicate classes true using fresh evidence strictly after prior transition","DIRECT","ENGINE_NATIVE","PAT-ABS-FULL-THREE-ELEMENT-001::E05","UNVALIDATED"
"OPR-027","OBSERVATION","opposite aggressor参加","TAPE_AGGRESSION","TERMINAL_SIDE","SIDE_RESOLVED","CD-G08-002 CD-G08-014 CD-G08-017 CD-G08-023 CD-G08-026 CD-G08-038 CD-G08-041 CD-G08-047 CD-G10-002","buy_market_volume_1s buy_large_trade_count_1s buy_trade_rate_1s buy_side_share_1s sell_market_volume_1s sell_large_trade_count_1s sell_trade_rate_1s sell_side_share_1s trade_delta_5s","CD-G16-007 CD-G16-008","buyer_fade_active seller_fade_active","CD-G01-005 CD-G01-009 CD-G01-011 CD-G01-019 CD-G01-021 CD-G01-027","trade_event_fresh exchange_clock_aligned event_order_monotonic persistence_confirmed cross_source_time_aligned window_complete","ALL predicate classes true using fresh evidence strictly after prior transition","DIRECT","DERIVED_EVALUATOR_REQUIRED","PAT-ABS-FULL-THREE-ELEMENT-001::E06","UNVALIDATED"
"OPR-028","OBSERVATION","supportへsell aggression","TAPE_AGGRESSION","EXPLICIT_SELL_OR_ASK_COMPONENT","SIDE_RESOLVED","CD-G08-002 CD-G08-014 CD-G08-017 CD-G08-023 CD-G08-026 CD-G08-038 CD-G08-041 CD-G08-047 CD-G10-002","buy_market_volume_1s buy_large_trade_count_1s buy_trade_rate_1s buy_side_share_1s sell_market_volume_1s sell_large_trade_count_1s sell_trade_rate_1s sell_side_share_1s trade_delta_5s","CD-G16-007 CD-G16-008","buyer_fade_active seller_fade_active","CD-G01-005 CD-G01-009 CD-G01-011 CD-G01-019 CD-G01-021 CD-G01-027","trade_event_fresh exchange_clock_aligned event_order_monotonic persistence_confirmed cross_source_time_aligned window_complete","ALL predicate classes true using fresh evidence strictly after prior transition","DIRECT","DERIVED_EVALUATOR_REQUIRED","PAT-ABS-SUPPORT-HOLD-BOUNCE-001::E01","UNVALIDATED"
"OPR-029","OBSERVATION","high volumeでも下抜けない","ABSORPTION_STATE BREAK_ATTEMPT PRICE_STALL TAPE_PARTICIPATION","DYNAMIC_FROM_PATTERN_CONTEXT","SIDE_RESOLVED","CD-G16-001 CD-G16-002 CD-G09-026 CD-G09-030 CD-G16-019 CD-G16-020 CD-G09-002 CD-G09-006 CD-G16-033 CD-G16-034 CD-G04-015 CD-G08-002 CD-G08-005 CD-G08-026 CD-G08-029","bid_absorption_like_active ask_absorption_like_active buy_no_progress_ratio_1s sell_no_progress_ratio_1s upside_breakout_attempt downside_breakout_attempt upward_progress_ticks_1s downward_progress_ticks_1s buy_momentum_fading sell_momentum_fading trade_rate_percentile_1m buy_market_volume_1s buy_trade_count_1s sell_market_volume_1s sell_trade_count_1s","CD-G16-037 CD-G16-038 CD-G16-023 CD-G16-024 CD-G09-002 CD-G09-006 CD-G04-015","bid_passive_defense_failed ask_passive_defense_failed upside_breakout_failure downside_breakout_failure upward_progress_ticks_1s downward_progress_ticks_1s trade_rate_percentile_1m","CD-G01-005 CD-G01-009 CD-G01-011 CD-G01-019 CD-G01-021 CD-G01-027 CD-G01-001 CD-G01-002 CD-G01-004 CD-G01-020","trade_event_fresh exchange_clock_aligned event_order_monotonic persistence_confirmed cross_source_time_aligned window_complete depth_book_synced depth_sequence_contiguous depth_event_fresh market_state_atomic","ALL predicate classes true using fresh evidence strictly after prior transition","DIRECT HYBRID","COMPOSITE_CONDITION_AVAILABLE DERIVED_EVALUATOR_REQUIRED","PAT-ABS-SUPPORT-HOLD-BOUNCE-001::E02","UNVALIDATED"
"OPR-030","OBSERVATION","passive buy吸収継続","ABSORPTION_STATE","EXPLICIT_BUY_OR_BID_COMPONENT","SIDE_RESOLVED","CD-G16-001 CD-G16-002 CD-G09-026 CD-G09-030","bid_absorption_like_active ask_absorption_like_active buy_no_progress_ratio_1s sell_no_progress_ratio_1s","CD-G16-037 CD-G16-038","bid_passive_defense_failed ask_passive_defense_failed","CD-G01-005 CD-G01-009 CD-G01-011 CD-G01-019 CD-G01-021 CD-G01-027 CD-G01-001 CD-G01-002 CD-G01-004 CD-G01-020","trade_event_fresh exchange_clock_aligned event_order_monotonic persistence_confirmed cross_source_time_aligned window_complete depth_book_synced depth_sequence_contiguous depth_event_fresh market_state_atomic","ALL predicate classes true using fresh evidence strictly after prior transition","HYBRID","COMPOSITE_CONDITION_AVAILABLE","PAT-ABS-SUPPORT-HOLD-BOUNCE-001::E03","UNVALIDATED"
"OPR-031","OBSERVATION","sellers減衰","TAPE_AGGRESSION TAPE_FADE","EXPLICIT_SELL_OR_ASK_COMPONENT","SIDE_RESOLVED","CD-G08-002 CD-G08-014 CD-G08-017 CD-G08-023 CD-G08-026 CD-G08-038 CD-G08-041 CD-G08-047 CD-G10-002 CD-G16-007 CD-G16-008 CD-G16-033 CD-G16-034 CD-G10-014","buy_market_volume_1s buy_large_trade_count_1s buy_trade_rate_1s buy_side_share_1s sell_market_volume_1s sell_large_trade_count_1s sell_trade_rate_1s sell_side_share_1s trade_delta_5s buyer_fade_active seller_fade_active buy_momentum_fading sell_momentum_fading delta_acceleration_5s","CD-G16-007 CD-G16-008 CD-G16-009 CD-G16-010","buyer_fade_active seller_fade_active buyers_jump_in sellers_jump_in","CD-G01-005 CD-G01-009 CD-G01-011 CD-G01-019 CD-G01-021 CD-G01-027","trade_event_fresh exchange_clock_aligned event_order_monotonic persistence_confirmed cross_source_time_aligned window_complete","ALL predicate classes true using fresh evidence strictly after prior transition","DIRECT HYBRID","COMPOSITE_CONDITION_AVAILABLE DERIVED_EVALUATOR_REQUIRED","PAT-ABS-SUPPORT-HOLD-BOUNCE-001::E04","UNVALIDATED"
"OPR-032","OBSERVATION","price上向き","PRICE_REVERSAL","EXPLICIT_BUY_OR_BID_COMPONENT","SIDE_RESOLVED","CD-G09-034 CD-G09-038 CD-G16-015 CD-G16-016 CD-G16-040 CD-G16-041","reversion_from_window_high_1s reversion_from_window_low_1s high_rejection_active low_rejection_active directional_flow_resumed_up directional_flow_resumed_down","CD-G16-021 CD-G16-022","upside_breakout_follow_through downside_breakout_follow_through","CD-G01-005 CD-G01-009 CD-G01-011 CD-G01-019 CD-G01-021 CD-G01-027","trade_event_fresh exchange_clock_aligned event_order_monotonic persistence_confirmed cross_source_time_aligned window_complete","ALL predicate classes true using fresh evidence strictly after prior transition","HYBRID","COMPOSITE_CONDITION_AVAILABLE","PAT-ABS-SUPPORT-HOLD-BOUNCE-001::E05","UNVALIDATED"
"OPR-033","OBSERVATION","resistanceへbuy aggression","TAPE_AGGRESSION","EXPLICIT_BUY_OR_BID_COMPONENT","SIDE_RESOLVED","CD-G08-002 CD-G08-014 CD-G08-017 CD-G08-023 CD-G08-026 CD-G08-038 CD-G08-041 CD-G08-047 CD-G10-002","buy_market_volume_1s buy_large_trade_count_1s buy_trade_rate_1s buy_side_share_1s sell_market_volume_1s sell_large_trade_count_1s sell_trade_rate_1s sell_side_share_1s trade_delta_5s","CD-G16-007 CD-G16-008","buyer_fade_active seller_fade_active","CD-G01-005 CD-G01-009 CD-G01-011 CD-G01-019 CD-G01-021 CD-G01-027","trade_event_fresh exchange_clock_aligned event_order_monotonic persistence_confirmed cross_source_time_aligned window_complete","ALL predicate classes true using fresh evidence strictly after prior transition","DIRECT","DERIVED_EVALUATOR_REQUIRED","PAT-ABS-RESISTANCE-HOLD-BOUNCE-001::E01","UNVALIDATED"
"OPR-034","OBSERVATION","high volumeでも上抜けない","ABSORPTION_STATE BREAK_ATTEMPT PRICE_STALL TAPE_PARTICIPATION","DYNAMIC_FROM_PATTERN_CONTEXT","SIDE_RESOLVED","CD-G16-001 CD-G16-002 CD-G09-026 CD-G09-030 CD-G16-019 CD-G16-020 CD-G09-002 CD-G09-006 CD-G16-033 CD-G16-034 CD-G04-015 CD-G08-002 CD-G08-005 CD-G08-026 CD-G08-029","bid_absorption_like_active ask_absorption_like_active buy_no_progress_ratio_1s sell_no_progress_ratio_1s upside_breakout_attempt downside_breakout_attempt upward_progress_ticks_1s downward_progress_ticks_1s buy_momentum_fading sell_momentum_fading trade_rate_percentile_1m buy_market_volume_1s buy_trade_count_1s sell_market_volume_1s sell_trade_count_1s","CD-G16-037 CD-G16-038 CD-G16-023 CD-G16-024 CD-G09-002 CD-G09-006 CD-G04-015","bid_passive_defense_failed ask_passive_defense_failed upside_breakout_failure downside_breakout_failure upward_progress_ticks_1s downward_progress_ticks_1s trade_rate_percentile_1m","CD-G01-005 CD-G01-009 CD-G01-011 CD-G01-019 CD-G01-021 CD-G01-027 CD-G01-001 CD-G01-002 CD-G01-004 CD-G01-020","trade_event_fresh exchange_clock_aligned event_order_monotonic persistence_confirmed cross_source_time_aligned window_complete depth_book_synced depth_sequence_contiguous depth_event_fresh market_state_atomic","ALL predicate classes true using fresh evidence strictly after prior transition","DIRECT HYBRID","COMPOSITE_CONDITION_AVAILABLE DERIVED_EVALUATOR_REQUIRED","PAT-ABS-RESISTANCE-HOLD-BOUNCE-001::E02","UNVALIDATED"
"OPR-035","OBSERVATION","passive sell吸収継続","ABSORPTION_STATE","EXPLICIT_SELL_OR_ASK_COMPONENT","SIDE_RESOLVED","CD-G16-001 CD-G16-002 CD-G09-026 CD-G09-030","bid_absorption_like_active ask_absorption_like_active buy_no_progress_ratio_1s sell_no_progress_ratio_1s","CD-G16-037 CD-G16-038","bid_passive_defense_failed ask_passive_defense_failed","CD-G01-005 CD-G01-009 CD-G01-011 CD-G01-019 CD-G01-021 CD-G01-027 CD-G01-001 CD-G01-002 CD-G01-004 CD-G01-020","trade_event_fresh exchange_clock_aligned event_order_monotonic persistence_confirmed cross_source_time_aligned window_complete depth_book_synced depth_sequence_contiguous depth_event_fresh market_state_atomic","ALL predicate classes true using fresh evidence strictly after prior transition","HYBRID","COMPOSITE_CONDITION_AVAILABLE","PAT-ABS-RESISTANCE-HOLD-BOUNCE-001::E03","UNVALIDATED"
"OPR-036","OBSERVATION","buyers減衰","TAPE_AGGRESSION TAPE_FADE","EXPLICIT_BUY_OR_BID_COMPONENT","SIDE_RESOLVED","CD-G08-002 CD-G08-014 CD-G08-017 CD-G08-023 CD-G08-026 CD-G08-038 CD-G08-041 CD-G08-047 CD-G10-002 CD-G16-007 CD-G16-008 CD-G16-033 CD-G16-034 CD-G10-014","buy_market_volume_1s buy_large_trade_count_1s buy_trade_rate_1s buy_side_share_1s sell_market_volume_1s sell_large_trade_count_1s sell_trade_rate_1s sell_side_share_1s trade_delta_5s buyer_fade_active seller_fade_active buy_momentum_fading sell_momentum_fading delta_acceleration_5s","CD-G16-007 CD-G16-008 CD-G16-009 CD-G16-010","buyer_fade_active seller_fade_active buyers_jump_in sellers_jump_in","CD-G01-005 CD-G01-009 CD-G01-011 CD-G01-019 CD-G01-021 CD-G01-027","trade_event_fresh exchange_clock_aligned event_order_monotonic persistence_confirmed cross_source_time_aligned window_complete","ALL predicate classes true using fresh evidence strictly after prior transition","DIRECT HYBRID","COMPOSITE_CONDITION_AVAILABLE DERIVED_EVALUATOR_REQUIRED","PAT-ABS-RESISTANCE-HOLD-BOUNCE-001::E04","UNVALIDATED"
"OPR-037","OBSERVATION","price下向き","PRICE_REVERSAL","EXPLICIT_SELL_OR_ASK_COMPONENT","SIDE_RESOLVED","CD-G09-034 CD-G09-038 CD-G16-015 CD-G16-016 CD-G16-040 CD-G16-041","reversion_from_window_high_1s reversion_from_window_low_1s high_rejection_active low_rejection_active directional_flow_resumed_up directional_flow_resumed_down","CD-G16-021 CD-G16-022","upside_breakout_follow_through downside_breakout_follow_through","CD-G01-005 CD-G01-009 CD-G01-011 CD-G01-019 CD-G01-021 CD-G01-027","trade_event_fresh exchange_clock_aligned event_order_monotonic persistence_confirmed cross_source_time_aligned window_complete","ALL predicate classes true using fresh evidence strictly after prior transition","HYBRID","COMPOSITE_CONDITION_AVAILABLE","PAT-ABS-RESISTANCE-HOLD-BOUNCE-001::E05","UNVALIDATED"
"OPR-038","OBSERVATION","stop zone接近","LOCATION_CONTEXT STOP_SWEEP","DYNAMIC_FROM_PATTERN_CONTEXT","SIDE_RESOLVED VARIANT_LOCATION","CD-G16-042 CD-G16-043 CD-G16-044 CD-G16-045 CD-G08-014 CD-G08-038","upward_sweep_active downward_sweep_active upside_stop_run_like downside_stop_run_like buy_large_trade_count_1s sell_large_trade_count_1s","CD-G16-021 CD-G16-022","upside_breakout_follow_through downside_breakout_follow_through","CD-G01-005 CD-G01-009 CD-G01-011 CD-G01-019 CD-G01-021 CD-G01-027 CD-G01-001 CD-G01-002 CD-G01-004 CD-G01-020","trade_event_fresh exchange_clock_aligned event_order_monotonic persistence_confirmed cross_source_time_aligned window_complete depth_book_synced depth_sequence_contiguous depth_event_fresh market_state_atomic","ALL predicate classes true using fresh evidence strictly after prior transition","DIRECT HYBRID","COMPOSITE_CONDITION_AVAILABLE VARIANT_LOCATION_SELECTOR","PAT-ABS-STOPSWEEP-SNAPBACK-001::E01","UNVALIDATED"
"OPR-039","OBSERVATION","sweep／stop burst","STOP_SWEEP","DYNAMIC_FROM_PATTERN_CONTEXT","SIDE_RESOLVED","CD-G16-042 CD-G16-043 CD-G16-044 CD-G16-045 CD-G08-014 CD-G08-038","upward_sweep_active downward_sweep_active upside_stop_run_like downside_stop_run_like buy_large_trade_count_1s sell_large_trade_count_1s","CD-G16-021 CD-G16-022","upside_breakout_follow_through downside_breakout_follow_through","CD-G01-005 CD-G01-009 CD-G01-011 CD-G01-019 CD-G01-021 CD-G01-027 CD-G01-001 CD-G01-002 CD-G01-004 CD-G01-020","trade_event_fresh exchange_clock_aligned event_order_monotonic persistence_confirmed cross_source_time_aligned window_complete depth_book_synced depth_sequence_contiguous depth_event_fresh market_state_atomic","ALL predicate classes true using fresh evidence strictly after prior transition","HYBRID","COMPOSITE_CONDITION_AVAILABLE","PAT-ABS-STOPSWEEP-SNAPBACK-001::E02","UNVALIDATED"
"OPR-040","OBSERVATION","hidden／passive wallが吸収","ABSORPTION_STATE WALL_STATE","DYNAMIC_FROM_PATTERN_CONTEXT","SIDE_RESOLVED","CD-G16-001 CD-G16-002 CD-G09-026 CD-G09-030 CD-G06-029 CD-G06-030 CD-G06-031 CD-G06-032 CD-G07-011 CD-G07-014 CD-G07-035 CD-G07-038 CD-G16-035 CD-G16-036 CD-G16-037 CD-G16-038","bid_absorption_like_active ask_absorption_like_active buy_no_progress_ratio_1s sell_no_progress_ratio_1s bid_wall_concentration_top10 distance_to_nearest_bid_wall ask_wall_concentration_top10 distance_to_nearest_ask_wall bid_refresh_count_1s bid_pull_ratio_1s ask_refresh_count_1s ask_pull_ratio_1s bid_passive_defense_holding ask_passive_defense_holding bid_passive_defense_failed ask_passive_defense_failed","CD-G16-037 CD-G16-038","bid_passive_defense_failed ask_passive_defense_failed","CD-G01-005 CD-G01-009 CD-G01-011 CD-G01-019 CD-G01-021 CD-G01-027 CD-G01-001 CD-G01-002 CD-G01-004 CD-G01-020","trade_event_fresh exchange_clock_aligned event_order_monotonic persistence_confirmed cross_source_time_aligned window_complete depth_book_synced depth_sequence_contiguous depth_event_fresh market_state_atomic","ALL predicate classes true using fresh evidence strictly after prior transition","HYBRID","COMPOSITE_CONDITION_AVAILABLE","PAT-ABS-STOPSWEEP-SNAPBACK-001::E03","UNVALIDATED"
"OPR-041","OBSERVATION","follow-through欠如","BREAKOUT_FAILURE PRICE_PROGRESS","DYNAMIC_FROM_PATTERN_CONTEXT","SIDE_RESOLVED","CD-G16-023 CD-G16-024 CD-G09-034 CD-G09-038 CD-G09-002 CD-G09-006 CD-G09-018 CD-G09-022 CD-G16-021 CD-G16-022","upside_breakout_failure downside_breakout_failure reversion_from_window_high_1s reversion_from_window_low_1s upward_progress_ticks_1s downward_progress_ticks_1s buy_efficiency_1s sell_efficiency_1s upside_breakout_follow_through downside_breakout_follow_through","CD-G16-021 CD-G16-022 CD-G09-026 CD-G09-030","upside_breakout_follow_through downside_breakout_follow_through buy_no_progress_ratio_1s sell_no_progress_ratio_1s","CD-G01-005 CD-G01-009 CD-G01-011 CD-G01-019 CD-G01-021 CD-G01-027 CD-G01-001 CD-G01-002 CD-G01-004 CD-G01-020","trade_event_fresh exchange_clock_aligned event_order_monotonic persistence_confirmed cross_source_time_aligned window_complete depth_book_synced depth_sequence_contiguous depth_event_fresh market_state_atomic","ALL predicate classes true using fresh evidence strictly after prior transition","DIRECT HYBRID","COMPOSITE_CONDITION_AVAILABLE DERIVED_EVALUATOR_REQUIRED","PAT-ABS-STOPSWEEP-SNAPBACK-001::E04","UNVALIDATED"
"OPR-042","OBSERVATION","level内へsnapback","RECLAIM_RETURN","TERMINAL_SIDE","SIDE_RESOLVED","CD-G16-025 CD-G16-026 CD-G09-034 CD-G09-038","reclaim_above_reference reclaim_below_reference reversion_from_window_high_1s reversion_from_window_low_1s","CD-G16-017 CD-G16-018","acceptance_above_reference acceptance_below_reference","CD-G01-005 CD-G01-009 CD-G01-011 CD-G01-019 CD-G01-021 CD-G01-027","trade_event_fresh exchange_clock_aligned event_order_monotonic persistence_confirmed cross_source_time_aligned window_complete","ALL predicate classes true using fresh evidence strictly after prior transition","HYBRID","COMPOSITE_CONDITION_AVAILABLE","PAT-ABS-STOPSWEEP-SNAPBACK-001::E05","UNVALIDATED"
"OPR-043","OBSERVATION","trend","TREND_CONTEXT","DYNAMIC_FROM_PATTERN_CONTEXT","SIDE_RESOLVED","CD-G02-016 CD-G02-023 CD-G16-040 CD-G16-041 CD-G09-002 CD-G09-006","trend_regime regime_age directional_flow_resumed_up directional_flow_resumed_down upward_progress_ticks_1s downward_progress_ticks_1s","CD-G02-017","balance_regime","CD-G01-005 CD-G01-009 CD-G01-011 CD-G01-019 CD-G01-021 CD-G01-027","trade_event_fresh exchange_clock_aligned event_order_monotonic persistence_confirmed cross_source_time_aligned window_complete","ALL predicate classes true using fresh evidence strictly after prior transition","HYBRID","DERIVED_EVALUATOR_REQUIRED","PAT-ABS-PULLBACK-MINORREVERSAL-001::E01 PAT-FA-UNFINISHED-DRYUP-REVERSAL-001::E01","UNVALIDATED"
"OPR-044","OBSERVATION","low-energy countertrend pullback","LIQUIDITY_PULL PULLBACK_STATE","DYNAMIC_FROM_PATTERN_CONTEXT","SIDE_RESOLVED TERMINAL_SIDE_RESOLVED","CD-G07-014 CD-G07-023 CD-G07-038 CD-G07-047 CD-G16-027 CD-G16-028 CD-G16-029 CD-G16-030","bid_pull_ratio_1s bid_depth_change_1s ask_pull_ratio_1s ask_depth_change_1s bullish_pullback_low_participation bearish_pullback_low_participation bullish_pullback_stall bearish_pullback_stall","CD-G07-017 CD-G07-041 CD-G16-031 CD-G16-032","bid_stack_ratio_1s ask_stack_ratio_1s buy_momentum_accelerating sell_momentum_accelerating","CD-G01-001 CD-G01-002 CD-G01-004 CD-G01-009 CD-G01-011 CD-G01-019 CD-G01-020 CD-G01-021 CD-G01-027 CD-G01-005","depth_book_synced depth_sequence_contiguous depth_event_fresh exchange_clock_aligned event_order_monotonic persistence_confirmed market_state_atomic cross_source_time_aligned window_complete trade_event_fresh","ALL predicate classes true using fresh evidence strictly after prior transition","DIRECT HYBRID","COMPOSITE_CONDITION_AVAILABLE DERIVED_EVALUATOR_REQUIRED","PAT-ABS-PULLBACK-MINORREVERSAL-001::E02","UNVALIDATED"
"OPR-045","OBSERVATION","prior swingでabsorption","ABSORPTION_STATE LOCATION_CONTEXT","DYNAMIC_FROM_PATTERN_CONTEXT","SIDE_RESOLVED VARIANT_LOCATION","CD-G16-001 CD-G16-002 CD-G09-026 CD-G09-030","bid_absorption_like_active ask_absorption_like_active buy_no_progress_ratio_1s sell_no_progress_ratio_1s","CD-G16-037 CD-G16-038","bid_passive_defense_failed ask_passive_defense_failed","CD-G01-005 CD-G01-009 CD-G01-011 CD-G01-019 CD-G01-021 CD-G01-027 CD-G01-001 CD-G01-002 CD-G01-004 CD-G01-020","trade_event_fresh exchange_clock_aligned event_order_monotonic persistence_confirmed cross_source_time_aligned window_complete depth_book_synced depth_sequence_contiguous depth_event_fresh market_state_atomic","ALL predicate classes true using fresh evidence strictly after prior transition","DIRECT HYBRID","COMPOSITE_CONDITION_AVAILABLE VARIANT_LOCATION_SELECTOR","PAT-ABS-PULLBACK-MINORREVERSAL-001::E03","UNVALIDATED"
"OPR-046","OBSERVATION","countertrend側fade","TAPE_FADE","DYNAMIC_FROM_PATTERN_CONTEXT","SIDE_RESOLVED","CD-G16-007 CD-G16-008 CD-G16-033 CD-G16-034 CD-G08-017 CD-G08-041 CD-G10-014","buyer_fade_active seller_fade_active buy_momentum_fading sell_momentum_fading buy_trade_rate_1s sell_trade_rate_1s delta_acceleration_5s","CD-G16-009 CD-G16-010","buyers_jump_in sellers_jump_in","CD-G01-005 CD-G01-009 CD-G01-011 CD-G01-019 CD-G01-021 CD-G01-027","trade_event_fresh exchange_clock_aligned event_order_monotonic persistence_confirmed cross_source_time_aligned window_complete","ALL predicate classes true using fresh evidence strictly after prior transition","HYBRID","COMPOSITE_CONDITION_AVAILABLE","PAT-ABS-PULLBACK-MINORREVERSAL-001::E04","UNVALIDATED"
"OPR-047","OBSERVATION","with-trend aggressor復帰","TAPE_AGGRESSION","TERMINAL_SIDE","SIDE_RESOLVED","CD-G08-002 CD-G08-014 CD-G08-017 CD-G08-023 CD-G08-026 CD-G08-038 CD-G08-041 CD-G08-047 CD-G10-002","buy_market_volume_1s buy_large_trade_count_1s buy_trade_rate_1s buy_side_share_1s sell_market_volume_1s sell_large_trade_count_1s sell_trade_rate_1s sell_side_share_1s trade_delta_5s","CD-G16-007 CD-G16-008","buyer_fade_active seller_fade_active","CD-G01-005 CD-G01-009 CD-G01-011 CD-G01-019 CD-G01-021 CD-G01-027","trade_event_fresh exchange_clock_aligned event_order_monotonic persistence_confirmed cross_source_time_aligned window_complete","ALL predicate classes true using fresh evidence strictly after prior transition","DIRECT","DERIVED_EVALUATOR_REQUIRED","PAT-ABS-PULLBACK-MINORREVERSAL-001::E05","UNVALIDATED"
"OPR-048","OBSERVATION","upper key level","LOCATION_CONTEXT","DYNAMIC_FROM_PATTERN_CONTEXT","VARIANT_LOCATION","","","","","CD-G01-005 CD-G01-009 CD-G01-011 CD-G01-019 CD-G01-021 CD-G01-027 CD-G01-001 CD-G01-002 CD-G01-004 CD-G01-020","trade_event_fresh exchange_clock_aligned event_order_monotonic persistence_confirmed cross_source_time_aligned window_complete depth_book_synced depth_sequence_contiguous depth_event_fresh market_state_atomic","ALL predicate classes true using fresh evidence strictly after prior transition","DIRECT","VARIANT_LOCATION_SELECTOR","PAT-EXH-BUYER-DOUBLE-FADE-001::E01","UNVALIDATED"
"OPR-049","OBSERVATION","buyer prints急減","TAPE_AGGRESSION TAPE_FADE TAPE_PARTICIPATION","EXPLICIT_BUY_OR_BID_COMPONENT","SIDE_RESOLVED","CD-G08-002 CD-G08-014 CD-G08-017 CD-G08-023 CD-G08-026 CD-G08-038 CD-G08-041 CD-G08-047 CD-G10-002 CD-G16-007 CD-G16-008 CD-G16-033 CD-G16-034 CD-G10-014 CD-G04-015 CD-G08-005 CD-G08-029","buy_market_volume_1s buy_large_trade_count_1s buy_trade_rate_1s buy_side_share_1s sell_market_volume_1s sell_large_trade_count_1s sell_trade_rate_1s sell_side_share_1s trade_delta_5s buyer_fade_active seller_fade_active buy_momentum_fading sell_momentum_fading delta_acceleration_5s trade_rate_percentile_1m buy_trade_count_1s sell_trade_count_1s","CD-G16-007 CD-G16-008 CD-G16-009 CD-G16-010 CD-G04-015","buyer_fade_active seller_fade_active buyers_jump_in sellers_jump_in trade_rate_percentile_1m","CD-G01-005 CD-G01-009 CD-G01-011 CD-G01-019 CD-G01-021 CD-G01-027","trade_event_fresh exchange_clock_aligned event_order_monotonic persistence_confirmed cross_source_time_aligned window_complete","ALL predicate classes true using fresh evidence strictly after prior transition","DIRECT HYBRID","COMPOSITE_CONDITION_AVAILABLE DERIVED_EVALUATOR_REQUIRED","PAT-EXH-BUYER-DOUBLE-FADE-001::E02","UNVALIDATED"
"OPR-050","OBSERVATION","pause","TEMPORAL_SEQUENCE","DYNAMIC_FROM_PATTERN_CONTEXT","ENGINE_TIME","","","","","CD-G01-009 CD-G01-010 CD-G01-011 CD-G01-016 CD-G01-019 CD-G01-027","exchange_clock_aligned receive_clock_monotonic event_order_monotonic duplicate_event_absent persistence_confirmed window_complete","ALL predicate classes true using fresh evidence strictly after prior transition","DIRECT","ENGINE_NATIVE","PAT-EXH-BUYER-DOUBLE-FADE-001::E03 PAT-EXH-SELLER-DOUBLE-FADE-001::E03","UNVALIDATED"
"OPR-051","OBSERVATION","さらに少ないbuy prints","TAPE_AGGRESSION TAPE_FADE TAPE_PARTICIPATION","EXPLICIT_BUY_OR_BID_COMPONENT","SIDE_RESOLVED","CD-G08-002 CD-G08-014 CD-G08-017 CD-G08-023 CD-G08-026 CD-G08-038 CD-G08-041 CD-G08-047 CD-G10-002 CD-G16-007 CD-G16-008 CD-G16-033 CD-G16-034 CD-G10-014 CD-G04-015 CD-G08-005 CD-G08-029","buy_market_volume_1s buy_large_trade_count_1s buy_trade_rate_1s buy_side_share_1s sell_market_volume_1s sell_large_trade_count_1s sell_trade_rate_1s sell_side_share_1s trade_delta_5s buyer_fade_active seller_fade_active buy_momentum_fading sell_momentum_fading delta_acceleration_5s trade_rate_percentile_1m buy_trade_count_1s sell_trade_count_1s","CD-G16-007 CD-G16-008 CD-G16-009 CD-G16-010 CD-G04-015","buyer_fade_active seller_fade_active buyers_jump_in sellers_jump_in trade_rate_percentile_1m","CD-G01-005 CD-G01-009 CD-G01-011 CD-G01-019 CD-G01-021 CD-G01-027","trade_event_fresh exchange_clock_aligned event_order_monotonic persistence_confirmed cross_source_time_aligned window_complete","ALL predicate classes true using fresh evidence strictly after prior transition","DIRECT HYBRID","COMPOSITE_CONDITION_AVAILABLE DERIVED_EVALUATOR_REQUIRED","PAT-EXH-BUYER-DOUBLE-FADE-001::E05","UNVALIDATED"
"OPR-052","OBSERVATION","sellers参加","TAPE_AGGRESSION","EXPLICIT_SELL_OR_ASK_COMPONENT","SIDE_RESOLVED","CD-G08-002 CD-G08-014 CD-G08-017 CD-G08-023 CD-G08-026 CD-G08-038 CD-G08-041 CD-G08-047 CD-G10-002","buy_market_volume_1s buy_large_trade_count_1s buy_trade_rate_1s buy_side_share_1s sell_market_volume_1s sell_large_trade_count_1s sell_trade_rate_1s sell_side_share_1s trade_delta_5s","CD-G16-007 CD-G16-008","buyer_fade_active seller_fade_active","CD-G01-005 CD-G01-009 CD-G01-011 CD-G01-019 CD-G01-021 CD-G01-027","trade_event_fresh exchange_clock_aligned event_order_monotonic persistence_confirmed cross_source_time_aligned window_complete","ALL predicate classes true using fresh evidence strictly after prior transition","DIRECT","DERIVED_EVALUATOR_REQUIRED","PAT-EXH-BUYER-DOUBLE-FADE-001::E06","UNVALIDATED"
"OPR-053","OBSERVATION","lower key level","LOCATION_CONTEXT","DYNAMIC_FROM_PATTERN_CONTEXT","VARIANT_LOCATION","","","","","CD-G01-005 CD-G01-009 CD-G01-011 CD-G01-019 CD-G01-021 CD-G01-027 CD-G01-001 CD-G01-002 CD-G01-004 CD-G01-020","trade_event_fresh exchange_clock_aligned event_order_monotonic persistence_confirmed cross_source_time_aligned window_complete depth_book_synced depth_sequence_contiguous depth_event_fresh market_state_atomic","ALL predicate classes true using fresh evidence strictly after prior transition","DIRECT","VARIANT_LOCATION_SELECTOR","PAT-EXH-SELLER-DOUBLE-FADE-001::E01","UNVALIDATED"
"OPR-054","OBSERVATION","seller prints急減","TAPE_AGGRESSION TAPE_FADE TAPE_PARTICIPATION","EXPLICIT_SELL_OR_ASK_COMPONENT","SIDE_RESOLVED","CD-G08-002 CD-G08-014 CD-G08-017 CD-G08-023 CD-G08-026 CD-G08-038 CD-G08-041 CD-G08-047 CD-G10-002 CD-G16-007 CD-G16-008 CD-G16-033 CD-G16-034 CD-G10-014 CD-G04-015 CD-G08-005 CD-G08-029","buy_market_volume_1s buy_large_trade_count_1s buy_trade_rate_1s buy_side_share_1s sell_market_volume_1s sell_large_trade_count_1s sell_trade_rate_1s sell_side_share_1s trade_delta_5s buyer_fade_active seller_fade_active buy_momentum_fading sell_momentum_fading delta_acceleration_5s trade_rate_percentile_1m buy_trade_count_1s sell_trade_count_1s","CD-G16-007 CD-G16-008 CD-G16-009 CD-G16-010 CD-G04-015","buyer_fade_active seller_fade_active buyers_jump_in sellers_jump_in trade_rate_percentile_1m","CD-G01-005 CD-G01-009 CD-G01-011 CD-G01-019 CD-G01-021 CD-G01-027","trade_event_fresh exchange_clock_aligned event_order_monotonic persistence_confirmed cross_source_time_aligned window_complete","ALL predicate classes true using fresh evidence strictly after prior transition","DIRECT HYBRID","COMPOSITE_CONDITION_AVAILABLE DERIVED_EVALUATOR_REQUIRED","PAT-EXH-SELLER-DOUBLE-FADE-001::E02","UNVALIDATED"
"OPR-055","OBSERVATION","さらに少ないsell prints","TAPE_AGGRESSION TAPE_FADE TAPE_PARTICIPATION","EXPLICIT_SELL_OR_ASK_COMPONENT","SIDE_RESOLVED","CD-G08-002 CD-G08-014 CD-G08-017 CD-G08-023 CD-G08-026 CD-G08-038 CD-G08-041 CD-G08-047 CD-G10-002 CD-G16-007 CD-G16-008 CD-G16-033 CD-G16-034 CD-G10-014 CD-G04-015 CD-G08-005 CD-G08-029","buy_market_volume_1s buy_large_trade_count_1s buy_trade_rate_1s buy_side_share_1s sell_market_volume_1s sell_large_trade_count_1s sell_trade_rate_1s sell_side_share_1s trade_delta_5s buyer_fade_active seller_fade_active buy_momentum_fading sell_momentum_fading delta_acceleration_5s trade_rate_percentile_1m buy_trade_count_1s sell_trade_count_1s","CD-G16-007 CD-G16-008 CD-G16-009 CD-G16-010 CD-G04-015","buyer_fade_active seller_fade_active buyers_jump_in sellers_jump_in trade_rate_percentile_1m","CD-G01-005 CD-G01-009 CD-G01-011 CD-G01-019 CD-G01-021 CD-G01-027","trade_event_fresh exchange_clock_aligned event_order_monotonic persistence_confirmed cross_source_time_aligned window_complete","ALL predicate classes true using fresh evidence strictly after prior transition","DIRECT HYBRID","COMPOSITE_CONDITION_AVAILABLE DERIVED_EVALUATOR_REQUIRED","PAT-EXH-SELLER-DOUBLE-FADE-001::E05","UNVALIDATED"
"OPR-056","OBSERVATION","buyers参加","TAPE_AGGRESSION","EXPLICIT_BUY_OR_BID_COMPONENT","SIDE_RESOLVED","CD-G08-002 CD-G08-014 CD-G08-017 CD-G08-023 CD-G08-026 CD-G08-038 CD-G08-041 CD-G08-047 CD-G10-002","buy_market_volume_1s buy_large_trade_count_1s buy_trade_rate_1s buy_side_share_1s sell_market_volume_1s sell_large_trade_count_1s sell_trade_rate_1s sell_side_share_1s trade_delta_5s","CD-G16-007 CD-G16-008","buyer_fade_active seller_fade_active","CD-G01-005 CD-G01-009 CD-G01-011 CD-G01-019 CD-G01-021 CD-G01-027","trade_event_fresh exchange_clock_aligned event_order_monotonic persistence_confirmed cross_source_time_aligned window_complete","ALL predicate classes true using fresh evidence strictly after prior transition","DIRECT","DERIVED_EVALUATOR_REQUIRED","PAT-EXH-SELLER-DOUBLE-FADE-001::E06 PAT-SWEEP-FRONTRUN-LIQUIDITY-TARGET-001::E04","UNVALIDATED"
"OPR-057","OBSERVATION","large aggressive orders","TAPE_AGGRESSION TAPE_PARTICIPATION","DYNAMIC_FROM_PATTERN_CONTEXT","SIDE_RESOLVED","CD-G08-002 CD-G08-014 CD-G08-017 CD-G08-023 CD-G08-026 CD-G08-038 CD-G08-041 CD-G08-047 CD-G10-002 CD-G04-015 CD-G08-005 CD-G08-029","buy_market_volume_1s buy_large_trade_count_1s buy_trade_rate_1s buy_side_share_1s sell_market_volume_1s sell_large_trade_count_1s sell_trade_rate_1s sell_side_share_1s trade_delta_5s trade_rate_percentile_1m buy_trade_count_1s sell_trade_count_1s","CD-G16-007 CD-G16-008 CD-G04-015","buyer_fade_active seller_fade_active trade_rate_percentile_1m","CD-G01-005 CD-G01-009 CD-G01-011 CD-G01-019 CD-G01-021 CD-G01-027","trade_event_fresh exchange_clock_aligned event_order_monotonic persistence_confirmed cross_source_time_aligned window_complete","ALL predicate classes true using fresh evidence strictly after prior transition","DIRECT","DERIVED_EVALUATOR_REQUIRED","PAT-EXH-AGGRESSION-NO-FOLLOW-001::E01","UNVALIDATED"
"OPR-058","OBSERVATION","price進展なし","PRICE_PROGRESS PRICE_STALL","DYNAMIC_FROM_PATTERN_CONTEXT","SIDE_RESOLVED","CD-G09-002 CD-G09-006 CD-G09-018 CD-G09-022 CD-G16-021 CD-G16-022 CD-G09-026 CD-G09-030 CD-G16-033 CD-G16-034","upward_progress_ticks_1s downward_progress_ticks_1s buy_efficiency_1s sell_efficiency_1s upside_breakout_follow_through downside_breakout_follow_through buy_no_progress_ratio_1s sell_no_progress_ratio_1s buy_momentum_fading sell_momentum_fading","CD-G09-026 CD-G09-030 CD-G09-002 CD-G09-006","buy_no_progress_ratio_1s sell_no_progress_ratio_1s upward_progress_ticks_1s downward_progress_ticks_1s","CD-G01-005 CD-G01-009 CD-G01-011 CD-G01-019 CD-G01-021 CD-G01-027","trade_event_fresh exchange_clock_aligned event_order_monotonic persistence_confirmed cross_source_time_aligned window_complete","ALL predicate classes true using fresh evidence strictly after prior transition","DIRECT HYBRID","DERIVED_EVALUATOR_REQUIRED","PAT-EXH-AGGRESSION-NO-FOLLOW-001::E02 PAT-BI-SKEW-NORESULT-FADE-001::E03","UNVALIDATED"
"OPR-059","OBSERVATION","opposite passive liquidity stack","LIQUIDITY_STACK_REBUILD","TERMINAL_SIDE","SIDE_RESOLVED","CD-G07-008 CD-G07-011 CD-G07-017 CD-G07-032 CD-G07-035 CD-G07-041","bid_net_flow_1s bid_refresh_count_1s bid_stack_ratio_1s ask_net_flow_1s ask_refresh_count_1s ask_stack_ratio_1s","CD-G07-014 CD-G07-038","bid_pull_ratio_1s ask_pull_ratio_1s","CD-G01-001 CD-G01-002 CD-G01-004 CD-G01-009 CD-G01-011 CD-G01-019 CD-G01-020 CD-G01-021 CD-G01-027","depth_book_synced depth_sequence_contiguous depth_event_fresh exchange_clock_aligned event_order_monotonic persistence_confirmed market_state_atomic cross_source_time_aligned window_complete","ALL predicate classes true using fresh evidence strictly after prior transition","DIRECT","DERIVED_EVALUATOR_REQUIRED","PAT-EXH-AGGRESSION-NO-FOLLOW-001::E03","UNVALIDATED"
"OPR-060","OBSERVATION","initiating flow停止","TAPE_FADE","DYNAMIC_FROM_PATTERN_CONTEXT","SIDE_RESOLVED","CD-G16-007 CD-G16-008 CD-G16-033 CD-G16-034 CD-G08-017 CD-G08-041 CD-G10-014","buyer_fade_active seller_fade_active buy_momentum_fading sell_momentum_fading buy_trade_rate_1s sell_trade_rate_1s delta_acceleration_5s","CD-G16-009 CD-G16-010","buyers_jump_in sellers_jump_in","CD-G01-005 CD-G01-009 CD-G01-011 CD-G01-019 CD-G01-021 CD-G01-027","trade_event_fresh exchange_clock_aligned event_order_monotonic persistence_confirmed cross_source_time_aligned window_complete","ALL predicate classes true using fresh evidence strictly after prior transition","HYBRID","COMPOSITE_CONDITION_AVAILABLE","PAT-EXH-AGGRESSION-NO-FOLLOW-001::E04","UNVALIDATED"
"OPR-061","OBSERVATION","opposite trade flow","TAPE_AGGRESSION","TERMINAL_SIDE","SIDE_RESOLVED","CD-G08-002 CD-G08-014 CD-G08-017 CD-G08-023 CD-G08-026 CD-G08-038 CD-G08-041 CD-G08-047 CD-G10-002","buy_market_volume_1s buy_large_trade_count_1s buy_trade_rate_1s buy_side_share_1s sell_market_volume_1s sell_large_trade_count_1s sell_trade_rate_1s sell_side_share_1s trade_delta_5s","CD-G16-007 CD-G16-008","buyer_fade_active seller_fade_active","CD-G01-005 CD-G01-009 CD-G01-011 CD-G01-019 CD-G01-021 CD-G01-027","trade_event_fresh exchange_clock_aligned event_order_monotonic persistence_confirmed cross_source_time_aligned window_complete","ALL predicate classes true using fresh evidence strictly after prior transition","DIRECT","DERIVED_EVALUATOR_REQUIRED","PAT-EXH-AGGRESSION-NO-FOLLOW-001::E05","UNVALIDATED"
"OPR-062","OBSERVATION","trend終盤","TREND_CONTEXT","DYNAMIC_FROM_PATTERN_CONTEXT","SIDE_RESOLVED","CD-G02-016 CD-G02-023 CD-G16-040 CD-G16-041 CD-G09-002 CD-G09-006","trend_regime regime_age directional_flow_resumed_up directional_flow_resumed_down upward_progress_ticks_1s downward_progress_ticks_1s","CD-G02-017","balance_regime","CD-G01-005 CD-G01-009 CD-G01-011 CD-G01-019 CD-G01-021 CD-G01-027","trade_event_fresh exchange_clock_aligned event_order_monotonic persistence_confirmed cross_source_time_aligned window_complete","ALL predicate classes true using fresh evidence strictly after prior transition","HYBRID","DERIVED_EVALUATOR_REQUIRED","PAT-EXH-EFFORT-RESULT-001::E01","UNVALIDATED"
"OPR-063","OBSERVATION","unusually high volume","TAPE_PARTICIPATION","DYNAMIC_FROM_PATTERN_CONTEXT","SIDE_RESOLVED","CD-G04-015 CD-G08-002 CD-G08-005 CD-G08-026 CD-G08-029","trade_rate_percentile_1m buy_market_volume_1s buy_trade_count_1s sell_market_volume_1s sell_trade_count_1s","CD-G04-015","trade_rate_percentile_1m","CD-G01-005 CD-G01-009 CD-G01-011 CD-G01-019 CD-G01-021 CD-G01-027","trade_event_fresh exchange_clock_aligned event_order_monotonic persistence_confirmed cross_source_time_aligned window_complete","ALL predicate classes true using fresh evidence strictly after prior transition","DIRECT","DERIVED_EVALUATOR_REQUIRED","PAT-EXH-EFFORT-RESULT-001::E02","UNVALIDATED"
"OPR-064","OBSERVATION","narrow range／極値更新失敗","PRICE_STALL PRICE_STRUCTURE","DYNAMIC_FROM_PATTERN_CONTEXT","SIDE_RESOLVED","CD-G09-026 CD-G09-030 CD-G16-033 CD-G16-034 CD-G03-021 CD-G03-023 CD-G03-025 CD-G03-027 CD-G09-002 CD-G09-006","buy_no_progress_ratio_1s sell_no_progress_ratio_1s buy_momentum_fading sell_momentum_fading distance_to_rolling_1m_high distance_to_rolling_1m_low distance_to_rolling_5m_high distance_to_rolling_5m_low upward_progress_ticks_1s downward_progress_ticks_1s","CD-G09-002 CD-G09-006 CD-G16-023 CD-G16-024","upward_progress_ticks_1s downward_progress_ticks_1s upside_breakout_failure downside_breakout_failure","CD-G01-005 CD-G01-009 CD-G01-011 CD-G01-019 CD-G01-021 CD-G01-027","trade_event_fresh exchange_clock_aligned event_order_monotonic persistence_confirmed cross_source_time_aligned window_complete","ALL predicate classes true using fresh evidence strictly after prior transition","DERIVED HYBRID","DERIVED_EVALUATOR_REQUIRED","PAT-EXH-EFFORT-RESULT-001::E03","UNVALIDATED"
"OPR-065","OBSERVATION","opposite imbalance／aggression","FOOTPRINT_IMBALANCE TAPE_AGGRESSION","TERMINAL_SIDE","SIDE_RESOLVED","CD-G10-022 CD-G10-026 CD-G10-030 CD-G10-034 CD-G08-002 CD-G08-014 CD-G08-017 CD-G08-023 CD-G08-026 CD-G08-038 CD-G08-041 CD-G08-047 CD-G10-002","positive_imbalance_count_5s negative_imbalance_count_5s stacked_buy_imbalance_depth_5s stacked_sell_imbalance_depth_5s buy_market_volume_1s buy_large_trade_count_1s buy_trade_rate_1s buy_side_share_1s sell_market_volume_1s sell_large_trade_count_1s sell_trade_rate_1s sell_side_share_1s trade_delta_5s","CD-G10-022 CD-G10-026 CD-G16-007 CD-G16-008","positive_imbalance_count_5s negative_imbalance_count_5s buyer_fade_active seller_fade_active","CD-G01-005 CD-G01-009 CD-G01-011 CD-G01-019 CD-G01-021 CD-G01-027","trade_event_fresh exchange_clock_aligned event_order_monotonic persistence_confirmed cross_source_time_aligned window_complete","ALL predicate classes true using fresh evidence strictly after prior transition","DIRECT","DERIVED_EVALUATOR_REQUIRED","PAT-EXH-EFFORT-RESULT-001::E04","UNVALIDATED"
"OPR-066","OBSERVATION","price反転","PRICE_REVERSAL","DYNAMIC_FROM_PATTERN_CONTEXT","SIDE_RESOLVED","CD-G09-034 CD-G09-038 CD-G16-015 CD-G16-016 CD-G16-040 CD-G16-041","reversion_from_window_high_1s reversion_from_window_low_1s high_rejection_active low_rejection_active directional_flow_resumed_up directional_flow_resumed_down","CD-G16-021 CD-G16-022","upside_breakout_follow_through downside_breakout_follow_through","CD-G01-005 CD-G01-009 CD-G01-011 CD-G01-019 CD-G01-021 CD-G01-027","trade_event_fresh exchange_clock_aligned event_order_monotonic persistence_confirmed cross_source_time_aligned window_complete","ALL predicate classes true using fresh evidence strictly after prior transition","HYBRID","COMPOSITE_CONDITION_AVAILABLE","PAT-EXH-EFFORT-RESULT-001::E05 PAT-BI-PULL-REVERSAL-CONFIRM-001::E06","UNVALIDATED"
"OPR-067","OBSERVATION","leveraged move","LIQUIDATION_FLOW","DYNAMIC_FROM_PATTERN_CONTEXT","SIDE_RESOLVED","CD-G12-024 CD-G12-027 CD-G12-030 CD-G16-046 CD-G16-047","observed_liquidation_buy_notional_5s observed_liquidation_sell_notional_5s observed_liquidation_imbalance_5s observed_liquidation_led_upmove observed_liquidation_led_downmove","CD-G12-030","observed_liquidation_imbalance_5s","CD-G01-006 CD-G01-009 CD-G01-011 CD-G01-021 CD-G01-027","liquidation_event_fresh exchange_clock_aligned event_order_monotonic cross_source_time_aligned window_complete","ALL predicate classes true using fresh evidence strictly after prior transition","DIRECT","COMPOSITE_CONDITION_AVAILABLE","PAT-EXH-LIQUIDATION-CASCADE-END-001::E01","UNVALIDATED"
"OPR-068","OBSERVATION","liquidation増加","LIQUIDATION_FLOW","DYNAMIC_FROM_PATTERN_CONTEXT","SIDE_RESOLVED","CD-G12-024 CD-G12-027 CD-G12-030 CD-G16-046 CD-G16-047","observed_liquidation_buy_notional_5s observed_liquidation_sell_notional_5s observed_liquidation_imbalance_5s observed_liquidation_led_upmove observed_liquidation_led_downmove","CD-G12-030","observed_liquidation_imbalance_5s","CD-G01-006 CD-G01-009 CD-G01-011 CD-G01-021 CD-G01-027","liquidation_event_fresh exchange_clock_aligned event_order_monotonic cross_source_time_aligned window_complete","ALL predicate classes true using fresh evidence strictly after prior transition","DIRECT","COMPOSITE_CONDITION_AVAILABLE","PAT-EXH-LIQUIDATION-CASCADE-END-001::E02","UNVALIDATED"
"OPR-069","OBSERVATION","cascade spike","LIQUIDATION_FLOW","DYNAMIC_FROM_PATTERN_CONTEXT","SIDE_RESOLVED","CD-G12-024 CD-G12-027 CD-G12-030 CD-G16-046 CD-G16-047","observed_liquidation_buy_notional_5s observed_liquidation_sell_notional_5s observed_liquidation_imbalance_5s observed_liquidation_led_upmove observed_liquidation_led_downmove","CD-G12-030","observed_liquidation_imbalance_5s","CD-G01-006 CD-G01-009 CD-G01-011 CD-G01-021 CD-G01-027","liquidation_event_fresh exchange_clock_aligned event_order_monotonic cross_source_time_aligned window_complete","ALL predicate classes true using fresh evidence strictly after prior transition","DIRECT","COMPOSITE_CONDITION_AVAILABLE","PAT-EXH-LIQUIDATION-CASCADE-END-001::E03","UNVALIDATED"
"OPR-070","OBSERVATION","forced flow peak後にorganic follow-through欠如","BREAKOUT_FAILURE LIQUIDATION_FLOW PRICE_PROGRESS","DYNAMIC_FROM_PATTERN_CONTEXT","SIDE_RESOLVED","CD-G16-023 CD-G16-024 CD-G09-034 CD-G09-038 CD-G12-024 CD-G12-027 CD-G12-030 CD-G16-046 CD-G16-047 CD-G09-002 CD-G09-006 CD-G09-018 CD-G09-022 CD-G16-021 CD-G16-022","upside_breakout_failure downside_breakout_failure reversion_from_window_high_1s reversion_from_window_low_1s observed_liquidation_buy_notional_5s observed_liquidation_sell_notional_5s observed_liquidation_imbalance_5s observed_liquidation_led_upmove observed_liquidation_led_downmove upward_progress_ticks_1s downward_progress_ticks_1s buy_efficiency_1s sell_efficiency_1s upside_breakout_follow_through downside_breakout_follow_through","CD-G16-021 CD-G16-022 CD-G12-030 CD-G09-026 CD-G09-030","upside_breakout_follow_through downside_breakout_follow_through observed_liquidation_imbalance_5s buy_no_progress_ratio_1s sell_no_progress_ratio_1s","CD-G01-005 CD-G01-009 CD-G01-011 CD-G01-019 CD-G01-021 CD-G01-027 CD-G01-001 CD-G01-002 CD-G01-004 CD-G01-020 CD-G01-006","trade_event_fresh exchange_clock_aligned event_order_monotonic persistence_confirmed cross_source_time_aligned window_complete depth_book_synced depth_sequence_contiguous depth_event_fresh market_state_atomic liquidation_event_fresh","ALL predicate classes true using fresh evidence strictly after prior transition","DIRECT HYBRID","COMPOSITE_CONDITION_AVAILABLE DERIVED_EVALUATOR_REQUIRED","PAT-EXH-LIQUIDATION-CASCADE-END-001::E04","UNVALIDATED"
"OPR-071","OBSERVATION","absorption／price halt","ABSORPTION_STATE","DYNAMIC_FROM_PATTERN_CONTEXT","SIDE_RESOLVED","CD-G16-001 CD-G16-002 CD-G09-026 CD-G09-030","bid_absorption_like_active ask_absorption_like_active buy_no_progress_ratio_1s sell_no_progress_ratio_1s","CD-G16-037 CD-G16-038","bid_passive_defense_failed ask_passive_defense_failed","CD-G01-005 CD-G01-009 CD-G01-011 CD-G01-019 CD-G01-021 CD-G01-027 CD-G01-001 CD-G01-002 CD-G01-004 CD-G01-020","trade_event_fresh exchange_clock_aligned event_order_monotonic persistence_confirmed cross_source_time_aligned window_complete depth_book_synced depth_sequence_contiguous depth_event_fresh market_state_atomic","ALL predicate classes true using fresh evidence strictly after prior transition","HYBRID","COMPOSITE_CONDITION_AVAILABLE","PAT-EXH-LIQUIDATION-CASCADE-END-001::E05","UNVALIDATED"
"OPR-072","OBSERVATION","multiple buy imbalances","FOOTPRINT_IMBALANCE","EXPLICIT_BUY_OR_BID_COMPONENT","SIDE_RESOLVED","CD-G10-022 CD-G10-026 CD-G10-030 CD-G10-034","positive_imbalance_count_5s negative_imbalance_count_5s stacked_buy_imbalance_depth_5s stacked_sell_imbalance_depth_5s","CD-G10-022 CD-G10-026","positive_imbalance_count_5s negative_imbalance_count_5s","CD-G01-005 CD-G01-009 CD-G01-011 CD-G01-019 CD-G01-021 CD-G01-027","trade_event_fresh exchange_clock_aligned event_order_monotonic persistence_confirmed cross_source_time_aligned window_complete","ALL predicate classes true using fresh evidence strictly after prior transition","DIRECT","DERIVED_EVALUATOR_REQUIRED","PAT-STACK-BUY-SUPPORT-RETEST-001::E01","UNVALIDATED"
"OPR-073","OBSERVATION","initial imbalance zone形成","FOOTPRINT_IMBALANCE","OBSERVED_INITIATOR_SIDE","SIDE_RESOLVED","CD-G10-022 CD-G10-026 CD-G10-030 CD-G10-034","positive_imbalance_count_5s negative_imbalance_count_5s stacked_buy_imbalance_depth_5s stacked_sell_imbalance_depth_5s","CD-G10-022 CD-G10-026","positive_imbalance_count_5s negative_imbalance_count_5s","CD-G01-005 CD-G01-009 CD-G01-011 CD-G01-019 CD-G01-021 CD-G01-027","trade_event_fresh exchange_clock_aligned event_order_monotonic persistence_confirmed cross_source_time_aligned window_complete","ALL predicate classes true using fresh evidence strictly after prior transition","DIRECT","DERIVED_EVALUATOR_REQUIRED","PAT-STACK-BUY-SUPPORT-RETEST-001::E02 PAT-STACK-SELL-RESIST-RETEST-001::E02","UNVALIDATED"
"OPR-074","OBSERVATION","pullback","LIQUIDITY_PULL PULLBACK_STATE","DYNAMIC_FROM_PATTERN_CONTEXT","SIDE_RESOLVED TERMINAL_SIDE_RESOLVED","CD-G07-014 CD-G07-023 CD-G07-038 CD-G07-047 CD-G16-027 CD-G16-028 CD-G16-029 CD-G16-030","bid_pull_ratio_1s bid_depth_change_1s ask_pull_ratio_1s ask_depth_change_1s bullish_pullback_low_participation bearish_pullback_low_participation bullish_pullback_stall bearish_pullback_stall","CD-G07-017 CD-G07-041 CD-G16-031 CD-G16-032","bid_stack_ratio_1s ask_stack_ratio_1s buy_momentum_accelerating sell_momentum_accelerating","CD-G01-001 CD-G01-002 CD-G01-004 CD-G01-009 CD-G01-011 CD-G01-019 CD-G01-020 CD-G01-021 CD-G01-027 CD-G01-005","depth_book_synced depth_sequence_contiguous depth_event_fresh exchange_clock_aligned event_order_monotonic persistence_confirmed market_state_atomic cross_source_time_aligned window_complete trade_event_fresh","ALL predicate classes true using fresh evidence strictly after prior transition","DIRECT HYBRID","COMPOSITE_CONDITION_AVAILABLE DERIVED_EVALUATOR_REQUIRED","PAT-STACK-BUY-SUPPORT-RETEST-001::E03 PAT-STACK-PULLBACK-HOLD-REACCEL-001::E02","UNVALIDATED"
"OPR-075","OBSERVATION","zone下抜け失敗","BREAK_ATTEMPT BREAKOUT_FAILURE","DYNAMIC_FROM_PATTERN_CONTEXT","SIDE_RESOLVED","CD-G16-019 CD-G16-020 CD-G09-002 CD-G09-006 CD-G16-023 CD-G16-024 CD-G09-034 CD-G09-038","upside_breakout_attempt downside_breakout_attempt upward_progress_ticks_1s downward_progress_ticks_1s upside_breakout_failure downside_breakout_failure reversion_from_window_high_1s reversion_from_window_low_1s","CD-G16-023 CD-G16-024 CD-G16-021 CD-G16-022","upside_breakout_failure downside_breakout_failure upside_breakout_follow_through downside_breakout_follow_through","CD-G01-005 CD-G01-009 CD-G01-011 CD-G01-019 CD-G01-021 CD-G01-027 CD-G01-001 CD-G01-002 CD-G01-004 CD-G01-020","trade_event_fresh exchange_clock_aligned event_order_monotonic persistence_confirmed cross_source_time_aligned window_complete depth_book_synced depth_sequence_contiguous depth_event_fresh market_state_atomic","ALL predicate classes true using fresh evidence strictly after prior transition","HYBRID","COMPOSITE_CONDITION_AVAILABLE","PAT-STACK-BUY-SUPPORT-RETEST-001::E04","UNVALIDATED"
"OPR-076","OBSERVATION","buy aggression再開","TAPE_AGGRESSION","EXPLICIT_BUY_OR_BID_COMPONENT","SIDE_RESOLVED","CD-G08-002 CD-G08-014 CD-G08-017 CD-G08-023 CD-G08-026 CD-G08-038 CD-G08-041 CD-G08-047 CD-G10-002","buy_market_volume_1s buy_large_trade_count_1s buy_trade_rate_1s buy_side_share_1s sell_market_volume_1s sell_large_trade_count_1s sell_trade_rate_1s sell_side_share_1s trade_delta_5s","CD-G16-007 CD-G16-008","buyer_fade_active seller_fade_active","CD-G01-005 CD-G01-009 CD-G01-011 CD-G01-019 CD-G01-021 CD-G01-027","trade_event_fresh exchange_clock_aligned event_order_monotonic persistence_confirmed cross_source_time_aligned window_complete","ALL predicate classes true using fresh evidence strictly after prior transition","DIRECT","DERIVED_EVALUATOR_REQUIRED","PAT-STACK-BUY-SUPPORT-RETEST-001::E05","UNVALIDATED"
"OPR-077","OBSERVATION","multiple sell imbalances","FOOTPRINT_IMBALANCE","EXPLICIT_SELL_OR_ASK_COMPONENT","SIDE_RESOLVED","CD-G10-022 CD-G10-026 CD-G10-030 CD-G10-034","positive_imbalance_count_5s negative_imbalance_count_5s stacked_buy_imbalance_depth_5s stacked_sell_imbalance_depth_5s","CD-G10-022 CD-G10-026","positive_imbalance_count_5s negative_imbalance_count_5s","CD-G01-005 CD-G01-009 CD-G01-011 CD-G01-019 CD-G01-021 CD-G01-027","trade_event_fresh exchange_clock_aligned event_order_monotonic persistence_confirmed cross_source_time_aligned window_complete","ALL predicate classes true using fresh evidence strictly after prior transition","DIRECT","DERIVED_EVALUATOR_REQUIRED","PAT-STACK-SELL-RESIST-RETEST-001::E01","UNVALIDATED"
"OPR-078","OBSERVATION","rebound","RECLAIM_RETURN","DYNAMIC_FROM_PATTERN_CONTEXT","SIDE_RESOLVED","CD-G16-025 CD-G16-026 CD-G09-034 CD-G09-038","reclaim_above_reference reclaim_below_reference reversion_from_window_high_1s reversion_from_window_low_1s","CD-G16-017 CD-G16-018","acceptance_above_reference acceptance_below_reference","CD-G01-005 CD-G01-009 CD-G01-011 CD-G01-019 CD-G01-021 CD-G01-027","trade_event_fresh exchange_clock_aligned event_order_monotonic persistence_confirmed cross_source_time_aligned window_complete","ALL predicate classes true using fresh evidence strictly after prior transition","HYBRID","COMPOSITE_CONDITION_AVAILABLE","PAT-STACK-SELL-RESIST-RETEST-001::E03","UNVALIDATED"
"OPR-079","OBSERVATION","zone上抜け失敗","BREAK_ATTEMPT BREAKOUT_FAILURE","DYNAMIC_FROM_PATTERN_CONTEXT","SIDE_RESOLVED","CD-G16-019 CD-G16-020 CD-G09-002 CD-G09-006 CD-G16-023 CD-G16-024 CD-G09-034 CD-G09-038","upside_breakout_attempt downside_breakout_attempt upward_progress_ticks_1s downward_progress_ticks_1s upside_breakout_failure downside_breakout_failure reversion_from_window_high_1s reversion_from_window_low_1s","CD-G16-023 CD-G16-024 CD-G16-021 CD-G16-022","upside_breakout_failure downside_breakout_failure upside_breakout_follow_through downside_breakout_follow_through","CD-G01-005 CD-G01-009 CD-G01-011 CD-G01-019 CD-G01-021 CD-G01-027 CD-G01-001 CD-G01-002 CD-G01-004 CD-G01-020","trade_event_fresh exchange_clock_aligned event_order_monotonic persistence_confirmed cross_source_time_aligned window_complete depth_book_synced depth_sequence_contiguous depth_event_fresh market_state_atomic","ALL predicate classes true using fresh evidence strictly after prior transition","HYBRID","COMPOSITE_CONDITION_AVAILABLE","PAT-STACK-SELL-RESIST-RETEST-001::E04","UNVALIDATED"
"OPR-080","OBSERVATION","sell aggression再開","TAPE_AGGRESSION","EXPLICIT_SELL_OR_ASK_COMPONENT","SIDE_RESOLVED","CD-G08-002 CD-G08-014 CD-G08-017 CD-G08-023 CD-G08-026 CD-G08-038 CD-G08-041 CD-G08-047 CD-G10-002","buy_market_volume_1s buy_large_trade_count_1s buy_trade_rate_1s buy_side_share_1s sell_market_volume_1s sell_large_trade_count_1s sell_trade_rate_1s sell_side_share_1s trade_delta_5s","CD-G16-007 CD-G16-008","buyer_fade_active seller_fade_active","CD-G01-005 CD-G01-009 CD-G01-011 CD-G01-019 CD-G01-021 CD-G01-027","trade_event_fresh exchange_clock_aligned event_order_monotonic persistence_confirmed cross_source_time_aligned window_complete","ALL predicate classes true using fresh evidence strictly after prior transition","DIRECT","DERIVED_EVALUATOR_REQUIRED","PAT-STACK-SELL-RESIST-RETEST-001::E05","UNVALIDATED"
"OPR-081","OBSERVATION","range継続","BALANCE_CONTEXT PRICE_PROGRESS","DYNAMIC_FROM_PATTERN_CONTEXT","SIDE_RESOLVED SYMMETRIC","CD-G02-017 CD-G02-018 CD-G11-013 CD-G11-014 CD-G09-002 CD-G09-006 CD-G09-018 CD-G09-022 CD-G16-021 CD-G16-022","balance_regime compression_regime profile_balance_score_session profile_balance_score_rolling_1h upward_progress_ticks_1s downward_progress_ticks_1s buy_efficiency_1s sell_efficiency_1s upside_breakout_follow_through downside_breakout_follow_through","CD-G02-019 CD-G09-026 CD-G09-030","expansion_regime buy_no_progress_ratio_1s sell_no_progress_ratio_1s","CD-G01-005 CD-G01-009 CD-G01-011 CD-G01-019 CD-G01-021 CD-G01-027","trade_event_fresh exchange_clock_aligned event_order_monotonic persistence_confirmed cross_source_time_aligned window_complete","ALL predicate classes true using fresh evidence strictly after prior transition","DIRECT","DERIVED_EVALUATOR_REQUIRED","PAT-STACK-RANGE-POC-SHIFT-001::E01","UNVALIDATED"
"OPR-082","OBSERVATION","boundary側stacked imbalance","FOOTPRINT_IMBALANCE LIQUIDITY_STACK_REBUILD LOCATION_CONTEXT","DYNAMIC_FROM_PATTERN_CONTEXT","SIDE_RESOLVED VARIANT_LOCATION","CD-G10-022 CD-G10-026 CD-G10-030 CD-G10-034 CD-G07-008 CD-G07-011 CD-G07-017 CD-G07-032 CD-G07-035 CD-G07-041","positive_imbalance_count_5s negative_imbalance_count_5s stacked_buy_imbalance_depth_5s stacked_sell_imbalance_depth_5s bid_net_flow_1s bid_refresh_count_1s bid_stack_ratio_1s ask_net_flow_1s ask_refresh_count_1s ask_stack_ratio_1s","CD-G10-022 CD-G10-026 CD-G07-014 CD-G07-038","positive_imbalance_count_5s negative_imbalance_count_5s bid_pull_ratio_1s ask_pull_ratio_1s","CD-G01-005 CD-G01-009 CD-G01-011 CD-G01-019 CD-G01-021 CD-G01-027 CD-G01-001 CD-G01-002 CD-G01-004 CD-G01-020","trade_event_fresh exchange_clock_aligned event_order_monotonic persistence_confirmed cross_source_time_aligned window_complete depth_book_synced depth_sequence_contiguous depth_event_fresh market_state_atomic","ALL predicate classes true using fresh evidence strictly after prior transition","DIRECT","DERIVED_EVALUATOR_REQUIRED VARIANT_LOCATION_SELECTOR","PAT-STACK-RANGE-POC-SHIFT-001::E02","UNVALIDATED"
"OPR-083","OBSERVATION","delta同方向","DELTA_STATE","TERMINAL_SIDE","SIDE_RESOLVED","CD-G10-001 CD-G10-002 CD-G10-005 CD-G10-006 CD-G10-009 CD-G10-010","trade_delta_1s trade_delta_5s cvd_change_1s cvd_change_5s cvd_slope_1s cvd_slope_5s","CD-G10-001 CD-G10-002","trade_delta_1s trade_delta_5s","CD-G01-005 CD-G01-009 CD-G01-011 CD-G01-019 CD-G01-021 CD-G01-027","trade_event_fresh exchange_clock_aligned event_order_monotonic persistence_confirmed cross_source_time_aligned window_complete","ALL predicate classes true using fresh evidence strictly after prior transition","DIRECT","DERIVED_EVALUATOR_REQUIRED","PAT-STACK-RANGE-POC-SHIFT-001::E03","UNVALIDATED"
"OPR-084","OBSERVATION","maximum-volume level同方向shift","PROFILE_AUCTION TAPE_PARTICIPATION","TERMINAL_SIDE","REFERENCE_SIDE_RESOLVED SIDE_RESOLVED","CD-G11-001 CD-G11-007 CD-G11-009 CD-G11-017 CD-G11-019 CD-G11-029 CD-G11-031 CD-G04-015 CD-G08-002 CD-G08-005 CD-G08-026 CD-G08-029","point_of_control_distance_session high_volume_node_distance_session low_volume_node_distance_session poc_migration_session value_area_migration_session acceptance_above_value_session acceptance_below_value_session trade_rate_percentile_1m buy_market_volume_1s buy_trade_count_1s sell_market_volume_1s sell_trade_count_1s","CD-G11-017 CD-G11-019 CD-G04-015","poc_migration_session value_area_migration_session trade_rate_percentile_1m","CD-G01-005 CD-G01-009 CD-G01-011 CD-G01-027 CD-G01-028 CD-G01-019 CD-G01-021","trade_event_fresh exchange_clock_aligned event_order_monotonic window_complete baseline_sample_sufficient persistence_confirmed cross_source_time_aligned","ALL predicate classes true using fresh evidence strictly after prior transition","DERIVED DIRECT","DERIVED_EVALUATOR_REQUIRED","PAT-STACK-RANGE-POC-SHIFT-001::E04","UNVALIDATED"
"OPR-085","OBSERVATION","trend imbalance","FOOTPRINT_IMBALANCE","DYNAMIC_FROM_PATTERN_CONTEXT","SIDE_RESOLVED","CD-G10-022 CD-G10-026 CD-G10-030 CD-G10-034","positive_imbalance_count_5s negative_imbalance_count_5s stacked_buy_imbalance_depth_5s stacked_sell_imbalance_depth_5s","CD-G10-022 CD-G10-026","positive_imbalance_count_5s negative_imbalance_count_5s","CD-G01-005 CD-G01-009 CD-G01-011 CD-G01-019 CD-G01-021 CD-G01-027","trade_event_fresh exchange_clock_aligned event_order_monotonic persistence_confirmed cross_source_time_aligned window_complete","ALL predicate classes true using fresh evidence strictly after prior transition","DIRECT","DERIVED_EVALUATOR_REQUIRED","PAT-STACK-PULLBACK-HOLD-REACCEL-001::E01","UNVALIDATED"
"OPR-086","OBSERVATION","initial stack zoneでprice停止","LIQUIDITY_STACK_REBUILD PRICE_STALL","OBSERVED_INITIATOR_SIDE","SIDE_RESOLVED","CD-G07-008 CD-G07-011 CD-G07-017 CD-G07-032 CD-G07-035 CD-G07-041 CD-G09-026 CD-G09-030 CD-G16-033 CD-G16-034","bid_net_flow_1s bid_refresh_count_1s bid_stack_ratio_1s ask_net_flow_1s ask_refresh_count_1s ask_stack_ratio_1s buy_no_progress_ratio_1s sell_no_progress_ratio_1s buy_momentum_fading sell_momentum_fading","CD-G07-014 CD-G07-038 CD-G09-002 CD-G09-006","bid_pull_ratio_1s ask_pull_ratio_1s upward_progress_ticks_1s downward_progress_ticks_1s","CD-G01-001 CD-G01-002 CD-G01-004 CD-G01-009 CD-G01-011 CD-G01-019 CD-G01-020 CD-G01-021 CD-G01-027 CD-G01-005","depth_book_synced depth_sequence_contiguous depth_event_fresh exchange_clock_aligned event_order_monotonic persistence_confirmed market_state_atomic cross_source_time_aligned window_complete trade_event_fresh","ALL predicate classes true using fresh evidence strictly after prior transition","DIRECT HYBRID","DERIVED_EVALUATOR_REQUIRED","PAT-STACK-PULLBACK-HOLD-REACCEL-001::E03","UNVALIDATED"
"OPR-087","OBSERVATION","opposite imbalance欠如","FOOTPRINT_IMBALANCE","TERMINAL_SIDE","SIDE_RESOLVED","CD-G10-022 CD-G10-026 CD-G10-030 CD-G10-034","positive_imbalance_count_5s negative_imbalance_count_5s stacked_buy_imbalance_depth_5s stacked_sell_imbalance_depth_5s","CD-G10-022 CD-G10-026","positive_imbalance_count_5s negative_imbalance_count_5s","CD-G01-005 CD-G01-009 CD-G01-011 CD-G01-019 CD-G01-021 CD-G01-027","trade_event_fresh exchange_clock_aligned event_order_monotonic persistence_confirmed cross_source_time_aligned window_complete","ALL predicate classes true using fresh evidence strictly after prior transition","DIRECT","DERIVED_EVALUATOR_REQUIRED","PAT-STACK-PULLBACK-HOLD-REACCEL-001::E04","UNVALIDATED"
"OPR-088","OBSERVATION","same-side stack再出現","FOOTPRINT_IMBALANCE LIQUIDITY_STACK_REBUILD","TERMINAL_SIDE","SIDE_RESOLVED","CD-G10-022 CD-G10-026 CD-G10-030 CD-G10-034 CD-G07-008 CD-G07-011 CD-G07-017 CD-G07-032 CD-G07-035 CD-G07-041","positive_imbalance_count_5s negative_imbalance_count_5s stacked_buy_imbalance_depth_5s stacked_sell_imbalance_depth_5s bid_net_flow_1s bid_refresh_count_1s bid_stack_ratio_1s ask_net_flow_1s ask_refresh_count_1s ask_stack_ratio_1s","CD-G10-022 CD-G10-026 CD-G07-014 CD-G07-038","positive_imbalance_count_5s negative_imbalance_count_5s bid_pull_ratio_1s ask_pull_ratio_1s","CD-G01-005 CD-G01-009 CD-G01-011 CD-G01-019 CD-G01-021 CD-G01-027 CD-G01-001 CD-G01-002 CD-G01-004 CD-G01-020","trade_event_fresh exchange_clock_aligned event_order_monotonic persistence_confirmed cross_source_time_aligned window_complete depth_book_synced depth_sequence_contiguous depth_event_fresh market_state_atomic","ALL predicate classes true using fresh evidence strictly after prior transition","DIRECT","DERIVED_EVALUATOR_REQUIRED","PAT-STACK-PULLBACK-HOLD-REACCEL-001::E05","UNVALIDATED"
"OPR-089","OBSERVATION","stacked imbalance","FOOTPRINT_IMBALANCE LIQUIDITY_STACK_REBUILD","DYNAMIC_FROM_PATTERN_CONTEXT","SIDE_RESOLVED","CD-G10-022 CD-G10-026 CD-G10-030 CD-G10-034 CD-G07-008 CD-G07-011 CD-G07-017 CD-G07-032 CD-G07-035 CD-G07-041","positive_imbalance_count_5s negative_imbalance_count_5s stacked_buy_imbalance_depth_5s stacked_sell_imbalance_depth_5s bid_net_flow_1s bid_refresh_count_1s bid_stack_ratio_1s ask_net_flow_1s ask_refresh_count_1s ask_stack_ratio_1s","CD-G10-022 CD-G10-026 CD-G07-014 CD-G07-038","positive_imbalance_count_5s negative_imbalance_count_5s bid_pull_ratio_1s ask_pull_ratio_1s","CD-G01-005 CD-G01-009 CD-G01-011 CD-G01-019 CD-G01-021 CD-G01-027 CD-G01-001 CD-G01-002 CD-G01-004 CD-G01-020","trade_event_fresh exchange_clock_aligned event_order_monotonic persistence_confirmed cross_source_time_aligned window_complete depth_book_synced depth_sequence_contiguous depth_event_fresh market_state_atomic","ALL predicate classes true using fresh evidence strictly after prior transition","DIRECT","DERIVED_EVALUATOR_REQUIRED","PAT-STACK-PERSISTENCE-PROGRESS-001::E01","UNVALIDATED"
"OPR-090","OBSERVATION","次の観察単位にも同方向imbalance","FOOTPRINT_IMBALANCE TEMPORAL_SEQUENCE","TERMINAL_SIDE","ENGINE_TIME SIDE_RESOLVED","CD-G10-022 CD-G10-026 CD-G10-030 CD-G10-034","positive_imbalance_count_5s negative_imbalance_count_5s stacked_buy_imbalance_depth_5s stacked_sell_imbalance_depth_5s","CD-G10-022 CD-G10-026","positive_imbalance_count_5s negative_imbalance_count_5s","CD-G01-005 CD-G01-009 CD-G01-011 CD-G01-019 CD-G01-021 CD-G01-027 CD-G01-010 CD-G01-016","trade_event_fresh exchange_clock_aligned event_order_monotonic persistence_confirmed cross_source_time_aligned window_complete receive_clock_monotonic duplicate_event_absent","ALL predicate classes true using fresh evidence strictly after prior transition","DIRECT","DERIVED_EVALUATOR_REQUIRED ENGINE_NATIVE","PAT-STACK-PERSISTENCE-PROGRESS-001::E02","UNVALIDATED"
"OPR-091","OBSERVATION","priceが逆行せず進展","PRICE_PROGRESS","DYNAMIC_FROM_PATTERN_CONTEXT","SIDE_RESOLVED","CD-G09-002 CD-G09-006 CD-G09-018 CD-G09-022 CD-G16-021 CD-G16-022","upward_progress_ticks_1s downward_progress_ticks_1s buy_efficiency_1s sell_efficiency_1s upside_breakout_follow_through downside_breakout_follow_through","CD-G09-026 CD-G09-030","buy_no_progress_ratio_1s sell_no_progress_ratio_1s","CD-G01-005 CD-G01-009 CD-G01-011 CD-G01-019 CD-G01-021 CD-G01-027","trade_event_fresh exchange_clock_aligned event_order_monotonic persistence_confirmed cross_source_time_aligned window_complete","ALL predicate classes true using fresh evidence strictly after prior transition","DIRECT","DERIVED_EVALUATOR_REQUIRED","PAT-STACK-PERSISTENCE-PROGRESS-001::E03","UNVALIDATED"
"OPR-092","OBSERVATION","supporting zone切上げ／切下げ","PRICE_STRUCTURE","DYNAMIC_FROM_PATTERN_CONTEXT","SIDE_RESOLVED","CD-G03-021 CD-G03-023 CD-G03-025 CD-G03-027 CD-G09-002 CD-G09-006","distance_to_rolling_1m_high distance_to_rolling_1m_low distance_to_rolling_5m_high distance_to_rolling_5m_low upward_progress_ticks_1s downward_progress_ticks_1s","CD-G16-023 CD-G16-024","upside_breakout_failure downside_breakout_failure","CD-G01-005 CD-G01-009 CD-G01-011 CD-G01-019 CD-G01-021 CD-G01-027","trade_event_fresh exchange_clock_aligned event_order_monotonic persistence_confirmed cross_source_time_aligned window_complete","ALL predicate classes true using fresh evidence strictly after prior transition","DERIVED","DERIVED_EVALUATOR_REQUIRED","PAT-STACK-PERSISTENCE-PROGRESS-001::E04","UNVALIDATED"
"OPR-093","OBSERVATION","aggression維持","TAPE_AGGRESSION","DYNAMIC_FROM_PATTERN_CONTEXT","SIDE_RESOLVED","CD-G08-002 CD-G08-014 CD-G08-017 CD-G08-023 CD-G08-026 CD-G08-038 CD-G08-041 CD-G08-047 CD-G10-002","buy_market_volume_1s buy_large_trade_count_1s buy_trade_rate_1s buy_side_share_1s sell_market_volume_1s sell_large_trade_count_1s sell_trade_rate_1s sell_side_share_1s trade_delta_5s","CD-G16-007 CD-G16-008","buyer_fade_active seller_fade_active","CD-G01-005 CD-G01-009 CD-G01-011 CD-G01-019 CD-G01-021 CD-G01-027","trade_event_fresh exchange_clock_aligned event_order_monotonic persistence_confirmed cross_source_time_aligned window_complete","ALL predicate classes true using fresh evidence strictly after prior transition","DIRECT","DERIVED_EVALUATOR_REQUIRED","PAT-STACK-PERSISTENCE-PROGRESS-001::E05","UNVALIDATED"
"OPR-094","OBSERVATION","same priceで大量execution","ICEBERG_REFILL","DYNAMIC_FROM_PATTERN_CONTEXT","SIDE_RESOLVED","CD-G07-011 CD-G07-020 CD-G07-035 CD-G07-044 CD-G09-026 CD-G09-030","bid_refresh_count_1s bid_level_turnover_1s ask_refresh_count_1s ask_level_turnover_1s buy_no_progress_ratio_1s sell_no_progress_ratio_1s","CD-G16-037 CD-G16-038","bid_passive_defense_failed ask_passive_defense_failed","CD-G01-005 CD-G01-009 CD-G01-011 CD-G01-019 CD-G01-021 CD-G01-027 CD-G01-001 CD-G01-002 CD-G01-004 CD-G01-020","trade_event_fresh exchange_clock_aligned event_order_monotonic persistence_confirmed cross_source_time_aligned window_complete depth_book_synced depth_sequence_contiguous depth_event_fresh market_state_atomic","ALL predicate classes true using fresh evidence strictly after prior transition","INFERRED","INFERRED_MBP_REQUIRED","PAT-ICE-BARRIER-DEPLETE-BREAK-001::E01","UNVALIDATED"
"OPR-095","OBSERVATION","visible size以上のrefill推定","ICEBERG_REFILL","DYNAMIC_FROM_PATTERN_CONTEXT","SIDE_RESOLVED","CD-G07-011 CD-G07-020 CD-G07-035 CD-G07-044 CD-G09-026 CD-G09-030","bid_refresh_count_1s bid_level_turnover_1s ask_refresh_count_1s ask_level_turnover_1s buy_no_progress_ratio_1s sell_no_progress_ratio_1s","CD-G16-037 CD-G16-038","bid_passive_defense_failed ask_passive_defense_failed","CD-G01-005 CD-G01-009 CD-G01-011 CD-G01-019 CD-G01-021 CD-G01-027 CD-G01-001 CD-G01-002 CD-G01-004 CD-G01-020","trade_event_fresh exchange_clock_aligned event_order_monotonic persistence_confirmed cross_source_time_aligned window_complete depth_book_synced depth_sequence_contiguous depth_event_fresh market_state_atomic","ALL predicate classes true using fresh evidence strictly after prior transition","INFERRED","INFERRED_MBP_REQUIRED","PAT-ICE-BARRIER-DEPLETE-BREAK-001::E02","UNVALIDATED"
"OPR-096","OBSERVATION","price barrier保持","LOCATION_CONTEXT PRICE_ACCEPTANCE","DYNAMIC_FROM_PATTERN_CONTEXT","SIDE_RESOLVED VARIANT_LOCATION","CD-G16-017 CD-G16-018 CD-G11-029 CD-G11-031","acceptance_above_reference acceptance_below_reference acceptance_above_value_session acceptance_below_value_session","CD-G16-023 CD-G16-024","upside_breakout_failure downside_breakout_failure","CD-G01-005 CD-G01-009 CD-G01-011 CD-G01-019 CD-G01-021 CD-G01-027 CD-G01-001 CD-G01-002 CD-G01-004 CD-G01-020","trade_event_fresh exchange_clock_aligned event_order_monotonic persistence_confirmed cross_source_time_aligned window_complete depth_book_synced depth_sequence_contiguous depth_event_fresh market_state_atomic","ALL predicate classes true using fresh evidence strictly after prior transition","DIRECT HYBRID","COMPOSITE_CONDITION_AVAILABLE VARIANT_LOCATION_SELECTOR","PAT-ICE-BARRIER-DEPLETE-BREAK-001::E03","UNVALIDATED"
"OPR-097","OBSERVATION","refill速度低下／消失","ICEBERG_REFILL","DYNAMIC_FROM_PATTERN_CONTEXT","SIDE_RESOLVED","CD-G07-011 CD-G07-020 CD-G07-035 CD-G07-044 CD-G09-026 CD-G09-030","bid_refresh_count_1s bid_level_turnover_1s ask_refresh_count_1s ask_level_turnover_1s buy_no_progress_ratio_1s sell_no_progress_ratio_1s","CD-G16-037 CD-G16-038","bid_passive_defense_failed ask_passive_defense_failed","CD-G01-005 CD-G01-009 CD-G01-011 CD-G01-019 CD-G01-021 CD-G01-027 CD-G01-001 CD-G01-002 CD-G01-004 CD-G01-020","trade_event_fresh exchange_clock_aligned event_order_monotonic persistence_confirmed cross_source_time_aligned window_complete depth_book_synced depth_sequence_contiguous depth_event_fresh market_state_atomic","ALL predicate classes true using fresh evidence strictly after prior transition","INFERRED","INFERRED_MBP_REQUIRED","PAT-ICE-BARRIER-DEPLETE-BREAK-001::E04","UNVALIDATED"
"OPR-098","OBSERVATION","barrier突破","BREAK_ATTEMPT","DYNAMIC_FROM_PATTERN_CONTEXT","SIDE_RESOLVED","CD-G16-019 CD-G16-020 CD-G09-002 CD-G09-006","upside_breakout_attempt downside_breakout_attempt upward_progress_ticks_1s downward_progress_ticks_1s","CD-G16-023 CD-G16-024","upside_breakout_failure downside_breakout_failure","CD-G01-005 CD-G01-009 CD-G01-011 CD-G01-019 CD-G01-021 CD-G01-027 CD-G01-001 CD-G01-002 CD-G01-004 CD-G01-020","trade_event_fresh exchange_clock_aligned event_order_monotonic persistence_confirmed cross_source_time_aligned window_complete depth_book_synced depth_sequence_contiguous depth_event_fresh market_state_atomic","ALL predicate classes true using fresh evidence strictly after prior transition","HYBRID","COMPOSITE_CONDITION_AVAILABLE","PAT-ICE-BARRIER-DEPLETE-BREAK-001::E05","UNVALIDATED"
"OPR-099","OBSERVATION","repeated iceberg-like buy fills","ICEBERG_REFILL TAPE_AGGRESSION","EXPLICIT_BUY_OR_BID_COMPONENT","SIDE_RESOLVED","CD-G07-011 CD-G07-020 CD-G07-035 CD-G07-044 CD-G09-026 CD-G09-030 CD-G08-002 CD-G08-014 CD-G08-017 CD-G08-023 CD-G08-026 CD-G08-038 CD-G08-041 CD-G08-047 CD-G10-002","bid_refresh_count_1s bid_level_turnover_1s ask_refresh_count_1s ask_level_turnover_1s buy_no_progress_ratio_1s sell_no_progress_ratio_1s buy_market_volume_1s buy_large_trade_count_1s buy_trade_rate_1s buy_side_share_1s sell_market_volume_1s sell_large_trade_count_1s sell_trade_rate_1s sell_side_share_1s trade_delta_5s","CD-G16-037 CD-G16-038 CD-G16-007 CD-G16-008","bid_passive_defense_failed ask_passive_defense_failed buyer_fade_active seller_fade_active","CD-G01-005 CD-G01-009 CD-G01-011 CD-G01-019 CD-G01-021 CD-G01-027 CD-G01-001 CD-G01-002 CD-G01-004 CD-G01-020","trade_event_fresh exchange_clock_aligned event_order_monotonic persistence_confirmed cross_source_time_aligned window_complete depth_book_synced depth_sequence_contiguous depth_event_fresh market_state_atomic","ALL predicate classes true using fresh evidence strictly after prior transition","DIRECT INFERRED","DERIVED_EVALUATOR_REQUIRED INFERRED_MBP_REQUIRED","PAT-ICE-HIDDEN-ACCUM-BUYBREAK-001::E01","UNVALIDATED"
"OPR-100","OBSERVATION","price floor保持","PRICE_ACCEPTANCE","DYNAMIC_FROM_PATTERN_CONTEXT","SIDE_RESOLVED","CD-G16-017 CD-G16-018 CD-G11-029 CD-G11-031","acceptance_above_reference acceptance_below_reference acceptance_above_value_session acceptance_below_value_session","CD-G16-023 CD-G16-024","upside_breakout_failure downside_breakout_failure","CD-G01-005 CD-G01-009 CD-G01-011 CD-G01-019 CD-G01-021 CD-G01-027","trade_event_fresh exchange_clock_aligned event_order_monotonic persistence_confirmed cross_source_time_aligned window_complete","ALL predicate classes true using fresh evidence strictly after prior transition","HYBRID","COMPOSITE_CONDITION_AVAILABLE","PAT-ICE-HIDDEN-ACCUM-BUYBREAK-001::E02","UNVALIDATED"
"OPR-101","OBSERVATION","sell pressure減衰","TAPE_AGGRESSION TAPE_FADE","EXPLICIT_SELL_OR_ASK_COMPONENT","SIDE_RESOLVED","CD-G08-002 CD-G08-014 CD-G08-017 CD-G08-023 CD-G08-026 CD-G08-038 CD-G08-041 CD-G08-047 CD-G10-002 CD-G16-007 CD-G16-008 CD-G16-033 CD-G16-034 CD-G10-014","buy_market_volume_1s buy_large_trade_count_1s buy_trade_rate_1s buy_side_share_1s sell_market_volume_1s sell_large_trade_count_1s sell_trade_rate_1s sell_side_share_1s trade_delta_5s buyer_fade_active seller_fade_active buy_momentum_fading sell_momentum_fading delta_acceleration_5s","CD-G16-007 CD-G16-008 CD-G16-009 CD-G16-010","buyer_fade_active seller_fade_active buyers_jump_in sellers_jump_in","CD-G01-005 CD-G01-009 CD-G01-011 CD-G01-019 CD-G01-021 CD-G01-027","trade_event_fresh exchange_clock_aligned event_order_monotonic persistence_confirmed cross_source_time_aligned window_complete","ALL predicate classes true using fresh evidence strictly after prior transition","DIRECT HYBRID","COMPOSITE_CONDITION_AVAILABLE DERIVED_EVALUATOR_REQUIRED","PAT-ICE-HIDDEN-ACCUM-BUYBREAK-001::E03","UNVALIDATED"
"OPR-102","OBSERVATION","aggressive buying出現","TAPE_AGGRESSION","EXPLICIT_BUY_OR_BID_COMPONENT","SIDE_RESOLVED","CD-G08-002 CD-G08-014 CD-G08-017 CD-G08-023 CD-G08-026 CD-G08-038 CD-G08-041 CD-G08-047 CD-G10-002","buy_market_volume_1s buy_large_trade_count_1s buy_trade_rate_1s buy_side_share_1s sell_market_volume_1s sell_large_trade_count_1s sell_trade_rate_1s sell_side_share_1s trade_delta_5s","CD-G16-007 CD-G16-008","buyer_fade_active seller_fade_active","CD-G01-005 CD-G01-009 CD-G01-011 CD-G01-019 CD-G01-021 CD-G01-027","trade_event_fresh exchange_clock_aligned event_order_monotonic persistence_confirmed cross_source_time_aligned window_complete","ALL predicate classes true using fresh evidence strictly after prior transition","DIRECT","DERIVED_EVALUATOR_REQUIRED","PAT-ICE-HIDDEN-ACCUM-BUYBREAK-001::E04","UNVALIDATED"
"OPR-103","OBSERVATION","upper structure break","BREAK_ATTEMPT PRICE_STRUCTURE","EXPLICIT_BUY_OR_BID_COMPONENT","SIDE_RESOLVED","CD-G16-019 CD-G16-020 CD-G09-002 CD-G09-006 CD-G03-021 CD-G03-023 CD-G03-025 CD-G03-027","upside_breakout_attempt downside_breakout_attempt upward_progress_ticks_1s downward_progress_ticks_1s distance_to_rolling_1m_high distance_to_rolling_1m_low distance_to_rolling_5m_high distance_to_rolling_5m_low","CD-G16-023 CD-G16-024","upside_breakout_failure downside_breakout_failure","CD-G01-005 CD-G01-009 CD-G01-011 CD-G01-019 CD-G01-021 CD-G01-027 CD-G01-001 CD-G01-002 CD-G01-004 CD-G01-020","trade_event_fresh exchange_clock_aligned event_order_monotonic persistence_confirmed cross_source_time_aligned window_complete depth_book_synced depth_sequence_contiguous depth_event_fresh market_state_atomic","ALL predicate classes true using fresh evidence strictly after prior transition","DERIVED HYBRID","COMPOSITE_CONDITION_AVAILABLE DERIVED_EVALUATOR_REQUIRED","PAT-ICE-HIDDEN-ACCUM-BUYBREAK-001::E05","UNVALIDATED"
"OPR-104","OBSERVATION","repeated iceberg-like sell fills","ICEBERG_REFILL TAPE_AGGRESSION","EXPLICIT_SELL_OR_ASK_COMPONENT","SIDE_RESOLVED","CD-G07-011 CD-G07-020 CD-G07-035 CD-G07-044 CD-G09-026 CD-G09-030 CD-G08-002 CD-G08-014 CD-G08-017 CD-G08-023 CD-G08-026 CD-G08-038 CD-G08-041 CD-G08-047 CD-G10-002","bid_refresh_count_1s bid_level_turnover_1s ask_refresh_count_1s ask_level_turnover_1s buy_no_progress_ratio_1s sell_no_progress_ratio_1s buy_market_volume_1s buy_large_trade_count_1s buy_trade_rate_1s buy_side_share_1s sell_market_volume_1s sell_large_trade_count_1s sell_trade_rate_1s sell_side_share_1s trade_delta_5s","CD-G16-037 CD-G16-038 CD-G16-007 CD-G16-008","bid_passive_defense_failed ask_passive_defense_failed buyer_fade_active seller_fade_active","CD-G01-005 CD-G01-009 CD-G01-011 CD-G01-019 CD-G01-021 CD-G01-027 CD-G01-001 CD-G01-002 CD-G01-004 CD-G01-020","trade_event_fresh exchange_clock_aligned event_order_monotonic persistence_confirmed cross_source_time_aligned window_complete depth_book_synced depth_sequence_contiguous depth_event_fresh market_state_atomic","ALL predicate classes true using fresh evidence strictly after prior transition","DIRECT INFERRED","DERIVED_EVALUATOR_REQUIRED INFERRED_MBP_REQUIRED","PAT-ICE-HIDDEN-DISTRIB-SELLBREAK-001::E01","UNVALIDATED"
"OPR-105","OBSERVATION","price ceiling保持","PRICE_ACCEPTANCE","DYNAMIC_FROM_PATTERN_CONTEXT","SIDE_RESOLVED","CD-G16-017 CD-G16-018 CD-G11-029 CD-G11-031","acceptance_above_reference acceptance_below_reference acceptance_above_value_session acceptance_below_value_session","CD-G16-023 CD-G16-024","upside_breakout_failure downside_breakout_failure","CD-G01-005 CD-G01-009 CD-G01-011 CD-G01-019 CD-G01-021 CD-G01-027","trade_event_fresh exchange_clock_aligned event_order_monotonic persistence_confirmed cross_source_time_aligned window_complete","ALL predicate classes true using fresh evidence strictly after prior transition","HYBRID","COMPOSITE_CONDITION_AVAILABLE","PAT-ICE-HIDDEN-DISTRIB-SELLBREAK-001::E02","UNVALIDATED"
"OPR-106","OBSERVATION","buy pressure減衰","TAPE_AGGRESSION TAPE_FADE","EXPLICIT_BUY_OR_BID_COMPONENT","SIDE_RESOLVED","CD-G08-002 CD-G08-014 CD-G08-017 CD-G08-023 CD-G08-026 CD-G08-038 CD-G08-041 CD-G08-047 CD-G10-002 CD-G16-007 CD-G16-008 CD-G16-033 CD-G16-034 CD-G10-014","buy_market_volume_1s buy_large_trade_count_1s buy_trade_rate_1s buy_side_share_1s sell_market_volume_1s sell_large_trade_count_1s sell_trade_rate_1s sell_side_share_1s trade_delta_5s buyer_fade_active seller_fade_active buy_momentum_fading sell_momentum_fading delta_acceleration_5s","CD-G16-007 CD-G16-008 CD-G16-009 CD-G16-010","buyer_fade_active seller_fade_active buyers_jump_in sellers_jump_in","CD-G01-005 CD-G01-009 CD-G01-011 CD-G01-019 CD-G01-021 CD-G01-027","trade_event_fresh exchange_clock_aligned event_order_monotonic persistence_confirmed cross_source_time_aligned window_complete","ALL predicate classes true using fresh evidence strictly after prior transition","DIRECT HYBRID","COMPOSITE_CONDITION_AVAILABLE DERIVED_EVALUATOR_REQUIRED","PAT-ICE-HIDDEN-DISTRIB-SELLBREAK-001::E03","UNVALIDATED"
"OPR-107","OBSERVATION","aggressive selling出現","TAPE_AGGRESSION","EXPLICIT_SELL_OR_ASK_COMPONENT","SIDE_RESOLVED","CD-G08-002 CD-G08-014 CD-G08-017 CD-G08-023 CD-G08-026 CD-G08-038 CD-G08-041 CD-G08-047 CD-G10-002","buy_market_volume_1s buy_large_trade_count_1s buy_trade_rate_1s buy_side_share_1s sell_market_volume_1s sell_large_trade_count_1s sell_trade_rate_1s sell_side_share_1s trade_delta_5s","CD-G16-007 CD-G16-008","buyer_fade_active seller_fade_active","CD-G01-005 CD-G01-009 CD-G01-011 CD-G01-019 CD-G01-021 CD-G01-027","trade_event_fresh exchange_clock_aligned event_order_monotonic persistence_confirmed cross_source_time_aligned window_complete","ALL predicate classes true using fresh evidence strictly after prior transition","DIRECT","DERIVED_EVALUATOR_REQUIRED","PAT-ICE-HIDDEN-DISTRIB-SELLBREAK-001::E04","UNVALIDATED"
"OPR-108","OBSERVATION","lower structure break","BREAK_ATTEMPT PRICE_STRUCTURE","EXPLICIT_SELL_OR_ASK_COMPONENT","SIDE_RESOLVED","CD-G16-019 CD-G16-020 CD-G09-002 CD-G09-006 CD-G03-021 CD-G03-023 CD-G03-025 CD-G03-027","upside_breakout_attempt downside_breakout_attempt upward_progress_ticks_1s downward_progress_ticks_1s distance_to_rolling_1m_high distance_to_rolling_1m_low distance_to_rolling_5m_high distance_to_rolling_5m_low","CD-G16-023 CD-G16-024","upside_breakout_failure downside_breakout_failure","CD-G01-005 CD-G01-009 CD-G01-011 CD-G01-019 CD-G01-021 CD-G01-027 CD-G01-001 CD-G01-002 CD-G01-004 CD-G01-020","trade_event_fresh exchange_clock_aligned event_order_monotonic persistence_confirmed cross_source_time_aligned window_complete depth_book_synced depth_sequence_contiguous depth_event_fresh market_state_atomic","ALL predicate classes true using fresh evidence strictly after prior transition","DERIVED HYBRID","COMPOSITE_CONDITION_AVAILABLE DERIVED_EVALUATOR_REQUIRED","PAT-ICE-HIDDEN-DISTRIB-SELLBREAK-001::E05","UNVALIDATED"
"OPR-109","OBSERVATION","known absorption zone","ABSORPTION_STATE LOCATION_CONTEXT","DYNAMIC_FROM_PATTERN_CONTEXT","SIDE_RESOLVED VARIANT_LOCATION","CD-G16-001 CD-G16-002 CD-G09-026 CD-G09-030","bid_absorption_like_active ask_absorption_like_active buy_no_progress_ratio_1s sell_no_progress_ratio_1s","CD-G16-037 CD-G16-038","bid_passive_defense_failed ask_passive_defense_failed","CD-G01-005 CD-G01-009 CD-G01-011 CD-G01-019 CD-G01-021 CD-G01-027 CD-G01-001 CD-G01-002 CD-G01-004 CD-G01-020","trade_event_fresh exchange_clock_aligned event_order_monotonic persistence_confirmed cross_source_time_aligned window_complete depth_book_synced depth_sequence_contiguous depth_event_fresh market_state_atomic","ALL predicate classes true using fresh evidence strictly after prior transition","DIRECT HYBRID","COMPOSITE_CONDITION_AVAILABLE VARIANT_LOCATION_SELECTOR","PAT-ICE-SECOND-ATTEMPT-DEPLETION-001::E01","UNVALIDATED"
"OPR-110","OBSERVATION","first break attempt失敗","BREAK_ATTEMPT BREAKOUT_FAILURE TEMPORAL_SEQUENCE","DYNAMIC_FROM_PATTERN_CONTEXT","ENGINE_TIME SIDE_RESOLVED","CD-G16-019 CD-G16-020 CD-G09-002 CD-G09-006 CD-G16-023 CD-G16-024 CD-G09-034 CD-G09-038","upside_breakout_attempt downside_breakout_attempt upward_progress_ticks_1s downward_progress_ticks_1s upside_breakout_failure downside_breakout_failure reversion_from_window_high_1s reversion_from_window_low_1s","CD-G16-023 CD-G16-024 CD-G16-021 CD-G16-022","upside_breakout_failure downside_breakout_failure upside_breakout_follow_through downside_breakout_follow_through","CD-G01-005 CD-G01-009 CD-G01-011 CD-G01-019 CD-G01-021 CD-G01-027 CD-G01-001 CD-G01-002 CD-G01-004 CD-G01-020 CD-G01-010 CD-G01-016","trade_event_fresh exchange_clock_aligned event_order_monotonic persistence_confirmed cross_source_time_aligned window_complete depth_book_synced depth_sequence_contiguous depth_event_fresh market_state_atomic receive_clock_monotonic duplicate_event_absent","ALL predicate classes true using fresh evidence strictly after prior transition","DIRECT HYBRID","COMPOSITE_CONDITION_AVAILABLE ENGINE_NATIVE","PAT-ICE-SECOND-ATTEMPT-DEPLETION-001::E02","UNVALIDATED"
"OPR-111","OBSERVATION","second attemptでexecution継続","ICEBERG_REFILL RETEST_SEQUENCE","DYNAMIC_FROM_PATTERN_CONTEXT","REFERENCE_SIDE_RESOLVED SIDE_RESOLVED","CD-G07-011 CD-G07-020 CD-G07-035 CD-G07-044 CD-G09-026 CD-G09-030 CD-G16-013 CD-G16-014","bid_refresh_count_1s bid_level_turnover_1s ask_refresh_count_1s ask_level_turnover_1s buy_no_progress_ratio_1s sell_no_progress_ratio_1s repeated_high_test repeated_low_test","CD-G16-037 CD-G16-038 CD-G16-021 CD-G16-022 CD-G16-023 CD-G16-024","bid_passive_defense_failed ask_passive_defense_failed upside_breakout_follow_through downside_breakout_follow_through upside_breakout_failure downside_breakout_failure","CD-G01-005 CD-G01-009 CD-G01-011 CD-G01-019 CD-G01-021 CD-G01-027 CD-G01-001 CD-G01-002 CD-G01-004 CD-G01-020","trade_event_fresh exchange_clock_aligned event_order_monotonic persistence_confirmed cross_source_time_aligned window_complete depth_book_synced depth_sequence_contiguous depth_event_fresh market_state_atomic","ALL predicate classes true using fresh evidence strictly after prior transition","HYBRID INFERRED","COMPOSITE_CONDITION_AVAILABLE INFERRED_MBP_REQUIRED","PAT-ICE-SECOND-ATTEMPT-DEPLETION-001::E03","UNVALIDATED"
"OPR-112","OBSERVATION","absorber follow-through低下","ABSORPTION_STATE BREAKOUT_FAILURE PRICE_PROGRESS","DYNAMIC_FROM_PATTERN_CONTEXT","SIDE_RESOLVED","CD-G16-001 CD-G16-002 CD-G09-026 CD-G09-030 CD-G16-023 CD-G16-024 CD-G09-034 CD-G09-038 CD-G09-002 CD-G09-006 CD-G09-018 CD-G09-022 CD-G16-021 CD-G16-022","bid_absorption_like_active ask_absorption_like_active buy_no_progress_ratio_1s sell_no_progress_ratio_1s upside_breakout_failure downside_breakout_failure reversion_from_window_high_1s reversion_from_window_low_1s upward_progress_ticks_1s downward_progress_ticks_1s buy_efficiency_1s sell_efficiency_1s upside_breakout_follow_through downside_breakout_follow_through","CD-G16-037 CD-G16-038 CD-G16-021 CD-G16-022 CD-G09-026 CD-G09-030","bid_passive_defense_failed ask_passive_defense_failed upside_breakout_follow_through downside_breakout_follow_through buy_no_progress_ratio_1s sell_no_progress_ratio_1s","CD-G01-005 CD-G01-009 CD-G01-011 CD-G01-019 CD-G01-021 CD-G01-027 CD-G01-001 CD-G01-002 CD-G01-004 CD-G01-020","trade_event_fresh exchange_clock_aligned event_order_monotonic persistence_confirmed cross_source_time_aligned window_complete depth_book_synced depth_sequence_contiguous depth_event_fresh market_state_atomic","ALL predicate classes true using fresh evidence strictly after prior transition","DIRECT HYBRID","COMPOSITE_CONDITION_AVAILABLE DERIVED_EVALUATOR_REQUIRED","PAT-ICE-SECOND-ATTEMPT-DEPLETION-001::E04","UNVALIDATED"
"OPR-113","OBSERVATION","zone突破","BREAK_ATTEMPT","DYNAMIC_FROM_PATTERN_CONTEXT","SIDE_RESOLVED","CD-G16-019 CD-G16-020 CD-G09-002 CD-G09-006","upside_breakout_attempt downside_breakout_attempt upward_progress_ticks_1s downward_progress_ticks_1s","CD-G16-023 CD-G16-024","upside_breakout_failure downside_breakout_failure","CD-G01-005 CD-G01-009 CD-G01-011 CD-G01-019 CD-G01-021 CD-G01-027 CD-G01-001 CD-G01-002 CD-G01-004 CD-G01-020","trade_event_fresh exchange_clock_aligned event_order_monotonic persistence_confirmed cross_source_time_aligned window_complete depth_book_synced depth_sequence_contiguous depth_event_fresh market_state_atomic","ALL predicate classes true using fresh evidence strictly after prior transition","HYBRID","COMPOSITE_CONDITION_AVAILABLE","PAT-ICE-SECOND-ATTEMPT-DEPLETION-001::E05","UNVALIDATED"
"OPR-114","OBSERVATION","iceberg barrier消費","ICEBERG_REFILL WALL_STATE","DYNAMIC_FROM_PATTERN_CONTEXT","SIDE_RESOLVED","CD-G07-011 CD-G07-020 CD-G07-035 CD-G07-044 CD-G09-026 CD-G09-030 CD-G06-029 CD-G06-030 CD-G06-031 CD-G06-032 CD-G07-014 CD-G07-038 CD-G16-035 CD-G16-036 CD-G16-037 CD-G16-038","bid_refresh_count_1s bid_level_turnover_1s ask_refresh_count_1s ask_level_turnover_1s buy_no_progress_ratio_1s sell_no_progress_ratio_1s bid_wall_concentration_top10 distance_to_nearest_bid_wall ask_wall_concentration_top10 distance_to_nearest_ask_wall bid_pull_ratio_1s ask_pull_ratio_1s bid_passive_defense_holding ask_passive_defense_holding bid_passive_defense_failed ask_passive_defense_failed","CD-G16-037 CD-G16-038","bid_passive_defense_failed ask_passive_defense_failed","CD-G01-005 CD-G01-009 CD-G01-011 CD-G01-019 CD-G01-021 CD-G01-027 CD-G01-001 CD-G01-002 CD-G01-004 CD-G01-020","trade_event_fresh exchange_clock_aligned event_order_monotonic persistence_confirmed cross_source_time_aligned window_complete depth_book_synced depth_sequence_contiguous depth_event_fresh market_state_atomic","ALL predicate classes true using fresh evidence strictly after prior transition","HYBRID INFERRED","COMPOSITE_CONDITION_AVAILABLE INFERRED_MBP_REQUIRED","PAT-ICE-BREAK-STOPS-ACCEPT-001::E01","UNVALIDATED"
"OPR-115","OBSERVATION","price break","BREAK_ATTEMPT","DYNAMIC_FROM_PATTERN_CONTEXT","SIDE_RESOLVED","CD-G16-019 CD-G16-020 CD-G09-002 CD-G09-006","upside_breakout_attempt downside_breakout_attempt upward_progress_ticks_1s downward_progress_ticks_1s","CD-G16-023 CD-G16-024","upside_breakout_failure downside_breakout_failure","CD-G01-005 CD-G01-009 CD-G01-011 CD-G01-019 CD-G01-021 CD-G01-027 CD-G01-001 CD-G01-002 CD-G01-004 CD-G01-020","trade_event_fresh exchange_clock_aligned event_order_monotonic persistence_confirmed cross_source_time_aligned window_complete depth_book_synced depth_sequence_contiguous depth_event_fresh market_state_atomic","ALL predicate classes true using fresh evidence strictly after prior transition","HYBRID","COMPOSITE_CONDITION_AVAILABLE","PAT-ICE-BREAK-STOPS-ACCEPT-001::E02","UNVALIDATED"
"OPR-116","OBSERVATION","stops trigger","STOP_SWEEP","DYNAMIC_FROM_PATTERN_CONTEXT","SIDE_RESOLVED","CD-G16-042 CD-G16-043 CD-G16-044 CD-G16-045 CD-G08-014 CD-G08-038","upward_sweep_active downward_sweep_active upside_stop_run_like downside_stop_run_like buy_large_trade_count_1s sell_large_trade_count_1s","CD-G16-021 CD-G16-022","upside_breakout_follow_through downside_breakout_follow_through","CD-G01-005 CD-G01-009 CD-G01-011 CD-G01-019 CD-G01-021 CD-G01-027 CD-G01-001 CD-G01-002 CD-G01-004 CD-G01-020","trade_event_fresh exchange_clock_aligned event_order_monotonic persistence_confirmed cross_source_time_aligned window_complete depth_book_synced depth_sequence_contiguous depth_event_fresh market_state_atomic","ALL predicate classes true using fresh evidence strictly after prior transition","HYBRID","COMPOSITE_CONDITION_AVAILABLE","PAT-ICE-BREAK-STOPS-ACCEPT-001::E03","UNVALIDATED"
"OPR-117","OBSERVATION","aggression継続","TAPE_AGGRESSION","DYNAMIC_FROM_PATTERN_CONTEXT","SIDE_RESOLVED","CD-G08-002 CD-G08-014 CD-G08-017 CD-G08-023 CD-G08-026 CD-G08-038 CD-G08-041 CD-G08-047 CD-G10-002","buy_market_volume_1s buy_large_trade_count_1s buy_trade_rate_1s buy_side_share_1s sell_market_volume_1s sell_large_trade_count_1s sell_trade_rate_1s sell_side_share_1s trade_delta_5s","CD-G16-007 CD-G16-008","buyer_fade_active seller_fade_active","CD-G01-005 CD-G01-009 CD-G01-011 CD-G01-019 CD-G01-021 CD-G01-027","trade_event_fresh exchange_clock_aligned event_order_monotonic persistence_confirmed cross_source_time_aligned window_complete","ALL predicate classes true using fresh evidence strictly after prior transition","DIRECT","DERIVED_EVALUATOR_REQUIRED","PAT-ICE-BREAK-STOPS-ACCEPT-001::E04","UNVALIDATED"
"OPR-118","OBSERVATION","liquidityがprice後方へ形成","LIQUIDITY_STACK_REBUILD","DYNAMIC_FROM_PATTERN_CONTEXT","SIDE_RESOLVED","CD-G07-008 CD-G07-011 CD-G07-017 CD-G07-032 CD-G07-035 CD-G07-041","bid_net_flow_1s bid_refresh_count_1s bid_stack_ratio_1s ask_net_flow_1s ask_refresh_count_1s ask_stack_ratio_1s","CD-G07-014 CD-G07-038","bid_pull_ratio_1s ask_pull_ratio_1s","CD-G01-001 CD-G01-002 CD-G01-004 CD-G01-009 CD-G01-011 CD-G01-019 CD-G01-020 CD-G01-021 CD-G01-027","depth_book_synced depth_sequence_contiguous depth_event_fresh exchange_clock_aligned event_order_monotonic persistence_confirmed market_state_atomic cross_source_time_aligned window_complete","ALL predicate classes true using fresh evidence strictly after prior transition","DIRECT","DERIVED_EVALUATOR_REQUIRED","PAT-ICE-BREAK-STOPS-ACCEPT-001::E05","UNVALIDATED"
"OPR-119","OBSERVATION","retest hold","RETEST_SEQUENCE","DYNAMIC_FROM_PATTERN_CONTEXT","REFERENCE_SIDE_RESOLVED","CD-G16-013 CD-G16-014","repeated_high_test repeated_low_test","CD-G16-021 CD-G16-022 CD-G16-023 CD-G16-024","upside_breakout_follow_through downside_breakout_follow_through upside_breakout_failure downside_breakout_failure","CD-G01-005 CD-G01-009 CD-G01-011 CD-G01-019 CD-G01-021 CD-G01-027 CD-G01-001 CD-G01-002 CD-G01-004 CD-G01-020","trade_event_fresh exchange_clock_aligned event_order_monotonic persistence_confirmed cross_source_time_aligned window_complete depth_book_synced depth_sequence_contiguous depth_event_fresh market_state_atomic","ALL predicate classes true using fresh evidence strictly after prior transition","HYBRID","COMPOSITE_CONDITION_AVAILABLE","PAT-ICE-BREAK-STOPS-ACCEPT-001::E06","UNVALIDATED"
"OPR-120","OBSERVATION","prior high上のliquidity cluster","LOCATION_CONTEXT","DYNAMIC_FROM_PATTERN_CONTEXT","VARIANT_LOCATION","","","","","CD-G01-005 CD-G01-009 CD-G01-011 CD-G01-019 CD-G01-021 CD-G01-027 CD-G01-001 CD-G01-002 CD-G01-004 CD-G01-020","trade_event_fresh exchange_clock_aligned event_order_monotonic persistence_confirmed cross_source_time_aligned window_complete depth_book_synced depth_sequence_contiguous depth_event_fresh market_state_atomic","ALL predicate classes true using fresh evidence strictly after prior transition","DIRECT","VARIANT_LOCATION_SELECTOR","PAT-SWEEP-HIGH-ABSORB-SNAPBACK-001::E01","UNVALIDATED"
"OPR-121","OBSERVATION","aggressive buy sweep","STOP_SWEEP TAPE_AGGRESSION","EXPLICIT_BUY_OR_BID_COMPONENT","SIDE_RESOLVED","CD-G16-042 CD-G16-043 CD-G16-044 CD-G16-045 CD-G08-014 CD-G08-038 CD-G08-002 CD-G08-017 CD-G08-023 CD-G08-026 CD-G08-041 CD-G08-047 CD-G10-002","upward_sweep_active downward_sweep_active upside_stop_run_like downside_stop_run_like buy_large_trade_count_1s sell_large_trade_count_1s buy_market_volume_1s buy_trade_rate_1s buy_side_share_1s sell_market_volume_1s sell_trade_rate_1s sell_side_share_1s trade_delta_5s","CD-G16-021 CD-G16-022 CD-G16-007 CD-G16-008","upside_breakout_follow_through downside_breakout_follow_through buyer_fade_active seller_fade_active","CD-G01-005 CD-G01-009 CD-G01-011 CD-G01-019 CD-G01-021 CD-G01-027 CD-G01-001 CD-G01-002 CD-G01-004 CD-G01-020","trade_event_fresh exchange_clock_aligned event_order_monotonic persistence_confirmed cross_source_time_aligned window_complete depth_book_synced depth_sequence_contiguous depth_event_fresh market_state_atomic","ALL predicate classes true using fresh evidence strictly after prior transition","DIRECT HYBRID","COMPOSITE_CONDITION_AVAILABLE DERIVED_EVALUATOR_REQUIRED","PAT-SWEEP-HIGH-ABSORB-SNAPBACK-001::E02","UNVALIDATED"
"OPR-122","OBSERVATION","large sell absorption","ABSORPTION_STATE TAPE_AGGRESSION","EXPLICIT_SELL_OR_ASK_COMPONENT","SIDE_RESOLVED","CD-G16-001 CD-G16-002 CD-G09-026 CD-G09-030 CD-G08-002 CD-G08-014 CD-G08-017 CD-G08-023 CD-G08-026 CD-G08-038 CD-G08-041 CD-G08-047 CD-G10-002","bid_absorption_like_active ask_absorption_like_active buy_no_progress_ratio_1s sell_no_progress_ratio_1s buy_market_volume_1s buy_large_trade_count_1s buy_trade_rate_1s buy_side_share_1s sell_market_volume_1s sell_large_trade_count_1s sell_trade_rate_1s sell_side_share_1s trade_delta_5s","CD-G16-037 CD-G16-038 CD-G16-007 CD-G16-008","bid_passive_defense_failed ask_passive_defense_failed buyer_fade_active seller_fade_active","CD-G01-005 CD-G01-009 CD-G01-011 CD-G01-019 CD-G01-021 CD-G01-027 CD-G01-001 CD-G01-002 CD-G01-004 CD-G01-020","trade_event_fresh exchange_clock_aligned event_order_monotonic persistence_confirmed cross_source_time_aligned window_complete depth_book_synced depth_sequence_contiguous depth_event_fresh market_state_atomic","ALL predicate classes true using fresh evidence strictly after prior transition","DIRECT HYBRID","COMPOSITE_CONDITION_AVAILABLE DERIVED_EVALUATOR_REQUIRED","PAT-SWEEP-HIGH-ABSORB-SNAPBACK-001::E03","UNVALIDATED"
"OPR-123","OBSERVATION","no higher progress","PRICE_STALL","DYNAMIC_FROM_PATTERN_CONTEXT","SIDE_RESOLVED","CD-G09-026 CD-G09-030 CD-G16-033 CD-G16-034","buy_no_progress_ratio_1s sell_no_progress_ratio_1s buy_momentum_fading sell_momentum_fading","CD-G09-002 CD-G09-006","upward_progress_ticks_1s downward_progress_ticks_1s","CD-G01-005 CD-G01-009 CD-G01-011 CD-G01-019 CD-G01-021 CD-G01-027","trade_event_fresh exchange_clock_aligned event_order_monotonic persistence_confirmed cross_source_time_aligned window_complete","ALL predicate classes true using fresh evidence strictly after prior transition","HYBRID","DERIVED_EVALUATOR_REQUIRED","PAT-SWEEP-HIGH-ABSORB-SNAPBACK-001::E04","UNVALIDATED"
"OPR-124","OBSERVATION","prior range復帰","RECLAIM_RETURN","TERMINAL_SIDE","SIDE_RESOLVED","CD-G16-025 CD-G16-026 CD-G09-034 CD-G09-038","reclaim_above_reference reclaim_below_reference reversion_from_window_high_1s reversion_from_window_low_1s","CD-G16-017 CD-G16-018","acceptance_above_reference acceptance_below_reference","CD-G01-005 CD-G01-009 CD-G01-011 CD-G01-019 CD-G01-021 CD-G01-027","trade_event_fresh exchange_clock_aligned event_order_monotonic persistence_confirmed cross_source_time_aligned window_complete","ALL predicate classes true using fresh evidence strictly after prior transition","HYBRID","COMPOSITE_CONDITION_AVAILABLE","PAT-SWEEP-HIGH-ABSORB-SNAPBACK-001::E05 PAT-SWEEP-LOW-ABSORB-SNAPBACK-001::E05","UNVALIDATED"
"OPR-125","OBSERVATION","prior low下のliquidity cluster","LOCATION_CONTEXT","DYNAMIC_FROM_PATTERN_CONTEXT","VARIANT_LOCATION","","","","","CD-G01-005 CD-G01-009 CD-G01-011 CD-G01-019 CD-G01-021 CD-G01-027 CD-G01-001 CD-G01-002 CD-G01-004 CD-G01-020","trade_event_fresh exchange_clock_aligned event_order_monotonic persistence_confirmed cross_source_time_aligned window_complete depth_book_synced depth_sequence_contiguous depth_event_fresh market_state_atomic","ALL predicate classes true using fresh evidence strictly after prior transition","DIRECT","VARIANT_LOCATION_SELECTOR","PAT-SWEEP-LOW-ABSORB-SNAPBACK-001::E01","UNVALIDATED"
"OPR-126","OBSERVATION","aggressive sell sweep","STOP_SWEEP TAPE_AGGRESSION","EXPLICIT_SELL_OR_ASK_COMPONENT","SIDE_RESOLVED","CD-G16-042 CD-G16-043 CD-G16-044 CD-G16-045 CD-G08-014 CD-G08-038 CD-G08-002 CD-G08-017 CD-G08-023 CD-G08-026 CD-G08-041 CD-G08-047 CD-G10-002","upward_sweep_active downward_sweep_active upside_stop_run_like downside_stop_run_like buy_large_trade_count_1s sell_large_trade_count_1s buy_market_volume_1s buy_trade_rate_1s buy_side_share_1s sell_market_volume_1s sell_trade_rate_1s sell_side_share_1s trade_delta_5s","CD-G16-021 CD-G16-022 CD-G16-007 CD-G16-008","upside_breakout_follow_through downside_breakout_follow_through buyer_fade_active seller_fade_active","CD-G01-005 CD-G01-009 CD-G01-011 CD-G01-019 CD-G01-021 CD-G01-027 CD-G01-001 CD-G01-002 CD-G01-004 CD-G01-020","trade_event_fresh exchange_clock_aligned event_order_monotonic persistence_confirmed cross_source_time_aligned window_complete depth_book_synced depth_sequence_contiguous depth_event_fresh market_state_atomic","ALL predicate classes true using fresh evidence strictly after prior transition","DIRECT HYBRID","COMPOSITE_CONDITION_AVAILABLE DERIVED_EVALUATOR_REQUIRED","PAT-SWEEP-LOW-ABSORB-SNAPBACK-001::E02","UNVALIDATED"
"OPR-127","OBSERVATION","large buy absorption","ABSORPTION_STATE TAPE_AGGRESSION","EXPLICIT_BUY_OR_BID_COMPONENT","SIDE_RESOLVED","CD-G16-001 CD-G16-002 CD-G09-026 CD-G09-030 CD-G08-002 CD-G08-014 CD-G08-017 CD-G08-023 CD-G08-026 CD-G08-038 CD-G08-041 CD-G08-047 CD-G10-002","bid_absorption_like_active ask_absorption_like_active buy_no_progress_ratio_1s sell_no_progress_ratio_1s buy_market_volume_1s buy_large_trade_count_1s buy_trade_rate_1s buy_side_share_1s sell_market_volume_1s sell_large_trade_count_1s sell_trade_rate_1s sell_side_share_1s trade_delta_5s","CD-G16-037 CD-G16-038 CD-G16-007 CD-G16-008","bid_passive_defense_failed ask_passive_defense_failed buyer_fade_active seller_fade_active","CD-G01-005 CD-G01-009 CD-G01-011 CD-G01-019 CD-G01-021 CD-G01-027 CD-G01-001 CD-G01-002 CD-G01-004 CD-G01-020","trade_event_fresh exchange_clock_aligned event_order_monotonic persistence_confirmed cross_source_time_aligned window_complete depth_book_synced depth_sequence_contiguous depth_event_fresh market_state_atomic","ALL predicate classes true using fresh evidence strictly after prior transition","DIRECT HYBRID","COMPOSITE_CONDITION_AVAILABLE DERIVED_EVALUATOR_REQUIRED","PAT-SWEEP-LOW-ABSORB-SNAPBACK-001::E03","UNVALIDATED"
"OPR-128","OBSERVATION","no lower progress","PRICE_STALL","DYNAMIC_FROM_PATTERN_CONTEXT","SIDE_RESOLVED","CD-G09-026 CD-G09-030 CD-G16-033 CD-G16-034","buy_no_progress_ratio_1s sell_no_progress_ratio_1s buy_momentum_fading sell_momentum_fading","CD-G09-002 CD-G09-006","upward_progress_ticks_1s downward_progress_ticks_1s","CD-G01-005 CD-G01-009 CD-G01-011 CD-G01-019 CD-G01-021 CD-G01-027","trade_event_fresh exchange_clock_aligned event_order_monotonic persistence_confirmed cross_source_time_aligned window_complete","ALL predicate classes true using fresh evidence strictly after prior transition","HYBRID","DERIVED_EVALUATOR_REQUIRED","PAT-SWEEP-LOW-ABSORB-SNAPBACK-001::E04","UNVALIDATED"
"OPR-129","OBSERVATION","strong move","TREND_CONTEXT","DYNAMIC_FROM_PATTERN_CONTEXT","SIDE_RESOLVED","CD-G02-016 CD-G02-023 CD-G16-040 CD-G16-041 CD-G09-002 CD-G09-006","trend_regime regime_age directional_flow_resumed_up directional_flow_resumed_down upward_progress_ticks_1s downward_progress_ticks_1s","CD-G02-017","balance_regime","CD-G01-005 CD-G01-009 CD-G01-011 CD-G01-019 CD-G01-021 CD-G01-027","trade_event_fresh exchange_clock_aligned event_order_monotonic persistence_confirmed cross_source_time_aligned window_complete","ALL predicate classes true using fresh evidence strictly after prior transition","HYBRID","DERIVED_EVALUATOR_REQUIRED","PAT-SWEEP-ICEBERG-DRYUP-001::E01","UNVALIDATED"
"OPR-130","OBSERVATION","stop sweep","STOP_SWEEP","DYNAMIC_FROM_PATTERN_CONTEXT","SIDE_RESOLVED","CD-G16-042 CD-G16-043 CD-G16-044 CD-G16-045 CD-G08-014 CD-G08-038","upward_sweep_active downward_sweep_active upside_stop_run_like downside_stop_run_like buy_large_trade_count_1s sell_large_trade_count_1s","CD-G16-021 CD-G16-022","upside_breakout_follow_through downside_breakout_follow_through","CD-G01-005 CD-G01-009 CD-G01-011 CD-G01-019 CD-G01-021 CD-G01-027 CD-G01-001 CD-G01-002 CD-G01-004 CD-G01-020","trade_event_fresh exchange_clock_aligned event_order_monotonic persistence_confirmed cross_source_time_aligned window_complete depth_book_synced depth_sequence_contiguous depth_event_fresh market_state_atomic","ALL predicate classes true using fresh evidence strictly after prior transition","HYBRID","COMPOSITE_CONDITION_AVAILABLE","PAT-SWEEP-ICEBERG-DRYUP-001::E02","UNVALIDATED"
"OPR-131","OBSERVATION","iceberg-like wall execution","ICEBERG_REFILL WALL_STATE","DYNAMIC_FROM_PATTERN_CONTEXT","SIDE_RESOLVED","CD-G07-011 CD-G07-020 CD-G07-035 CD-G07-044 CD-G09-026 CD-G09-030 CD-G06-029 CD-G06-030 CD-G06-031 CD-G06-032 CD-G07-014 CD-G07-038 CD-G16-035 CD-G16-036 CD-G16-037 CD-G16-038","bid_refresh_count_1s bid_level_turnover_1s ask_refresh_count_1s ask_level_turnover_1s buy_no_progress_ratio_1s sell_no_progress_ratio_1s bid_wall_concentration_top10 distance_to_nearest_bid_wall ask_wall_concentration_top10 distance_to_nearest_ask_wall bid_pull_ratio_1s ask_pull_ratio_1s bid_passive_defense_holding ask_passive_defense_holding bid_passive_defense_failed ask_passive_defense_failed","CD-G16-037 CD-G16-038","bid_passive_defense_failed ask_passive_defense_failed","CD-G01-005 CD-G01-009 CD-G01-011 CD-G01-019 CD-G01-021 CD-G01-027 CD-G01-001 CD-G01-002 CD-G01-004 CD-G01-020","trade_event_fresh exchange_clock_aligned event_order_monotonic persistence_confirmed cross_source_time_aligned window_complete depth_book_synced depth_sequence_contiguous depth_event_fresh market_state_atomic","ALL predicate classes true using fresh evidence strictly after prior transition","HYBRID INFERRED","COMPOSITE_CONDITION_AVAILABLE INFERRED_MBP_REQUIRED","PAT-SWEEP-ICEBERG-DRYUP-001::E03","UNVALIDATED"
"OPR-132","OBSERVATION","aggressionがdry-up","TAPE_AGGRESSION TAPE_FADE","DYNAMIC_FROM_PATTERN_CONTEXT","SIDE_RESOLVED","CD-G08-002 CD-G08-014 CD-G08-017 CD-G08-023 CD-G08-026 CD-G08-038 CD-G08-041 CD-G08-047 CD-G10-002 CD-G16-007 CD-G16-008 CD-G16-033 CD-G16-034 CD-G10-014","buy_market_volume_1s buy_large_trade_count_1s buy_trade_rate_1s buy_side_share_1s sell_market_volume_1s sell_large_trade_count_1s sell_trade_rate_1s sell_side_share_1s trade_delta_5s buyer_fade_active seller_fade_active buy_momentum_fading sell_momentum_fading delta_acceleration_5s","CD-G16-007 CD-G16-008 CD-G16-009 CD-G16-010","buyer_fade_active seller_fade_active buyers_jump_in sellers_jump_in","CD-G01-005 CD-G01-009 CD-G01-011 CD-G01-019 CD-G01-021 CD-G01-027","trade_event_fresh exchange_clock_aligned event_order_monotonic persistence_confirmed cross_source_time_aligned window_complete","ALL predicate classes true using fresh evidence strictly after prior transition","DIRECT HYBRID","COMPOSITE_CONDITION_AVAILABLE DERIVED_EVALUATOR_REQUIRED","PAT-SWEEP-ICEBERG-DRYUP-001::E04","UNVALIDATED"
"OPR-133","OBSERVATION","opposite aggression開始","TAPE_AGGRESSION","TERMINAL_SIDE","SIDE_RESOLVED","CD-G08-002 CD-G08-014 CD-G08-017 CD-G08-023 CD-G08-026 CD-G08-038 CD-G08-041 CD-G08-047 CD-G10-002","buy_market_volume_1s buy_large_trade_count_1s buy_trade_rate_1s buy_side_share_1s sell_market_volume_1s sell_large_trade_count_1s sell_trade_rate_1s sell_side_share_1s trade_delta_5s","CD-G16-007 CD-G16-008","buyer_fade_active seller_fade_active","CD-G01-005 CD-G01-009 CD-G01-011 CD-G01-019 CD-G01-021 CD-G01-027","trade_event_fresh exchange_clock_aligned event_order_monotonic persistence_confirmed cross_source_time_aligned window_complete","ALL predicate classes true using fresh evidence strictly after prior transition","DIRECT","DERIVED_EVALUATOR_REQUIRED","PAT-SWEEP-ICEBERG-DRYUP-001::E05","UNVALIDATED"
"OPR-134","OBSERVATION","level break／stops","BREAK_ATTEMPT STOP_SWEEP","DYNAMIC_FROM_PATTERN_CONTEXT","SIDE_RESOLVED","CD-G16-019 CD-G16-020 CD-G09-002 CD-G09-006 CD-G16-042 CD-G16-043 CD-G16-044 CD-G16-045 CD-G08-014 CD-G08-038","upside_breakout_attempt downside_breakout_attempt upward_progress_ticks_1s downward_progress_ticks_1s upward_sweep_active downward_sweep_active upside_stop_run_like downside_stop_run_like buy_large_trade_count_1s sell_large_trade_count_1s","CD-G16-023 CD-G16-024 CD-G16-021 CD-G16-022","upside_breakout_failure downside_breakout_failure upside_breakout_follow_through downside_breakout_follow_through","CD-G01-005 CD-G01-009 CD-G01-011 CD-G01-019 CD-G01-021 CD-G01-027 CD-G01-001 CD-G01-002 CD-G01-004 CD-G01-020","trade_event_fresh exchange_clock_aligned event_order_monotonic persistence_confirmed cross_source_time_aligned window_complete depth_book_synced depth_sequence_contiguous depth_event_fresh market_state_atomic","ALL predicate classes true using fresh evidence strictly after prior transition","HYBRID","COMPOSITE_CONDITION_AVAILABLE","PAT-SWEEP-QUICK-RETURN-TRAP-001::E01","UNVALIDATED"
"OPR-135","OBSERVATION","outside滞在短い","BREAKOUT_FAILURE","DYNAMIC_FROM_PATTERN_CONTEXT","SIDE_RESOLVED","CD-G16-023 CD-G16-024 CD-G09-034 CD-G09-038","upside_breakout_failure downside_breakout_failure reversion_from_window_high_1s reversion_from_window_low_1s","CD-G16-021 CD-G16-022","upside_breakout_follow_through downside_breakout_follow_through","CD-G01-005 CD-G01-009 CD-G01-011 CD-G01-019 CD-G01-021 CD-G01-027 CD-G01-001 CD-G01-002 CD-G01-004 CD-G01-020","trade_event_fresh exchange_clock_aligned event_order_monotonic persistence_confirmed cross_source_time_aligned window_complete depth_book_synced depth_sequence_contiguous depth_event_fresh market_state_atomic","ALL predicate classes true using fresh evidence strictly after prior transition","HYBRID","COMPOSITE_CONDITION_AVAILABLE","PAT-SWEEP-QUICK-RETURN-TRAP-001::E02","UNVALIDATED"
"OPR-136","OBSERVATION","range内復帰","RECLAIM_RETURN","DYNAMIC_FROM_PATTERN_CONTEXT","SIDE_RESOLVED","CD-G16-025 CD-G16-026 CD-G09-034 CD-G09-038","reclaim_above_reference reclaim_below_reference reversion_from_window_high_1s reversion_from_window_low_1s","CD-G16-017 CD-G16-018","acceptance_above_reference acceptance_below_reference","CD-G01-005 CD-G01-009 CD-G01-011 CD-G01-019 CD-G01-021 CD-G01-027","trade_event_fresh exchange_clock_aligned event_order_monotonic persistence_confirmed cross_source_time_aligned window_complete","ALL predicate classes true using fresh evidence strictly after prior transition","HYBRID","COMPOSITE_CONDITION_AVAILABLE","PAT-SWEEP-QUICK-RETURN-TRAP-001::E03 PAT-FA-RANGE-BREAK-RETURN-001::E05","UNVALIDATED"
"OPR-137","OBSERVATION","breakout参加者のopposite exit flow","BREAK_ATTEMPT TRAPPED_PARTICIPANTS","TERMINAL_SIDE","SIDE_RESOLVED","CD-G16-019 CD-G16-020 CD-G09-002 CD-G09-006 CD-G16-011 CD-G16-012 CD-G09-034 CD-G09-038","upside_breakout_attempt downside_breakout_attempt upward_progress_ticks_1s downward_progress_ticks_1s trapped_buyers_like trapped_sellers_like reversion_from_window_high_1s reversion_from_window_low_1s","CD-G16-023 CD-G16-024 CD-G16-017 CD-G16-018","upside_breakout_failure downside_breakout_failure acceptance_above_reference acceptance_below_reference","CD-G01-005 CD-G01-009 CD-G01-011 CD-G01-019 CD-G01-021 CD-G01-027 CD-G01-001 CD-G01-002 CD-G01-004 CD-G01-020","trade_event_fresh exchange_clock_aligned event_order_monotonic persistence_confirmed cross_source_time_aligned window_complete depth_book_synced depth_sequence_contiguous depth_event_fresh market_state_atomic","ALL predicate classes true using fresh evidence strictly after prior transition","HYBRID INFERRED","COMPOSITE_CONDITION_AVAILABLE","PAT-SWEEP-QUICK-RETURN-TRAP-001::E04","UNVALIDATED"
"OPR-138","OBSERVATION","reverse acceleration","PRICE_PROGRESS","DYNAMIC_FROM_PATTERN_CONTEXT","SIDE_RESOLVED","CD-G09-002 CD-G09-006 CD-G09-018 CD-G09-022 CD-G16-021 CD-G16-022","upward_progress_ticks_1s downward_progress_ticks_1s buy_efficiency_1s sell_efficiency_1s upside_breakout_follow_through downside_breakout_follow_through","CD-G09-026 CD-G09-030","buy_no_progress_ratio_1s sell_no_progress_ratio_1s","CD-G01-005 CD-G01-009 CD-G01-011 CD-G01-019 CD-G01-021 CD-G01-027","trade_event_fresh exchange_clock_aligned event_order_monotonic persistence_confirmed cross_source_time_aligned window_complete","ALL predicate classes true using fresh evidence strictly after prior transition","DIRECT","DERIVED_EVALUATOR_REQUIRED","PAT-SWEEP-QUICK-RETURN-TRAP-001::E05","UNVALIDATED"
"OPR-139","OBSERVATION","low側stop run","STOP_SWEEP","DYNAMIC_FROM_PATTERN_CONTEXT","SIDE_RESOLVED","CD-G16-042 CD-G16-043 CD-G16-044 CD-G16-045 CD-G08-014 CD-G08-038","upward_sweep_active downward_sweep_active upside_stop_run_like downside_stop_run_like buy_large_trade_count_1s sell_large_trade_count_1s","CD-G16-021 CD-G16-022","upside_breakout_follow_through downside_breakout_follow_through","CD-G01-005 CD-G01-009 CD-G01-011 CD-G01-019 CD-G01-021 CD-G01-027 CD-G01-001 CD-G01-002 CD-G01-004 CD-G01-020","trade_event_fresh exchange_clock_aligned event_order_monotonic persistence_confirmed cross_source_time_aligned window_complete depth_book_synced depth_sequence_contiguous depth_event_fresh market_state_atomic","ALL predicate classes true using fresh evidence strictly after prior transition","HYBRID","COMPOSITE_CONDITION_AVAILABLE","PAT-SWEEP-FRONTRUN-LIQUIDITY-TARGET-001::E01","UNVALIDATED"
"OPR-140","OBSERVATION","buy absorptionがlarge bid liquidity前で出現","ABSORPTION_STATE LIQUIDITY_STACK_REBUILD TAPE_AGGRESSION","EXPLICIT_BUY_OR_BID_COMPONENT","SIDE_RESOLVED","CD-G16-001 CD-G16-002 CD-G09-026 CD-G09-030 CD-G07-008 CD-G07-011 CD-G07-017 CD-G07-032 CD-G07-035 CD-G07-041 CD-G08-002 CD-G08-014 CD-G08-017 CD-G08-023 CD-G08-026 CD-G08-038 CD-G08-041 CD-G08-047 CD-G10-002","bid_absorption_like_active ask_absorption_like_active buy_no_progress_ratio_1s sell_no_progress_ratio_1s bid_net_flow_1s bid_refresh_count_1s bid_stack_ratio_1s ask_net_flow_1s ask_refresh_count_1s ask_stack_ratio_1s buy_market_volume_1s buy_large_trade_count_1s buy_trade_rate_1s buy_side_share_1s sell_market_volume_1s sell_large_trade_count_1s sell_trade_rate_1s sell_side_share_1s trade_delta_5s","CD-G16-037 CD-G16-038 CD-G07-014 CD-G07-038 CD-G16-007 CD-G16-008","bid_passive_defense_failed ask_passive_defense_failed bid_pull_ratio_1s ask_pull_ratio_1s buyer_fade_active seller_fade_active","CD-G01-005 CD-G01-009 CD-G01-011 CD-G01-019 CD-G01-021 CD-G01-027 CD-G01-001 CD-G01-002 CD-G01-004 CD-G01-020","trade_event_fresh exchange_clock_aligned event_order_monotonic persistence_confirmed cross_source_time_aligned window_complete depth_book_synced depth_sequence_contiguous depth_event_fresh market_state_atomic","ALL predicate classes true using fresh evidence strictly after prior transition","DIRECT HYBRID","COMPOSITE_CONDITION_AVAILABLE DERIVED_EVALUATOR_REQUIRED","PAT-SWEEP-FRONTRUN-LIQUIDITY-TARGET-001::E02","UNVALIDATED"
"OPR-141","OBSERVATION","bottom維持","PRICE_ACCEPTANCE","DYNAMIC_FROM_PATTERN_CONTEXT","SIDE_RESOLVED","CD-G16-017 CD-G16-018 CD-G11-029 CD-G11-031","acceptance_above_reference acceptance_below_reference acceptance_above_value_session acceptance_below_value_session","CD-G16-023 CD-G16-024","upside_breakout_failure downside_breakout_failure","CD-G01-005 CD-G01-009 CD-G01-011 CD-G01-019 CD-G01-021 CD-G01-027","trade_event_fresh exchange_clock_aligned event_order_monotonic persistence_confirmed cross_source_time_aligned window_complete","ALL predicate classes true using fresh evidence strictly after prior transition","HYBRID","COMPOSITE_CONDITION_AVAILABLE","PAT-SWEEP-FRONTRUN-LIQUIDITY-TARGET-001::E03","UNVALIDATED"
"OPR-142","OBSERVATION","upper offer liquidityへ移動","LIQUIDITY_STACK_REBUILD","DYNAMIC_FROM_PATTERN_CONTEXT","SIDE_RESOLVED","CD-G07-008 CD-G07-011 CD-G07-017 CD-G07-032 CD-G07-035 CD-G07-041","bid_net_flow_1s bid_refresh_count_1s bid_stack_ratio_1s ask_net_flow_1s ask_refresh_count_1s ask_stack_ratio_1s","CD-G07-014 CD-G07-038","bid_pull_ratio_1s ask_pull_ratio_1s","CD-G01-001 CD-G01-002 CD-G01-004 CD-G01-009 CD-G01-011 CD-G01-019 CD-G01-020 CD-G01-021 CD-G01-027","depth_book_synced depth_sequence_contiguous depth_event_fresh exchange_clock_aligned event_order_monotonic persistence_confirmed market_state_atomic cross_source_time_aligned window_complete","ALL predicate classes true using fresh evidence strictly after prior transition","DIRECT","DERIVED_EVALUATOR_REQUIRED","PAT-SWEEP-FRONTRUN-LIQUIDITY-TARGET-001::E05","UNVALIDATED"
"OPR-143","OBSERVATION","balance range","BALANCE_CONTEXT","DYNAMIC_FROM_PATTERN_CONTEXT","SYMMETRIC","CD-G02-017 CD-G02-018 CD-G11-013 CD-G11-014","balance_regime compression_regime profile_balance_score_session profile_balance_score_rolling_1h","CD-G02-019","expansion_regime","CD-G01-005 CD-G01-009 CD-G01-011 CD-G01-019 CD-G01-021 CD-G01-027","trade_event_fresh exchange_clock_aligned event_order_monotonic persistence_confirmed cross_source_time_aligned window_complete","ALL predicate classes true using fresh evidence strictly after prior transition","DIRECT","DERIVED_EVALUATOR_REQUIRED","PAT-FA-RANGE-BREAK-RETURN-001::E01","UNVALIDATED"
"OPR-144","OBSERVATION","boundary break","BREAK_ATTEMPT LOCATION_CONTEXT","DYNAMIC_FROM_PATTERN_CONTEXT","SIDE_RESOLVED VARIANT_LOCATION","CD-G16-019 CD-G16-020 CD-G09-002 CD-G09-006","upside_breakout_attempt downside_breakout_attempt upward_progress_ticks_1s downward_progress_ticks_1s","CD-G16-023 CD-G16-024","upside_breakout_failure downside_breakout_failure","CD-G01-005 CD-G01-009 CD-G01-011 CD-G01-019 CD-G01-021 CD-G01-027 CD-G01-001 CD-G01-002 CD-G01-004 CD-G01-020","trade_event_fresh exchange_clock_aligned event_order_monotonic persistence_confirmed cross_source_time_aligned window_complete depth_book_synced depth_sequence_contiguous depth_event_fresh market_state_atomic","ALL predicate classes true using fresh evidence strictly after prior transition","DIRECT HYBRID","COMPOSITE_CONDITION_AVAILABLE VARIANT_LOCATION_SELECTOR","PAT-FA-RANGE-BREAK-RETURN-001::E02","UNVALIDATED"
"OPR-145","OBSERVATION","sustained participation欠如","BREAKOUT_FAILURE TAPE_PARTICIPATION","DYNAMIC_FROM_PATTERN_CONTEXT","SIDE_RESOLVED","CD-G16-023 CD-G16-024 CD-G09-034 CD-G09-038 CD-G04-015 CD-G08-002 CD-G08-005 CD-G08-026 CD-G08-029","upside_breakout_failure downside_breakout_failure reversion_from_window_high_1s reversion_from_window_low_1s trade_rate_percentile_1m buy_market_volume_1s buy_trade_count_1s sell_market_volume_1s sell_trade_count_1s","CD-G16-021 CD-G16-022 CD-G04-015","upside_breakout_follow_through downside_breakout_follow_through trade_rate_percentile_1m","CD-G01-005 CD-G01-009 CD-G01-011 CD-G01-019 CD-G01-021 CD-G01-027 CD-G01-001 CD-G01-002 CD-G01-004 CD-G01-020","trade_event_fresh exchange_clock_aligned event_order_monotonic persistence_confirmed cross_source_time_aligned window_complete depth_book_synced depth_sequence_contiguous depth_event_fresh market_state_atomic","ALL predicate classes true using fresh evidence strictly after prior transition","DIRECT HYBRID","COMPOSITE_CONDITION_AVAILABLE DERIVED_EVALUATOR_REQUIRED","PAT-FA-RANGE-BREAK-RETURN-001::E03","UNVALIDATED"
"OPR-146","OBSERVATION","supporting liquidity不形成","LIQUIDITY_STACK_REBUILD","DYNAMIC_FROM_PATTERN_CONTEXT","SIDE_RESOLVED","CD-G07-008 CD-G07-011 CD-G07-017 CD-G07-032 CD-G07-035 CD-G07-041","bid_net_flow_1s bid_refresh_count_1s bid_stack_ratio_1s ask_net_flow_1s ask_refresh_count_1s ask_stack_ratio_1s","CD-G07-014 CD-G07-038","bid_pull_ratio_1s ask_pull_ratio_1s","CD-G01-001 CD-G01-002 CD-G01-004 CD-G01-009 CD-G01-011 CD-G01-019 CD-G01-020 CD-G01-021 CD-G01-027","depth_book_synced depth_sequence_contiguous depth_event_fresh exchange_clock_aligned event_order_monotonic persistence_confirmed market_state_atomic cross_source_time_aligned window_complete","ALL predicate classes true using fresh evidence strictly after prior transition","DIRECT","DERIVED_EVALUATOR_REQUIRED","PAT-FA-RANGE-BREAK-RETURN-001::E04","UNVALIDATED"
"OPR-147","OBSERVATION","selected extreme break","BREAK_ATTEMPT","DYNAMIC_FROM_PATTERN_CONTEXT","SIDE_RESOLVED","CD-G16-019 CD-G16-020 CD-G09-002 CD-G09-006","upside_breakout_attempt downside_breakout_attempt upward_progress_ticks_1s downward_progress_ticks_1s","CD-G16-023 CD-G16-024","upside_breakout_failure downside_breakout_failure","CD-G01-005 CD-G01-009 CD-G01-011 CD-G01-019 CD-G01-021 CD-G01-027 CD-G01-001 CD-G01-002 CD-G01-004 CD-G01-020","trade_event_fresh exchange_clock_aligned event_order_monotonic persistence_confirmed cross_source_time_aligned window_complete depth_book_synced depth_sequence_contiguous depth_event_fresh market_state_atomic","ALL predicate classes true using fresh evidence strictly after prior transition","HYBRID","COMPOSITE_CONDITION_AVAILABLE","PAT-FA-EXTREME-HVN-FLICKBACK-001::E01","UNVALIDATED"
"OPR-148","OBSERVATION","outsideでsmall HVN形成","PROFILE_AUCTION","DYNAMIC_FROM_PATTERN_CONTEXT","REFERENCE_SIDE_RESOLVED","CD-G11-001 CD-G11-007 CD-G11-009 CD-G11-017 CD-G11-019 CD-G11-029 CD-G11-031","point_of_control_distance_session high_volume_node_distance_session low_volume_node_distance_session poc_migration_session value_area_migration_session acceptance_above_value_session acceptance_below_value_session","CD-G11-017 CD-G11-019","poc_migration_session value_area_migration_session","CD-G01-005 CD-G01-009 CD-G01-011 CD-G01-027 CD-G01-028","trade_event_fresh exchange_clock_aligned event_order_monotonic window_complete baseline_sample_sufficient","ALL predicate classes true using fresh evidence strictly after prior transition","DERIVED","DERIVED_EVALUATOR_REQUIRED","PAT-FA-EXTREME-HVN-FLICKBACK-001::E02","UNVALIDATED"
"OPR-149","OBSERVATION","priceが先へ進めない","PRICE_STALL","DYNAMIC_FROM_PATTERN_CONTEXT","SIDE_RESOLVED","CD-G09-026 CD-G09-030 CD-G16-033 CD-G16-034","buy_no_progress_ratio_1s sell_no_progress_ratio_1s buy_momentum_fading sell_momentum_fading","CD-G09-002 CD-G09-006","upward_progress_ticks_1s downward_progress_ticks_1s","CD-G01-005 CD-G01-009 CD-G01-011 CD-G01-019 CD-G01-021 CD-G01-027","trade_event_fresh exchange_clock_aligned event_order_monotonic persistence_confirmed cross_source_time_aligned window_complete","ALL predicate classes true using fresh evidence strictly after prior transition","HYBRID","DERIVED_EVALUATOR_REQUIRED","PAT-FA-EXTREME-HVN-FLICKBACK-001::E03","UNVALIDATED"
"OPR-150","OBSERVATION","range側へflick","RECLAIM_RETURN","DYNAMIC_FROM_PATTERN_CONTEXT","SIDE_RESOLVED","CD-G16-025 CD-G16-026 CD-G09-034 CD-G09-038","reclaim_above_reference reclaim_below_reference reversion_from_window_high_1s reversion_from_window_low_1s","CD-G16-017 CD-G16-018","acceptance_above_reference acceptance_below_reference","CD-G01-005 CD-G01-009 CD-G01-011 CD-G01-019 CD-G01-021 CD-G01-027","trade_event_fresh exchange_clock_aligned event_order_monotonic persistence_confirmed cross_source_time_aligned window_complete","ALL predicate classes true using fresh evidence strictly after prior transition","HYBRID","COMPOSITE_CONDITION_AVAILABLE","PAT-FA-EXTREME-HVN-FLICKBACK-001::E04","UNVALIDATED"
"OPR-151","OBSERVATION","LVNを後方へ残す","PROFILE_AUCTION","DYNAMIC_FROM_PATTERN_CONTEXT","REFERENCE_SIDE_RESOLVED","CD-G11-001 CD-G11-007 CD-G11-009 CD-G11-017 CD-G11-019 CD-G11-029 CD-G11-031","point_of_control_distance_session high_volume_node_distance_session low_volume_node_distance_session poc_migration_session value_area_migration_session acceptance_above_value_session acceptance_below_value_session","CD-G11-017 CD-G11-019","poc_migration_session value_area_migration_session","CD-G01-005 CD-G01-009 CD-G01-011 CD-G01-027 CD-G01-028","trade_event_fresh exchange_clock_aligned event_order_monotonic window_complete baseline_sample_sufficient","ALL predicate classes true using fresh evidence strictly after prior transition","DERIVED","DERIVED_EVALUATOR_REQUIRED","PAT-FA-EXTREME-HVN-FLICKBACK-001::E05","UNVALIDATED"
"OPR-152","OBSERVATION","extreme tail","AUCTION_EXCESS","DYNAMIC_FROM_PATTERN_CONTEXT","REFERENCE_SIDE_RESOLVED","CD-G11-021 CD-G11-023 CD-G11-025 CD-G11-027","excess_high_score_session excess_low_score_session poor_high_score_session poor_low_score_session","CD-G11-029 CD-G11-031","acceptance_above_value_session acceptance_below_value_session","CD-G01-005 CD-G01-009 CD-G01-011 CD-G01-019 CD-G01-021 CD-G01-027","trade_event_fresh exchange_clock_aligned event_order_monotonic persistence_confirmed cross_source_time_aligned window_complete","ALL predicate classes true using fresh evidence strictly after prior transition","DERIVED","DERIVED_EVALUATOR_REQUIRED","PAT-FA-TAIL-RANGE-FAILED-CONTINUE-001::E01","UNVALIDATED"
"OPR-153","OBSERVATION","tail上／下でtight range保持","BALANCE_CONTEXT PRICE_ACCEPTANCE","DYNAMIC_FROM_PATTERN_CONTEXT","SIDE_RESOLVED SYMMETRIC","CD-G02-017 CD-G02-018 CD-G11-013 CD-G11-014 CD-G16-017 CD-G16-018 CD-G11-029 CD-G11-031","balance_regime compression_regime profile_balance_score_session profile_balance_score_rolling_1h acceptance_above_reference acceptance_below_reference acceptance_above_value_session acceptance_below_value_session","CD-G02-019 CD-G16-023 CD-G16-024","expansion_regime upside_breakout_failure downside_breakout_failure","CD-G01-005 CD-G01-009 CD-G01-011 CD-G01-019 CD-G01-021 CD-G01-027","trade_event_fresh exchange_clock_aligned event_order_monotonic persistence_confirmed cross_source_time_aligned window_complete","ALL predicate classes true using fresh evidence strictly after prior transition","DIRECT HYBRID","COMPOSITE_CONDITION_AVAILABLE DERIVED_EVALUATOR_REQUIRED","PAT-FA-TAIL-RANGE-FAILED-CONTINUE-001::E02","UNVALIDATED"
"OPR-154","OBSERVATION","trend方向へ再break試行","BREAK_ATTEMPT TREND_CONTEXT","DYNAMIC_FROM_PATTERN_CONTEXT","SIDE_RESOLVED","CD-G16-019 CD-G16-020 CD-G09-002 CD-G09-006 CD-G02-016 CD-G02-023 CD-G16-040 CD-G16-041","upside_breakout_attempt downside_breakout_attempt upward_progress_ticks_1s downward_progress_ticks_1s trend_regime regime_age directional_flow_resumed_up directional_flow_resumed_down","CD-G16-023 CD-G16-024 CD-G02-017","upside_breakout_failure downside_breakout_failure balance_regime","CD-G01-005 CD-G01-009 CD-G01-011 CD-G01-019 CD-G01-021 CD-G01-027 CD-G01-001 CD-G01-002 CD-G01-004 CD-G01-020","trade_event_fresh exchange_clock_aligned event_order_monotonic persistence_confirmed cross_source_time_aligned window_complete depth_book_synced depth_sequence_contiguous depth_event_fresh market_state_atomic","ALL predicate classes true using fresh evidence strictly after prior transition","HYBRID","COMPOSITE_CONDITION_AVAILABLE DERIVED_EVALUATOR_REQUIRED","PAT-FA-TAIL-RANGE-FAILED-CONTINUE-001::E03","UNVALIDATED"
"OPR-155","OBSERVATION","直ちにrange内へ戻る","RECLAIM_RETURN","DYNAMIC_FROM_PATTERN_CONTEXT","SIDE_RESOLVED","CD-G16-025 CD-G16-026 CD-G09-034 CD-G09-038","reclaim_above_reference reclaim_below_reference reversion_from_window_high_1s reversion_from_window_low_1s","CD-G16-017 CD-G16-018","acceptance_above_reference acceptance_below_reference","CD-G01-005 CD-G01-009 CD-G01-011 CD-G01-019 CD-G01-021 CD-G01-027","trade_event_fresh exchange_clock_aligned event_order_monotonic persistence_confirmed cross_source_time_aligned window_complete","ALL predicate classes true using fresh evidence strictly after prior transition","HYBRID","COMPOSITE_CONDITION_AVAILABLE","PAT-FA-TAIL-RANGE-FAILED-CONTINUE-001::E04","UNVALIDATED"
"OPR-156","OBSERVATION","opposite jump","TAPE_AGGRESSION","TERMINAL_SIDE","SIDE_RESOLVED","CD-G08-002 CD-G08-014 CD-G08-017 CD-G08-023 CD-G08-026 CD-G08-038 CD-G08-041 CD-G08-047 CD-G10-002","buy_market_volume_1s buy_large_trade_count_1s buy_trade_rate_1s buy_side_share_1s sell_market_volume_1s sell_large_trade_count_1s sell_trade_rate_1s sell_side_share_1s trade_delta_5s","CD-G16-007 CD-G16-008","buyer_fade_active seller_fade_active","CD-G01-005 CD-G01-009 CD-G01-011 CD-G01-019 CD-G01-021 CD-G01-027","trade_event_fresh exchange_clock_aligned event_order_monotonic persistence_confirmed cross_source_time_aligned window_complete","ALL predicate classes true using fresh evidence strictly after prior transition","DIRECT","DERIVED_EVALUATOR_REQUIRED","PAT-FA-TAIL-RANGE-FAILED-CONTINUE-001::E05","UNVALIDATED"
"OPR-157","OBSERVATION","unfinished auction at extreme","AUCTION_EXCESS","DYNAMIC_FROM_PATTERN_CONTEXT","REFERENCE_SIDE_RESOLVED","CD-G11-021 CD-G11-023 CD-G11-025 CD-G11-027","excess_high_score_session excess_low_score_session poor_high_score_session poor_low_score_session","CD-G11-029 CD-G11-031","acceptance_above_value_session acceptance_below_value_session","CD-G01-005 CD-G01-009 CD-G01-011 CD-G01-019 CD-G01-021 CD-G01-027","trade_event_fresh exchange_clock_aligned event_order_monotonic persistence_confirmed cross_source_time_aligned window_complete","ALL predicate classes true using fresh evidence strictly after prior transition","DERIVED","DERIVED_EVALUATOR_REQUIRED","PAT-FA-UNFINISHED-DRYUP-REVERSAL-001::E02","UNVALIDATED"
"OPR-158","OBSERVATION","initiator volume dry-up","TAPE_AGGRESSION TAPE_FADE TAPE_PARTICIPATION","OBSERVED_INITIATOR_SIDE","SIDE_RESOLVED","CD-G08-002 CD-G08-014 CD-G08-017 CD-G08-023 CD-G08-026 CD-G08-038 CD-G08-041 CD-G08-047 CD-G10-002 CD-G16-007 CD-G16-008 CD-G16-033 CD-G16-034 CD-G10-014 CD-G04-015 CD-G08-005 CD-G08-029","buy_market_volume_1s buy_large_trade_count_1s buy_trade_rate_1s buy_side_share_1s sell_market_volume_1s sell_large_trade_count_1s sell_trade_rate_1s sell_side_share_1s trade_delta_5s buyer_fade_active seller_fade_active buy_momentum_fading sell_momentum_fading delta_acceleration_5s trade_rate_percentile_1m buy_trade_count_1s sell_trade_count_1s","CD-G16-007 CD-G16-008 CD-G16-009 CD-G16-010 CD-G04-015","buyer_fade_active seller_fade_active buyers_jump_in sellers_jump_in trade_rate_percentile_1m","CD-G01-005 CD-G01-009 CD-G01-011 CD-G01-019 CD-G01-021 CD-G01-027","trade_event_fresh exchange_clock_aligned event_order_monotonic persistence_confirmed cross_source_time_aligned window_complete","ALL predicate classes true using fresh evidence strictly after prior transition","DIRECT HYBRID","COMPOSITE_CONDITION_AVAILABLE DERIVED_EVALUATOR_REQUIRED","PAT-FA-UNFINISHED-DRYUP-REVERSAL-001::E03","UNVALIDATED"
"OPR-159","OBSERVATION","opposite side advance","PRICE_PROGRESS","TERMINAL_SIDE","SIDE_RESOLVED","CD-G09-002 CD-G09-006 CD-G09-018 CD-G09-022 CD-G16-021 CD-G16-022","upward_progress_ticks_1s downward_progress_ticks_1s buy_efficiency_1s sell_efficiency_1s upside_breakout_follow_through downside_breakout_follow_through","CD-G09-026 CD-G09-030","buy_no_progress_ratio_1s sell_no_progress_ratio_1s","CD-G01-005 CD-G01-009 CD-G01-011 CD-G01-019 CD-G01-021 CD-G01-027","trade_event_fresh exchange_clock_aligned event_order_monotonic persistence_confirmed cross_source_time_aligned window_complete","ALL predicate classes true using fresh evidence strictly after prior transition","DIRECT","DERIVED_EVALUATOR_REQUIRED","PAT-FA-UNFINISHED-DRYUP-REVERSAL-001::E04","UNVALIDATED"
"OPR-160","OBSERVATION","price reversal","PRICE_REVERSAL","TERMINAL_SIDE","SIDE_RESOLVED","CD-G09-034 CD-G09-038 CD-G16-015 CD-G16-016 CD-G16-040 CD-G16-041","reversion_from_window_high_1s reversion_from_window_low_1s high_rejection_active low_rejection_active directional_flow_resumed_up directional_flow_resumed_down","CD-G16-021 CD-G16-022","upside_breakout_follow_through downside_breakout_follow_through","CD-G01-005 CD-G01-009 CD-G01-011 CD-G01-019 CD-G01-021 CD-G01-027","trade_event_fresh exchange_clock_aligned event_order_monotonic persistence_confirmed cross_source_time_aligned window_complete","ALL predicate classes true using fresh evidence strictly after prior transition","HYBRID","COMPOSITE_CONDITION_AVAILABLE","PAT-FA-UNFINISHED-DRYUP-REVERSAL-001::E05 PAT-PS-WALL-PULL-FRAGILITY-001::E06","UNVALIDATED"
"OPR-161","OBSERVATION","event impulse","EVENT_REACTION","DYNAMIC_FROM_PATTERN_CONTEXT","DYNAMIC_FROM_EVENT","CD-G02-014 CD-G02-015 CD-G08-002 CD-G08-026","scheduled_macro_event_proximity post_news_cooldown_state buy_market_volume_1s sell_market_volume_1s","CD-G02-015","post_news_cooldown_state","CD-G01-005 CD-G01-009 CD-G01-011 CD-G01-019 CD-G01-021 CD-G01-027","trade_event_fresh exchange_clock_aligned event_order_monotonic persistence_confirmed cross_source_time_aligned window_complete","ALL predicate classes true using fresh evidence strictly after prior transition","LIMITED","EXT_CALENDAR_REQUIRED","PAT-FA-EVENT-NO-VALUE-MIGRATION-001::E01","UNVALIDATED"
"OPR-162","OBSERVATION","breakout","BREAK_ATTEMPT","DYNAMIC_FROM_PATTERN_CONTEXT","SIDE_RESOLVED","CD-G16-019 CD-G16-020 CD-G09-002 CD-G09-006","upside_breakout_attempt downside_breakout_attempt upward_progress_ticks_1s downward_progress_ticks_1s","CD-G16-023 CD-G16-024","upside_breakout_failure downside_breakout_failure","CD-G01-005 CD-G01-009 CD-G01-011 CD-G01-019 CD-G01-021 CD-G01-027 CD-G01-001 CD-G01-002 CD-G01-004 CD-G01-020","trade_event_fresh exchange_clock_aligned event_order_monotonic persistence_confirmed cross_source_time_aligned window_complete depth_book_synced depth_sequence_contiguous depth_event_fresh market_state_atomic","ALL predicate classes true using fresh evidence strictly after prior transition","HYBRID","COMPOSITE_CONDITION_AVAILABLE","PAT-FA-EVENT-NO-VALUE-MIGRATION-001::E02 PAT-PS-BEHIND-PRICE-STACK-RETEST-001::E01","UNVALIDATED"
"OPR-163","OBSERVATION","sustained volume欠如","BREAKOUT_FAILURE TAPE_PARTICIPATION","DYNAMIC_FROM_PATTERN_CONTEXT","SIDE_RESOLVED","CD-G16-023 CD-G16-024 CD-G09-034 CD-G09-038 CD-G04-015 CD-G08-002 CD-G08-005 CD-G08-026 CD-G08-029","upside_breakout_failure downside_breakout_failure reversion_from_window_high_1s reversion_from_window_low_1s trade_rate_percentile_1m buy_market_volume_1s buy_trade_count_1s sell_market_volume_1s sell_trade_count_1s","CD-G16-021 CD-G16-022 CD-G04-015","upside_breakout_follow_through downside_breakout_follow_through trade_rate_percentile_1m","CD-G01-005 CD-G01-009 CD-G01-011 CD-G01-019 CD-G01-021 CD-G01-027 CD-G01-001 CD-G01-002 CD-G01-004 CD-G01-020","trade_event_fresh exchange_clock_aligned event_order_monotonic persistence_confirmed cross_source_time_aligned window_complete depth_book_synced depth_sequence_contiguous depth_event_fresh market_state_atomic","ALL predicate classes true using fresh evidence strictly after prior transition","DIRECT HYBRID","COMPOSITE_CONDITION_AVAILABLE DERIVED_EVALUATOR_REQUIRED","PAT-FA-EVENT-NO-VALUE-MIGRATION-001::E03","UNVALIDATED"
"OPR-164","OBSERVATION","liquidity support欠如","LIQUIDITY_STACK_REBUILD","DYNAMIC_FROM_PATTERN_CONTEXT","SIDE_RESOLVED","CD-G07-008 CD-G07-011 CD-G07-017 CD-G07-032 CD-G07-035 CD-G07-041","bid_net_flow_1s bid_refresh_count_1s bid_stack_ratio_1s ask_net_flow_1s ask_refresh_count_1s ask_stack_ratio_1s","CD-G07-014 CD-G07-038","bid_pull_ratio_1s ask_pull_ratio_1s","CD-G01-001 CD-G01-002 CD-G01-004 CD-G01-009 CD-G01-011 CD-G01-019 CD-G01-020 CD-G01-021 CD-G01-027","depth_book_synced depth_sequence_contiguous depth_event_fresh exchange_clock_aligned event_order_monotonic persistence_confirmed market_state_atomic cross_source_time_aligned window_complete","ALL predicate classes true using fresh evidence strictly after prior transition","DIRECT","DERIVED_EVALUATOR_REQUIRED","PAT-FA-EVENT-NO-VALUE-MIGRATION-001::E04","UNVALIDATED"
"OPR-165","OBSERVATION","new value不形成","BREAKOUT_FAILURE PROFILE_AUCTION","DYNAMIC_FROM_PATTERN_CONTEXT","REFERENCE_SIDE_RESOLVED SIDE_RESOLVED","CD-G16-023 CD-G16-024 CD-G09-034 CD-G09-038 CD-G11-001 CD-G11-007 CD-G11-009 CD-G11-017 CD-G11-019 CD-G11-029 CD-G11-031","upside_breakout_failure downside_breakout_failure reversion_from_window_high_1s reversion_from_window_low_1s point_of_control_distance_session high_volume_node_distance_session low_volume_node_distance_session poc_migration_session value_area_migration_session acceptance_above_value_session acceptance_below_value_session","CD-G16-021 CD-G16-022 CD-G11-017 CD-G11-019","upside_breakout_follow_through downside_breakout_follow_through poc_migration_session value_area_migration_session","CD-G01-005 CD-G01-009 CD-G01-011 CD-G01-019 CD-G01-021 CD-G01-027 CD-G01-001 CD-G01-002 CD-G01-004 CD-G01-020 CD-G01-028","trade_event_fresh exchange_clock_aligned event_order_monotonic persistence_confirmed cross_source_time_aligned window_complete depth_book_synced depth_sequence_contiguous depth_event_fresh market_state_atomic baseline_sample_sufficient","ALL predicate classes true using fresh evidence strictly after prior transition","DERIVED HYBRID","COMPOSITE_CONDITION_AVAILABLE DERIVED_EVALUATOR_REQUIRED","PAT-FA-EVENT-NO-VALUE-MIGRATION-001::E05","UNVALIDATED"
"OPR-166","OBSERVATION","old range復帰","RECLAIM_RETURN","TERMINAL_SIDE","SIDE_RESOLVED","CD-G16-025 CD-G16-026 CD-G09-034 CD-G09-038","reclaim_above_reference reclaim_below_reference reversion_from_window_high_1s reversion_from_window_low_1s","CD-G16-017 CD-G16-018","acceptance_above_reference acceptance_below_reference","CD-G01-005 CD-G01-009 CD-G01-011 CD-G01-019 CD-G01-021 CD-G01-027","trade_event_fresh exchange_clock_aligned event_order_monotonic persistence_confirmed cross_source_time_aligned window_complete","ALL predicate classes true using fresh evidence strictly after prior transition","HYBRID","COMPOSITE_CONDITION_AVAILABLE","PAT-FA-EVENT-NO-VALUE-MIGRATION-001::E06","UNVALIDATED"
"OPR-167","OBSERVATION","long-side context","TREND_CONTEXT","DYNAMIC_FROM_PATTERN_CONTEXT","SIDE_RESOLVED","CD-G02-016 CD-G02-023 CD-G16-040 CD-G16-041 CD-G09-002 CD-G09-006","trend_regime regime_age directional_flow_resumed_up directional_flow_resumed_down upward_progress_ticks_1s downward_progress_ticks_1s","CD-G02-017","balance_regime","CD-G01-005 CD-G01-009 CD-G01-011 CD-G01-019 CD-G01-021 CD-G01-027","trade_event_fresh exchange_clock_aligned event_order_monotonic persistence_confirmed cross_source_time_aligned window_complete","ALL predicate classes true using fresh evidence strictly after prior transition","HYBRID","DERIVED_EVALUATOR_REQUIRED","PAT-PS-BID-PULL-ASK-STACK-001::E01","UNVALIDATED"
"OPR-168","OBSERVATION","bidsがprice接近時にpull","LIQUIDITY_PULL LIQUIDITY_STACK_REBUILD LOCATION_CONTEXT","EXPLICIT_BUY_OR_BID_COMPONENT","SIDE_RESOLVED VARIANT_LOCATION","CD-G07-014 CD-G07-023 CD-G07-038 CD-G07-047 CD-G07-008 CD-G07-011 CD-G07-017 CD-G07-032 CD-G07-035 CD-G07-041","bid_pull_ratio_1s bid_depth_change_1s ask_pull_ratio_1s ask_depth_change_1s bid_net_flow_1s bid_refresh_count_1s bid_stack_ratio_1s ask_net_flow_1s ask_refresh_count_1s ask_stack_ratio_1s","CD-G07-017 CD-G07-041 CD-G07-014 CD-G07-038","bid_stack_ratio_1s ask_stack_ratio_1s bid_pull_ratio_1s ask_pull_ratio_1s","CD-G01-001 CD-G01-002 CD-G01-004 CD-G01-009 CD-G01-011 CD-G01-019 CD-G01-020 CD-G01-021 CD-G01-027 CD-G01-005","depth_book_synced depth_sequence_contiguous depth_event_fresh exchange_clock_aligned event_order_monotonic persistence_confirmed market_state_atomic cross_source_time_aligned window_complete trade_event_fresh","ALL predicate classes true using fresh evidence strictly after prior transition","DIRECT","DERIVED_EVALUATOR_REQUIRED VARIANT_LOCATION_SELECTOR","PAT-PS-BID-PULL-ASK-STACK-001::E02","UNVALIDATED"
"OPR-169","OBSERVATION","offers stack","LIQUIDITY_STACK_REBUILD","DYNAMIC_FROM_PATTERN_CONTEXT","SIDE_RESOLVED","CD-G07-008 CD-G07-011 CD-G07-017 CD-G07-032 CD-G07-035 CD-G07-041","bid_net_flow_1s bid_refresh_count_1s bid_stack_ratio_1s ask_net_flow_1s ask_refresh_count_1s ask_stack_ratio_1s","CD-G07-014 CD-G07-038","bid_pull_ratio_1s ask_pull_ratio_1s","CD-G01-001 CD-G01-002 CD-G01-004 CD-G01-009 CD-G01-011 CD-G01-019 CD-G01-020 CD-G01-021 CD-G01-027","depth_book_synced depth_sequence_contiguous depth_event_fresh exchange_clock_aligned event_order_monotonic persistence_confirmed market_state_atomic cross_source_time_aligned window_complete","ALL predicate classes true using fresh evidence strictly after prior transition","DIRECT","DERIVED_EVALUATOR_REQUIRED","PAT-PS-BID-PULL-ASK-STACK-001::E03","UNVALIDATED"
"OPR-170","OBSERVATION","buy aggression進展なし","PRICE_PROGRESS PRICE_STALL TAPE_AGGRESSION","EXPLICIT_BUY_OR_BID_COMPONENT","SIDE_RESOLVED","CD-G09-002 CD-G09-006 CD-G09-018 CD-G09-022 CD-G16-021 CD-G16-022 CD-G09-026 CD-G09-030 CD-G16-033 CD-G16-034 CD-G08-002 CD-G08-014 CD-G08-017 CD-G08-023 CD-G08-026 CD-G08-038 CD-G08-041 CD-G08-047 CD-G10-002","upward_progress_ticks_1s downward_progress_ticks_1s buy_efficiency_1s sell_efficiency_1s upside_breakout_follow_through downside_breakout_follow_through buy_no_progress_ratio_1s sell_no_progress_ratio_1s buy_momentum_fading sell_momentum_fading buy_market_volume_1s buy_large_trade_count_1s buy_trade_rate_1s buy_side_share_1s sell_market_volume_1s sell_large_trade_count_1s sell_trade_rate_1s sell_side_share_1s trade_delta_5s","CD-G09-026 CD-G09-030 CD-G09-002 CD-G09-006 CD-G16-007 CD-G16-008","buy_no_progress_ratio_1s sell_no_progress_ratio_1s upward_progress_ticks_1s downward_progress_ticks_1s buyer_fade_active seller_fade_active","CD-G01-005 CD-G01-009 CD-G01-011 CD-G01-019 CD-G01-021 CD-G01-027","trade_event_fresh exchange_clock_aligned event_order_monotonic persistence_confirmed cross_source_time_aligned window_complete","ALL predicate classes true using fresh evidence strictly after prior transition","DIRECT HYBRID","DERIVED_EVALUATOR_REQUIRED","PAT-PS-BID-PULL-ASK-STACK-001::E04","UNVALIDATED"
"OPR-171","OBSERVATION","sell aggression開始","TAPE_AGGRESSION","EXPLICIT_SELL_OR_ASK_COMPONENT","SIDE_RESOLVED","CD-G08-002 CD-G08-014 CD-G08-017 CD-G08-023 CD-G08-026 CD-G08-038 CD-G08-041 CD-G08-047 CD-G10-002","buy_market_volume_1s buy_large_trade_count_1s buy_trade_rate_1s buy_side_share_1s sell_market_volume_1s sell_large_trade_count_1s sell_trade_rate_1s sell_side_share_1s trade_delta_5s","CD-G16-007 CD-G16-008","buyer_fade_active seller_fade_active","CD-G01-005 CD-G01-009 CD-G01-011 CD-G01-019 CD-G01-021 CD-G01-027","trade_event_fresh exchange_clock_aligned event_order_monotonic persistence_confirmed cross_source_time_aligned window_complete","ALL predicate classes true using fresh evidence strictly after prior transition","DIRECT","DERIVED_EVALUATOR_REQUIRED","PAT-PS-BID-PULL-ASK-STACK-001::E05","UNVALIDATED"
"OPR-172","OBSERVATION","short-side context","TREND_CONTEXT","DYNAMIC_FROM_PATTERN_CONTEXT","SIDE_RESOLVED","CD-G02-016 CD-G02-023 CD-G16-040 CD-G16-041 CD-G09-002 CD-G09-006","trend_regime regime_age directional_flow_resumed_up directional_flow_resumed_down upward_progress_ticks_1s downward_progress_ticks_1s","CD-G02-017","balance_regime","CD-G01-005 CD-G01-009 CD-G01-011 CD-G01-019 CD-G01-021 CD-G01-027","trade_event_fresh exchange_clock_aligned event_order_monotonic persistence_confirmed cross_source_time_aligned window_complete","ALL predicate classes true using fresh evidence strictly after prior transition","HYBRID","DERIVED_EVALUATOR_REQUIRED","PAT-PS-ASK-PULL-BID-STACK-001::E01","UNVALIDATED"
"OPR-173","OBSERVATION","asksがprice接近時にpull","LIQUIDITY_PULL LIQUIDITY_STACK_REBUILD LOCATION_CONTEXT","EXPLICIT_SELL_OR_ASK_COMPONENT","SIDE_RESOLVED VARIANT_LOCATION","CD-G07-014 CD-G07-023 CD-G07-038 CD-G07-047 CD-G07-008 CD-G07-011 CD-G07-017 CD-G07-032 CD-G07-035 CD-G07-041","bid_pull_ratio_1s bid_depth_change_1s ask_pull_ratio_1s ask_depth_change_1s bid_net_flow_1s bid_refresh_count_1s bid_stack_ratio_1s ask_net_flow_1s ask_refresh_count_1s ask_stack_ratio_1s","CD-G07-017 CD-G07-041 CD-G07-014 CD-G07-038","bid_stack_ratio_1s ask_stack_ratio_1s bid_pull_ratio_1s ask_pull_ratio_1s","CD-G01-001 CD-G01-002 CD-G01-004 CD-G01-009 CD-G01-011 CD-G01-019 CD-G01-020 CD-G01-021 CD-G01-027 CD-G01-005","depth_book_synced depth_sequence_contiguous depth_event_fresh exchange_clock_aligned event_order_monotonic persistence_confirmed market_state_atomic cross_source_time_aligned window_complete trade_event_fresh","ALL predicate classes true using fresh evidence strictly after prior transition","DIRECT","DERIVED_EVALUATOR_REQUIRED VARIANT_LOCATION_SELECTOR","PAT-PS-ASK-PULL-BID-STACK-001::E02","UNVALIDATED"
"OPR-174","OBSERVATION","bids stack","LIQUIDITY_STACK_REBUILD","EXPLICIT_BUY_OR_BID_COMPONENT","SIDE_RESOLVED","CD-G07-008 CD-G07-011 CD-G07-017 CD-G07-032 CD-G07-035 CD-G07-041","bid_net_flow_1s bid_refresh_count_1s bid_stack_ratio_1s ask_net_flow_1s ask_refresh_count_1s ask_stack_ratio_1s","CD-G07-014 CD-G07-038","bid_pull_ratio_1s ask_pull_ratio_1s","CD-G01-001 CD-G01-002 CD-G01-004 CD-G01-009 CD-G01-011 CD-G01-019 CD-G01-020 CD-G01-021 CD-G01-027","depth_book_synced depth_sequence_contiguous depth_event_fresh exchange_clock_aligned event_order_monotonic persistence_confirmed market_state_atomic cross_source_time_aligned window_complete","ALL predicate classes true using fresh evidence strictly after prior transition","DIRECT","DERIVED_EVALUATOR_REQUIRED","PAT-PS-ASK-PULL-BID-STACK-001::E03","UNVALIDATED"
"OPR-175","OBSERVATION","sell aggression進展なし","PRICE_PROGRESS PRICE_STALL TAPE_AGGRESSION","EXPLICIT_SELL_OR_ASK_COMPONENT","SIDE_RESOLVED","CD-G09-002 CD-G09-006 CD-G09-018 CD-G09-022 CD-G16-021 CD-G16-022 CD-G09-026 CD-G09-030 CD-G16-033 CD-G16-034 CD-G08-002 CD-G08-014 CD-G08-017 CD-G08-023 CD-G08-026 CD-G08-038 CD-G08-041 CD-G08-047 CD-G10-002","upward_progress_ticks_1s downward_progress_ticks_1s buy_efficiency_1s sell_efficiency_1s upside_breakout_follow_through downside_breakout_follow_through buy_no_progress_ratio_1s sell_no_progress_ratio_1s buy_momentum_fading sell_momentum_fading buy_market_volume_1s buy_large_trade_count_1s buy_trade_rate_1s buy_side_share_1s sell_market_volume_1s sell_large_trade_count_1s sell_trade_rate_1s sell_side_share_1s trade_delta_5s","CD-G09-026 CD-G09-030 CD-G09-002 CD-G09-006 CD-G16-007 CD-G16-008","buy_no_progress_ratio_1s sell_no_progress_ratio_1s upward_progress_ticks_1s downward_progress_ticks_1s buyer_fade_active seller_fade_active","CD-G01-005 CD-G01-009 CD-G01-011 CD-G01-019 CD-G01-021 CD-G01-027","trade_event_fresh exchange_clock_aligned event_order_monotonic persistence_confirmed cross_source_time_aligned window_complete","ALL predicate classes true using fresh evidence strictly after prior transition","DIRECT HYBRID","DERIVED_EVALUATOR_REQUIRED","PAT-PS-ASK-PULL-BID-STACK-001::E04","UNVALIDATED"
"OPR-176","OBSERVATION","buy aggression開始","TAPE_AGGRESSION","EXPLICIT_BUY_OR_BID_COMPONENT","SIDE_RESOLVED","CD-G08-002 CD-G08-014 CD-G08-017 CD-G08-023 CD-G08-026 CD-G08-038 CD-G08-041 CD-G08-047 CD-G10-002","buy_market_volume_1s buy_large_trade_count_1s buy_trade_rate_1s buy_side_share_1s sell_market_volume_1s sell_large_trade_count_1s sell_trade_rate_1s sell_side_share_1s trade_delta_5s","CD-G16-007 CD-G16-008","buyer_fade_active seller_fade_active","CD-G01-005 CD-G01-009 CD-G01-011 CD-G01-019 CD-G01-021 CD-G01-027","trade_event_fresh exchange_clock_aligned event_order_monotonic persistence_confirmed cross_source_time_aligned window_complete","ALL predicate classes true using fresh evidence strictly after prior transition","DIRECT","DERIVED_EVALUATOR_REQUIRED","PAT-PS-ASK-PULL-BID-STACK-001::E05","UNVALIDATED"
"OPR-177","OBSERVATION","large wall出現","WALL_STATE","DYNAMIC_FROM_PATTERN_CONTEXT","SIDE_RESOLVED","CD-G06-029 CD-G06-030 CD-G06-031 CD-G06-032 CD-G07-011 CD-G07-014 CD-G07-035 CD-G07-038 CD-G16-035 CD-G16-036 CD-G16-037 CD-G16-038","bid_wall_concentration_top10 distance_to_nearest_bid_wall ask_wall_concentration_top10 distance_to_nearest_ask_wall bid_refresh_count_1s bid_pull_ratio_1s ask_refresh_count_1s ask_pull_ratio_1s bid_passive_defense_holding ask_passive_defense_holding bid_passive_defense_failed ask_passive_defense_failed","CD-G16-037 CD-G16-038","bid_passive_defense_failed ask_passive_defense_failed","CD-G01-001 CD-G01-002 CD-G01-004 CD-G01-009 CD-G01-011 CD-G01-019 CD-G01-020 CD-G01-021 CD-G01-027","depth_book_synced depth_sequence_contiguous depth_event_fresh exchange_clock_aligned event_order_monotonic persistence_confirmed market_state_atomic cross_source_time_aligned window_complete","ALL predicate classes true using fresh evidence strictly after prior transition","HYBRID","COMPOSITE_CONDITION_AVAILABLE","PAT-PS-WALL-PULL-FRAGILITY-001::E01","UNVALIDATED"
"OPR-178","OBSERVATION","price接近","LOCATION_CONTEXT","DYNAMIC_FROM_PATTERN_CONTEXT","VARIANT_LOCATION","","","","","CD-G01-005 CD-G01-009 CD-G01-011 CD-G01-019 CD-G01-021 CD-G01-027 CD-G01-001 CD-G01-002 CD-G01-004 CD-G01-020","trade_event_fresh exchange_clock_aligned event_order_monotonic persistence_confirmed cross_source_time_aligned window_complete depth_book_synced depth_sequence_contiguous depth_event_fresh market_state_atomic","ALL predicate classes true using fresh evidence strictly after prior transition","DIRECT","VARIANT_LOCATION_SELECTOR","PAT-PS-WALL-PULL-FRAGILITY-001::E02 PAT-BI-PULL-REVERSAL-CONFIRM-001::E02","UNVALIDATED"
"OPR-179","OBSERVATION","execution前にwall pull","LIQUIDITY_PULL WALL_STATE","DYNAMIC_FROM_PATTERN_CONTEXT","SIDE_RESOLVED","CD-G07-014 CD-G07-023 CD-G07-038 CD-G07-047 CD-G06-029 CD-G06-030 CD-G06-031 CD-G06-032 CD-G07-011 CD-G07-035 CD-G16-035 CD-G16-036 CD-G16-037 CD-G16-038","bid_pull_ratio_1s bid_depth_change_1s ask_pull_ratio_1s ask_depth_change_1s bid_wall_concentration_top10 distance_to_nearest_bid_wall ask_wall_concentration_top10 distance_to_nearest_ask_wall bid_refresh_count_1s ask_refresh_count_1s bid_passive_defense_holding ask_passive_defense_holding bid_passive_defense_failed ask_passive_defense_failed","CD-G07-017 CD-G07-041 CD-G16-037 CD-G16-038","bid_stack_ratio_1s ask_stack_ratio_1s bid_passive_defense_failed ask_passive_defense_failed","CD-G01-001 CD-G01-002 CD-G01-004 CD-G01-009 CD-G01-011 CD-G01-019 CD-G01-020 CD-G01-021 CD-G01-027","depth_book_synced depth_sequence_contiguous depth_event_fresh exchange_clock_aligned event_order_monotonic persistence_confirmed market_state_atomic cross_source_time_aligned window_complete","ALL predicate classes true using fresh evidence strictly after prior transition","DIRECT HYBRID","COMPOSITE_CONDITION_AVAILABLE DERIVED_EVALUATOR_REQUIRED","PAT-PS-WALL-PULL-FRAGILITY-001::E03","UNVALIDATED"
"OPR-180","OBSERVATION","backing liquidity vacuum","LIQUIDITY_STACK_REBUILD","DYNAMIC_FROM_PATTERN_CONTEXT","SIDE_RESOLVED","CD-G07-008 CD-G07-011 CD-G07-017 CD-G07-032 CD-G07-035 CD-G07-041","bid_net_flow_1s bid_refresh_count_1s bid_stack_ratio_1s ask_net_flow_1s ask_refresh_count_1s ask_stack_ratio_1s","CD-G07-014 CD-G07-038","bid_pull_ratio_1s ask_pull_ratio_1s","CD-G01-001 CD-G01-002 CD-G01-004 CD-G01-009 CD-G01-011 CD-G01-019 CD-G01-020 CD-G01-021 CD-G01-027","depth_book_synced depth_sequence_contiguous depth_event_fresh exchange_clock_aligned event_order_monotonic persistence_confirmed market_state_atomic cross_source_time_aligned window_complete","ALL predicate classes true using fresh evidence strictly after prior transition","DIRECT","DERIVED_EVALUATOR_REQUIRED","PAT-PS-WALL-PULL-FRAGILITY-001::E04","UNVALIDATED"
"OPR-181","OBSERVATION","opposite-side liquidity出現","LIQUIDITY_STACK_REBUILD","TERMINAL_SIDE","SIDE_RESOLVED","CD-G07-008 CD-G07-011 CD-G07-017 CD-G07-032 CD-G07-035 CD-G07-041","bid_net_flow_1s bid_refresh_count_1s bid_stack_ratio_1s ask_net_flow_1s ask_refresh_count_1s ask_stack_ratio_1s","CD-G07-014 CD-G07-038","bid_pull_ratio_1s ask_pull_ratio_1s","CD-G01-001 CD-G01-002 CD-G01-004 CD-G01-009 CD-G01-011 CD-G01-019 CD-G01-020 CD-G01-021 CD-G01-027","depth_book_synced depth_sequence_contiguous depth_event_fresh exchange_clock_aligned event_order_monotonic persistence_confirmed market_state_atomic cross_source_time_aligned window_complete","ALL predicate classes true using fresh evidence strictly after prior transition","DIRECT","DERIVED_EVALUATOR_REQUIRED","PAT-PS-WALL-PULL-FRAGILITY-001::E05","UNVALIDATED"
"OPR-182","OBSERVATION","same-side liquidityがprice後方へstack","LIQUIDITY_STACK_REBUILD","TERMINAL_SIDE","SIDE_RESOLVED","CD-G07-008 CD-G07-011 CD-G07-017 CD-G07-032 CD-G07-035 CD-G07-041","bid_net_flow_1s bid_refresh_count_1s bid_stack_ratio_1s ask_net_flow_1s ask_refresh_count_1s ask_stack_ratio_1s","CD-G07-014 CD-G07-038","bid_pull_ratio_1s ask_pull_ratio_1s","CD-G01-001 CD-G01-002 CD-G01-004 CD-G01-009 CD-G01-011 CD-G01-019 CD-G01-020 CD-G01-021 CD-G01-027","depth_book_synced depth_sequence_contiguous depth_event_fresh exchange_clock_aligned event_order_monotonic persistence_confirmed market_state_atomic cross_source_time_aligned window_complete","ALL predicate classes true using fresh evidence strictly after prior transition","DIRECT","DERIVED_EVALUATOR_REQUIRED","PAT-PS-BEHIND-PRICE-STACK-RETEST-001::E02","UNVALIDATED"
"OPR-183","OBSERVATION","shallow retest","RETEST_SEQUENCE","DYNAMIC_FROM_PATTERN_CONTEXT","REFERENCE_SIDE_RESOLVED","CD-G16-013 CD-G16-014","repeated_high_test repeated_low_test","CD-G16-021 CD-G16-022 CD-G16-023 CD-G16-024","upside_breakout_follow_through downside_breakout_follow_through upside_breakout_failure downside_breakout_failure","CD-G01-005 CD-G01-009 CD-G01-011 CD-G01-019 CD-G01-021 CD-G01-027 CD-G01-001 CD-G01-002 CD-G01-004 CD-G01-020","trade_event_fresh exchange_clock_aligned event_order_monotonic persistence_confirmed cross_source_time_aligned window_complete depth_book_synced depth_sequence_contiguous depth_event_fresh market_state_atomic","ALL predicate classes true using fresh evidence strictly after prior transition","HYBRID","COMPOSITE_CONDITION_AVAILABLE","PAT-PS-BEHIND-PRICE-STACK-RETEST-001::E03","UNVALIDATED"
"OPR-184","OBSERVATION","opposing ordersが旧rangeへ戻せない","BREAKOUT_FAILURE","DYNAMIC_FROM_PATTERN_CONTEXT","SIDE_RESOLVED","CD-G16-023 CD-G16-024 CD-G09-034 CD-G09-038","upside_breakout_failure downside_breakout_failure reversion_from_window_high_1s reversion_from_window_low_1s","CD-G16-021 CD-G16-022","upside_breakout_follow_through downside_breakout_follow_through","CD-G01-005 CD-G01-009 CD-G01-011 CD-G01-019 CD-G01-021 CD-G01-027 CD-G01-001 CD-G01-002 CD-G01-004 CD-G01-020","trade_event_fresh exchange_clock_aligned event_order_monotonic persistence_confirmed cross_source_time_aligned window_complete depth_book_synced depth_sequence_contiguous depth_event_fresh market_state_atomic","ALL predicate classes true using fresh evidence strictly after prior transition","HYBRID","COMPOSITE_CONDITION_AVAILABLE","PAT-PS-BEHIND-PRICE-STACK-RETEST-001::E04","UNVALIDATED"
"OPR-185","OBSERVATION","original aggression再開","TAPE_AGGRESSION","TERMINAL_SIDE","SIDE_RESOLVED","CD-G08-002 CD-G08-014 CD-G08-017 CD-G08-023 CD-G08-026 CD-G08-038 CD-G08-041 CD-G08-047 CD-G10-002","buy_market_volume_1s buy_large_trade_count_1s buy_trade_rate_1s buy_side_share_1s sell_market_volume_1s sell_large_trade_count_1s sell_trade_rate_1s sell_side_share_1s trade_delta_5s","CD-G16-007 CD-G16-008","buyer_fade_active seller_fade_active","CD-G01-005 CD-G01-009 CD-G01-011 CD-G01-019 CD-G01-021 CD-G01-027","trade_event_fresh exchange_clock_aligned event_order_monotonic persistence_confirmed cross_source_time_aligned window_complete","ALL predicate classes true using fresh evidence strictly after prior transition","DIRECT","DERIVED_EVALUATOR_REQUIRED","PAT-PS-BEHIND-PRICE-STACK-RETEST-001::E05","UNVALIDATED"
"OPR-186","OBSERVATION","bid／askでchurningとabsorption","ABSORPTION_STATE","BOTH_EXPLICIT","SIDE_RESOLVED","CD-G16-001 CD-G16-002 CD-G09-026 CD-G09-030","bid_absorption_like_active ask_absorption_like_active buy_no_progress_ratio_1s sell_no_progress_ratio_1s","CD-G16-037 CD-G16-038","bid_passive_defense_failed ask_passive_defense_failed","CD-G01-005 CD-G01-009 CD-G01-011 CD-G01-019 CD-G01-021 CD-G01-027 CD-G01-001 CD-G01-002 CD-G01-004 CD-G01-020","trade_event_fresh exchange_clock_aligned event_order_monotonic persistence_confirmed cross_source_time_aligned window_complete depth_book_synced depth_sequence_contiguous depth_event_fresh market_state_atomic","ALL predicate classes true using fresh evidence strictly after prior transition","HYBRID","COMPOSITE_CONDITION_AVAILABLE","PAT-PS-ABSORB-THEN-PULL-CUTREVERSE-001::E01","UNVALIDATED"
"OPR-187","OBSERVATION","position-side wallに依存","WALL_STATE","DYNAMIC_FROM_PATTERN_CONTEXT","SIDE_RESOLVED","CD-G06-029 CD-G06-030 CD-G06-031 CD-G06-032 CD-G07-011 CD-G07-014 CD-G07-035 CD-G07-038 CD-G16-035 CD-G16-036 CD-G16-037 CD-G16-038","bid_wall_concentration_top10 distance_to_nearest_bid_wall ask_wall_concentration_top10 distance_to_nearest_ask_wall bid_refresh_count_1s bid_pull_ratio_1s ask_refresh_count_1s ask_pull_ratio_1s bid_passive_defense_holding ask_passive_defense_holding bid_passive_defense_failed ask_passive_defense_failed","CD-G16-037 CD-G16-038","bid_passive_defense_failed ask_passive_defense_failed","CD-G01-001 CD-G01-002 CD-G01-004 CD-G01-009 CD-G01-011 CD-G01-019 CD-G01-020 CD-G01-021 CD-G01-027","depth_book_synced depth_sequence_contiguous depth_event_fresh exchange_clock_aligned event_order_monotonic persistence_confirmed market_state_atomic cross_source_time_aligned window_complete","ALL predicate classes true using fresh evidence strictly after prior transition","HYBRID","COMPOSITE_CONDITION_AVAILABLE","PAT-PS-ABSORB-THEN-PULL-CUTREVERSE-001::E02","UNVALIDATED"
"OPR-188","OBSERVATION","wall pull","LIQUIDITY_PULL WALL_STATE","DYNAMIC_FROM_PATTERN_CONTEXT","SIDE_RESOLVED","CD-G07-014 CD-G07-023 CD-G07-038 CD-G07-047 CD-G06-029 CD-G06-030 CD-G06-031 CD-G06-032 CD-G07-011 CD-G07-035 CD-G16-035 CD-G16-036 CD-G16-037 CD-G16-038","bid_pull_ratio_1s bid_depth_change_1s ask_pull_ratio_1s ask_depth_change_1s bid_wall_concentration_top10 distance_to_nearest_bid_wall ask_wall_concentration_top10 distance_to_nearest_ask_wall bid_refresh_count_1s ask_refresh_count_1s bid_passive_defense_holding ask_passive_defense_holding bid_passive_defense_failed ask_passive_defense_failed","CD-G07-017 CD-G07-041 CD-G16-037 CD-G16-038","bid_stack_ratio_1s ask_stack_ratio_1s bid_passive_defense_failed ask_passive_defense_failed","CD-G01-001 CD-G01-002 CD-G01-004 CD-G01-009 CD-G01-011 CD-G01-019 CD-G01-020 CD-G01-021 CD-G01-027","depth_book_synced depth_sequence_contiguous depth_event_fresh exchange_clock_aligned event_order_monotonic persistence_confirmed market_state_atomic cross_source_time_aligned window_complete","ALL predicate classes true using fresh evidence strictly after prior transition","DIRECT HYBRID","COMPOSITE_CONDITION_AVAILABLE DERIVED_EVALUATOR_REQUIRED","PAT-PS-ABSORB-THEN-PULL-CUTREVERSE-001::E03","UNVALIDATED"
"OPR-189","OBSERVATION","position vulnerable","TRAPPED_PARTICIPANTS","DYNAMIC_FROM_PATTERN_CONTEXT","SIDE_RESOLVED","CD-G16-011 CD-G16-012 CD-G09-034 CD-G09-038","trapped_buyers_like trapped_sellers_like reversion_from_window_high_1s reversion_from_window_low_1s","CD-G16-017 CD-G16-018","acceptance_above_reference acceptance_below_reference","CD-G01-005 CD-G01-009 CD-G01-011 CD-G01-019 CD-G01-021 CD-G01-027","trade_event_fresh exchange_clock_aligned event_order_monotonic persistence_confirmed cross_source_time_aligned window_complete","ALL predicate classes true using fresh evidence strictly after prior transition","INFERRED","COMPOSITE_CONDITION_AVAILABLE","PAT-PS-ABSORB-THEN-PULL-CUTREVERSE-001::E04","UNVALIDATED"
"OPR-190","OBSERVATION","opposite flow加速","TAPE_AGGRESSION","TERMINAL_SIDE","SIDE_RESOLVED","CD-G08-002 CD-G08-014 CD-G08-017 CD-G08-023 CD-G08-026 CD-G08-038 CD-G08-041 CD-G08-047 CD-G10-002","buy_market_volume_1s buy_large_trade_count_1s buy_trade_rate_1s buy_side_share_1s sell_market_volume_1s sell_large_trade_count_1s sell_trade_rate_1s sell_side_share_1s trade_delta_5s","CD-G16-007 CD-G16-008","buyer_fade_active seller_fade_active","CD-G01-005 CD-G01-009 CD-G01-011 CD-G01-019 CD-G01-021 CD-G01-027","trade_event_fresh exchange_clock_aligned event_order_monotonic persistence_confirmed cross_source_time_aligned window_complete","ALL predicate classes true using fresh evidence strictly after prior transition","DIRECT","DERIVED_EVALUATOR_REQUIRED","PAT-PS-ABSORB-THEN-PULL-CUTREVERSE-001::E05","UNVALIDATED"
"OPR-191","OBSERVATION","positive delta impulse","DELTA_STATE","EXPLICIT_BUY_OR_BID_COMPONENT","SIDE_RESOLVED","CD-G10-001 CD-G10-002 CD-G10-005 CD-G10-006 CD-G10-009 CD-G10-010","trade_delta_1s trade_delta_5s cvd_change_1s cvd_change_5s cvd_slope_1s cvd_slope_5s","CD-G10-001 CD-G10-002","trade_delta_1s trade_delta_5s","CD-G01-005 CD-G01-009 CD-G01-011 CD-G01-019 CD-G01-021 CD-G01-027","trade_event_fresh exchange_clock_aligned event_order_monotonic persistence_confirmed cross_source_time_aligned window_complete","ALL predicate classes true using fresh evidence strictly after prior transition","DIRECT","DERIVED_EVALUATOR_REQUIRED","PAT-DF-POSITIVE-TAIL-SELLCONTROL-001::E01","UNVALIDATED"
"OPR-192","OBSERVATION","price上進停止","PRICE_PROGRESS PRICE_STALL","EXPLICIT_BUY_OR_BID_COMPONENT","SIDE_RESOLVED","CD-G09-002 CD-G09-006 CD-G09-018 CD-G09-022 CD-G16-021 CD-G16-022 CD-G09-026 CD-G09-030 CD-G16-033 CD-G16-034","upward_progress_ticks_1s downward_progress_ticks_1s buy_efficiency_1s sell_efficiency_1s upside_breakout_follow_through downside_breakout_follow_through buy_no_progress_ratio_1s sell_no_progress_ratio_1s buy_momentum_fading sell_momentum_fading","CD-G09-026 CD-G09-030 CD-G09-002 CD-G09-006","buy_no_progress_ratio_1s sell_no_progress_ratio_1s upward_progress_ticks_1s downward_progress_ticks_1s","CD-G01-005 CD-G01-009 CD-G01-011 CD-G01-019 CD-G01-021 CD-G01-027","trade_event_fresh exchange_clock_aligned event_order_monotonic persistence_confirmed cross_source_time_aligned window_complete","ALL predicate classes true using fresh evidence strictly after prior transition","DIRECT HYBRID","DERIVED_EVALUATOR_REQUIRED","PAT-DF-POSITIVE-TAIL-SELLCONTROL-001::E02","UNVALIDATED"
"OPR-193","OBSERVATION","deltaにupper tail","DELTA_STATE","DYNAMIC_FROM_PATTERN_CONTEXT","SIDE_RESOLVED","CD-G10-001 CD-G10-002 CD-G10-005 CD-G10-006 CD-G10-009 CD-G10-010","trade_delta_1s trade_delta_5s cvd_change_1s cvd_change_5s cvd_slope_1s cvd_slope_5s","CD-G10-001 CD-G10-002","trade_delta_1s trade_delta_5s","CD-G01-005 CD-G01-009 CD-G01-011 CD-G01-019 CD-G01-021 CD-G01-027","trade_event_fresh exchange_clock_aligned event_order_monotonic persistence_confirmed cross_source_time_aligned window_complete","ALL predicate classes true using fresh evidence strictly after prior transition","DIRECT","DERIVED_EVALUATOR_REQUIRED","PAT-DF-POSITIVE-TAIL-SELLCONTROL-001::E03","UNVALIDATED"
"OPR-194","OBSERVATION","aggressive sells出現","TAPE_AGGRESSION","EXPLICIT_SELL_OR_ASK_COMPONENT","SIDE_RESOLVED","CD-G08-002 CD-G08-014 CD-G08-017 CD-G08-023 CD-G08-026 CD-G08-038 CD-G08-041 CD-G08-047 CD-G10-002","buy_market_volume_1s buy_large_trade_count_1s buy_trade_rate_1s buy_side_share_1s sell_market_volume_1s sell_large_trade_count_1s sell_trade_rate_1s sell_side_share_1s trade_delta_5s","CD-G16-007 CD-G16-008","buyer_fade_active seller_fade_active","CD-G01-005 CD-G01-009 CD-G01-011 CD-G01-019 CD-G01-021 CD-G01-027","trade_event_fresh exchange_clock_aligned event_order_monotonic persistence_confirmed cross_source_time_aligned window_complete","ALL predicate classes true using fresh evidence strictly after prior transition","DIRECT","DERIVED_EVALUATOR_REQUIRED","PAT-DF-POSITIVE-TAIL-SELLCONTROL-001::E04","UNVALIDATED"
"OPR-195","OBSERVATION","delta負側へflip","DELTA_FLIP DELTA_STATE","DYNAMIC_FROM_PATTERN_CONTEXT","SIDE_RESOLVED","CD-G10-001 CD-G10-002 CD-G10-013 CD-G10-014 CD-G10-005 CD-G10-006 CD-G10-009 CD-G10-010","trade_delta_1s trade_delta_5s delta_acceleration_1s delta_acceleration_5s cvd_change_1s cvd_change_5s cvd_slope_1s cvd_slope_5s","CD-G10-001 CD-G10-002","trade_delta_1s trade_delta_5s","CD-G01-005 CD-G01-009 CD-G01-011 CD-G01-019 CD-G01-021 CD-G01-027","trade_event_fresh exchange_clock_aligned event_order_monotonic persistence_confirmed cross_source_time_aligned window_complete","ALL predicate classes true using fresh evidence strictly after prior transition","DIRECT","DERIVED_EVALUATOR_REQUIRED","PAT-DF-POSITIVE-TAIL-SELLCONTROL-001::E05","UNVALIDATED"
"OPR-196","OBSERVATION","negative delta impulse","DELTA_STATE","EXPLICIT_SELL_OR_ASK_COMPONENT","SIDE_RESOLVED","CD-G10-001 CD-G10-002 CD-G10-005 CD-G10-006 CD-G10-009 CD-G10-010","trade_delta_1s trade_delta_5s cvd_change_1s cvd_change_5s cvd_slope_1s cvd_slope_5s","CD-G10-001 CD-G10-002","trade_delta_1s trade_delta_5s","CD-G01-005 CD-G01-009 CD-G01-011 CD-G01-019 CD-G01-021 CD-G01-027","trade_event_fresh exchange_clock_aligned event_order_monotonic persistence_confirmed cross_source_time_aligned window_complete","ALL predicate classes true using fresh evidence strictly after prior transition","DIRECT","DERIVED_EVALUATOR_REQUIRED","PAT-DF-NEGATIVE-TAIL-BUYCONTROL-001::E01","UNVALIDATED"
"OPR-197","OBSERVATION","price下進停止","PRICE_PROGRESS PRICE_STALL","EXPLICIT_SELL_OR_ASK_COMPONENT","SIDE_RESOLVED","CD-G09-002 CD-G09-006 CD-G09-018 CD-G09-022 CD-G16-021 CD-G16-022 CD-G09-026 CD-G09-030 CD-G16-033 CD-G16-034","upward_progress_ticks_1s downward_progress_ticks_1s buy_efficiency_1s sell_efficiency_1s upside_breakout_follow_through downside_breakout_follow_through buy_no_progress_ratio_1s sell_no_progress_ratio_1s buy_momentum_fading sell_momentum_fading","CD-G09-026 CD-G09-030 CD-G09-002 CD-G09-006","buy_no_progress_ratio_1s sell_no_progress_ratio_1s upward_progress_ticks_1s downward_progress_ticks_1s","CD-G01-005 CD-G01-009 CD-G01-011 CD-G01-019 CD-G01-021 CD-G01-027","trade_event_fresh exchange_clock_aligned event_order_monotonic persistence_confirmed cross_source_time_aligned window_complete","ALL predicate classes true using fresh evidence strictly after prior transition","DIRECT HYBRID","DERIVED_EVALUATOR_REQUIRED","PAT-DF-NEGATIVE-TAIL-BUYCONTROL-001::E02","UNVALIDATED"
"OPR-198","OBSERVATION","deltaにlower tail","DELTA_STATE","DYNAMIC_FROM_PATTERN_CONTEXT","SIDE_RESOLVED","CD-G10-001 CD-G10-002 CD-G10-005 CD-G10-006 CD-G10-009 CD-G10-010","trade_delta_1s trade_delta_5s cvd_change_1s cvd_change_5s cvd_slope_1s cvd_slope_5s","CD-G10-001 CD-G10-002","trade_delta_1s trade_delta_5s","CD-G01-005 CD-G01-009 CD-G01-011 CD-G01-019 CD-G01-021 CD-G01-027","trade_event_fresh exchange_clock_aligned event_order_monotonic persistence_confirmed cross_source_time_aligned window_complete","ALL predicate classes true using fresh evidence strictly after prior transition","DIRECT","DERIVED_EVALUATOR_REQUIRED","PAT-DF-NEGATIVE-TAIL-BUYCONTROL-001::E03","UNVALIDATED"
"OPR-199","OBSERVATION","aggressive buys出現","TAPE_AGGRESSION","EXPLICIT_BUY_OR_BID_COMPONENT","SIDE_RESOLVED","CD-G08-002 CD-G08-014 CD-G08-017 CD-G08-023 CD-G08-026 CD-G08-038 CD-G08-041 CD-G08-047 CD-G10-002","buy_market_volume_1s buy_large_trade_count_1s buy_trade_rate_1s buy_side_share_1s sell_market_volume_1s sell_large_trade_count_1s sell_trade_rate_1s sell_side_share_1s trade_delta_5s","CD-G16-007 CD-G16-008","buyer_fade_active seller_fade_active","CD-G01-005 CD-G01-009 CD-G01-011 CD-G01-019 CD-G01-021 CD-G01-027","trade_event_fresh exchange_clock_aligned event_order_monotonic persistence_confirmed cross_source_time_aligned window_complete","ALL predicate classes true using fresh evidence strictly after prior transition","DIRECT","DERIVED_EVALUATOR_REQUIRED","PAT-DF-NEGATIVE-TAIL-BUYCONTROL-001::E04","UNVALIDATED"
"OPR-200","OBSERVATION","delta正側へflip","DELTA_FLIP DELTA_STATE","DYNAMIC_FROM_PATTERN_CONTEXT","SIDE_RESOLVED","CD-G10-001 CD-G10-002 CD-G10-013 CD-G10-014 CD-G10-005 CD-G10-006 CD-G10-009 CD-G10-010","trade_delta_1s trade_delta_5s delta_acceleration_1s delta_acceleration_5s cvd_change_1s cvd_change_5s cvd_slope_1s cvd_slope_5s","CD-G10-001 CD-G10-002","trade_delta_1s trade_delta_5s","CD-G01-005 CD-G01-009 CD-G01-011 CD-G01-019 CD-G01-021 CD-G01-027","trade_event_fresh exchange_clock_aligned event_order_monotonic persistence_confirmed cross_source_time_aligned window_complete","ALL predicate classes true using fresh evidence strictly after prior transition","DIRECT","DERIVED_EVALUATOR_REQUIRED","PAT-DF-NEGATIVE-TAIL-BUYCONTROL-001::E05","UNVALIDATED"
"OPR-201","OBSERVATION","negative delta／selling pressure","DELTA_STATE TAPE_AGGRESSION","EXPLICIT_SELL_OR_ASK_COMPONENT","SIDE_RESOLVED","CD-G10-001 CD-G10-002 CD-G10-005 CD-G10-006 CD-G10-009 CD-G10-010 CD-G08-002 CD-G08-014 CD-G08-017 CD-G08-023 CD-G08-026 CD-G08-038 CD-G08-041 CD-G08-047","trade_delta_1s trade_delta_5s cvd_change_1s cvd_change_5s cvd_slope_1s cvd_slope_5s buy_market_volume_1s buy_large_trade_count_1s buy_trade_rate_1s buy_side_share_1s sell_market_volume_1s sell_large_trade_count_1s sell_trade_rate_1s sell_side_share_1s","CD-G10-001 CD-G10-002 CD-G16-007 CD-G16-008","trade_delta_1s trade_delta_5s buyer_fade_active seller_fade_active","CD-G01-005 CD-G01-009 CD-G01-011 CD-G01-019 CD-G01-021 CD-G01-027","trade_event_fresh exchange_clock_aligned event_order_monotonic persistence_confirmed cross_source_time_aligned window_complete","ALL predicate classes true using fresh evidence strictly after prior transition","DIRECT","DERIVED_EVALUATOR_REQUIRED","PAT-DF-NEGABS-NOLOW-POSFLIP-001::E01","UNVALIDATED"
"OPR-202","OBSERVATION","healthy upward rotation","PRICE_PROGRESS","EXPLICIT_BUY_OR_BID_COMPONENT","SIDE_RESOLVED","CD-G09-002 CD-G09-006 CD-G09-018 CD-G09-022 CD-G16-021 CD-G16-022","upward_progress_ticks_1s downward_progress_ticks_1s buy_efficiency_1s sell_efficiency_1s upside_breakout_follow_through downside_breakout_follow_through","CD-G09-026 CD-G09-030","buy_no_progress_ratio_1s sell_no_progress_ratio_1s","CD-G01-005 CD-G01-009 CD-G01-011 CD-G01-019 CD-G01-021 CD-G01-027","trade_event_fresh exchange_clock_aligned event_order_monotonic persistence_confirmed cross_source_time_aligned window_complete","ALL predicate classes true using fresh evidence strictly after prior transition","DIRECT","DERIVED_EVALUATOR_REQUIRED","PAT-DF-NEGABS-NOLOW-POSFLIP-001::E03","UNVALIDATED"
"OPR-203","OBSERVATION","next unitがlower low不可","PRICE_STALL","DYNAMIC_FROM_PATTERN_CONTEXT","SIDE_RESOLVED","CD-G09-026 CD-G09-030 CD-G16-033 CD-G16-034","buy_no_progress_ratio_1s sell_no_progress_ratio_1s buy_momentum_fading sell_momentum_fading","CD-G09-002 CD-G09-006","upward_progress_ticks_1s downward_progress_ticks_1s","CD-G01-005 CD-G01-009 CD-G01-011 CD-G01-019 CD-G01-021 CD-G01-027","trade_event_fresh exchange_clock_aligned event_order_monotonic persistence_confirmed cross_source_time_aligned window_complete","ALL predicate classes true using fresh evidence strictly after prior transition","HYBRID","DERIVED_EVALUATOR_REQUIRED","PAT-DF-NEGABS-NOLOW-POSFLIP-001::E04","UNVALIDATED"
"OPR-204","OBSERVATION","delta positive flip","DELTA_FLIP DELTA_STATE","DYNAMIC_FROM_PATTERN_CONTEXT","SIDE_RESOLVED","CD-G10-001 CD-G10-002 CD-G10-013 CD-G10-014 CD-G10-005 CD-G10-006 CD-G10-009 CD-G10-010","trade_delta_1s trade_delta_5s delta_acceleration_1s delta_acceleration_5s cvd_change_1s cvd_change_5s cvd_slope_1s cvd_slope_5s","CD-G10-001 CD-G10-002","trade_delta_1s trade_delta_5s","CD-G01-005 CD-G01-009 CD-G01-011 CD-G01-019 CD-G01-021 CD-G01-027","trade_event_fresh exchange_clock_aligned event_order_monotonic persistence_confirmed cross_source_time_aligned window_complete","ALL predicate classes true using fresh evidence strictly after prior transition","DIRECT","DERIVED_EVALUATOR_REQUIRED","PAT-DF-NEGABS-NOLOW-POSFLIP-001::E05","UNVALIDATED"
"OPR-205","OBSERVATION","trend-side imbalances継続","FOOTPRINT_IMBALANCE TREND_CONTEXT","TERMINAL_SIDE","SIDE_RESOLVED","CD-G10-022 CD-G10-026 CD-G10-030 CD-G10-034 CD-G02-016 CD-G02-023 CD-G16-040 CD-G16-041 CD-G09-002 CD-G09-006","positive_imbalance_count_5s negative_imbalance_count_5s stacked_buy_imbalance_depth_5s stacked_sell_imbalance_depth_5s trend_regime regime_age directional_flow_resumed_up directional_flow_resumed_down upward_progress_ticks_1s downward_progress_ticks_1s","CD-G10-022 CD-G10-026 CD-G02-017","positive_imbalance_count_5s negative_imbalance_count_5s balance_regime","CD-G01-005 CD-G01-009 CD-G01-011 CD-G01-019 CD-G01-021 CD-G01-027","trade_event_fresh exchange_clock_aligned event_order_monotonic persistence_confirmed cross_source_time_aligned window_complete","ALL predicate classes true using fresh evidence strictly after prior transition","DIRECT HYBRID","DERIVED_EVALUATOR_REQUIRED","PAT-DF-SAMESIDE-DISAPPEAR-OPPOSITE-001::E01","UNVALIDATED"
"OPR-206","OBSERVATION","次unitで同色imbalance消失","FOOTPRINT_IMBALANCE TEMPORAL_SEQUENCE","DYNAMIC_FROM_PATTERN_CONTEXT","ENGINE_TIME SIDE_RESOLVED","CD-G10-022 CD-G10-026 CD-G10-030 CD-G10-034","positive_imbalance_count_5s negative_imbalance_count_5s stacked_buy_imbalance_depth_5s stacked_sell_imbalance_depth_5s","CD-G10-022 CD-G10-026","positive_imbalance_count_5s negative_imbalance_count_5s","CD-G01-005 CD-G01-009 CD-G01-011 CD-G01-019 CD-G01-021 CD-G01-027 CD-G01-010 CD-G01-016","trade_event_fresh exchange_clock_aligned event_order_monotonic persistence_confirmed cross_source_time_aligned window_complete receive_clock_monotonic duplicate_event_absent","ALL predicate classes true using fresh evidence strictly after prior transition","DIRECT","DERIVED_EVALUATOR_REQUIRED ENGINE_NATIVE","PAT-DF-SAMESIDE-DISAPPEAR-OPPOSITE-001::E02","UNVALIDATED"
"OPR-207","OBSERVATION","opposite imbalance出現","FOOTPRINT_IMBALANCE","TERMINAL_SIDE","SIDE_RESOLVED","CD-G10-022 CD-G10-026 CD-G10-030 CD-G10-034","positive_imbalance_count_5s negative_imbalance_count_5s stacked_buy_imbalance_depth_5s stacked_sell_imbalance_depth_5s","CD-G10-022 CD-G10-026","positive_imbalance_count_5s negative_imbalance_count_5s","CD-G01-005 CD-G01-009 CD-G01-011 CD-G01-019 CD-G01-021 CD-G01-027","trade_event_fresh exchange_clock_aligned event_order_monotonic persistence_confirmed cross_source_time_aligned window_complete","ALL predicate classes true using fresh evidence strictly after prior transition","DIRECT","DERIVED_EVALUATOR_REQUIRED","PAT-DF-SAMESIDE-DISAPPEAR-OPPOSITE-001::E03","UNVALIDATED"
"OPR-208","OBSERVATION","delta反転","DELTA_FLIP DELTA_STATE","DYNAMIC_FROM_PATTERN_CONTEXT","SIDE_RESOLVED","CD-G10-001 CD-G10-002 CD-G10-013 CD-G10-014 CD-G10-005 CD-G10-006 CD-G10-009 CD-G10-010","trade_delta_1s trade_delta_5s delta_acceleration_1s delta_acceleration_5s cvd_change_1s cvd_change_5s cvd_slope_1s cvd_slope_5s","CD-G10-001 CD-G10-002","trade_delta_1s trade_delta_5s","CD-G01-005 CD-G01-009 CD-G01-011 CD-G01-019 CD-G01-021 CD-G01-027","trade_event_fresh exchange_clock_aligned event_order_monotonic persistence_confirmed cross_source_time_aligned window_complete","ALL predicate classes true using fresh evidence strictly after prior transition","DIRECT","DERIVED_EVALUATOR_REQUIRED","PAT-DF-SAMESIDE-DISAPPEAR-OPPOSITE-001::E04","UNVALIDATED"
"OPR-209","OBSERVATION","price応答","PRICE_REVERSAL","DYNAMIC_FROM_PATTERN_CONTEXT","SIDE_RESOLVED","CD-G09-034 CD-G09-038 CD-G16-015 CD-G16-016 CD-G16-040 CD-G16-041","reversion_from_window_high_1s reversion_from_window_low_1s high_rejection_active low_rejection_active directional_flow_resumed_up directional_flow_resumed_down","CD-G16-021 CD-G16-022","upside_breakout_follow_through downside_breakout_follow_through","CD-G01-005 CD-G01-009 CD-G01-011 CD-G01-019 CD-G01-021 CD-G01-027","trade_event_fresh exchange_clock_aligned event_order_monotonic persistence_confirmed cross_source_time_aligned window_complete","ALL predicate classes true using fresh evidence strictly after prior transition","HYBRID","COMPOSITE_CONDITION_AVAILABLE","PAT-DF-SAMESIDE-DISAPPEAR-OPPOSITE-001::E05","UNVALIDATED"
"OPR-210","OBSERVATION","event impulse沈静","EVENT_REACTION","DYNAMIC_FROM_PATTERN_CONTEXT","DYNAMIC_FROM_EVENT","CD-G02-014 CD-G02-015 CD-G08-002 CD-G08-026","scheduled_macro_event_proximity post_news_cooldown_state buy_market_volume_1s sell_market_volume_1s","CD-G02-015","post_news_cooldown_state","CD-G01-005 CD-G01-009 CD-G01-011 CD-G01-019 CD-G01-021 CD-G01-027","trade_event_fresh exchange_clock_aligned event_order_monotonic persistence_confirmed cross_source_time_aligned window_complete","ALL predicate classes true using fresh evidence strictly after prior transition","LIMITED","EXT_CALENDAR_REQUIRED","PAT-DF-POSTEVENT-LIQUIDITY-REALIGN-001::E01","UNVALIDATED"
"OPR-211","OBSERVATION","liquidity再形成","LIQUIDITY_STACK_REBUILD","DYNAMIC_FROM_PATTERN_CONTEXT","SIDE_RESOLVED","CD-G07-008 CD-G07-011 CD-G07-017 CD-G07-032 CD-G07-035 CD-G07-041","bid_net_flow_1s bid_refresh_count_1s bid_stack_ratio_1s ask_net_flow_1s ask_refresh_count_1s ask_stack_ratio_1s","CD-G07-014 CD-G07-038","bid_pull_ratio_1s ask_pull_ratio_1s","CD-G01-001 CD-G01-002 CD-G01-004 CD-G01-009 CD-G01-011 CD-G01-019 CD-G01-020 CD-G01-021 CD-G01-027","depth_book_synced depth_sequence_contiguous depth_event_fresh exchange_clock_aligned event_order_monotonic persistence_confirmed market_state_atomic cross_source_time_aligned window_complete","ALL predicate classes true using fresh evidence strictly after prior transition","DIRECT","DERIVED_EVALUATOR_REQUIRED","PAT-DF-POSTEVENT-LIQUIDITY-REALIGN-001::E02","UNVALIDATED"
"OPR-212","OBSERVATION","deltaが片側へflip","DELTA_FLIP DELTA_STATE","DYNAMIC_FROM_PATTERN_CONTEXT","SIDE_RESOLVED","CD-G10-001 CD-G10-002 CD-G10-013 CD-G10-014 CD-G10-005 CD-G10-006 CD-G10-009 CD-G10-010","trade_delta_1s trade_delta_5s delta_acceleration_1s delta_acceleration_5s cvd_change_1s cvd_change_5s cvd_slope_1s cvd_slope_5s","CD-G10-001 CD-G10-002","trade_delta_1s trade_delta_5s","CD-G01-005 CD-G01-009 CD-G01-011 CD-G01-019 CD-G01-021 CD-G01-027","trade_event_fresh exchange_clock_aligned event_order_monotonic persistence_confirmed cross_source_time_aligned window_complete","ALL predicate classes true using fresh evidence strictly after prior transition","DIRECT","DERIVED_EVALUATOR_REQUIRED","PAT-DF-POSTEVENT-LIQUIDITY-REALIGN-001::E03","UNVALIDATED"
"OPR-213","OBSERVATION","priceが新balanceを保持","PRICE_ACCEPTANCE","DYNAMIC_FROM_PATTERN_CONTEXT","SIDE_RESOLVED","CD-G16-017 CD-G16-018 CD-G11-029 CD-G11-031","acceptance_above_reference acceptance_below_reference acceptance_above_value_session acceptance_below_value_session","CD-G16-023 CD-G16-024","upside_breakout_failure downside_breakout_failure","CD-G01-005 CD-G01-009 CD-G01-011 CD-G01-019 CD-G01-021 CD-G01-027","trade_event_fresh exchange_clock_aligned event_order_monotonic persistence_confirmed cross_source_time_aligned window_complete","ALL predicate classes true using fresh evidence strictly after prior transition","HYBRID","COMPOSITE_CONDITION_AVAILABLE","PAT-DF-POSTEVENT-LIQUIDITY-REALIGN-001::E04","UNVALIDATED"
"OPR-214","OBSERVATION","same-side aggression継続","TAPE_AGGRESSION","TERMINAL_SIDE","SIDE_RESOLVED","CD-G08-002 CD-G08-014 CD-G08-017 CD-G08-023 CD-G08-026 CD-G08-038 CD-G08-041 CD-G08-047 CD-G10-002","buy_market_volume_1s buy_large_trade_count_1s buy_trade_rate_1s buy_side_share_1s sell_market_volume_1s sell_large_trade_count_1s sell_trade_rate_1s sell_side_share_1s trade_delta_5s","CD-G16-007 CD-G16-008","buyer_fade_active seller_fade_active","CD-G01-005 CD-G01-009 CD-G01-011 CD-G01-019 CD-G01-021 CD-G01-027","trade_event_fresh exchange_clock_aligned event_order_monotonic persistence_confirmed cross_source_time_aligned window_complete","ALL predicate classes true using fresh evidence strictly after prior transition","DIRECT","DERIVED_EVALUATOR_REQUIRED","PAT-DF-POSTEVENT-LIQUIDITY-REALIGN-001::E05","UNVALIDATED"
"OPR-215","OBSERVATION","multi-level bid>ask skew","BOOK_IMBALANCE","BOTH_EXPLICIT","SIDE_RESOLVED","CD-G06-009 CD-G06-010 CD-G06-011 CD-G06-012","queue_imbalance_top1 microprice_top1 queue_imbalance_top3 microprice_top3","CD-G06-009 CD-G06-011","queue_imbalance_top1 queue_imbalance_top3","CD-G01-001 CD-G01-002 CD-G01-004 CD-G01-009 CD-G01-011 CD-G01-019 CD-G01-020 CD-G01-021 CD-G01-027","depth_book_synced depth_sequence_contiguous depth_event_fresh exchange_clock_aligned event_order_monotonic persistence_confirmed market_state_atomic cross_source_time_aligned window_complete","ALL predicate classes true using fresh evidence strictly after prior transition","DIRECT","DERIVED_EVALUATOR_REQUIRED","PAT-BI-BID-PERSIST-BUYCONFIRM-001::E01","UNVALIDATED"
"OPR-216","OBSERVATION","skew持続／増幅","BOOK_IMBALANCE","DYNAMIC_FROM_PATTERN_CONTEXT","SIDE_RESOLVED","CD-G06-009 CD-G06-010 CD-G06-011 CD-G06-012","queue_imbalance_top1 microprice_top1 queue_imbalance_top3 microprice_top3","CD-G06-009 CD-G06-011","queue_imbalance_top1 queue_imbalance_top3","CD-G01-001 CD-G01-002 CD-G01-004 CD-G01-009 CD-G01-011 CD-G01-019 CD-G01-020 CD-G01-021 CD-G01-027","depth_book_synced depth_sequence_contiguous depth_event_fresh exchange_clock_aligned event_order_monotonic persistence_confirmed market_state_atomic cross_source_time_aligned window_complete","ALL predicate classes true using fresh evidence strictly after prior transition","DIRECT","DERIVED_EVALUATOR_REQUIRED","PAT-BI-BID-PERSIST-BUYCONFIRM-001::E02 PAT-BI-ASK-PERSIST-SELLCONFIRM-001::E02","UNVALIDATED"
"OPR-217","OBSERVATION","buy market flow参加","TAPE_AGGRESSION","EXPLICIT_BUY_OR_BID_COMPONENT","SIDE_RESOLVED","CD-G08-002 CD-G08-014 CD-G08-017 CD-G08-023 CD-G08-026 CD-G08-038 CD-G08-041 CD-G08-047 CD-G10-002","buy_market_volume_1s buy_large_trade_count_1s buy_trade_rate_1s buy_side_share_1s sell_market_volume_1s sell_large_trade_count_1s sell_trade_rate_1s sell_side_share_1s trade_delta_5s","CD-G16-007 CD-G16-008","buyer_fade_active seller_fade_active","CD-G01-005 CD-G01-009 CD-G01-011 CD-G01-019 CD-G01-021 CD-G01-027","trade_event_fresh exchange_clock_aligned event_order_monotonic persistence_confirmed cross_source_time_aligned window_complete","ALL predicate classes true using fresh evidence strictly after prior transition","DIRECT","DERIVED_EVALUATOR_REQUIRED","PAT-BI-BID-PERSIST-BUYCONFIRM-001::E03","UNVALIDATED"
"OPR-218","OBSERVATION","price上進","PRICE_PROGRESS","EXPLICIT_BUY_OR_BID_COMPONENT","SIDE_RESOLVED","CD-G09-002 CD-G09-006 CD-G09-018 CD-G09-022 CD-G16-021 CD-G16-022","upward_progress_ticks_1s downward_progress_ticks_1s buy_efficiency_1s sell_efficiency_1s upside_breakout_follow_through downside_breakout_follow_through","CD-G09-026 CD-G09-030","buy_no_progress_ratio_1s sell_no_progress_ratio_1s","CD-G01-005 CD-G01-009 CD-G01-011 CD-G01-019 CD-G01-021 CD-G01-027","trade_event_fresh exchange_clock_aligned event_order_monotonic persistence_confirmed cross_source_time_aligned window_complete","ALL predicate classes true using fresh evidence strictly after prior transition","DIRECT","DERIVED_EVALUATOR_REQUIRED","PAT-BI-BID-PERSIST-BUYCONFIRM-001::E04","UNVALIDATED"
"OPR-219","OBSERVATION","support depth切上げ","LIQUIDITY_STACK_REBUILD","DYNAMIC_FROM_PATTERN_CONTEXT","SIDE_RESOLVED","CD-G07-008 CD-G07-011 CD-G07-017 CD-G07-032 CD-G07-035 CD-G07-041","bid_net_flow_1s bid_refresh_count_1s bid_stack_ratio_1s ask_net_flow_1s ask_refresh_count_1s ask_stack_ratio_1s","CD-G07-014 CD-G07-038","bid_pull_ratio_1s ask_pull_ratio_1s","CD-G01-001 CD-G01-002 CD-G01-004 CD-G01-009 CD-G01-011 CD-G01-019 CD-G01-020 CD-G01-021 CD-G01-027","depth_book_synced depth_sequence_contiguous depth_event_fresh exchange_clock_aligned event_order_monotonic persistence_confirmed market_state_atomic cross_source_time_aligned window_complete","ALL predicate classes true using fresh evidence strictly after prior transition","DIRECT","DERIVED_EVALUATOR_REQUIRED","PAT-BI-BID-PERSIST-BUYCONFIRM-001::E05","UNVALIDATED"
"OPR-220","OBSERVATION","multi-level ask>bid skew","BOOK_IMBALANCE","BOTH_EXPLICIT","SIDE_RESOLVED","CD-G06-009 CD-G06-010 CD-G06-011 CD-G06-012","queue_imbalance_top1 microprice_top1 queue_imbalance_top3 microprice_top3","CD-G06-009 CD-G06-011","queue_imbalance_top1 queue_imbalance_top3","CD-G01-001 CD-G01-002 CD-G01-004 CD-G01-009 CD-G01-011 CD-G01-019 CD-G01-020 CD-G01-021 CD-G01-027","depth_book_synced depth_sequence_contiguous depth_event_fresh exchange_clock_aligned event_order_monotonic persistence_confirmed market_state_atomic cross_source_time_aligned window_complete","ALL predicate classes true using fresh evidence strictly after prior transition","DIRECT","DERIVED_EVALUATOR_REQUIRED","PAT-BI-ASK-PERSIST-SELLCONFIRM-001::E01","UNVALIDATED"
"OPR-221","OBSERVATION","sell market flow参加","TAPE_AGGRESSION","EXPLICIT_SELL_OR_ASK_COMPONENT","SIDE_RESOLVED","CD-G08-002 CD-G08-014 CD-G08-017 CD-G08-023 CD-G08-026 CD-G08-038 CD-G08-041 CD-G08-047 CD-G10-002","buy_market_volume_1s buy_large_trade_count_1s buy_trade_rate_1s buy_side_share_1s sell_market_volume_1s sell_large_trade_count_1s sell_trade_rate_1s sell_side_share_1s trade_delta_5s","CD-G16-007 CD-G16-008","buyer_fade_active seller_fade_active","CD-G01-005 CD-G01-009 CD-G01-011 CD-G01-019 CD-G01-021 CD-G01-027","trade_event_fresh exchange_clock_aligned event_order_monotonic persistence_confirmed cross_source_time_aligned window_complete","ALL predicate classes true using fresh evidence strictly after prior transition","DIRECT","DERIVED_EVALUATOR_REQUIRED","PAT-BI-ASK-PERSIST-SELLCONFIRM-001::E03","UNVALIDATED"
"OPR-222","OBSERVATION","price下進","PRICE_PROGRESS","EXPLICIT_SELL_OR_ASK_COMPONENT","SIDE_RESOLVED","CD-G09-002 CD-G09-006 CD-G09-018 CD-G09-022 CD-G16-021 CD-G16-022","upward_progress_ticks_1s downward_progress_ticks_1s buy_efficiency_1s sell_efficiency_1s upside_breakout_follow_through downside_breakout_follow_through","CD-G09-026 CD-G09-030","buy_no_progress_ratio_1s sell_no_progress_ratio_1s","CD-G01-005 CD-G01-009 CD-G01-011 CD-G01-019 CD-G01-021 CD-G01-027","trade_event_fresh exchange_clock_aligned event_order_monotonic persistence_confirmed cross_source_time_aligned window_complete","ALL predicate classes true using fresh evidence strictly after prior transition","DIRECT","DERIVED_EVALUATOR_REQUIRED","PAT-BI-ASK-PERSIST-SELLCONFIRM-001::E04","UNVALIDATED"
"OPR-223","OBSERVATION","resistance depth切下げ","LIQUIDITY_STACK_REBUILD","DYNAMIC_FROM_PATTERN_CONTEXT","SIDE_RESOLVED","CD-G07-008 CD-G07-011 CD-G07-017 CD-G07-032 CD-G07-035 CD-G07-041","bid_net_flow_1s bid_refresh_count_1s bid_stack_ratio_1s ask_net_flow_1s ask_refresh_count_1s ask_stack_ratio_1s","CD-G07-014 CD-G07-038","bid_pull_ratio_1s ask_pull_ratio_1s","CD-G01-001 CD-G01-002 CD-G01-004 CD-G01-009 CD-G01-011 CD-G01-019 CD-G01-020 CD-G01-021 CD-G01-027","depth_book_synced depth_sequence_contiguous depth_event_fresh exchange_clock_aligned event_order_monotonic persistence_confirmed market_state_atomic cross_source_time_aligned window_complete","ALL predicate classes true using fresh evidence strictly after prior transition","DIRECT","DERIVED_EVALUATOR_REQUIRED","PAT-BI-ASK-PERSIST-SELLCONFIRM-001::E05","UNVALIDATED"
"OPR-224","OBSERVATION","strong book skew","BOOK_IMBALANCE","DYNAMIC_FROM_PATTERN_CONTEXT","SIDE_RESOLVED","CD-G06-009 CD-G06-010 CD-G06-011 CD-G06-012","queue_imbalance_top1 microprice_top1 queue_imbalance_top3 microprice_top3","CD-G06-009 CD-G06-011","queue_imbalance_top1 queue_imbalance_top3","CD-G01-001 CD-G01-002 CD-G01-004 CD-G01-009 CD-G01-011 CD-G01-019 CD-G01-020 CD-G01-021 CD-G01-027","depth_book_synced depth_sequence_contiguous depth_event_fresh exchange_clock_aligned event_order_monotonic persistence_confirmed market_state_atomic cross_source_time_aligned window_complete","ALL predicate classes true using fresh evidence strictly after prior transition","DIRECT","DERIVED_EVALUATOR_REQUIRED","PAT-BI-SKEW-NORESULT-FADE-001::E01","UNVALIDATED"
"OPR-225","OBSERVATION","same-side aggression","TAPE_AGGRESSION","TERMINAL_SIDE","SIDE_RESOLVED","CD-G08-002 CD-G08-014 CD-G08-017 CD-G08-023 CD-G08-026 CD-G08-038 CD-G08-041 CD-G08-047 CD-G10-002","buy_market_volume_1s buy_large_trade_count_1s buy_trade_rate_1s buy_side_share_1s sell_market_volume_1s sell_large_trade_count_1s sell_trade_rate_1s sell_side_share_1s trade_delta_5s","CD-G16-007 CD-G16-008","buyer_fade_active seller_fade_active","CD-G01-005 CD-G01-009 CD-G01-011 CD-G01-019 CD-G01-021 CD-G01-027","trade_event_fresh exchange_clock_aligned event_order_monotonic persistence_confirmed cross_source_time_aligned window_complete","ALL predicate classes true using fresh evidence strictly after prior transition","DIRECT","DERIVED_EVALUATOR_REQUIRED","PAT-BI-SKEW-NORESULT-FADE-001::E02","UNVALIDATED"
"OPR-226","OBSERVATION","opposite passive absorption","ABSORPTION_STATE","TERMINAL_SIDE","SIDE_RESOLVED","CD-G16-001 CD-G16-002 CD-G09-026 CD-G09-030","bid_absorption_like_active ask_absorption_like_active buy_no_progress_ratio_1s sell_no_progress_ratio_1s","CD-G16-037 CD-G16-038","bid_passive_defense_failed ask_passive_defense_failed","CD-G01-005 CD-G01-009 CD-G01-011 CD-G01-019 CD-G01-021 CD-G01-027 CD-G01-001 CD-G01-002 CD-G01-004 CD-G01-020","trade_event_fresh exchange_clock_aligned event_order_monotonic persistence_confirmed cross_source_time_aligned window_complete depth_book_synced depth_sequence_contiguous depth_event_fresh market_state_atomic","ALL predicate classes true using fresh evidence strictly after prior transition","HYBRID","COMPOSITE_CONDITION_AVAILABLE","PAT-BI-SKEW-NORESULT-FADE-001::E04","UNVALIDATED"
"OPR-227","OBSERVATION","skew減衰／反転","BOOK_IMBALANCE TAPE_FADE","DYNAMIC_FROM_PATTERN_CONTEXT","SIDE_RESOLVED","CD-G06-009 CD-G06-010 CD-G06-011 CD-G06-012 CD-G16-007 CD-G16-008 CD-G16-033 CD-G16-034 CD-G08-017 CD-G08-041 CD-G10-014","queue_imbalance_top1 microprice_top1 queue_imbalance_top3 microprice_top3 buyer_fade_active seller_fade_active buy_momentum_fading sell_momentum_fading buy_trade_rate_1s sell_trade_rate_1s delta_acceleration_5s","CD-G06-009 CD-G06-011 CD-G16-009 CD-G16-010","queue_imbalance_top1 queue_imbalance_top3 buyers_jump_in sellers_jump_in","CD-G01-001 CD-G01-002 CD-G01-004 CD-G01-009 CD-G01-011 CD-G01-019 CD-G01-020 CD-G01-021 CD-G01-027 CD-G01-005","depth_book_synced depth_sequence_contiguous depth_event_fresh exchange_clock_aligned event_order_monotonic persistence_confirmed market_state_atomic cross_source_time_aligned window_complete trade_event_fresh","ALL predicate classes true using fresh evidence strictly after prior transition","DIRECT HYBRID","COMPOSITE_CONDITION_AVAILABLE DERIVED_EVALUATOR_REQUIRED","PAT-BI-SKEW-NORESULT-FADE-001::E05","UNVALIDATED"
"OPR-228","OBSERVATION","initial imbalance","FOOTPRINT_IMBALANCE","OBSERVED_INITIATOR_SIDE","SIDE_RESOLVED","CD-G10-022 CD-G10-026 CD-G10-030 CD-G10-034","positive_imbalance_count_5s negative_imbalance_count_5s stacked_buy_imbalance_depth_5s stacked_sell_imbalance_depth_5s","CD-G10-022 CD-G10-026","positive_imbalance_count_5s negative_imbalance_count_5s","CD-G01-005 CD-G01-009 CD-G01-011 CD-G01-019 CD-G01-021 CD-G01-027","trade_event_fresh exchange_clock_aligned event_order_monotonic persistence_confirmed cross_source_time_aligned window_complete","ALL predicate classes true using fresh evidence strictly after prior transition","DIRECT","DERIVED_EVALUATOR_REQUIRED","PAT-BI-PULL-REVERSAL-CONFIRM-001::E01","UNVALIDATED"
"OPR-229","OBSERVATION","favored-side orders pull","LIQUIDITY_PULL","DYNAMIC_FROM_PATTERN_CONTEXT","SIDE_RESOLVED","CD-G07-014 CD-G07-023 CD-G07-038 CD-G07-047","bid_pull_ratio_1s bid_depth_change_1s ask_pull_ratio_1s ask_depth_change_1s","CD-G07-017 CD-G07-041","bid_stack_ratio_1s ask_stack_ratio_1s","CD-G01-001 CD-G01-002 CD-G01-004 CD-G01-009 CD-G01-011 CD-G01-019 CD-G01-020 CD-G01-021 CD-G01-027","depth_book_synced depth_sequence_contiguous depth_event_fresh exchange_clock_aligned event_order_monotonic persistence_confirmed market_state_atomic cross_source_time_aligned window_complete","ALL predicate classes true using fresh evidence strictly after prior transition","DIRECT","DERIVED_EVALUATOR_REQUIRED","PAT-BI-PULL-REVERSAL-CONFIRM-001::E03","UNVALIDATED"
"OPR-230","OBSERVATION","opposite-side depth rebuild","LIQUIDITY_STACK_REBUILD","TERMINAL_SIDE","SIDE_RESOLVED","CD-G07-008 CD-G07-011 CD-G07-017 CD-G07-032 CD-G07-035 CD-G07-041","bid_net_flow_1s bid_refresh_count_1s bid_stack_ratio_1s ask_net_flow_1s ask_refresh_count_1s ask_stack_ratio_1s","CD-G07-014 CD-G07-038","bid_pull_ratio_1s ask_pull_ratio_1s","CD-G01-001 CD-G01-002 CD-G01-004 CD-G01-009 CD-G01-011 CD-G01-019 CD-G01-020 CD-G01-021 CD-G01-027","depth_book_synced depth_sequence_contiguous depth_event_fresh exchange_clock_aligned event_order_monotonic persistence_confirmed market_state_atomic cross_source_time_aligned window_complete","ALL predicate classes true using fresh evidence strictly after prior transition","DIRECT","DERIVED_EVALUATOR_REQUIRED","PAT-BI-PULL-REVERSAL-CONFIRM-001::E04","UNVALIDATED"
"OPR-231","OBSERVATION","opposite aggressive trades","TAPE_AGGRESSION","TERMINAL_SIDE","SIDE_RESOLVED","CD-G08-002 CD-G08-014 CD-G08-017 CD-G08-023 CD-G08-026 CD-G08-038 CD-G08-041 CD-G08-047 CD-G10-002","buy_market_volume_1s buy_large_trade_count_1s buy_trade_rate_1s buy_side_share_1s sell_market_volume_1s sell_large_trade_count_1s sell_trade_rate_1s sell_side_share_1s trade_delta_5s","CD-G16-007 CD-G16-008","buyer_fade_active seller_fade_active","CD-G01-005 CD-G01-009 CD-G01-011 CD-G01-019 CD-G01-021 CD-G01-027","trade_event_fresh exchange_clock_aligned event_order_monotonic persistence_confirmed cross_source_time_aligned window_complete","ALL predicate classes true using fresh evidence strictly after prior transition","DIRECT","DERIVED_EVALUATOR_REQUIRED","PAT-BI-PULL-REVERSAL-CONFIRM-001::E05","UNVALIDATED"
"OPR-232","OBSERVATION","deeper levelsでsame-side stack","FOOTPRINT_IMBALANCE LIQUIDITY_STACK_REBUILD","TERMINAL_SIDE","SIDE_RESOLVED","CD-G10-022 CD-G10-026 CD-G10-030 CD-G10-034 CD-G07-008 CD-G07-011 CD-G07-017 CD-G07-032 CD-G07-035 CD-G07-041","positive_imbalance_count_5s negative_imbalance_count_5s stacked_buy_imbalance_depth_5s stacked_sell_imbalance_depth_5s bid_net_flow_1s bid_refresh_count_1s bid_stack_ratio_1s ask_net_flow_1s ask_refresh_count_1s ask_stack_ratio_1s","CD-G10-022 CD-G10-026 CD-G07-014 CD-G07-038","positive_imbalance_count_5s negative_imbalance_count_5s bid_pull_ratio_1s ask_pull_ratio_1s","CD-G01-005 CD-G01-009 CD-G01-011 CD-G01-019 CD-G01-021 CD-G01-027 CD-G01-001 CD-G01-002 CD-G01-004 CD-G01-020","trade_event_fresh exchange_clock_aligned event_order_monotonic persistence_confirmed cross_source_time_aligned window_complete depth_book_synced depth_sequence_contiguous depth_event_fresh market_state_atomic","ALL predicate classes true using fresh evidence strictly after prior transition","DIRECT","DERIVED_EVALUATOR_REQUIRED","PAT-BI-DEEP-STACK-TOPSHIFT-001::E01","UNVALIDATED"
"OPR-233","OBSERVATION","top-book imbalance同方向へshift","BOOK_IMBALANCE FOOTPRINT_IMBALANCE","TERMINAL_SIDE","SIDE_RESOLVED","CD-G06-009 CD-G06-010 CD-G06-011 CD-G06-012 CD-G10-022 CD-G10-026 CD-G10-030 CD-G10-034","queue_imbalance_top1 microprice_top1 queue_imbalance_top3 microprice_top3 positive_imbalance_count_5s negative_imbalance_count_5s stacked_buy_imbalance_depth_5s stacked_sell_imbalance_depth_5s","CD-G06-009 CD-G06-011 CD-G10-022 CD-G10-026","queue_imbalance_top1 queue_imbalance_top3 positive_imbalance_count_5s negative_imbalance_count_5s","CD-G01-001 CD-G01-002 CD-G01-004 CD-G01-009 CD-G01-011 CD-G01-019 CD-G01-020 CD-G01-021 CD-G01-027 CD-G01-005","depth_book_synced depth_sequence_contiguous depth_event_fresh exchange_clock_aligned event_order_monotonic persistence_confirmed market_state_atomic cross_source_time_aligned window_complete trade_event_fresh","ALL predicate classes true using fresh evidence strictly after prior transition","DIRECT","DERIVED_EVALUATOR_REQUIRED","PAT-BI-DEEP-STACK-TOPSHIFT-001::E02","UNVALIDATED"
"OPR-234","OBSERVATION","spread／microprice同方向","BOOK_IMBALANCE","TERMINAL_SIDE","SIDE_RESOLVED","CD-G06-009 CD-G06-010 CD-G06-011 CD-G06-012","queue_imbalance_top1 microprice_top1 queue_imbalance_top3 microprice_top3","CD-G06-009 CD-G06-011","queue_imbalance_top1 queue_imbalance_top3","CD-G01-001 CD-G01-002 CD-G01-004 CD-G01-009 CD-G01-011 CD-G01-019 CD-G01-020 CD-G01-021 CD-G01-027","depth_book_synced depth_sequence_contiguous depth_event_fresh exchange_clock_aligned event_order_monotonic persistence_confirmed market_state_atomic cross_source_time_aligned window_complete","ALL predicate classes true using fresh evidence strictly after prior transition","DIRECT","DERIVED_EVALUATOR_REQUIRED","PAT-BI-DEEP-STACK-TOPSHIFT-001::E03","UNVALIDATED"
"OPR-235","OBSERVATION","aggressive trades参加","TAPE_AGGRESSION","DYNAMIC_FROM_PATTERN_CONTEXT","SIDE_RESOLVED","CD-G08-002 CD-G08-014 CD-G08-017 CD-G08-023 CD-G08-026 CD-G08-038 CD-G08-041 CD-G08-047 CD-G10-002","buy_market_volume_1s buy_large_trade_count_1s buy_trade_rate_1s buy_side_share_1s sell_market_volume_1s sell_large_trade_count_1s sell_trade_rate_1s sell_side_share_1s trade_delta_5s","CD-G16-007 CD-G16-008","buyer_fade_active seller_fade_active","CD-G01-005 CD-G01-009 CD-G01-011 CD-G01-019 CD-G01-021 CD-G01-027","trade_event_fresh exchange_clock_aligned event_order_monotonic persistence_confirmed cross_source_time_aligned window_complete","ALL predicate classes true using fresh evidence strictly after prior transition","DIRECT","DERIVED_EVALUATOR_REQUIRED","PAT-BI-DEEP-STACK-TOPSHIFT-001::E04","UNVALIDATED"
"OPR-236","OBSERVATION","price progress","PRICE_PROGRESS","DYNAMIC_FROM_PATTERN_CONTEXT","SIDE_RESOLVED","CD-G09-002 CD-G09-006 CD-G09-018 CD-G09-022 CD-G16-021 CD-G16-022","upward_progress_ticks_1s downward_progress_ticks_1s buy_efficiency_1s sell_efficiency_1s upside_breakout_follow_through downside_breakout_follow_through","CD-G09-026 CD-G09-030","buy_no_progress_ratio_1s sell_no_progress_ratio_1s","CD-G01-005 CD-G01-009 CD-G01-011 CD-G01-019 CD-G01-021 CD-G01-027","trade_event_fresh exchange_clock_aligned event_order_monotonic persistence_confirmed cross_source_time_aligned window_complete","ALL predicate classes true using fresh evidence strictly after prior transition","DIRECT","DERIVED_EVALUATOR_REQUIRED","PAT-BI-DEEP-STACK-TOPSHIFT-001::E05","UNVALIDATED"
"INV-001","INVALIDATION","CVD再整列かつ新価格acceptance","COMPOSITE_INVALIDATION DELTA_STATE FLOW_PRICE_DIVERGENCE PRICE_ACCEPTANCE","DYNAMIC_FROM_PATTERN_CONTEXT","ANY_MATCHED_ATOM SIDE_RESOLVED","CD-G10-001 CD-G10-002 CD-G10-005 CD-G10-006 CD-G10-009 CD-G10-010 CD-G16-048 CD-G09-002 CD-G09-006 CD-G16-017 CD-G16-018 CD-G11-029 CD-G11-031","trade_delta_1s trade_delta_5s cvd_change_1s cvd_change_5s cvd_slope_1s cvd_slope_5s flow_price_divergence_active upward_progress_ticks_1s downward_progress_ticks_1s acceptance_above_reference acceptance_below_reference acceptance_above_value_session acceptance_below_value_session","CD-G10-001 CD-G10-002 CD-G16-021 CD-G16-022 CD-G16-023 CD-G16-024","trade_delta_1s trade_delta_5s upside_breakout_follow_through downside_breakout_follow_through upside_breakout_failure downside_breakout_failure","CD-G01-009 CD-G01-010 CD-G01-011 CD-G01-016 CD-G01-021 CD-G01-005 CD-G01-019 CD-G01-027","exchange_clock_aligned receive_clock_monotonic event_order_monotonic duplicate_event_absent cross_source_time_aligned trade_event_fresh persistence_confirmed window_complete","ANY named invalidation atom true terminates the instance","DIRECT HYBRID","COMPOSITE_CONDITION_AVAILABLE DERIVED_EVALUATOR_REQUIRED ENGINE_NATIVE","PAT-CVD-EXTREME-NONCONFIRM-FLIP-001::E98","UNVALIDATED"
"INV-002","INVALIDATION","absorption level突破後にoutside hold","ABSORPTION_STATE COMPOSITE_INVALIDATION PRICE_ACCEPTANCE","DYNAMIC_FROM_PATTERN_CONTEXT","ANY_MATCHED_ATOM SIDE_RESOLVED","CD-G16-001 CD-G16-002 CD-G09-026 CD-G09-030 CD-G16-017 CD-G16-018 CD-G11-029 CD-G11-031","bid_absorption_like_active ask_absorption_like_active buy_no_progress_ratio_1s sell_no_progress_ratio_1s acceptance_above_reference acceptance_below_reference acceptance_above_value_session acceptance_below_value_session","CD-G16-037 CD-G16-038 CD-G16-023 CD-G16-024","bid_passive_defense_failed ask_passive_defense_failed upside_breakout_failure downside_breakout_failure","CD-G01-005 CD-G01-009 CD-G01-011 CD-G01-019 CD-G01-021 CD-G01-027 CD-G01-001 CD-G01-002 CD-G01-004 CD-G01-020 CD-G01-010 CD-G01-016","trade_event_fresh exchange_clock_aligned event_order_monotonic persistence_confirmed cross_source_time_aligned window_complete depth_book_synced depth_sequence_contiguous depth_event_fresh market_state_atomic receive_clock_monotonic duplicate_event_absent","ANY named invalidation atom true terminates the instance","HYBRID","COMPOSITE_CONDITION_AVAILABLE ENGINE_NATIVE","PAT-CVD-ABSORPTION-STRUCTUREBREAK-001::E98","UNVALIDATED"
"INV-003","INVALIDATION","CVDがbreak方向へ再整列しoutside hold","COMPOSITE_INVALIDATION DELTA_STATE FLOW_PRICE_DIVERGENCE PRICE_ACCEPTANCE","DYNAMIC_FROM_PATTERN_CONTEXT","ANY_MATCHED_ATOM SIDE_RESOLVED","CD-G10-001 CD-G10-002 CD-G10-005 CD-G10-006 CD-G10-009 CD-G10-010 CD-G16-048 CD-G09-002 CD-G09-006 CD-G16-017 CD-G16-018 CD-G11-029 CD-G11-031","trade_delta_1s trade_delta_5s cvd_change_1s cvd_change_5s cvd_slope_1s cvd_slope_5s flow_price_divergence_active upward_progress_ticks_1s downward_progress_ticks_1s acceptance_above_reference acceptance_below_reference acceptance_above_value_session acceptance_below_value_session","CD-G10-001 CD-G10-002 CD-G16-021 CD-G16-022 CD-G16-023 CD-G16-024","trade_delta_1s trade_delta_5s upside_breakout_follow_through downside_breakout_follow_through upside_breakout_failure downside_breakout_failure","CD-G01-009 CD-G01-010 CD-G01-011 CD-G01-016 CD-G01-021 CD-G01-005 CD-G01-019 CD-G01-027","exchange_clock_aligned receive_clock_monotonic event_order_monotonic duplicate_event_absent cross_source_time_aligned trade_event_fresh persistence_confirmed window_complete","ANY named invalidation atom true terminates the instance","DIRECT HYBRID","COMPOSITE_CONDITION_AVAILABLE DERIVED_EVALUATOR_REQUIRED ENGINE_NATIVE","PAT-CVD-FAILED-BREAK-SQUEEZE-001::E98","UNVALIDATED"
"INV-004","INVALIDATION","retestでinitiator activity回復し極値更新","COMPOSITE_INVALIDATION PRICE_STRUCTURE RETEST_SEQUENCE TAPE_AGGRESSION TAPE_FADE","OBSERVED_INITIATOR_SIDE","ANY_MATCHED_ATOM REFERENCE_SIDE_RESOLVED SIDE_RESOLVED","CD-G03-021 CD-G03-023 CD-G03-025 CD-G03-027 CD-G09-002 CD-G09-006 CD-G16-013 CD-G16-014 CD-G08-002 CD-G08-014 CD-G08-017 CD-G08-023 CD-G08-026 CD-G08-038 CD-G08-041 CD-G08-047 CD-G10-002 CD-G16-007 CD-G16-008 CD-G16-033 CD-G16-034 CD-G10-014","distance_to_rolling_1m_high distance_to_rolling_1m_low distance_to_rolling_5m_high distance_to_rolling_5m_low upward_progress_ticks_1s downward_progress_ticks_1s repeated_high_test repeated_low_test buy_market_volume_1s buy_large_trade_count_1s buy_trade_rate_1s buy_side_share_1s sell_market_volume_1s sell_large_trade_count_1s sell_trade_rate_1s sell_side_share_1s trade_delta_5s buyer_fade_active seller_fade_active buy_momentum_fading sell_momentum_fading delta_acceleration_5s","CD-G16-023 CD-G16-024 CD-G16-021 CD-G16-022 CD-G16-007 CD-G16-008 CD-G16-009 CD-G16-010","upside_breakout_failure downside_breakout_failure upside_breakout_follow_through downside_breakout_follow_through buyer_fade_active seller_fade_active buyers_jump_in sellers_jump_in","CD-G01-009 CD-G01-010 CD-G01-011 CD-G01-016 CD-G01-021 CD-G01-005 CD-G01-019 CD-G01-027 CD-G01-001 CD-G01-002 CD-G01-004 CD-G01-020","exchange_clock_aligned receive_clock_monotonic event_order_monotonic duplicate_event_absent cross_source_time_aligned trade_event_fresh persistence_confirmed window_complete depth_book_synced depth_sequence_contiguous depth_event_fresh market_state_atomic","ANY named invalidation atom true terminates the instance","DERIVED DIRECT HYBRID","COMPOSITE_CONDITION_AVAILABLE DERIVED_EVALUATOR_REQUIRED ENGINE_NATIVE","PAT-CVD-RETEST-WEAKER-001::E98","UNVALIDATED"
"INV-005","INVALIDATION","bid wall再構築、price回復、またはOI不明／stale","COMPOSITE_INVALIDATION OPEN_INTEREST_CHANGE WALL_STATE","EXPLICIT_BUY_OR_BID_COMPONENT","ANY_MATCHED_ATOM SIDE_RESOLVED SIGN_RESOLVED","CD-G12-001 CD-G12-002 CD-G12-003 CD-G06-029 CD-G06-030 CD-G06-031 CD-G06-032 CD-G07-011 CD-G07-014 CD-G07-035 CD-G07-038 CD-G16-035 CD-G16-036 CD-G16-037 CD-G16-038","open_interest_change_5m open_interest_pct_change_5m price_oi_joint_state_5m bid_wall_concentration_top10 distance_to_nearest_bid_wall ask_wall_concentration_top10 distance_to_nearest_ask_wall bid_refresh_count_1s bid_pull_ratio_1s ask_refresh_count_1s ask_pull_ratio_1s bid_passive_defense_holding ask_passive_defense_holding bid_passive_defense_failed ask_passive_defense_failed","CD-G12-001 CD-G12-002 CD-G16-037 CD-G16-038","open_interest_change_5m open_interest_pct_change_5m bid_passive_defense_failed ask_passive_defense_failed","CD-G01-009 CD-G01-010 CD-G01-011 CD-G01-016 CD-G01-021 CD-G01-007 CD-G01-024 CD-G01-027 CD-G01-001 CD-G01-002 CD-G01-004 CD-G01-019 CD-G01-020","exchange_clock_aligned receive_clock_monotonic event_order_monotonic duplicate_event_absent cross_source_time_aligned open_interest_snapshot_fresh sampling_limit_disclosed window_complete depth_book_synced depth_sequence_contiguous depth_event_fresh persistence_confirmed market_state_atomic","ANY named invalidation atom true terminates the instance","HYBRID LIMITED","COMPOSITE_CONDITION_AVAILABLE DERIVED_EVALUATOR_REQUIRED ENGINE_NATIVE","PAT-CVD-BEAR-ABSFAIL-BIDBREAK-OIUNWIND-001::E98","UNVALIDATED"
"INV-006","INVALIDATION","absorbed levelがbreakしoutside hold","BREAK_ATTEMPT COMPOSITE_INVALIDATION PRICE_ACCEPTANCE","DYNAMIC_FROM_PATTERN_CONTEXT","ANY_MATCHED_ATOM SIDE_RESOLVED","CD-G16-019 CD-G16-020 CD-G09-002 CD-G09-006 CD-G16-017 CD-G16-018 CD-G11-029 CD-G11-031","upside_breakout_attempt downside_breakout_attempt upward_progress_ticks_1s downward_progress_ticks_1s acceptance_above_reference acceptance_below_reference acceptance_above_value_session acceptance_below_value_session","CD-G16-023 CD-G16-024","upside_breakout_failure downside_breakout_failure","CD-G01-005 CD-G01-009 CD-G01-011 CD-G01-019 CD-G01-021 CD-G01-027 CD-G01-001 CD-G01-002 CD-G01-004 CD-G01-020 CD-G01-010 CD-G01-016","trade_event_fresh exchange_clock_aligned event_order_monotonic persistence_confirmed cross_source_time_aligned window_complete depth_book_synced depth_sequence_contiguous depth_event_fresh market_state_atomic receive_clock_monotonic duplicate_event_absent","ANY named invalidation atom true terminates the instance","HYBRID","COMPOSITE_CONDITION_AVAILABLE ENGINE_NATIVE","PAT-ABS-FULL-THREE-ELEMENT-001::E98","UNVALIDATED"
"INV-007","INVALIDATION","support breakかつretestでresistance化","COMPOSITE_INVALIDATION RETEST_SEQUENCE","DYNAMIC_FROM_PATTERN_CONTEXT","ANY_MATCHED_ATOM REFERENCE_SIDE_RESOLVED","CD-G16-013 CD-G16-014","repeated_high_test repeated_low_test","CD-G16-021 CD-G16-022 CD-G16-023 CD-G16-024","upside_breakout_follow_through downside_breakout_follow_through upside_breakout_failure downside_breakout_failure","CD-G01-009 CD-G01-010 CD-G01-011 CD-G01-016 CD-G01-021 CD-G01-005 CD-G01-019 CD-G01-027 CD-G01-001 CD-G01-002 CD-G01-004 CD-G01-020","exchange_clock_aligned receive_clock_monotonic event_order_monotonic duplicate_event_absent cross_source_time_aligned trade_event_fresh persistence_confirmed window_complete depth_book_synced depth_sequence_contiguous depth_event_fresh market_state_atomic","ANY named invalidation atom true terminates the instance","HYBRID","COMPOSITE_CONDITION_AVAILABLE ENGINE_NATIVE","PAT-ABS-SUPPORT-HOLD-BOUNCE-001::E98","UNVALIDATED"
"INV-008","INVALIDATION","resistance breakかつretestでsupport化","COMPOSITE_INVALIDATION RETEST_SEQUENCE","DYNAMIC_FROM_PATTERN_CONTEXT","ANY_MATCHED_ATOM REFERENCE_SIDE_RESOLVED","CD-G16-013 CD-G16-014","repeated_high_test repeated_low_test","CD-G16-021 CD-G16-022 CD-G16-023 CD-G16-024","upside_breakout_follow_through downside_breakout_follow_through upside_breakout_failure downside_breakout_failure","CD-G01-009 CD-G01-010 CD-G01-011 CD-G01-016 CD-G01-021 CD-G01-005 CD-G01-019 CD-G01-027 CD-G01-001 CD-G01-002 CD-G01-004 CD-G01-020","exchange_clock_aligned receive_clock_monotonic event_order_monotonic duplicate_event_absent cross_source_time_aligned trade_event_fresh persistence_confirmed window_complete depth_book_synced depth_sequence_contiguous depth_event_fresh market_state_atomic","ANY named invalidation atom true terminates the instance","HYBRID","COMPOSITE_CONDITION_AVAILABLE ENGINE_NATIVE","PAT-ABS-RESISTANCE-HOLD-BOUNCE-001::E98","UNVALIDATED"
"INV-009","INVALIDATION","sweep後にaggression継続しoutside acceptance","COMPOSITE_INVALIDATION PRICE_ACCEPTANCE STOP_SWEEP TAPE_AGGRESSION","DYNAMIC_FROM_PATTERN_CONTEXT","ANY_MATCHED_ATOM SIDE_RESOLVED","CD-G16-017 CD-G16-018 CD-G11-029 CD-G11-031 CD-G16-042 CD-G16-043 CD-G16-044 CD-G16-045 CD-G08-014 CD-G08-038 CD-G08-002 CD-G08-017 CD-G08-023 CD-G08-026 CD-G08-041 CD-G08-047 CD-G10-002","acceptance_above_reference acceptance_below_reference acceptance_above_value_session acceptance_below_value_session upward_sweep_active downward_sweep_active upside_stop_run_like downside_stop_run_like buy_large_trade_count_1s sell_large_trade_count_1s buy_market_volume_1s buy_trade_rate_1s buy_side_share_1s sell_market_volume_1s sell_trade_rate_1s sell_side_share_1s trade_delta_5s","CD-G16-023 CD-G16-024 CD-G16-021 CD-G16-022 CD-G16-007 CD-G16-008","upside_breakout_failure downside_breakout_failure upside_breakout_follow_through downside_breakout_follow_through buyer_fade_active seller_fade_active","CD-G01-009 CD-G01-010 CD-G01-011 CD-G01-016 CD-G01-021 CD-G01-005 CD-G01-019 CD-G01-027 CD-G01-001 CD-G01-002 CD-G01-004 CD-G01-020","exchange_clock_aligned receive_clock_monotonic event_order_monotonic duplicate_event_absent cross_source_time_aligned trade_event_fresh persistence_confirmed window_complete depth_book_synced depth_sequence_contiguous depth_event_fresh market_state_atomic","ANY named invalidation atom true terminates the instance","DIRECT HYBRID","COMPOSITE_CONDITION_AVAILABLE DERIVED_EVALUATOR_REQUIRED ENGINE_NATIVE","PAT-ABS-STOPSWEEP-SNAPBACK-001::E98","UNVALIDATED"
"INV-010","INVALIDATION","pullback flowが高energy化しprior swing破壊","COMPOSITE_INVALIDATION LIQUIDITY_PULL LOCATION_CONTEXT PULLBACK_STATE","DYNAMIC_FROM_PATTERN_CONTEXT","ANY_MATCHED_ATOM SIDE_RESOLVED TERMINAL_SIDE_RESOLVED VARIANT_LOCATION","CD-G07-014 CD-G07-023 CD-G07-038 CD-G07-047 CD-G16-027 CD-G16-028 CD-G16-029 CD-G16-030","bid_pull_ratio_1s bid_depth_change_1s ask_pull_ratio_1s ask_depth_change_1s bullish_pullback_low_participation bearish_pullback_low_participation bullish_pullback_stall bearish_pullback_stall","CD-G07-017 CD-G07-041 CD-G16-031 CD-G16-032","bid_stack_ratio_1s ask_stack_ratio_1s buy_momentum_accelerating sell_momentum_accelerating","CD-G01-009 CD-G01-010 CD-G01-011 CD-G01-016 CD-G01-021 CD-G01-001 CD-G01-002 CD-G01-004 CD-G01-019 CD-G01-020 CD-G01-027 CD-G01-005","exchange_clock_aligned receive_clock_monotonic event_order_monotonic duplicate_event_absent cross_source_time_aligned depth_book_synced depth_sequence_contiguous depth_event_fresh persistence_confirmed market_state_atomic window_complete trade_event_fresh","ANY named invalidation atom true terminates the instance","DIRECT HYBRID","COMPOSITE_CONDITION_AVAILABLE DERIVED_EVALUATOR_REQUIRED ENGINE_NATIVE VARIANT_LOCATION_SELECTOR","PAT-ABS-PULLBACK-MINORREVERSAL-001::E98","UNVALIDATED"
"INV-011","INVALIDATION","buyersが再加速してlevel突破","COMPOSITE_INVALIDATION TAPE_AGGRESSION","EXPLICIT_BUY_OR_BID_COMPONENT","ANY_MATCHED_ATOM SIDE_RESOLVED","CD-G08-002 CD-G08-014 CD-G08-017 CD-G08-023 CD-G08-026 CD-G08-038 CD-G08-041 CD-G08-047 CD-G10-002","buy_market_volume_1s buy_large_trade_count_1s buy_trade_rate_1s buy_side_share_1s sell_market_volume_1s sell_large_trade_count_1s sell_trade_rate_1s sell_side_share_1s trade_delta_5s","CD-G16-007 CD-G16-008","buyer_fade_active seller_fade_active","CD-G01-009 CD-G01-010 CD-G01-011 CD-G01-016 CD-G01-021 CD-G01-005 CD-G01-019 CD-G01-027","exchange_clock_aligned receive_clock_monotonic event_order_monotonic duplicate_event_absent cross_source_time_aligned trade_event_fresh persistence_confirmed window_complete","ANY named invalidation atom true terminates the instance","DIRECT HYBRID","DERIVED_EVALUATOR_REQUIRED ENGINE_NATIVE","PAT-EXH-BUYER-DOUBLE-FADE-001::E98","UNVALIDATED"
"INV-012","INVALIDATION","sellersが再加速してlevel突破","COMPOSITE_INVALIDATION TAPE_AGGRESSION","EXPLICIT_SELL_OR_ASK_COMPONENT","ANY_MATCHED_ATOM SIDE_RESOLVED","CD-G08-002 CD-G08-014 CD-G08-017 CD-G08-023 CD-G08-026 CD-G08-038 CD-G08-041 CD-G08-047 CD-G10-002","buy_market_volume_1s buy_large_trade_count_1s buy_trade_rate_1s buy_side_share_1s sell_market_volume_1s sell_large_trade_count_1s sell_trade_rate_1s sell_side_share_1s trade_delta_5s","CD-G16-007 CD-G16-008","buyer_fade_active seller_fade_active","CD-G01-009 CD-G01-010 CD-G01-011 CD-G01-016 CD-G01-021 CD-G01-005 CD-G01-019 CD-G01-027","exchange_clock_aligned receive_clock_monotonic event_order_monotonic duplicate_event_absent cross_source_time_aligned trade_event_fresh persistence_confirmed window_complete","ANY named invalidation atom true terminates the instance","DIRECT HYBRID","DERIVED_EVALUATOR_REQUIRED ENGINE_NATIVE","PAT-EXH-SELLER-DOUBLE-FADE-001::E98","UNVALIDATED"
"INV-013","INVALIDATION","aggressive flowが継続しstackを消費","COMPOSITE_INVALIDATION LIQUIDITY_STACK_REBUILD TAPE_AGGRESSION","DYNAMIC_FROM_PATTERN_CONTEXT","ANY_MATCHED_ATOM SIDE_RESOLVED","CD-G07-008 CD-G07-011 CD-G07-017 CD-G07-032 CD-G07-035 CD-G07-041 CD-G08-002 CD-G08-014 CD-G08-017 CD-G08-023 CD-G08-026 CD-G08-038 CD-G08-041 CD-G08-047 CD-G10-002","bid_net_flow_1s bid_refresh_count_1s bid_stack_ratio_1s ask_net_flow_1s ask_refresh_count_1s ask_stack_ratio_1s buy_market_volume_1s buy_large_trade_count_1s buy_trade_rate_1s buy_side_share_1s sell_market_volume_1s sell_large_trade_count_1s sell_trade_rate_1s sell_side_share_1s trade_delta_5s","CD-G07-014 CD-G07-038 CD-G16-007 CD-G16-008","bid_pull_ratio_1s ask_pull_ratio_1s buyer_fade_active seller_fade_active","CD-G01-009 CD-G01-010 CD-G01-011 CD-G01-016 CD-G01-021 CD-G01-001 CD-G01-002 CD-G01-004 CD-G01-019 CD-G01-020 CD-G01-027 CD-G01-005","exchange_clock_aligned receive_clock_monotonic event_order_monotonic duplicate_event_absent cross_source_time_aligned depth_book_synced depth_sequence_contiguous depth_event_fresh persistence_confirmed market_state_atomic window_complete trade_event_fresh","ANY named invalidation atom true terminates the instance","DIRECT HYBRID","DERIVED_EVALUATOR_REQUIRED ENGINE_NATIVE","PAT-EXH-AGGRESSION-NO-FOLLOW-001::E98","UNVALIDATED"
"INV-014","INVALIDATION","volumeに比例したrange expansion","COMPOSITE_INVALIDATION TAPE_PARTICIPATION","DYNAMIC_FROM_PATTERN_CONTEXT","ANY_MATCHED_ATOM SIDE_RESOLVED","CD-G04-015 CD-G08-002 CD-G08-005 CD-G08-026 CD-G08-029","trade_rate_percentile_1m buy_market_volume_1s buy_trade_count_1s sell_market_volume_1s sell_trade_count_1s","CD-G04-015","trade_rate_percentile_1m","CD-G01-009 CD-G01-010 CD-G01-011 CD-G01-016 CD-G01-021 CD-G01-005 CD-G01-019 CD-G01-027","exchange_clock_aligned receive_clock_monotonic event_order_monotonic duplicate_event_absent cross_source_time_aligned trade_event_fresh persistence_confirmed window_complete","ANY named invalidation atom true terminates the instance","DIRECT HYBRID","DERIVED_EVALUATOR_REQUIRED ENGINE_NATIVE","PAT-EXH-EFFORT-RESULT-001::E98","UNVALIDATED"
"INV-015","INVALIDATION","liquidation後もspot／aggressive flowとacceptance継続","COMPOSITE_INVALIDATION LIQUIDATION_FLOW PRICE_ACCEPTANCE TAPE_AGGRESSION","DYNAMIC_FROM_PATTERN_CONTEXT","ANY_MATCHED_ATOM SIDE_RESOLVED","CD-G12-024 CD-G12-027 CD-G12-030 CD-G16-046 CD-G16-047 CD-G16-017 CD-G16-018 CD-G11-029 CD-G11-031 CD-G08-002 CD-G08-014 CD-G08-017 CD-G08-023 CD-G08-026 CD-G08-038 CD-G08-041 CD-G08-047 CD-G10-002","observed_liquidation_buy_notional_5s observed_liquidation_sell_notional_5s observed_liquidation_imbalance_5s observed_liquidation_led_upmove observed_liquidation_led_downmove acceptance_above_reference acceptance_below_reference acceptance_above_value_session acceptance_below_value_session buy_market_volume_1s buy_large_trade_count_1s buy_trade_rate_1s buy_side_share_1s sell_market_volume_1s sell_large_trade_count_1s sell_trade_rate_1s sell_side_share_1s trade_delta_5s","CD-G12-030 CD-G16-023 CD-G16-024 CD-G16-007 CD-G16-008","observed_liquidation_imbalance_5s upside_breakout_failure downside_breakout_failure buyer_fade_active seller_fade_active","CD-G01-009 CD-G01-010 CD-G01-011 CD-G01-016 CD-G01-021 CD-G01-006 CD-G01-027 CD-G01-005 CD-G01-019","exchange_clock_aligned receive_clock_monotonic event_order_monotonic duplicate_event_absent cross_source_time_aligned liquidation_event_fresh window_complete trade_event_fresh persistence_confirmed","ANY named invalidation atom true terminates the instance","DIRECT HYBRID","COMPOSITE_CONDITION_AVAILABLE DERIVED_EVALUATOR_REQUIRED ENGINE_NATIVE","PAT-EXH-LIQUIDATION-CASCADE-END-001::E98","UNVALIDATED"
"INV-016","INVALIDATION","zoneをsell flowがbreakしbelow hold","BREAK_ATTEMPT COMPOSITE_INVALIDATION PRICE_ACCEPTANCE TAPE_AGGRESSION","EXPLICIT_SELL_OR_ASK_COMPONENT","ANY_MATCHED_ATOM SIDE_RESOLVED","CD-G16-019 CD-G16-020 CD-G09-002 CD-G09-006 CD-G16-017 CD-G16-018 CD-G11-029 CD-G11-031 CD-G08-002 CD-G08-014 CD-G08-017 CD-G08-023 CD-G08-026 CD-G08-038 CD-G08-041 CD-G08-047 CD-G10-002","upside_breakout_attempt downside_breakout_attempt upward_progress_ticks_1s downward_progress_ticks_1s acceptance_above_reference acceptance_below_reference acceptance_above_value_session acceptance_below_value_session buy_market_volume_1s buy_large_trade_count_1s buy_trade_rate_1s buy_side_share_1s sell_market_volume_1s sell_large_trade_count_1s sell_trade_rate_1s sell_side_share_1s trade_delta_5s","CD-G16-023 CD-G16-024 CD-G16-007 CD-G16-008","upside_breakout_failure downside_breakout_failure buyer_fade_active seller_fade_active","CD-G01-005 CD-G01-009 CD-G01-011 CD-G01-019 CD-G01-021 CD-G01-027 CD-G01-001 CD-G01-002 CD-G01-004 CD-G01-020 CD-G01-010 CD-G01-016","trade_event_fresh exchange_clock_aligned event_order_monotonic persistence_confirmed cross_source_time_aligned window_complete depth_book_synced depth_sequence_contiguous depth_event_fresh market_state_atomic receive_clock_monotonic duplicate_event_absent","ANY named invalidation atom true terminates the instance","DIRECT HYBRID","COMPOSITE_CONDITION_AVAILABLE DERIVED_EVALUATOR_REQUIRED ENGINE_NATIVE","PAT-STACK-BUY-SUPPORT-RETEST-001::E98","UNVALIDATED"
"INV-017","INVALIDATION","zoneをbuy flowがbreakしabove hold","BREAK_ATTEMPT COMPOSITE_INVALIDATION PRICE_ACCEPTANCE TAPE_AGGRESSION","EXPLICIT_BUY_OR_BID_COMPONENT","ANY_MATCHED_ATOM SIDE_RESOLVED","CD-G16-019 CD-G16-020 CD-G09-002 CD-G09-006 CD-G16-017 CD-G16-018 CD-G11-029 CD-G11-031 CD-G08-002 CD-G08-014 CD-G08-017 CD-G08-023 CD-G08-026 CD-G08-038 CD-G08-041 CD-G08-047 CD-G10-002","upside_breakout_attempt downside_breakout_attempt upward_progress_ticks_1s downward_progress_ticks_1s acceptance_above_reference acceptance_below_reference acceptance_above_value_session acceptance_below_value_session buy_market_volume_1s buy_large_trade_count_1s buy_trade_rate_1s buy_side_share_1s sell_market_volume_1s sell_large_trade_count_1s sell_trade_rate_1s sell_side_share_1s trade_delta_5s","CD-G16-023 CD-G16-024 CD-G16-007 CD-G16-008","upside_breakout_failure downside_breakout_failure buyer_fade_active seller_fade_active","CD-G01-005 CD-G01-009 CD-G01-011 CD-G01-019 CD-G01-021 CD-G01-027 CD-G01-001 CD-G01-002 CD-G01-004 CD-G01-020 CD-G01-010 CD-G01-016","trade_event_fresh exchange_clock_aligned event_order_monotonic persistence_confirmed cross_source_time_aligned window_complete depth_book_synced depth_sequence_contiguous depth_event_fresh market_state_atomic receive_clock_monotonic duplicate_event_absent","ANY named invalidation atom true terminates the instance","DIRECT HYBRID","COMPOSITE_CONDITION_AVAILABLE DERIVED_EVALUATOR_REQUIRED ENGINE_NATIVE","PAT-STACK-SELL-RESIST-RETEST-001::E98","UNVALIDATED"
"INV-018","INVALIDATION","opposite imbalance出現かrange中央復帰","COMPOSITE_INVALIDATION FOOTPRINT_IMBALANCE","TERMINAL_SIDE","ANY_MATCHED_ATOM SIDE_RESOLVED","CD-G10-022 CD-G10-026 CD-G10-030 CD-G10-034","positive_imbalance_count_5s negative_imbalance_count_5s stacked_buy_imbalance_depth_5s stacked_sell_imbalance_depth_5s","CD-G10-022 CD-G10-026","positive_imbalance_count_5s negative_imbalance_count_5s","CD-G01-009 CD-G01-010 CD-G01-011 CD-G01-016 CD-G01-021 CD-G01-005 CD-G01-019 CD-G01-027","exchange_clock_aligned receive_clock_monotonic event_order_monotonic duplicate_event_absent cross_source_time_aligned trade_event_fresh persistence_confirmed window_complete","ANY named invalidation atom true terminates the instance","DIRECT HYBRID","DERIVED_EVALUATOR_REQUIRED ENGINE_NATIVE","PAT-STACK-RANGE-POC-SHIFT-001::E98","UNVALIDATED"
"INV-019","INVALIDATION","opposite stacked imbalanceがzoneを貫通","COMPOSITE_INVALIDATION FOOTPRINT_IMBALANCE LIQUIDITY_STACK_REBUILD","TERMINAL_SIDE","ANY_MATCHED_ATOM SIDE_RESOLVED","CD-G10-022 CD-G10-026 CD-G10-030 CD-G10-034 CD-G07-008 CD-G07-011 CD-G07-017 CD-G07-032 CD-G07-035 CD-G07-041","positive_imbalance_count_5s negative_imbalance_count_5s stacked_buy_imbalance_depth_5s stacked_sell_imbalance_depth_5s bid_net_flow_1s bid_refresh_count_1s bid_stack_ratio_1s ask_net_flow_1s ask_refresh_count_1s ask_stack_ratio_1s","CD-G10-022 CD-G10-026 CD-G07-014 CD-G07-038","positive_imbalance_count_5s negative_imbalance_count_5s bid_pull_ratio_1s ask_pull_ratio_1s","CD-G01-009 CD-G01-010 CD-G01-011 CD-G01-016 CD-G01-021 CD-G01-005 CD-G01-019 CD-G01-027 CD-G01-001 CD-G01-002 CD-G01-004 CD-G01-020","exchange_clock_aligned receive_clock_monotonic event_order_monotonic duplicate_event_absent cross_source_time_aligned trade_event_fresh persistence_confirmed window_complete depth_book_synced depth_sequence_contiguous depth_event_fresh market_state_atomic","ANY named invalidation atom true terminates the instance","DIRECT HYBRID","DERIVED_EVALUATOR_REQUIRED ENGINE_NATIVE","PAT-STACK-PULLBACK-HOLD-REACCEL-001::E98","UNVALIDATED"
"INV-020","INVALIDATION","imbalance継続なのにprice進展停止","COMPOSITE_INVALIDATION FOOTPRINT_IMBALANCE PRICE_PROGRESS PRICE_STALL","DYNAMIC_FROM_PATTERN_CONTEXT","ANY_MATCHED_ATOM SIDE_RESOLVED","CD-G10-022 CD-G10-026 CD-G10-030 CD-G10-034 CD-G09-002 CD-G09-006 CD-G09-018 CD-G09-022 CD-G16-021 CD-G16-022 CD-G09-026 CD-G09-030 CD-G16-033 CD-G16-034","positive_imbalance_count_5s negative_imbalance_count_5s stacked_buy_imbalance_depth_5s stacked_sell_imbalance_depth_5s upward_progress_ticks_1s downward_progress_ticks_1s buy_efficiency_1s sell_efficiency_1s upside_breakout_follow_through downside_breakout_follow_through buy_no_progress_ratio_1s sell_no_progress_ratio_1s buy_momentum_fading sell_momentum_fading","CD-G10-022 CD-G10-026 CD-G09-026 CD-G09-030 CD-G09-002 CD-G09-006","positive_imbalance_count_5s negative_imbalance_count_5s buy_no_progress_ratio_1s sell_no_progress_ratio_1s upward_progress_ticks_1s downward_progress_ticks_1s","CD-G01-009 CD-G01-010 CD-G01-011 CD-G01-016 CD-G01-021 CD-G01-005 CD-G01-019 CD-G01-027","exchange_clock_aligned receive_clock_monotonic event_order_monotonic duplicate_event_absent cross_source_time_aligned trade_event_fresh persistence_confirmed window_complete","ANY named invalidation atom true terminates the instance","DIRECT HYBRID","DERIVED_EVALUATOR_REQUIRED ENGINE_NATIVE","PAT-STACK-PERSISTENCE-PROGRESS-001::E98","UNVALIDATED"
"INV-021","INVALIDATION","icebergが継続しprice反転","COMPOSITE_INVALIDATION ICEBERG_REFILL PRICE_REVERSAL","DYNAMIC_FROM_PATTERN_CONTEXT","ANY_MATCHED_ATOM SIDE_RESOLVED","CD-G07-011 CD-G07-020 CD-G07-035 CD-G07-044 CD-G09-026 CD-G09-030 CD-G09-034 CD-G09-038 CD-G16-015 CD-G16-016 CD-G16-040 CD-G16-041","bid_refresh_count_1s bid_level_turnover_1s ask_refresh_count_1s ask_level_turnover_1s buy_no_progress_ratio_1s sell_no_progress_ratio_1s reversion_from_window_high_1s reversion_from_window_low_1s high_rejection_active low_rejection_active directional_flow_resumed_up directional_flow_resumed_down","CD-G16-037 CD-G16-038 CD-G16-021 CD-G16-022","bid_passive_defense_failed ask_passive_defense_failed upside_breakout_follow_through downside_breakout_follow_through","CD-G01-009 CD-G01-010 CD-G01-011 CD-G01-016 CD-G01-021 CD-G01-005 CD-G01-019 CD-G01-027 CD-G01-001 CD-G01-002 CD-G01-004 CD-G01-020","exchange_clock_aligned receive_clock_monotonic event_order_monotonic duplicate_event_absent cross_source_time_aligned trade_event_fresh persistence_confirmed window_complete depth_book_synced depth_sequence_contiguous depth_event_fresh market_state_atomic","ANY named invalidation atom true terminates the instance","HYBRID INFERRED","COMPOSITE_CONDITION_AVAILABLE ENGINE_NATIVE INFERRED_MBP_REQUIRED","PAT-ICE-BARRIER-DEPLETE-BREAK-001::E98","UNVALIDATED"
"INV-022","INVALIDATION","floor breakかつsell acceptance","COMPOSITE_INVALIDATION PRICE_ACCEPTANCE","EXPLICIT_SELL_OR_ASK_COMPONENT","ANY_MATCHED_ATOM SIDE_RESOLVED","CD-G16-017 CD-G16-018 CD-G11-029 CD-G11-031","acceptance_above_reference acceptance_below_reference acceptance_above_value_session acceptance_below_value_session","CD-G16-023 CD-G16-024","upside_breakout_failure downside_breakout_failure","CD-G01-009 CD-G01-010 CD-G01-011 CD-G01-016 CD-G01-021 CD-G01-005 CD-G01-019 CD-G01-027","exchange_clock_aligned receive_clock_monotonic event_order_monotonic duplicate_event_absent cross_source_time_aligned trade_event_fresh persistence_confirmed window_complete","ANY named invalidation atom true terminates the instance","HYBRID","COMPOSITE_CONDITION_AVAILABLE ENGINE_NATIVE","PAT-ICE-HIDDEN-ACCUM-BUYBREAK-001::E98","UNVALIDATED"
"INV-023","INVALIDATION","ceiling breakかつbuy acceptance","COMPOSITE_INVALIDATION PRICE_ACCEPTANCE","EXPLICIT_BUY_OR_BID_COMPONENT","ANY_MATCHED_ATOM SIDE_RESOLVED","CD-G16-017 CD-G16-018 CD-G11-029 CD-G11-031","acceptance_above_reference acceptance_below_reference acceptance_above_value_session acceptance_below_value_session","CD-G16-023 CD-G16-024","upside_breakout_failure downside_breakout_failure","CD-G01-009 CD-G01-010 CD-G01-011 CD-G01-016 CD-G01-021 CD-G01-005 CD-G01-019 CD-G01-027","exchange_clock_aligned receive_clock_monotonic event_order_monotonic duplicate_event_absent cross_source_time_aligned trade_event_fresh persistence_confirmed window_complete","ANY named invalidation atom true terminates the instance","HYBRID","COMPOSITE_CONDITION_AVAILABLE ENGINE_NATIVE","PAT-ICE-HIDDEN-DISTRIB-SELLBREAK-001::E98","UNVALIDATED"
"INV-024","INVALIDATION","second attemptもrejectされrange復帰","COMPOSITE_INVALIDATION RECLAIM_RETURN RETEST_SEQUENCE","TERMINAL_SIDE","ANY_MATCHED_ATOM REFERENCE_SIDE_RESOLVED SIDE_RESOLVED","CD-G16-025 CD-G16-026 CD-G09-034 CD-G09-038 CD-G16-013 CD-G16-014","reclaim_above_reference reclaim_below_reference reversion_from_window_high_1s reversion_from_window_low_1s repeated_high_test repeated_low_test","CD-G16-017 CD-G16-018 CD-G16-021 CD-G16-022 CD-G16-023 CD-G16-024","acceptance_above_reference acceptance_below_reference upside_breakout_follow_through downside_breakout_follow_through upside_breakout_failure downside_breakout_failure","CD-G01-009 CD-G01-010 CD-G01-011 CD-G01-016 CD-G01-021 CD-G01-005 CD-G01-019 CD-G01-027 CD-G01-001 CD-G01-002 CD-G01-004 CD-G01-020","exchange_clock_aligned receive_clock_monotonic event_order_monotonic duplicate_event_absent cross_source_time_aligned trade_event_fresh persistence_confirmed window_complete depth_book_synced depth_sequence_contiguous depth_event_fresh market_state_atomic","ANY named invalidation atom true terminates the instance","HYBRID","COMPOSITE_CONDITION_AVAILABLE ENGINE_NATIVE","PAT-ICE-SECOND-ATTEMPT-DEPLETION-001::E98","UNVALIDATED"
"INV-025","INVALIDATION","stop burst後に新levelを保持できずsnapback","COMPOSITE_INVALIDATION RECLAIM_RETURN STOP_SWEEP","TERMINAL_SIDE","ANY_MATCHED_ATOM SIDE_RESOLVED","CD-G16-025 CD-G16-026 CD-G09-034 CD-G09-038 CD-G16-042 CD-G16-043 CD-G16-044 CD-G16-045 CD-G08-014 CD-G08-038","reclaim_above_reference reclaim_below_reference reversion_from_window_high_1s reversion_from_window_low_1s upward_sweep_active downward_sweep_active upside_stop_run_like downside_stop_run_like buy_large_trade_count_1s sell_large_trade_count_1s","CD-G16-017 CD-G16-018 CD-G16-021 CD-G16-022","acceptance_above_reference acceptance_below_reference upside_breakout_follow_through downside_breakout_follow_through","CD-G01-009 CD-G01-010 CD-G01-011 CD-G01-016 CD-G01-021 CD-G01-005 CD-G01-019 CD-G01-027 CD-G01-001 CD-G01-002 CD-G01-004 CD-G01-020","exchange_clock_aligned receive_clock_monotonic event_order_monotonic duplicate_event_absent cross_source_time_aligned trade_event_fresh persistence_confirmed window_complete depth_book_synced depth_sequence_contiguous depth_event_fresh market_state_atomic","ANY named invalidation atom true terminates the instance","HYBRID","COMPOSITE_CONDITION_AVAILABLE ENGINE_NATIVE","PAT-ICE-BREAK-STOPS-ACCEPT-001::E98","UNVALIDATED"
"INV-026","INVALIDATION","high外でvolume／value形成","COMPOSITE_INVALIDATION PROFILE_AUCTION TAPE_PARTICIPATION","DYNAMIC_FROM_PATTERN_CONTEXT","ANY_MATCHED_ATOM REFERENCE_SIDE_RESOLVED SIDE_RESOLVED","CD-G11-001 CD-G11-007 CD-G11-009 CD-G11-017 CD-G11-019 CD-G11-029 CD-G11-031 CD-G04-015 CD-G08-002 CD-G08-005 CD-G08-026 CD-G08-029","point_of_control_distance_session high_volume_node_distance_session low_volume_node_distance_session poc_migration_session value_area_migration_session acceptance_above_value_session acceptance_below_value_session trade_rate_percentile_1m buy_market_volume_1s buy_trade_count_1s sell_market_volume_1s sell_trade_count_1s","CD-G11-017 CD-G11-019 CD-G04-015","poc_migration_session value_area_migration_session trade_rate_percentile_1m","CD-G01-009 CD-G01-010 CD-G01-011 CD-G01-016 CD-G01-021 CD-G01-005 CD-G01-027 CD-G01-028 CD-G01-019","exchange_clock_aligned receive_clock_monotonic event_order_monotonic duplicate_event_absent cross_source_time_aligned trade_event_fresh window_complete baseline_sample_sufficient persistence_confirmed","ANY named invalidation atom true terminates the instance","DERIVED DIRECT HYBRID","DERIVED_EVALUATOR_REQUIRED ENGINE_NATIVE","PAT-SWEEP-HIGH-ABSORB-SNAPBACK-001::E98","UNVALIDATED"
"INV-027","INVALIDATION","low外でvolume／value形成","COMPOSITE_INVALIDATION PROFILE_AUCTION TAPE_PARTICIPATION","DYNAMIC_FROM_PATTERN_CONTEXT","ANY_MATCHED_ATOM REFERENCE_SIDE_RESOLVED SIDE_RESOLVED","CD-G11-001 CD-G11-007 CD-G11-009 CD-G11-017 CD-G11-019 CD-G11-029 CD-G11-031 CD-G04-015 CD-G08-002 CD-G08-005 CD-G08-026 CD-G08-029","point_of_control_distance_session high_volume_node_distance_session low_volume_node_distance_session poc_migration_session value_area_migration_session acceptance_above_value_session acceptance_below_value_session trade_rate_percentile_1m buy_market_volume_1s buy_trade_count_1s sell_market_volume_1s sell_trade_count_1s","CD-G11-017 CD-G11-019 CD-G04-015","poc_migration_session value_area_migration_session trade_rate_percentile_1m","CD-G01-009 CD-G01-010 CD-G01-011 CD-G01-016 CD-G01-021 CD-G01-005 CD-G01-027 CD-G01-028 CD-G01-019","exchange_clock_aligned receive_clock_monotonic event_order_monotonic duplicate_event_absent cross_source_time_aligned trade_event_fresh window_complete baseline_sample_sufficient persistence_confirmed","ANY named invalidation atom true terminates the instance","DERIVED DIRECT HYBRID","DERIVED_EVALUATOR_REQUIRED ENGINE_NATIVE","PAT-SWEEP-LOW-ABSORB-SNAPBACK-001::E98","UNVALIDATED"
"INV-028","INVALIDATION","wall消費後もsame-side aggression継続","COMPOSITE_INVALIDATION TAPE_AGGRESSION WALL_STATE","TERMINAL_SIDE","ANY_MATCHED_ATOM SIDE_RESOLVED","CD-G08-002 CD-G08-014 CD-G08-017 CD-G08-023 CD-G08-026 CD-G08-038 CD-G08-041 CD-G08-047 CD-G10-002 CD-G06-029 CD-G06-030 CD-G06-031 CD-G06-032 CD-G07-011 CD-G07-014 CD-G07-035 CD-G07-038 CD-G16-035 CD-G16-036 CD-G16-037 CD-G16-038","buy_market_volume_1s buy_large_trade_count_1s buy_trade_rate_1s buy_side_share_1s sell_market_volume_1s sell_large_trade_count_1s sell_trade_rate_1s sell_side_share_1s trade_delta_5s bid_wall_concentration_top10 distance_to_nearest_bid_wall ask_wall_concentration_top10 distance_to_nearest_ask_wall bid_refresh_count_1s bid_pull_ratio_1s ask_refresh_count_1s ask_pull_ratio_1s bid_passive_defense_holding ask_passive_defense_holding bid_passive_defense_failed ask_passive_defense_failed","CD-G16-007 CD-G16-008 CD-G16-037 CD-G16-038","buyer_fade_active seller_fade_active bid_passive_defense_failed ask_passive_defense_failed","CD-G01-009 CD-G01-010 CD-G01-011 CD-G01-016 CD-G01-021 CD-G01-005 CD-G01-019 CD-G01-027 CD-G01-001 CD-G01-002 CD-G01-004 CD-G01-020","exchange_clock_aligned receive_clock_monotonic event_order_monotonic duplicate_event_absent cross_source_time_aligned trade_event_fresh persistence_confirmed window_complete depth_book_synced depth_sequence_contiguous depth_event_fresh market_state_atomic","ANY named invalidation atom true terminates the instance","DIRECT HYBRID","COMPOSITE_CONDITION_AVAILABLE DERIVED_EVALUATOR_REQUIRED ENGINE_NATIVE","PAT-SWEEP-ICEBERG-DRYUP-001::E98","UNVALIDATED"
"INV-029","INVALIDATION","range復帰せずnew level hold","COMPOSITE_INVALIDATION PRICE_ACCEPTANCE PROFILE_AUCTION RECLAIM_RETURN","TERMINAL_SIDE","ANY_MATCHED_ATOM REFERENCE_SIDE_RESOLVED SIDE_RESOLVED","CD-G16-017 CD-G16-018 CD-G11-029 CD-G11-031 CD-G11-001 CD-G11-007 CD-G11-009 CD-G11-017 CD-G11-019 CD-G16-025 CD-G16-026 CD-G09-034 CD-G09-038","acceptance_above_reference acceptance_below_reference acceptance_above_value_session acceptance_below_value_session point_of_control_distance_session high_volume_node_distance_session low_volume_node_distance_session poc_migration_session value_area_migration_session reclaim_above_reference reclaim_below_reference reversion_from_window_high_1s reversion_from_window_low_1s","CD-G16-023 CD-G16-024 CD-G11-017 CD-G11-019 CD-G16-017 CD-G16-018","upside_breakout_failure downside_breakout_failure poc_migration_session value_area_migration_session acceptance_above_reference acceptance_below_reference","CD-G01-009 CD-G01-010 CD-G01-011 CD-G01-016 CD-G01-021 CD-G01-005 CD-G01-019 CD-G01-027 CD-G01-028","exchange_clock_aligned receive_clock_monotonic event_order_monotonic duplicate_event_absent cross_source_time_aligned trade_event_fresh persistence_confirmed window_complete baseline_sample_sufficient","ANY named invalidation atom true terminates the instance","DERIVED HYBRID","COMPOSITE_CONDITION_AVAILABLE DERIVED_EVALUATOR_REQUIRED ENGINE_NATIVE","PAT-SWEEP-QUICK-RETURN-TRAP-001::E98","UNVALIDATED"
"INV-030","INVALIDATION","bid liquidity消失かlow再break","BREAK_ATTEMPT COMPOSITE_INVALIDATION","EXPLICIT_BUY_OR_BID_COMPONENT","ANY_MATCHED_ATOM SIDE_RESOLVED","CD-G16-019 CD-G16-020 CD-G09-002 CD-G09-006","upside_breakout_attempt downside_breakout_attempt upward_progress_ticks_1s downward_progress_ticks_1s","CD-G16-023 CD-G16-024","upside_breakout_failure downside_breakout_failure","CD-G01-005 CD-G01-009 CD-G01-011 CD-G01-019 CD-G01-021 CD-G01-027 CD-G01-001 CD-G01-002 CD-G01-004 CD-G01-020 CD-G01-010 CD-G01-016","trade_event_fresh exchange_clock_aligned event_order_monotonic persistence_confirmed cross_source_time_aligned window_complete depth_book_synced depth_sequence_contiguous depth_event_fresh market_state_atomic receive_clock_monotonic duplicate_event_absent","ANY named invalidation atom true terminates the instance","HYBRID","COMPOSITE_CONDITION_AVAILABLE ENGINE_NATIVE","PAT-SWEEP-FRONTRUN-LIQUIDITY-TARGET-001::E98","UNVALIDATED"
"INV-031","INVALIDATION","outside holdとvalue migration","COMPOSITE_INVALIDATION PRICE_ACCEPTANCE PROFILE_AUCTION","DYNAMIC_FROM_PATTERN_CONTEXT","ANY_MATCHED_ATOM REFERENCE_SIDE_RESOLVED SIDE_RESOLVED","CD-G16-017 CD-G16-018 CD-G11-029 CD-G11-031 CD-G11-001 CD-G11-007 CD-G11-009 CD-G11-017 CD-G11-019","acceptance_above_reference acceptance_below_reference acceptance_above_value_session acceptance_below_value_session point_of_control_distance_session high_volume_node_distance_session low_volume_node_distance_session poc_migration_session value_area_migration_session","CD-G16-023 CD-G16-024 CD-G11-017 CD-G11-019","upside_breakout_failure downside_breakout_failure poc_migration_session value_area_migration_session","CD-G01-009 CD-G01-010 CD-G01-011 CD-G01-016 CD-G01-021 CD-G01-005 CD-G01-019 CD-G01-027 CD-G01-028","exchange_clock_aligned receive_clock_monotonic event_order_monotonic duplicate_event_absent cross_source_time_aligned trade_event_fresh persistence_confirmed window_complete baseline_sample_sufficient","ANY named invalidation atom true terminates the instance","DERIVED HYBRID","COMPOSITE_CONDITION_AVAILABLE DERIVED_EVALUATOR_REQUIRED ENGINE_NATIVE","PAT-FA-RANGE-BREAK-RETURN-001::E98","UNVALIDATED"
"INV-032","INVALIDATION","HVNを起点にoutside expansion","COMPOSITE_INVALIDATION PROFILE_AUCTION","DYNAMIC_FROM_PATTERN_CONTEXT","ANY_MATCHED_ATOM REFERENCE_SIDE_RESOLVED","CD-G11-001 CD-G11-007 CD-G11-009 CD-G11-017 CD-G11-019 CD-G11-029 CD-G11-031","point_of_control_distance_session high_volume_node_distance_session low_volume_node_distance_session poc_migration_session value_area_migration_session acceptance_above_value_session acceptance_below_value_session","CD-G11-017 CD-G11-019","poc_migration_session value_area_migration_session","CD-G01-009 CD-G01-010 CD-G01-011 CD-G01-016 CD-G01-021 CD-G01-005 CD-G01-027 CD-G01-028","exchange_clock_aligned receive_clock_monotonic event_order_monotonic duplicate_event_absent cross_source_time_aligned trade_event_fresh window_complete baseline_sample_sufficient","ANY named invalidation atom true terminates the instance","DERIVED HYBRID","DERIVED_EVALUATOR_REQUIRED ENGINE_NATIVE","PAT-FA-EXTREME-HVN-FLICKBACK-001::E98","UNVALIDATED"
"INV-033","INVALIDATION","再break後にoutside hold","BREAK_ATTEMPT COMPOSITE_INVALIDATION PRICE_ACCEPTANCE","DYNAMIC_FROM_PATTERN_CONTEXT","ANY_MATCHED_ATOM SIDE_RESOLVED","CD-G16-019 CD-G16-020 CD-G09-002 CD-G09-006 CD-G16-017 CD-G16-018 CD-G11-029 CD-G11-031","upside_breakout_attempt downside_breakout_attempt upward_progress_ticks_1s downward_progress_ticks_1s acceptance_above_reference acceptance_below_reference acceptance_above_value_session acceptance_below_value_session","CD-G16-023 CD-G16-024","upside_breakout_failure downside_breakout_failure","CD-G01-005 CD-G01-009 CD-G01-011 CD-G01-019 CD-G01-021 CD-G01-027 CD-G01-001 CD-G01-002 CD-G01-004 CD-G01-020 CD-G01-010 CD-G01-016","trade_event_fresh exchange_clock_aligned event_order_monotonic persistence_confirmed cross_source_time_aligned window_complete depth_book_synced depth_sequence_contiguous depth_event_fresh market_state_atomic receive_clock_monotonic duplicate_event_absent","ANY named invalidation atom true terminates the instance","HYBRID","COMPOSITE_CONDITION_AVAILABLE ENGINE_NATIVE","PAT-FA-TAIL-RANGE-FAILED-CONTINUE-001::E98","UNVALIDATED"
"INV-034","INVALIDATION","trendがunfinished levelを越えてfix","COMPOSITE_INVALIDATION TREND_CONTEXT","DYNAMIC_FROM_PATTERN_CONTEXT","ANY_MATCHED_ATOM SIDE_RESOLVED","CD-G02-016 CD-G02-023 CD-G16-040 CD-G16-041 CD-G09-002 CD-G09-006","trend_regime regime_age directional_flow_resumed_up directional_flow_resumed_down upward_progress_ticks_1s downward_progress_ticks_1s","CD-G02-017","balance_regime","CD-G01-009 CD-G01-010 CD-G01-011 CD-G01-016 CD-G01-021 CD-G01-005 CD-G01-019 CD-G01-027","exchange_clock_aligned receive_clock_monotonic event_order_monotonic duplicate_event_absent cross_source_time_aligned trade_event_fresh persistence_confirmed window_complete","ANY named invalidation atom true terminates the instance","HYBRID","DERIVED_EVALUATOR_REQUIRED ENGINE_NATIVE","PAT-FA-UNFINISHED-DRYUP-REVERSAL-001::E98","UNVALIDATED"
"INV-035","INVALIDATION","aggression継続、liquidity後方形成、value移動","COMPOSITE_INVALIDATION LIQUIDITY_STACK_REBUILD PROFILE_AUCTION TAPE_AGGRESSION","DYNAMIC_FROM_PATTERN_CONTEXT","ANY_MATCHED_ATOM REFERENCE_SIDE_RESOLVED SIDE_RESOLVED","CD-G07-008 CD-G07-011 CD-G07-017 CD-G07-032 CD-G07-035 CD-G07-041 CD-G11-001 CD-G11-007 CD-G11-009 CD-G11-017 CD-G11-019 CD-G11-029 CD-G11-031 CD-G08-002 CD-G08-014 CD-G08-017 CD-G08-023 CD-G08-026 CD-G08-038 CD-G08-041 CD-G08-047 CD-G10-002","bid_net_flow_1s bid_refresh_count_1s bid_stack_ratio_1s ask_net_flow_1s ask_refresh_count_1s ask_stack_ratio_1s point_of_control_distance_session high_volume_node_distance_session low_volume_node_distance_session poc_migration_session value_area_migration_session acceptance_above_value_session acceptance_below_value_session buy_market_volume_1s buy_large_trade_count_1s buy_trade_rate_1s buy_side_share_1s sell_market_volume_1s sell_large_trade_count_1s sell_trade_rate_1s sell_side_share_1s trade_delta_5s","CD-G07-014 CD-G07-038 CD-G11-017 CD-G11-019 CD-G16-007 CD-G16-008","bid_pull_ratio_1s ask_pull_ratio_1s poc_migration_session value_area_migration_session buyer_fade_active seller_fade_active","CD-G01-009 CD-G01-010 CD-G01-011 CD-G01-016 CD-G01-021 CD-G01-001 CD-G01-002 CD-G01-004 CD-G01-019 CD-G01-020 CD-G01-027 CD-G01-005 CD-G01-028","exchange_clock_aligned receive_clock_monotonic event_order_monotonic duplicate_event_absent cross_source_time_aligned depth_book_synced depth_sequence_contiguous depth_event_fresh persistence_confirmed market_state_atomic window_complete trade_event_fresh baseline_sample_sufficient","ANY named invalidation atom true terminates the instance","DERIVED DIRECT HYBRID","DERIVED_EVALUATOR_REQUIRED ENGINE_NATIVE","PAT-FA-EVENT-NO-VALUE-MIGRATION-001::E98","UNVALIDATED"
"INV-036","INVALIDATION","bids再構築しoffer stack消費","COMPOSITE_INVALIDATION LIQUIDITY_STACK_REBUILD","EXPLICIT_BUY_OR_BID_COMPONENT","ANY_MATCHED_ATOM SIDE_RESOLVED","CD-G07-008 CD-G07-011 CD-G07-017 CD-G07-032 CD-G07-035 CD-G07-041","bid_net_flow_1s bid_refresh_count_1s bid_stack_ratio_1s ask_net_flow_1s ask_refresh_count_1s ask_stack_ratio_1s","CD-G07-014 CD-G07-038","bid_pull_ratio_1s ask_pull_ratio_1s","CD-G01-009 CD-G01-010 CD-G01-011 CD-G01-016 CD-G01-021 CD-G01-001 CD-G01-002 CD-G01-004 CD-G01-019 CD-G01-020 CD-G01-027","exchange_clock_aligned receive_clock_monotonic event_order_monotonic duplicate_event_absent cross_source_time_aligned depth_book_synced depth_sequence_contiguous depth_event_fresh persistence_confirmed market_state_atomic window_complete","ANY named invalidation atom true terminates the instance","DIRECT HYBRID","DERIVED_EVALUATOR_REQUIRED ENGINE_NATIVE","PAT-PS-BID-PULL-ASK-STACK-001::E98","UNVALIDATED"
"INV-037","INVALIDATION","asks再構築しbid stack消費","COMPOSITE_INVALIDATION LIQUIDITY_STACK_REBUILD","EXPLICIT_SELL_OR_ASK_COMPONENT","ANY_MATCHED_ATOM SIDE_RESOLVED","CD-G07-008 CD-G07-011 CD-G07-017 CD-G07-032 CD-G07-035 CD-G07-041","bid_net_flow_1s bid_refresh_count_1s bid_stack_ratio_1s ask_net_flow_1s ask_refresh_count_1s ask_stack_ratio_1s","CD-G07-014 CD-G07-038","bid_pull_ratio_1s ask_pull_ratio_1s","CD-G01-009 CD-G01-010 CD-G01-011 CD-G01-016 CD-G01-021 CD-G01-001 CD-G01-002 CD-G01-004 CD-G01-019 CD-G01-020 CD-G01-027","exchange_clock_aligned receive_clock_monotonic event_order_monotonic duplicate_event_absent cross_source_time_aligned depth_book_synced depth_sequence_contiguous depth_event_fresh persistence_confirmed market_state_atomic window_complete","ANY named invalidation atom true terminates the instance","DIRECT HYBRID","DERIVED_EVALUATOR_REQUIRED ENGINE_NATIVE","PAT-PS-ASK-PULL-BID-STACK-001::E98","UNVALIDATED"
"INV-038","INVALIDATION","wall再出現し実executionで保持","COMPOSITE_INVALIDATION WALL_STATE","DYNAMIC_FROM_PATTERN_CONTEXT","ANY_MATCHED_ATOM SIDE_RESOLVED","CD-G06-029 CD-G06-030 CD-G06-031 CD-G06-032 CD-G07-011 CD-G07-014 CD-G07-035 CD-G07-038 CD-G16-035 CD-G16-036 CD-G16-037 CD-G16-038","bid_wall_concentration_top10 distance_to_nearest_bid_wall ask_wall_concentration_top10 distance_to_nearest_ask_wall bid_refresh_count_1s bid_pull_ratio_1s ask_refresh_count_1s ask_pull_ratio_1s bid_passive_defense_holding ask_passive_defense_holding bid_passive_defense_failed ask_passive_defense_failed","CD-G16-037 CD-G16-038","bid_passive_defense_failed ask_passive_defense_failed","CD-G01-009 CD-G01-010 CD-G01-011 CD-G01-016 CD-G01-021 CD-G01-001 CD-G01-002 CD-G01-004 CD-G01-019 CD-G01-020 CD-G01-027","exchange_clock_aligned receive_clock_monotonic event_order_monotonic duplicate_event_absent cross_source_time_aligned depth_book_synced depth_sequence_contiguous depth_event_fresh persistence_confirmed market_state_atomic window_complete","ANY named invalidation atom true terminates the instance","HYBRID","COMPOSITE_CONDITION_AVAILABLE ENGINE_NATIVE","PAT-PS-WALL-PULL-FRAGILITY-001::E98","UNVALIDATED"
"INV-039","INVALIDATION","behind-price liquidity pullとrange復帰","COMPOSITE_INVALIDATION LIQUIDITY_PULL RECLAIM_RETURN","TERMINAL_SIDE","ANY_MATCHED_ATOM SIDE_RESOLVED","CD-G07-014 CD-G07-023 CD-G07-038 CD-G07-047 CD-G16-025 CD-G16-026 CD-G09-034 CD-G09-038","bid_pull_ratio_1s bid_depth_change_1s ask_pull_ratio_1s ask_depth_change_1s reclaim_above_reference reclaim_below_reference reversion_from_window_high_1s reversion_from_window_low_1s","CD-G07-017 CD-G07-041 CD-G16-017 CD-G16-018","bid_stack_ratio_1s ask_stack_ratio_1s acceptance_above_reference acceptance_below_reference","CD-G01-009 CD-G01-010 CD-G01-011 CD-G01-016 CD-G01-021 CD-G01-001 CD-G01-002 CD-G01-004 CD-G01-019 CD-G01-020 CD-G01-027 CD-G01-005","exchange_clock_aligned receive_clock_monotonic event_order_monotonic duplicate_event_absent cross_source_time_aligned depth_book_synced depth_sequence_contiguous depth_event_fresh persistence_confirmed market_state_atomic window_complete trade_event_fresh","ANY named invalidation atom true terminates the instance","DIRECT HYBRID","COMPOSITE_CONDITION_AVAILABLE DERIVED_EVALUATOR_REQUIRED ENGINE_NATIVE","PAT-PS-BEHIND-PRICE-STACK-RETEST-001::E98","UNVALIDATED"
"INV-040","INVALIDATION","wall復帰しoriginal direction再開","COMPOSITE_INVALIDATION WALL_STATE","TERMINAL_SIDE","ANY_MATCHED_ATOM SIDE_RESOLVED","CD-G06-029 CD-G06-030 CD-G06-031 CD-G06-032 CD-G07-011 CD-G07-014 CD-G07-035 CD-G07-038 CD-G16-035 CD-G16-036 CD-G16-037 CD-G16-038","bid_wall_concentration_top10 distance_to_nearest_bid_wall ask_wall_concentration_top10 distance_to_nearest_ask_wall bid_refresh_count_1s bid_pull_ratio_1s ask_refresh_count_1s ask_pull_ratio_1s bid_passive_defense_holding ask_passive_defense_holding bid_passive_defense_failed ask_passive_defense_failed","CD-G16-037 CD-G16-038","bid_passive_defense_failed ask_passive_defense_failed","CD-G01-009 CD-G01-010 CD-G01-011 CD-G01-016 CD-G01-021 CD-G01-001 CD-G01-002 CD-G01-004 CD-G01-019 CD-G01-020 CD-G01-027","exchange_clock_aligned receive_clock_monotonic event_order_monotonic duplicate_event_absent cross_source_time_aligned depth_book_synced depth_sequence_contiguous depth_event_fresh persistence_confirmed market_state_atomic window_complete","ANY named invalidation atom true terminates the instance","HYBRID","COMPOSITE_CONDITION_AVAILABLE ENGINE_NATIVE","PAT-PS-ABSORB-THEN-PULL-CUTREVERSE-001::E98","UNVALIDATED"
"INV-041","INVALIDATION","delta再度positive拡大しhigh break","COMPOSITE_INVALIDATION DELTA_STATE","DYNAMIC_FROM_PATTERN_CONTEXT","ANY_MATCHED_ATOM SIDE_RESOLVED","CD-G10-001 CD-G10-002 CD-G10-005 CD-G10-006 CD-G10-009 CD-G10-010","trade_delta_1s trade_delta_5s cvd_change_1s cvd_change_5s cvd_slope_1s cvd_slope_5s","CD-G10-001 CD-G10-002","trade_delta_1s trade_delta_5s","CD-G01-009 CD-G01-010 CD-G01-011 CD-G01-016 CD-G01-021 CD-G01-005 CD-G01-019 CD-G01-027","exchange_clock_aligned receive_clock_monotonic event_order_monotonic duplicate_event_absent cross_source_time_aligned trade_event_fresh persistence_confirmed window_complete","ANY named invalidation atom true terminates the instance","DIRECT HYBRID","DERIVED_EVALUATOR_REQUIRED ENGINE_NATIVE","PAT-DF-POSITIVE-TAIL-SELLCONTROL-001::E98","UNVALIDATED"
"INV-042","INVALIDATION","delta再度negative拡大しlow break","COMPOSITE_INVALIDATION DELTA_STATE","DYNAMIC_FROM_PATTERN_CONTEXT","ANY_MATCHED_ATOM SIDE_RESOLVED","CD-G10-001 CD-G10-002 CD-G10-005 CD-G10-006 CD-G10-009 CD-G10-010","trade_delta_1s trade_delta_5s cvd_change_1s cvd_change_5s cvd_slope_1s cvd_slope_5s","CD-G10-001 CD-G10-002","trade_delta_1s trade_delta_5s","CD-G01-009 CD-G01-010 CD-G01-011 CD-G01-016 CD-G01-021 CD-G01-005 CD-G01-019 CD-G01-027","exchange_clock_aligned receive_clock_monotonic event_order_monotonic duplicate_event_absent cross_source_time_aligned trade_event_fresh persistence_confirmed window_complete","ANY named invalidation atom true terminates the instance","DIRECT HYBRID","DERIVED_EVALUATOR_REQUIRED ENGINE_NATIVE","PAT-DF-NEGATIVE-TAIL-BUYCONTROL-001::E98","UNVALIDATED"
"INV-043","INVALIDATION","lower low更新とnegative delta再加速","COMPOSITE_INVALIDATION DELTA_STATE","EXPLICIT_SELL_OR_ASK_COMPONENT","ANY_MATCHED_ATOM SIDE_RESOLVED","CD-G10-001 CD-G10-002 CD-G10-005 CD-G10-006 CD-G10-009 CD-G10-010","trade_delta_1s trade_delta_5s cvd_change_1s cvd_change_5s cvd_slope_1s cvd_slope_5s","CD-G10-001 CD-G10-002","trade_delta_1s trade_delta_5s","CD-G01-009 CD-G01-010 CD-G01-011 CD-G01-016 CD-G01-021 CD-G01-005 CD-G01-019 CD-G01-027","exchange_clock_aligned receive_clock_monotonic event_order_monotonic duplicate_event_absent cross_source_time_aligned trade_event_fresh persistence_confirmed window_complete","ANY named invalidation atom true terminates the instance","DIRECT HYBRID","DERIVED_EVALUATOR_REQUIRED ENGINE_NATIVE","PAT-DF-NEGABS-NOLOW-POSFLIP-001::E98","UNVALIDATED"
"INV-044","INVALIDATION","same-side imbalance復帰し極値更新","COMPOSITE_INVALIDATION FOOTPRINT_IMBALANCE PRICE_STRUCTURE","TERMINAL_SIDE","ANY_MATCHED_ATOM SIDE_RESOLVED","CD-G10-022 CD-G10-026 CD-G10-030 CD-G10-034 CD-G03-021 CD-G03-023 CD-G03-025 CD-G03-027 CD-G09-002 CD-G09-006","positive_imbalance_count_5s negative_imbalance_count_5s stacked_buy_imbalance_depth_5s stacked_sell_imbalance_depth_5s distance_to_rolling_1m_high distance_to_rolling_1m_low distance_to_rolling_5m_high distance_to_rolling_5m_low upward_progress_ticks_1s downward_progress_ticks_1s","CD-G10-022 CD-G10-026 CD-G16-023 CD-G16-024","positive_imbalance_count_5s negative_imbalance_count_5s upside_breakout_failure downside_breakout_failure","CD-G01-009 CD-G01-010 CD-G01-011 CD-G01-016 CD-G01-021 CD-G01-005 CD-G01-019 CD-G01-027","exchange_clock_aligned receive_clock_monotonic event_order_monotonic duplicate_event_absent cross_source_time_aligned trade_event_fresh persistence_confirmed window_complete","ANY named invalidation atom true terminates the instance","DERIVED DIRECT HYBRID","DERIVED_EVALUATOR_REQUIRED ENGINE_NATIVE","PAT-DF-SAMESIDE-DISAPPEAR-OPPOSITE-001::E98","UNVALIDATED"
"INV-045","INVALIDATION","delta再flipまたは旧range復帰","COMPOSITE_INVALIDATION DELTA_FLIP DELTA_STATE RECLAIM_RETURN","TERMINAL_SIDE","ANY_MATCHED_ATOM SIDE_RESOLVED","CD-G10-001 CD-G10-002 CD-G10-013 CD-G10-014 CD-G10-005 CD-G10-006 CD-G10-009 CD-G10-010 CD-G16-025 CD-G16-026 CD-G09-034 CD-G09-038","trade_delta_1s trade_delta_5s delta_acceleration_1s delta_acceleration_5s cvd_change_1s cvd_change_5s cvd_slope_1s cvd_slope_5s reclaim_above_reference reclaim_below_reference reversion_from_window_high_1s reversion_from_window_low_1s","CD-G10-001 CD-G10-002 CD-G16-017 CD-G16-018","trade_delta_1s trade_delta_5s acceptance_above_reference acceptance_below_reference","CD-G01-009 CD-G01-010 CD-G01-011 CD-G01-016 CD-G01-021 CD-G01-005 CD-G01-019 CD-G01-027","exchange_clock_aligned receive_clock_monotonic event_order_monotonic duplicate_event_absent cross_source_time_aligned trade_event_fresh persistence_confirmed window_complete","ANY named invalidation atom true terminates the instance","DIRECT HYBRID","COMPOSITE_CONDITION_AVAILABLE DERIVED_EVALUATOR_REQUIRED ENGINE_NATIVE","PAT-DF-POSTEVENT-LIQUIDITY-REALIGN-001::E98","UNVALIDATED"
"INV-046","INVALIDATION","bid skew pullかsell absorption","ABSORPTION_STATE BOOK_IMBALANCE COMPOSITE_INVALIDATION LIQUIDITY_PULL TAPE_AGGRESSION","BOTH_EXPLICIT","ANY_MATCHED_ATOM SIDE_RESOLVED","CD-G16-001 CD-G16-002 CD-G09-026 CD-G09-030 CD-G06-009 CD-G06-010 CD-G06-011 CD-G06-012 CD-G07-014 CD-G07-023 CD-G07-038 CD-G07-047 CD-G08-002 CD-G08-014 CD-G08-017 CD-G08-023 CD-G08-026 CD-G08-038 CD-G08-041 CD-G08-047 CD-G10-002","bid_absorption_like_active ask_absorption_like_active buy_no_progress_ratio_1s sell_no_progress_ratio_1s queue_imbalance_top1 microprice_top1 queue_imbalance_top3 microprice_top3 bid_pull_ratio_1s bid_depth_change_1s ask_pull_ratio_1s ask_depth_change_1s buy_market_volume_1s buy_large_trade_count_1s buy_trade_rate_1s buy_side_share_1s sell_market_volume_1s sell_large_trade_count_1s sell_trade_rate_1s sell_side_share_1s trade_delta_5s","CD-G16-037 CD-G16-038 CD-G06-009 CD-G06-011 CD-G07-017 CD-G07-041 CD-G16-007 CD-G16-008","bid_passive_defense_failed ask_passive_defense_failed queue_imbalance_top1 queue_imbalance_top3 bid_stack_ratio_1s ask_stack_ratio_1s buyer_fade_active seller_fade_active","CD-G01-005 CD-G01-009 CD-G01-011 CD-G01-019 CD-G01-021 CD-G01-027 CD-G01-001 CD-G01-002 CD-G01-004 CD-G01-020 CD-G01-010 CD-G01-016","trade_event_fresh exchange_clock_aligned event_order_monotonic persistence_confirmed cross_source_time_aligned window_complete depth_book_synced depth_sequence_contiguous depth_event_fresh market_state_atomic receive_clock_monotonic duplicate_event_absent","ANY named invalidation atom true terminates the instance","DIRECT HYBRID","COMPOSITE_CONDITION_AVAILABLE DERIVED_EVALUATOR_REQUIRED ENGINE_NATIVE","PAT-BI-BID-PERSIST-BUYCONFIRM-001::E98","UNVALIDATED"
"INV-047","INVALIDATION","ask skew pullかbuy absorption","ABSORPTION_STATE BOOK_IMBALANCE COMPOSITE_INVALIDATION LIQUIDITY_PULL TAPE_AGGRESSION","BOTH_EXPLICIT","ANY_MATCHED_ATOM SIDE_RESOLVED","CD-G16-001 CD-G16-002 CD-G09-026 CD-G09-030 CD-G06-009 CD-G06-010 CD-G06-011 CD-G06-012 CD-G07-014 CD-G07-023 CD-G07-038 CD-G07-047 CD-G08-002 CD-G08-014 CD-G08-017 CD-G08-023 CD-G08-026 CD-G08-038 CD-G08-041 CD-G08-047 CD-G10-002","bid_absorption_like_active ask_absorption_like_active buy_no_progress_ratio_1s sell_no_progress_ratio_1s queue_imbalance_top1 microprice_top1 queue_imbalance_top3 microprice_top3 bid_pull_ratio_1s bid_depth_change_1s ask_pull_ratio_1s ask_depth_change_1s buy_market_volume_1s buy_large_trade_count_1s buy_trade_rate_1s buy_side_share_1s sell_market_volume_1s sell_large_trade_count_1s sell_trade_rate_1s sell_side_share_1s trade_delta_5s","CD-G16-037 CD-G16-038 CD-G06-009 CD-G06-011 CD-G07-017 CD-G07-041 CD-G16-007 CD-G16-008","bid_passive_defense_failed ask_passive_defense_failed queue_imbalance_top1 queue_imbalance_top3 bid_stack_ratio_1s ask_stack_ratio_1s buyer_fade_active seller_fade_active","CD-G01-005 CD-G01-009 CD-G01-011 CD-G01-019 CD-G01-021 CD-G01-027 CD-G01-001 CD-G01-002 CD-G01-004 CD-G01-020 CD-G01-010 CD-G01-016","trade_event_fresh exchange_clock_aligned event_order_monotonic persistence_confirmed cross_source_time_aligned window_complete depth_book_synced depth_sequence_contiguous depth_event_fresh market_state_atomic receive_clock_monotonic duplicate_event_absent","ANY named invalidation atom true terminates the instance","DIRECT HYBRID","COMPOSITE_CONDITION_AVAILABLE DERIVED_EVALUATOR_REQUIRED ENGINE_NATIVE","PAT-BI-ASK-PERSIST-SELLCONFIRM-001::E98","UNVALIDATED"
"INV-048","INVALIDATION","skewが維持されbarrier消費","BOOK_IMBALANCE COMPOSITE_INVALIDATION WALL_STATE","DYNAMIC_FROM_PATTERN_CONTEXT","ANY_MATCHED_ATOM SIDE_RESOLVED","CD-G06-009 CD-G06-010 CD-G06-011 CD-G06-012 CD-G06-029 CD-G06-030 CD-G06-031 CD-G06-032 CD-G07-011 CD-G07-014 CD-G07-035 CD-G07-038 CD-G16-035 CD-G16-036 CD-G16-037 CD-G16-038","queue_imbalance_top1 microprice_top1 queue_imbalance_top3 microprice_top3 bid_wall_concentration_top10 distance_to_nearest_bid_wall ask_wall_concentration_top10 distance_to_nearest_ask_wall bid_refresh_count_1s bid_pull_ratio_1s ask_refresh_count_1s ask_pull_ratio_1s bid_passive_defense_holding ask_passive_defense_holding bid_passive_defense_failed ask_passive_defense_failed","CD-G06-009 CD-G06-011 CD-G16-037 CD-G16-038","queue_imbalance_top1 queue_imbalance_top3 bid_passive_defense_failed ask_passive_defense_failed","CD-G01-001 CD-G01-002 CD-G01-004 CD-G01-009 CD-G01-011 CD-G01-019 CD-G01-020 CD-G01-021 CD-G01-027 CD-G01-010 CD-G01-016","depth_book_synced depth_sequence_contiguous depth_event_fresh exchange_clock_aligned event_order_monotonic persistence_confirmed market_state_atomic cross_source_time_aligned window_complete receive_clock_monotonic duplicate_event_absent","ANY named invalidation atom true terminates the instance","DIRECT HYBRID","COMPOSITE_CONDITION_AVAILABLE DERIVED_EVALUATOR_REQUIRED ENGINE_NATIVE","PAT-BI-SKEW-NORESULT-FADE-001::E98","UNVALIDATED"
"INV-049","INVALIDATION","favored depth復帰しprice継続","COMPOSITE_INVALIDATION LIQUIDITY_STACK_REBUILD PRICE_PROGRESS","DYNAMIC_FROM_PATTERN_CONTEXT","ANY_MATCHED_ATOM SIDE_RESOLVED","CD-G07-008 CD-G07-011 CD-G07-017 CD-G07-032 CD-G07-035 CD-G07-041 CD-G09-002 CD-G09-006 CD-G09-018 CD-G09-022 CD-G16-021 CD-G16-022","bid_net_flow_1s bid_refresh_count_1s bid_stack_ratio_1s ask_net_flow_1s ask_refresh_count_1s ask_stack_ratio_1s upward_progress_ticks_1s downward_progress_ticks_1s buy_efficiency_1s sell_efficiency_1s upside_breakout_follow_through downside_breakout_follow_through","CD-G07-014 CD-G07-038 CD-G09-026 CD-G09-030","bid_pull_ratio_1s ask_pull_ratio_1s buy_no_progress_ratio_1s sell_no_progress_ratio_1s","CD-G01-009 CD-G01-010 CD-G01-011 CD-G01-016 CD-G01-021 CD-G01-001 CD-G01-002 CD-G01-004 CD-G01-019 CD-G01-020 CD-G01-027 CD-G01-005","exchange_clock_aligned receive_clock_monotonic event_order_monotonic duplicate_event_absent cross_source_time_aligned depth_book_synced depth_sequence_contiguous depth_event_fresh persistence_confirmed market_state_atomic window_complete trade_event_fresh","ANY named invalidation atom true terminates the instance","DIRECT HYBRID","DERIVED_EVALUATOR_REQUIRED ENGINE_NATIVE","PAT-BI-PULL-REVERSAL-CONFIRM-001::E98","UNVALIDATED"
"INV-050","INVALIDATION","deep stack cancelかaggression不一致","COMPOSITE_INVALIDATION LIQUIDITY_PULL LIQUIDITY_STACK_REBUILD TAPE_AGGRESSION","DYNAMIC_FROM_PATTERN_CONTEXT","ANY_MATCHED_ATOM SIDE_RESOLVED","CD-G07-014 CD-G07-023 CD-G07-038 CD-G07-047 CD-G07-008 CD-G07-011 CD-G07-017 CD-G07-032 CD-G07-035 CD-G07-041 CD-G08-002 CD-G08-014 CD-G08-017 CD-G08-023 CD-G08-026 CD-G08-038 CD-G08-041 CD-G08-047 CD-G10-002","bid_pull_ratio_1s bid_depth_change_1s ask_pull_ratio_1s ask_depth_change_1s bid_net_flow_1s bid_refresh_count_1s bid_stack_ratio_1s ask_net_flow_1s ask_refresh_count_1s ask_stack_ratio_1s buy_market_volume_1s buy_large_trade_count_1s buy_trade_rate_1s buy_side_share_1s sell_market_volume_1s sell_large_trade_count_1s sell_trade_rate_1s sell_side_share_1s trade_delta_5s","CD-G07-017 CD-G07-041 CD-G07-014 CD-G07-038 CD-G16-007 CD-G16-008","bid_stack_ratio_1s ask_stack_ratio_1s bid_pull_ratio_1s ask_pull_ratio_1s buyer_fade_active seller_fade_active","CD-G01-009 CD-G01-010 CD-G01-011 CD-G01-016 CD-G01-021 CD-G01-001 CD-G01-002 CD-G01-004 CD-G01-019 CD-G01-020 CD-G01-027 CD-G01-005","exchange_clock_aligned receive_clock_monotonic event_order_monotonic duplicate_event_absent cross_source_time_aligned depth_book_synced depth_sequence_contiguous depth_event_fresh persistence_confirmed market_state_atomic window_complete trade_event_fresh","ANY named invalidation atom true terminates the instance","DIRECT HYBRID","DERIVED_EVALUATOR_REQUIRED ENGINE_NATIVE","PAT-BI-DEEP-STACK-TOPSHIFT-001::E98","UNVALIDATED"
