"strategy_id","variant","phase","role","gate","condition_id","condition_key","independence_lineage","rationale"
"ABSORPTION_DEFENSE","BOTH","CONTEXT","ENVIRONMENT","CONTEXT_INPUT","CD-G02-001","session_id","REGIME:session_id","市場環境を記録しvariant適用範囲を決める。calendar未接続値はUNKNOWNを許容"
"ABSORPTION_DEFENSE","BOTH","CONTEXT","ENVIRONMENT","CONTEXT_INPUT","CD-G02-002","session_phase","REGIME:session_phase","市場環境を記録しvariant適用範囲を決める。calendar未接続値はUNKNOWNを許容"
"ABSORPTION_DEFENSE","BOTH","CONTEXT","ENVIRONMENT","CONTEXT_INPUT","CD-G02-012","funding_event_proximity","REGIME:funding_event_proximity","市場環境を記録しvariant適用範囲を決める。calendar未接続値はUNKNOWNを許容"
"ABSORPTION_DEFENSE","BOTH","CONTEXT","ENVIRONMENT","CONTEXT_INPUT","CD-G02-014","scheduled_macro_event_proximity","REGIME:scheduled_macro_event_proximity","市場環境を記録しvariant適用範囲を決める。calendar未接続値はUNKNOWNを許容"
"ABSORPTION_DEFENSE","BOTH","CONTEXT","ENVIRONMENT","CONTEXT_INPUT","CD-G02-015","post_news_cooldown_state","REGIME:post_news_cooldown_state","市場環境を記録しvariant適用範囲を決める。calendar未接続値はUNKNOWNを許容"
"ABSORPTION_DEFENSE","BOTH","CONTEXT","ENVIRONMENT","CONTEXT_INPUT","CD-G02-017","balance_regime","REGIME:balance_regime","Strategy固有のregime適格性とbaseline比較"
"ABSORPTION_DEFENSE","BOTH","CONTEXT","ENVIRONMENT","CONTEXT_INPUT","CD-G02-020","participation_regime","REGIME:participation_regime","市場環境を記録しvariant適用範囲を決める。calendar未接続値はUNKNOWNを許容"
"ABSORPTION_DEFENSE","BOTH","CONTEXT","ENVIRONMENT","CONTEXT_INPUT","CD-G02-021","volatility_regime","REGIME:volatility_regime","市場環境を記録しvariant適用範囲を決める。calendar未接続値はUNKNOWNを許容"
"ABSORPTION_DEFENSE","BOTH","CONTEXT","ENVIRONMENT","CONTEXT_INPUT","CD-G02-022","liquidity_regime","REGIME:liquidity_regime","市場環境を記録しvariant適用範囲を決める。calendar未接続値はUNKNOWNを許容"
"ABSORPTION_DEFENSE","BOTH","CONTEXT","ENVIRONMENT","CONTEXT_INPUT","CD-G02-023","regime_age","REGIME:regime_age","Strategy固有のregime適格性とbaseline比較"
"ABSORPTION_DEFENSE","BOTH","CONTEXT","ENVIRONMENT","CONTEXT_INPUT","CD-G04-011","spread_ticks","LIQUIDITY:SPREAD","市場環境を記録しvariant適用範囲を決める。calendar未接続値はUNKNOWNを許容"
"ABSORPTION_DEFENSE","BOTH","CONTEXT","ENVIRONMENT","CONTEXT_INPUT","CD-G04-015","trade_rate_percentile_1m","LIQUIDITY:TRADE_RATE","Strategy固有のregime適格性とbaseline比較"
"ABSORPTION_DEFENSE","BOTH","CONTEXT","ENVIRONMENT","CONTEXT_INPUT","CD-G04-016","trade_rate_percentile_5m","LIQUIDITY:TRADE_RATE","Strategy固有のregime適格性とbaseline比較"
"ABSORPTION_DEFENSE","BOTH","CONTEXT","ENVIRONMENT","CONTEXT_INPUT","CD-G04-017","bid_top5_depth_percentile_1m","LIQUIDITY:TOP5_DEPTH:bid","Strategy固有のregime適格性とbaseline比較"
"ABSORPTION_DEFENSE","BOTH","CONTEXT","ENVIRONMENT","CONTEXT_INPUT","CD-G04-019","ask_top5_depth_percentile_1m","LIQUIDITY:TOP5_DEPTH:ask","Strategy固有のregime適格性とbaseline比較"
"ABSORPTION_DEFENSE","BOTH","CONTEXT","ENVIRONMENT","CONTEXT_INPUT","CD-G04-023","volatility_state","VOLATILITY:STATE","市場環境を記録しvariant適用範囲を決める。calendar未接続値はUNKNOWNを許容"
"ABSORPTION_DEFENSE","BOTH","CONTEXT","ENVIRONMENT","CONTEXT_INPUT","CD-G04-024","tradeability_state","LIQUIDITY:STATE","市場環境を記録しvariant適用範囲を決める。calendar未接続値はUNKNOWNを許容"
"ABSORPTION_DEFENSE","BOTH","POSITION","POSITION","MANAGE","CD-G15-001","position_is_open","POSITION:position_is_open","entry後Hookごとに追加・縮小・決済・反転を再判定"
"ABSORPTION_DEFENSE","BOTH","POSITION","POSITION","MANAGE","CD-G15-002","side_matches_strategy","POSITION:side_matches_strategy","entry後Hookごとに追加・縮小・決済・反転を再判定"
"ABSORPTION_DEFENSE","BOTH","POSITION","POSITION","MANAGE","CD-G15-003","entry_fill_confirmed","POSITION:entry_fill_confirmed","entry後Hookごとに追加・縮小・決済・反転を再判定"
"ABSORPTION_DEFENSE","BOTH","POSITION","POSITION","MANAGE","CD-G15-004","holding_time_within_limit","POSITION:holding_time_within_limit","entry後Hookごとに追加・縮小・決済・反転を再判定"
"ABSORPTION_DEFENSE","BOTH","POSITION","POSITION","MANAGE","CD-G15-005","expected_reaction_deadline_clear","POSITION:expected_reaction_deadline_clear","entry後Hookごとに追加・縮小・決済・反転を再判定"
"ABSORPTION_DEFENSE","BOTH","POSITION","POSITION","MANAGE","CD-G15-006","unrealized_pnl_state","POSITION:unrealized_pnl_state","entry後Hookごとに追加・縮小・決済・反転を再判定"
"ABSORPTION_DEFENSE","BOTH","POSITION","POSITION","MANAGE","CD-G15-007","mae_within_limit","POSITION:mae_within_limit","entry後Hookごとに追加・縮小・決済・反転を再判定"
"ABSORPTION_DEFENSE","BOTH","POSITION","POSITION","MANAGE","CD-G15-008","mfe_state","POSITION:mfe_state","entry後Hookごとに追加・縮小・決済・反転を再判定"
"ABSORPTION_DEFENSE","BOTH","POSITION","POSITION","MANAGE","CD-G15-009","price_progress_supports_thesis","POSITION:price_progress_supports_thesis","entry後Hookごとに追加・縮小・決済・反転を再判定"
"ABSORPTION_DEFENSE","BOTH","POSITION","POSITION","MANAGE","CD-G15-010","order_flow_supports_thesis","POSITION:order_flow_supports_thesis","entry後Hookごとに追加・縮小・決済・反転を再判定"
"ABSORPTION_DEFENSE","BOTH","POSITION","POSITION","MANAGE","CD-G15-013","contradiction_below_limit","POSITION:contradiction_below_limit","entry後Hookごとに追加・縮小・決済・反転を再判定"
"ABSORPTION_DEFENSE","BOTH","POSITION","POSITION","MANAGE","CD-G15-014","invalidation_absent","POSITION:invalidation_absent","entry後Hookごとに追加・縮小・決済・反転を再判定"
"ABSORPTION_DEFENSE","BOTH","POSITION","POSITION","MANAGE","CD-G15-015","add_size_eligible","POSITION:add_size_eligible","entry後Hookごとに追加・縮小・決済・反転を再判定"
"ABSORPTION_DEFENSE","BOTH","POSITION","POSITION","MANAGE","CD-G15-016","reduce_size_required","POSITION:reduce_size_required","entry後Hookごとに追加・縮小・決済・反転を再判定"
"ABSORPTION_DEFENSE","BOTH","POSITION","POSITION","MANAGE","CD-G15-017","exit_required","POSITION:exit_required","entry後Hookごとに追加・縮小・決済・反転を再判定"
"ABSORPTION_DEFENSE","BOTH","POSITION","POSITION","MANAGE","CD-G15-018","reverse_candidate","POSITION:reverse_candidate","entry後Hookごとに追加・縮小・決済・反転を再判定"
"ABSORPTION_DEFENSE","BOTH","POSITION","POSITION","MANAGE","CD-G15-019","trailing_invalidation_updated","POSITION:trailing_invalidation_updated","entry後Hookごとに追加・縮小・決済・反転を再判定"
"ABSORPTION_DEFENSE","BOTH","POSITION","POSITION","MANAGE","CD-G15-020","remaining_risk_within_limit","POSITION:remaining_risk_within_limit","entry後Hookごとに追加・縮小・決済・反転を再判定"
"ABSORPTION_DEFENSE","BOTH","POSITION","POSITION","MANAGE","CD-G15-021","competing_strategy_dominant","POSITION:competing_strategy_dominant","entry後Hookごとに追加・縮小・決済・反転を再判定"
"ABSORPTION_DEFENSE","BOTH","POSITION","POSITION","MANAGE","CD-G15-022","satisfaction_tier_not_downgraded","POSITION:satisfaction_tier_not_downgraded","entry後Hookごとに追加・縮小・決済・反転を再判定"
"ABSORPTION_DEFENSE","BOTH","POSITION","POSITION","MANAGE","CD-G15-023","post_entry_data_fresh","POSITION:post_entry_data_fresh","entry後Hookごとに追加・縮小・決済・反転を再判定"
"ABSORPTION_DEFENSE","BOTH","POSITION","POSITION","MANAGE","CD-G15-024","flat_confirmation_received","POSITION:flat_confirmation_received","entry後Hookごとに追加・縮小・決済・反転を再判定"
"ABSORPTION_DEFENSE","BOTH","PRE_EVAL","QUALITY","HARD_ALL","CD-G01-001","depth_book_synced","QUALITY:depth_book_synced","欠損・gap・stale・future leakageをsupport条件で相殺せず発注評価を止める"
"ABSORPTION_DEFENSE","BOTH","PRE_EVAL","QUALITY","HARD_ALL","CD-G01-002","depth_sequence_contiguous","QUALITY:depth_sequence_contiguous","欠損・gap・stale・future leakageをsupport条件で相殺せず発注評価を止める"
"ABSORPTION_DEFENSE","BOTH","PRE_EVAL","QUALITY","HARD_ALL","CD-G01-003","depth_snapshot_applied","QUALITY:depth_snapshot_applied","欠損・gap・stale・future leakageをsupport条件で相殺せず発注評価を止める"
"ABSORPTION_DEFENSE","BOTH","PRE_EVAL","QUALITY","HARD_ALL","CD-G01-004","depth_event_fresh","QUALITY:depth_event_fresh","欠損・gap・stale・future leakageをsupport条件で相殺せず発注評価を止める"
"ABSORPTION_DEFENSE","BOTH","PRE_EVAL","QUALITY","HARD_ALL","CD-G01-005","trade_event_fresh","QUALITY:trade_event_fresh","欠損・gap・stale・future leakageをsupport条件で相殺せず発注評価を止める"
"ABSORPTION_DEFENSE","BOTH","PRE_EVAL","QUALITY","HARD_ALL","CD-G01-009","exchange_clock_aligned","QUALITY:exchange_clock_aligned","欠損・gap・stale・future leakageをsupport条件で相殺せず発注評価を止める"
"ABSORPTION_DEFENSE","BOTH","PRE_EVAL","QUALITY","HARD_ALL","CD-G01-010","receive_clock_monotonic","QUALITY:receive_clock_monotonic","欠損・gap・stale・future leakageをsupport条件で相殺せず発注評価を止める"
"ABSORPTION_DEFENSE","BOTH","PRE_EVAL","QUALITY","HARD_ALL","CD-G01-011","event_order_monotonic","QUALITY:event_order_monotonic","欠損・gap・stale・future leakageをsupport条件で相殺せず発注評価を止める"
"ABSORPTION_DEFENSE","BOTH","PRE_EVAL","QUALITY","HARD_ALL","CD-G01-012","schema_version_known","QUALITY:schema_version_known","欠損・gap・stale・future leakageをsupport条件で相殺せず発注評価を止める"
"ABSORPTION_DEFENSE","BOTH","PRE_EVAL","QUALITY","HARD_ALL","CD-G01-013","symbol_mapping_valid","QUALITY:symbol_mapping_valid","欠損・gap・stale・future leakageをsupport条件で相殺せず発注評価を止める"
"ABSORPTION_DEFENSE","BOTH","PRE_EVAL","QUALITY","HARD_ALL","CD-G01-014","tick_size_valid","QUALITY:tick_size_valid","欠損・gap・stale・future leakageをsupport条件で相殺せず発注評価を止める"
"ABSORPTION_DEFENSE","BOTH","PRE_EVAL","QUALITY","HARD_ALL","CD-G01-016","duplicate_event_absent","QUALITY:duplicate_event_absent","欠損・gap・stale・future leakageをsupport条件で相殺せず発注評価を止める"
"ABSORPTION_DEFENSE","BOTH","PRE_EVAL","QUALITY","HARD_ALL","CD-G01-017","trade_gap_absent","QUALITY:trade_gap_absent","欠損・gap・stale・future leakageをsupport条件で相殺せず発注評価を止める"
"ABSORPTION_DEFENSE","BOTH","PRE_EVAL","QUALITY","HARD_ALL","CD-G01-018","depth_gap_absent","QUALITY:depth_gap_absent","欠損・gap・stale・future leakageをsupport条件で相殺せず発注評価を止める"
"ABSORPTION_DEFENSE","BOTH","PRE_EVAL","QUALITY","HARD_ALL","CD-G01-019","persistence_confirmed","QUALITY:persistence_confirmed","欠損・gap・stale・future leakageをsupport条件で相殺せず発注評価を止める"
"ABSORPTION_DEFENSE","BOTH","PRE_EVAL","QUALITY","HARD_ALL","CD-G01-020","market_state_atomic","QUALITY:market_state_atomic","欠損・gap・stale・future leakageをsupport条件で相殺せず発注評価を止める"
"ABSORPTION_DEFENSE","BOTH","PRE_EVAL","QUALITY","HARD_ALL","CD-G01-021","cross_source_time_aligned","QUALITY:cross_source_time_aligned","欠損・gap・stale・future leakageをsupport条件で相殺せず発注評価を止める"
"ABSORPTION_DEFENSE","BOTH","PRE_EVAL","QUALITY","HARD_ALL","CD-G01-022","source_reconnect_stable","QUALITY:source_reconnect_stable","欠損・gap・stale・future leakageをsupport条件で相殺せず発注評価を止める"
"ABSORPTION_DEFENSE","BOTH","PRE_EVAL","QUALITY","HARD_ALL","CD-G01-023","resync_cooldown_elapsed","QUALITY:resync_cooldown_elapsed","欠損・gap・stale・future leakageをsupport条件で相殺せず発注評価を止める"
"ABSORPTION_DEFENSE","BOTH","PRE_EVAL","QUALITY","HARD_ALL","CD-G01-025","aggregation_limit_disclosed","QUALITY:aggregation_limit_disclosed","欠損・gap・stale・future leakageをsupport条件で相殺せず発注評価を止める"
"ABSORPTION_DEFENSE","BOTH","PRE_EVAL","QUALITY","HARD_ALL","CD-G01-026","future_leakage_absent","QUALITY:future_leakage_absent","欠損・gap・stale・future leakageをsupport条件で相殺せず発注評価を止める"
"ABSORPTION_DEFENSE","BOTH","PRE_EVAL","QUALITY","HARD_ALL","CD-G01-027","window_complete","QUALITY:window_complete","欠損・gap・stale・future leakageをsupport条件で相殺せず発注評価を止める"
"ABSORPTION_DEFENSE","BOTH","PRE_EVAL","QUALITY","HARD_ALL","CD-G01-028","baseline_sample_sufficient","QUALITY:baseline_sample_sufficient","欠損・gap・stale・future leakageをsupport条件で相殺せず発注評価を止める"
"ABSORPTION_DEFENSE","BOTH","PRE_ORDER","EXECUTION","HARD_ALL","CD-G14-001","hfm_symbol_tradeable","EXECUTION_RISK:hfm_symbol_tradeable","HFM自動発注前のhard gate"
"ABSORPTION_DEFENSE","BOTH","PRE_ORDER","EXECUTION","HARD_ALL","CD-G14-002","execution_hfm_quote_fresh","EXECUTION_RISK:execution_hfm_quote_fresh","HFM自動発注前のhard gate"
"ABSORPTION_DEFENSE","BOTH","PRE_ORDER","EXECUTION","HARD_ALL","CD-G14-003","hfm_spread_within_limit","EXECUTION_RISK:hfm_spread_within_limit","HFM自動発注前のhard gate"
"ABSORPTION_DEFENSE","BOTH","PRE_ORDER","EXECUTION","HARD_ALL","CD-G14-004","hfm_basis_within_limit","EXECUTION_RISK:hfm_basis_within_limit","HFM自動発注前のhard gate"
"ABSORPTION_DEFENSE","BOTH","PRE_ORDER","EXECUTION","HARD_ALL","CD-G14-005","execution_latency_within_limit","EXECUTION_RISK:execution_latency_within_limit","HFM自動発注前のhard gate"
"ABSORPTION_DEFENSE","BOTH","PRE_ORDER","EXECUTION","HARD_ALL","CD-G14-006","expected_slippage_within_limit","EXECUTION_RISK:expected_slippage_within_limit","HFM自動発注前のhard gate"
"ABSORPTION_DEFENSE","BOTH","PRE_ORDER","EXECUTION","HARD_ALL","CD-G14-007","expected_cost_within_limit","EXECUTION_RISK:expected_cost_within_limit","HFM自動発注前のhard gate"
"ABSORPTION_DEFENSE","BOTH","PRE_ORDER","EXECUTION","HARD_ALL","CD-G14-008","risk_reward_above_floor","EXECUTION_RISK:risk_reward_above_floor","HFM自動発注前のhard gate"
"ABSORPTION_DEFENSE","BOTH","PRE_ORDER","EXECUTION","HARD_ALL","CD-G14-009","invalidation_distance_valid","EXECUTION_RISK:invalidation_distance_valid","HFM自動発注前のhard gate"
"ABSORPTION_DEFENSE","BOTH","PRE_ORDER","EXECUTION","HARD_ALL","CD-G14-010","risk_budget_available","EXECUTION_RISK:risk_budget_available","HFM自動発注前のhard gate"
"ABSORPTION_DEFENSE","BOTH","PRE_ORDER","EXECUTION","HARD_ALL","CD-G14-011","position_cap_available","EXECUTION_RISK:position_cap_available","HFM自動発注前のhard gate"
"ABSORPTION_DEFENSE","BOTH","PRE_ORDER","EXECUTION","HARD_ALL","CD-G14-012","margin_available","EXECUTION_RISK:margin_available","HFM自動発注前のhard gate"
"ABSORPTION_DEFENSE","BOTH","PRE_ORDER","EXECUTION","HARD_ALL","CD-G14-013","broker_volume_step_valid","EXECUTION_RISK:broker_volume_step_valid","HFM自動発注前のhard gate"
"ABSORPTION_DEFENSE","BOTH","PRE_ORDER","EXECUTION","HARD_ALL","CD-G14-014","broker_min_volume_met","EXECUTION_RISK:broker_min_volume_met","HFM自動発注前のhard gate"
"ABSORPTION_DEFENSE","BOTH","PRE_ORDER","EXECUTION","HARD_ALL","CD-G14-015","broker_max_volume_not_exceeded","EXECUTION_RISK:broker_max_volume_not_exceeded","HFM自動発注前のhard gate"
"ABSORPTION_DEFENSE","BOTH","PRE_ORDER","EXECUTION","HARD_ALL","CD-G14-016","broker_stop_distance_valid","EXECUTION_RISK:broker_stop_distance_valid","HFM自動発注前のhard gate"
"ABSORPTION_DEFENSE","BOTH","PRE_ORDER","EXECUTION","HARD_ALL","CD-G14-017","duplicate_intent_absent","EXECUTION_RISK:duplicate_intent_absent","HFM自動発注前のhard gate"
"ABSORPTION_DEFENSE","BOTH","PRE_ORDER","EXECUTION","HARD_ALL","CD-G14-018","outstanding_order_conflict_absent","EXECUTION_RISK:outstanding_order_conflict_absent","HFM自動発注前のhard gate"
"ABSORPTION_DEFENSE","BOTH","PRE_ORDER","EXECUTION","HARD_ALL","CD-G14-019","idempotency_key_available","EXECUTION_RISK:idempotency_key_available","HFM自動発注前のhard gate"
"ABSORPTION_DEFENSE","BOTH","PRE_ORDER","EXECUTION","HARD_ALL","CD-G14-020","execution_mode_allowed","EXECUTION_RISK:execution_mode_allowed","HFM自動発注前のhard gate"
"ABSORPTION_DEFENSE","BOTH","PRE_ORDER","EXECUTION","HARD_ALL","CD-G14-021","daily_loss_limit_clear","EXECUTION_RISK:daily_loss_limit_clear","HFM自動発注前のhard gate"
"ABSORPTION_DEFENSE","BOTH","PRE_ORDER","EXECUTION","HARD_ALL","CD-G14-022","drawdown_limit_clear","EXECUTION_RISK:drawdown_limit_clear","HFM自動発注前のhard gate"
"ABSORPTION_DEFENSE","BOTH","PRE_ORDER","EXECUTION","HARD_ALL","CD-G14-023","cooldown_elapsed","EXECUTION_RISK:cooldown_elapsed","HFM自動発注前のhard gate"
"ABSORPTION_DEFENSE","BOTH","PRE_ORDER","EXECUTION","HARD_ALL","CD-G14-024","max_order_rate_clear","EXECUTION_RISK:max_order_rate_clear","HFM自動発注前のhard gate"
"ABSORPTION_DEFENSE","BOTH","PRE_ORDER","EXECUTION","HARD_ALL","CD-G14-025","recent_reject_rate_acceptable","EXECUTION_RISK:recent_reject_rate_acceptable","HFM自動発注前のhard gate"
"ABSORPTION_DEFENSE","BOTH","PRE_ORDER","EXECUTION","HARD_ALL","CD-G14-026","recent_fill_rate_acceptable","EXECUTION_RISK:recent_fill_rate_acceptable","HFM自動発注前のhard gate"
"ABSORPTION_DEFENSE","BOTH","PRE_ORDER","EXECUTION","HARD_ALL","CD-G14-027","emergency_stop_clear","EXECUTION_RISK:emergency_stop_clear","HFM自動発注前のhard gate"
"ABSORPTION_DEFENSE","BOTH","PRE_ORDER","EXECUTION","DERIVED_SUMMARY","CD-G14-028","all_execution_hard_gates_pass","EXECUTION_RISK:all_execution_hard_gates_pass","個別execution gateの集約結果であり独立票ではない"
"ABSORPTION_DEFENSE","LONG","CONTEXT","LOCATION","BIND_ONE_REFERENCE","CD-G03-013","distance_to_session_low","LOCATION:session_low","Strategy instanceは候補から一つのactive referenceを事前bindingし後付け選択しない"
"ABSORPTION_DEFENSE","LONG","CONTEXT","LOCATION","BIND_ONE_REFERENCE","CD-G03-014","relation_to_session_low","LOCATION:session_low","Strategy instanceは候補から一つのactive referenceを事前bindingし後付け選択しない"
"ABSORPTION_DEFENSE","LONG","CONTEXT","LOCATION","BIND_ONE_REFERENCE","CD-G03-017","distance_to_previous_day_low","LOCATION:previous_day_low","Strategy instanceは候補から一つのactive referenceを事前bindingし後付け選択しない"
"ABSORPTION_DEFENSE","LONG","CONTEXT","LOCATION","BIND_ONE_REFERENCE","CD-G03-018","relation_to_previous_day_low","LOCATION:previous_day_low","Strategy instanceは候補から一つのactive referenceを事前bindingし後付け選択しない"
"ABSORPTION_DEFENSE","LONG","CONTEXT","LOCATION","BIND_ONE_REFERENCE","CD-G03-027","distance_to_rolling_5m_low","LOCATION:rolling_5m_low","Strategy instanceは候補から一つのactive referenceを事前bindingし後付け選択しない"
"ABSORPTION_DEFENSE","LONG","CONTEXT","LOCATION","BIND_ONE_REFERENCE","CD-G03-028","relation_to_rolling_5m_low","LOCATION:rolling_5m_low","Strategy instanceは候補から一つのactive referenceを事前bindingし後付け選択しない"
"ABSORPTION_DEFENSE","LONG","CONTEXT","LOCATION","BIND_ONE_REFERENCE","CD-G03-031","distance_to_rolling_15m_low","LOCATION:rolling_15m_low","Strategy instanceは候補から一つのactive referenceを事前bindingし後付け選択しない"
"ABSORPTION_DEFENSE","LONG","CONTEXT","LOCATION","BIND_ONE_REFERENCE","CD-G03-032","relation_to_rolling_15m_low","LOCATION:rolling_15m_low","Strategy instanceは候補から一つのactive referenceを事前bindingし後付け選択しない"
"ABSORPTION_DEFENSE","LONG","CONTEXT","LOCATION","BIND_ONE_REFERENCE","CD-G03-037","distance_to_session_vwap","LOCATION:session_vwap","Strategy instanceは候補から一つのactive referenceを事前bindingし後付け選択しない"
"ABSORPTION_DEFENSE","LONG","CONTEXT","LOCATION","BIND_ONE_REFERENCE","CD-G03-038","relation_to_session_vwap","LOCATION:session_vwap","Strategy instanceは候補から一つのactive referenceを事前bindingし後付け選択しない"
"ABSORPTION_DEFENSE","LONG","CONTEXT","LOCATION","BIND_ONE_REFERENCE","CD-G03-045","distance_to_profile_val","LOCATION:profile_val","Strategy instanceは候補から一つのactive referenceを事前bindingし後付け選択しない"
"ABSORPTION_DEFENSE","LONG","CONTEXT","LOCATION","BIND_ONE_REFERENCE","CD-G03-046","relation_to_profile_val","LOCATION:profile_val","Strategy instanceは候補から一つのactive referenceを事前bindingし後付け選択しない"
"ABSORPTION_DEFENSE","LONG","ENTRY","DECISION","AT_LEAST_ONE","CD-G16-008","seller_fade_active","COMPOSITE:FADE:SELLER","反対response成立まで待つ"
"ABSORPTION_DEFENSE","LONG","ENTRY","DECISION","AT_LEAST_ONE","CD-G16-009","buyers_jump_in","COMPOSITE:AGGRESSION:BUY_ENTRY","反対response成立まで待つ"
"ABSORPTION_DEFENSE","LONG","ENTRY","DECISION","AT_LEAST_ONE","CD-G16-025","reclaim_above_reference","COMPOSITE:RECLAIM:ABOVE","反対response成立まで待つ"
"ABSORPTION_DEFENSE","LONG","ENTRY","DECISION","AT_LEAST_ONE","CD-G16-040","directional_flow_resumed_up","COMPOSITE:FLOW_CHARACTER:RESUME_UP","反対response成立まで待つ"
"ABSORPTION_DEFENSE","LONG","ENTRY","SUPPORTING","AT_LEAST_ONE_INDEPENDENT","CD-G06-013","queue_imbalance_top5","BOOK_SHAPE:QUEUE_IMBALANCE","補充like・book・tapeの追加確認"
"ABSORPTION_DEFENSE","LONG","ENTRY","SUPPORTING","AT_LEAST_ONE_INDEPENDENT","CD-G06-014","microprice_top5","BOOK_SHAPE:MICROPRICE","補充like・book・tapeの追加確認"
"ABSORPTION_DEFENSE","LONG","ENTRY","SUPPORTING","AT_LEAST_ONE_INDEPENDENT","CD-G06-029","bid_wall_concentration_top10","BOOK_SHAPE:WALL_CONCENTRATION:bid","補充like・book・tapeの追加確認"
"ABSORPTION_DEFENSE","LONG","ENTRY","SUPPORTING","AT_LEAST_ONE_INDEPENDENT","CD-G07-008","bid_net_flow_1s","BOOK_EVENT:bid:net_flow","補充like・book・tapeの追加確認"
"ABSORPTION_DEFENSE","LONG","ENTRY","SUPPORTING","AT_LEAST_ONE_INDEPENDENT","CD-G07-011","bid_refresh_count_1s","BOOK_EVENT:bid:refresh_count","補充like・book・tapeの追加確認"
"ABSORPTION_DEFENSE","LONG","ENTRY","SUPPORTING","AT_LEAST_ONE_INDEPENDENT","CD-G07-012","bid_refresh_count_5s","BOOK_EVENT:bid:refresh_count","補充like・book・tapeの追加確認"
"ABSORPTION_DEFENSE","LONG","ENTRY","SUPPORTING","AT_LEAST_ONE_INDEPENDENT","CD-G10-010","cvd_slope_5s","DELTA_FOOTPRINT:cvd_slope","補充like・book・tapeの追加確認"
"ABSORPTION_DEFENSE","LONG","ENTRY","SUPPORTING","AT_LEAST_ONE_INDEPENDENT","CD-G10-030","stacked_buy_imbalance_depth_5s","DELTA_FOOTPRINT:stacked_buy_imbalance_depth","補充like・book・tapeの追加確認"
"ABSORPTION_DEFENSE","LONG","POSITION","INVALIDATION","INVALIDATE_ANY","CD-G16-018","acceptance_below_reference","COMPOSITE:ACCEPTANCE:BELOW","defended reference破壊"
"ABSORPTION_DEFENSE","LONG","POSITION","INVALIDATION","INVALIDATE_ANY","CD-G16-022","downside_breakout_follow_through","COMPOSITE:BREAKOUT:DOWN:FOLLOW_THROUGH","defended reference破壊"
"ABSORPTION_DEFENSE","LONG","POSITION","INVALIDATION","INVALIDATE_ANY","CD-G16-037","bid_passive_defense_failed","COMPOSITE:PASSIVE_DEFENSE:BID","defended reference破壊"
"ABSORPTION_DEFENSE","LONG","POSITION","POSITION","MANAGE","CD-G15-011","passive_defense_holds","POSITION:passive_defense_holds","entry後も防衛保持を監視"
"ABSORPTION_DEFENSE","LONG","PRE_ENTRY","ATTACK","INPUT","CD-G08-026","sell_market_volume_1s","TAPE:sell:market_volume","supportへのaggressive sell attackを測る"
"ABSORPTION_DEFENSE","LONG","PRE_ENTRY","ATTACK","INPUT","CD-G08-027","sell_market_volume_5s","TAPE:sell:market_volume","supportへのaggressive sell attackを測る"
"ABSORPTION_DEFENSE","LONG","PRE_ENTRY","ATTACK","INPUT","CD-G08-041","sell_trade_rate_1s","TAPE:sell:trade_rate","supportへのaggressive sell attackを測る"
"ABSORPTION_DEFENSE","LONG","PRE_ENTRY","ATTACK","INPUT","CD-G08-042","sell_trade_rate_5s","TAPE:sell:trade_rate","supportへのaggressive sell attackを測る"
"ABSORPTION_DEFENSE","LONG","PRE_ENTRY","ATTACK","INPUT","CD-G08-047","sell_side_share_1s","TAPE:sell:side_share","supportへのaggressive sell attackを測る"
"ABSORPTION_DEFENSE","LONG","PRE_ENTRY","ATTACK","INPUT","CD-G09-006","downward_progress_ticks_1s","PRICE_RESPONSE:downward_progress_ticks","supportへのaggressive sell attackを測る"
"ABSORPTION_DEFENSE","LONG","PRE_ENTRY","ATTACK","INPUT","CD-G09-007","downward_progress_ticks_5s","PRICE_RESPONSE:downward_progress_ticks","supportへのaggressive sell attackを測る"
"ABSORPTION_DEFENSE","LONG","PRE_ENTRY","ATTACK","INPUT","CD-G09-022","sell_efficiency_1s","PRICE_RESPONSE:sell_efficiency","supportへのaggressive sell attackを測る"
"ABSORPTION_DEFENSE","LONG","PRE_ENTRY","ATTACK","INPUT","CD-G09-023","sell_efficiency_5s","PRICE_RESPONSE:sell_efficiency","supportへのaggressive sell attackを測る"
"ABSORPTION_DEFENSE","LONG","PRE_ENTRY","CONTRADICTION","VETO_ANY","CD-G16-005","bid_absorption_weakening","COMPOSITE:ABSORPTION:BID","防衛消耗またはattack再加速"
"ABSORPTION_DEFENSE","LONG","PRE_ENTRY","CONTRADICTION","VETO_ANY","CD-G16-018","acceptance_below_reference","COMPOSITE:ACCEPTANCE:BELOW","防衛消耗またはattack再加速"
"ABSORPTION_DEFENSE","LONG","PRE_ENTRY","CONTRADICTION","VETO_ANY","CD-G16-032","sell_momentum_accelerating","COMPOSITE:MOMENTUM:SELL","防衛消耗またはattack再加速"
"ABSORPTION_DEFENSE","LONG","PRE_ENTRY","CONTRADICTION","VETO_ANY","CD-G16-037","bid_passive_defense_failed","COMPOSITE:PASSIVE_DEFENSE:BID","防衛消耗またはattack再加速"
"ABSORPTION_DEFENSE","LONG","PRE_ENTRY","CONTRADICTION","VETO_ANY","CD-G16-043","downward_sweep_active","COMPOSITE:SWEEP:DOWN","防衛消耗またはattack再加速"
"ABSORPTION_DEFENSE","LONG","PRE_ENTRY","RESPONSE","AT_LEAST_ONE","CD-G09-030","sell_no_progress_ratio_1s","PRICE_RESPONSE:sell_no_progress_ratio","attack量に対するprice progress低下と防衛"
"ABSORPTION_DEFENSE","LONG","PRE_ENTRY","RESPONSE","AT_LEAST_ONE","CD-G09-031","sell_no_progress_ratio_5s","PRICE_RESPONSE:sell_no_progress_ratio","attack量に対するprice progress低下と防衛"
"ABSORPTION_DEFENSE","LONG","PRE_ENTRY","RESPONSE","AT_LEAST_ONE","CD-G16-001","bid_absorption_like_active","COMPOSITE:ABSORPTION:BID","attack量に対するprice progress低下と防衛"
"ABSORPTION_DEFENSE","LONG","PRE_ENTRY","RESPONSE","AT_LEAST_ONE","CD-G16-003","bid_absorption_strengthening","COMPOSITE:ABSORPTION:BID","attack量に対するprice progress低下と防衛"
"ABSORPTION_DEFENSE","LONG","PRE_ENTRY","RESPONSE","AT_LEAST_ONE","CD-G16-014","repeated_low_test","COMPOSITE:TEST:LOW","attack量に対するprice progress低下と防衛"
"ABSORPTION_DEFENSE","LONG","PRE_ENTRY","RESPONSE","AT_LEAST_ONE","CD-G16-035","bid_passive_defense_holding","COMPOSITE:PASSIVE_DEFENSE:BID","attack量に対するprice progress低下と防衛"
"ABSORPTION_DEFENSE","SHORT","CONTEXT","LOCATION","BIND_ONE_REFERENCE","CD-G03-011","distance_to_session_high","LOCATION:session_high","Strategy instanceは候補から一つのactive referenceを事前bindingし後付け選択しない"
"ABSORPTION_DEFENSE","SHORT","CONTEXT","LOCATION","BIND_ONE_REFERENCE","CD-G03-012","relation_to_session_high","LOCATION:session_high","Strategy instanceは候補から一つのactive referenceを事前bindingし後付け選択しない"
"ABSORPTION_DEFENSE","SHORT","CONTEXT","LOCATION","BIND_ONE_REFERENCE","CD-G03-015","distance_to_previous_day_high","LOCATION:previous_day_high","Strategy instanceは候補から一つのactive referenceを事前bindingし後付け選択しない"
"ABSORPTION_DEFENSE","SHORT","CONTEXT","LOCATION","BIND_ONE_REFERENCE","CD-G03-016","relation_to_previous_day_high","LOCATION:previous_day_high","Strategy instanceは候補から一つのactive referenceを事前bindingし後付け選択しない"
"ABSORPTION_DEFENSE","SHORT","CONTEXT","LOCATION","BIND_ONE_REFERENCE","CD-G03-025","distance_to_rolling_5m_high","LOCATION:rolling_5m_high","Strategy instanceは候補から一つのactive referenceを事前bindingし後付け選択しない"
"ABSORPTION_DEFENSE","SHORT","CONTEXT","LOCATION","BIND_ONE_REFERENCE","CD-G03-026","relation_to_rolling_5m_high","LOCATION:rolling_5m_high","Strategy instanceは候補から一つのactive referenceを事前bindingし後付け選択しない"
"ABSORPTION_DEFENSE","SHORT","CONTEXT","LOCATION","BIND_ONE_REFERENCE","CD-G03-029","distance_to_rolling_15m_high","LOCATION:rolling_15m_high","Strategy instanceは候補から一つのactive referenceを事前bindingし後付け選択しない"
"ABSORPTION_DEFENSE","SHORT","CONTEXT","LOCATION","BIND_ONE_REFERENCE","CD-G03-030","relation_to_rolling_15m_high","LOCATION:rolling_15m_high","Strategy instanceは候補から一つのactive referenceを事前bindingし後付け選択しない"
"ABSORPTION_DEFENSE","SHORT","CONTEXT","LOCATION","BIND_ONE_REFERENCE","CD-G03-037","distance_to_session_vwap","LOCATION:session_vwap","Strategy instanceは候補から一つのactive referenceを事前bindingし後付け選択しない"
"ABSORPTION_DEFENSE","SHORT","CONTEXT","LOCATION","BIND_ONE_REFERENCE","CD-G03-038","relation_to_session_vwap","LOCATION:session_vwap","Strategy instanceは候補から一つのactive referenceを事前bindingし後付け選択しない"
"ABSORPTION_DEFENSE","SHORT","CONTEXT","LOCATION","BIND_ONE_REFERENCE","CD-G03-043","distance_to_profile_vah","LOCATION:profile_vah","Strategy instanceは候補から一つのactive referenceを事前bindingし後付け選択しない"
"ABSORPTION_DEFENSE","SHORT","CONTEXT","LOCATION","BIND_ONE_REFERENCE","CD-G03-044","relation_to_profile_vah","LOCATION:profile_vah","Strategy instanceは候補から一つのactive referenceを事前bindingし後付け選択しない"
"ABSORPTION_DEFENSE","SHORT","ENTRY","DECISION","AT_LEAST_ONE","CD-G16-007","buyer_fade_active","COMPOSITE:FADE:BUYER","反対response成立まで待つ"
"ABSORPTION_DEFENSE","SHORT","ENTRY","DECISION","AT_LEAST_ONE","CD-G16-010","sellers_jump_in","COMPOSITE:AGGRESSION:SELL_ENTRY","反対response成立まで待つ"
"ABSORPTION_DEFENSE","SHORT","ENTRY","DECISION","AT_LEAST_ONE","CD-G16-026","reclaim_below_reference","COMPOSITE:RECLAIM:BELOW","反対response成立まで待つ"
"ABSORPTION_DEFENSE","SHORT","ENTRY","DECISION","AT_LEAST_ONE","CD-G16-041","directional_flow_resumed_down","COMPOSITE:FLOW_CHARACTER:RESUME_DOWN","反対response成立まで待つ"
"ABSORPTION_DEFENSE","SHORT","ENTRY","SUPPORTING","AT_LEAST_ONE_INDEPENDENT","CD-G06-013","queue_imbalance_top5","BOOK_SHAPE:QUEUE_IMBALANCE","補充like・book・tapeの追加確認"
"ABSORPTION_DEFENSE","SHORT","ENTRY","SUPPORTING","AT_LEAST_ONE_INDEPENDENT","CD-G06-014","microprice_top5","BOOK_SHAPE:MICROPRICE","補充like・book・tapeの追加確認"
"ABSORPTION_DEFENSE","SHORT","ENTRY","SUPPORTING","AT_LEAST_ONE_INDEPENDENT","CD-G06-031","ask_wall_concentration_top10","BOOK_SHAPE:WALL_CONCENTRATION:ask","補充like・book・tapeの追加確認"
"ABSORPTION_DEFENSE","SHORT","ENTRY","SUPPORTING","AT_LEAST_ONE_INDEPENDENT","CD-G07-032","ask_net_flow_1s","BOOK_EVENT:ask:net_flow","補充like・book・tapeの追加確認"
"ABSORPTION_DEFENSE","SHORT","ENTRY","SUPPORTING","AT_LEAST_ONE_INDEPENDENT","CD-G07-035","ask_refresh_count_1s","BOOK_EVENT:ask:refresh_count","補充like・book・tapeの追加確認"
"ABSORPTION_DEFENSE","SHORT","ENTRY","SUPPORTING","AT_LEAST_ONE_INDEPENDENT","CD-G07-036","ask_refresh_count_5s","BOOK_EVENT:ask:refresh_count","補充like・book・tapeの追加確認"
"ABSORPTION_DEFENSE","SHORT","ENTRY","SUPPORTING","AT_LEAST_ONE_INDEPENDENT","CD-G10-010","cvd_slope_5s","DELTA_FOOTPRINT:cvd_slope","補充like・book・tapeの追加確認"
"ABSORPTION_DEFENSE","SHORT","ENTRY","SUPPORTING","AT_LEAST_ONE_INDEPENDENT","CD-G10-034","stacked_sell_imbalance_depth_5s","DELTA_FOOTPRINT:stacked_sell_imbalance_depth","補充like・book・tapeの追加確認"
"ABSORPTION_DEFENSE","SHORT","POSITION","INVALIDATION","INVALIDATE_ANY","CD-G16-017","acceptance_above_reference","COMPOSITE:ACCEPTANCE:ABOVE","defended reference破壊"
"ABSORPTION_DEFENSE","SHORT","POSITION","INVALIDATION","INVALIDATE_ANY","CD-G16-021","upside_breakout_follow_through","COMPOSITE:BREAKOUT:UP:FOLLOW_THROUGH","defended reference破壊"
"ABSORPTION_DEFENSE","SHORT","POSITION","INVALIDATION","INVALIDATE_ANY","CD-G16-038","ask_passive_defense_failed","COMPOSITE:PASSIVE_DEFENSE:ASK","defended reference破壊"
"ABSORPTION_DEFENSE","SHORT","POSITION","POSITION","MANAGE","CD-G15-011","passive_defense_holds","POSITION:passive_defense_holds","entry後も防衛保持を監視"
"ABSORPTION_DEFENSE","SHORT","PRE_ENTRY","ATTACK","INPUT","CD-G08-002","buy_market_volume_1s","TAPE:buy:market_volume","resistanceへのaggressive buy attackを測る"
"ABSORPTION_DEFENSE","SHORT","PRE_ENTRY","ATTACK","INPUT","CD-G08-003","buy_market_volume_5s","TAPE:buy:market_volume","resistanceへのaggressive buy attackを測る"
"ABSORPTION_DEFENSE","SHORT","PRE_ENTRY","ATTACK","INPUT","CD-G08-017","buy_trade_rate_1s","TAPE:buy:trade_rate","resistanceへのaggressive buy attackを測る"
"ABSORPTION_DEFENSE","SHORT","PRE_ENTRY","ATTACK","INPUT","CD-G08-018","buy_trade_rate_5s","TAPE:buy:trade_rate","resistanceへのaggressive buy attackを測る"
"ABSORPTION_DEFENSE","SHORT","PRE_ENTRY","ATTACK","INPUT","CD-G08-023","buy_side_share_1s","TAPE:buy:side_share","resistanceへのaggressive buy attackを測る"
"ABSORPTION_DEFENSE","SHORT","PRE_ENTRY","ATTACK","INPUT","CD-G09-002","upward_progress_ticks_1s","PRICE_RESPONSE:upward_progress_ticks","resistanceへのaggressive buy attackを測る"
"ABSORPTION_DEFENSE","SHORT","PRE_ENTRY","ATTACK","INPUT","CD-G09-003","upward_progress_ticks_5s","PRICE_RESPONSE:upward_progress_ticks","resistanceへのaggressive buy attackを測る"
"ABSORPTION_DEFENSE","SHORT","PRE_ENTRY","ATTACK","INPUT","CD-G09-018","buy_efficiency_1s","PRICE_RESPONSE:buy_efficiency","resistanceへのaggressive buy attackを測る"
"ABSORPTION_DEFENSE","SHORT","PRE_ENTRY","ATTACK","INPUT","CD-G09-019","buy_efficiency_5s","PRICE_RESPONSE:buy_efficiency","resistanceへのaggressive buy attackを測る"
"ABSORPTION_DEFENSE","SHORT","PRE_ENTRY","CONTRADICTION","VETO_ANY","CD-G16-006","ask_absorption_weakening","COMPOSITE:ABSORPTION:ASK","防衛消耗またはattack再加速"
"ABSORPTION_DEFENSE","SHORT","PRE_ENTRY","CONTRADICTION","VETO_ANY","CD-G16-017","acceptance_above_reference","COMPOSITE:ACCEPTANCE:ABOVE","防衛消耗またはattack再加速"
"ABSORPTION_DEFENSE","SHORT","PRE_ENTRY","CONTRADICTION","VETO_ANY","CD-G16-031","buy_momentum_accelerating","COMPOSITE:MOMENTUM:BUY","防衛消耗またはattack再加速"
"ABSORPTION_DEFENSE","SHORT","PRE_ENTRY","CONTRADICTION","VETO_ANY","CD-G16-038","ask_passive_defense_failed","COMPOSITE:PASSIVE_DEFENSE:ASK","防衛消耗またはattack再加速"
"ABSORPTION_DEFENSE","SHORT","PRE_ENTRY","CONTRADICTION","VETO_ANY","CD-G16-042","upward_sweep_active","COMPOSITE:SWEEP:UP","防衛消耗またはattack再加速"
"ABSORPTION_DEFENSE","SHORT","PRE_ENTRY","RESPONSE","AT_LEAST_ONE","CD-G09-026","buy_no_progress_ratio_1s","PRICE_RESPONSE:buy_no_progress_ratio","attack量に対するprice progress低下と防衛"
"ABSORPTION_DEFENSE","SHORT","PRE_ENTRY","RESPONSE","AT_LEAST_ONE","CD-G09-027","buy_no_progress_ratio_5s","PRICE_RESPONSE:buy_no_progress_ratio","attack量に対するprice progress低下と防衛"
"ABSORPTION_DEFENSE","SHORT","PRE_ENTRY","RESPONSE","AT_LEAST_ONE","CD-G16-002","ask_absorption_like_active","COMPOSITE:ABSORPTION:ASK","attack量に対するprice progress低下と防衛"
"ABSORPTION_DEFENSE","SHORT","PRE_ENTRY","RESPONSE","AT_LEAST_ONE","CD-G16-004","ask_absorption_strengthening","COMPOSITE:ABSORPTION:ASK","attack量に対するprice progress低下と防衛"
"ABSORPTION_DEFENSE","SHORT","PRE_ENTRY","RESPONSE","AT_LEAST_ONE","CD-G16-013","repeated_high_test","COMPOSITE:TEST:HIGH","attack量に対するprice progress低下と防衛"
"ABSORPTION_DEFENSE","SHORT","PRE_ENTRY","RESPONSE","AT_LEAST_ONE","CD-G16-036","ask_passive_defense_holding","COMPOSITE:PASSIVE_DEFENSE:ASK","attack量に対するprice progress低下と防衛"
"ABSORPTION_FAILURE","BOTH","CONTEXT","ENVIRONMENT","CONTEXT_INPUT","CD-G02-001","session_id","REGIME:session_id","市場環境を記録しvariant適用範囲を決める。calendar未接続値はUNKNOWNを許容"
"ABSORPTION_FAILURE","BOTH","CONTEXT","ENVIRONMENT","CONTEXT_INPUT","CD-G02-002","session_phase","REGIME:session_phase","市場環境を記録しvariant適用範囲を決める。calendar未接続値はUNKNOWNを許容"
"ABSORPTION_FAILURE","BOTH","CONTEXT","ENVIRONMENT","CONTEXT_INPUT","CD-G02-012","funding_event_proximity","REGIME:funding_event_proximity","市場環境を記録しvariant適用範囲を決める。calendar未接続値はUNKNOWNを許容"
"ABSORPTION_FAILURE","BOTH","CONTEXT","ENVIRONMENT","CONTEXT_INPUT","CD-G02-014","scheduled_macro_event_proximity","REGIME:scheduled_macro_event_proximity","市場環境を記録しvariant適用範囲を決める。calendar未接続値はUNKNOWNを許容"
"ABSORPTION_FAILURE","BOTH","CONTEXT","ENVIRONMENT","CONTEXT_INPUT","CD-G02-015","post_news_cooldown_state","REGIME:post_news_cooldown_state","市場環境を記録しvariant適用範囲を決める。calendar未接続値はUNKNOWNを許容"
"ABSORPTION_FAILURE","BOTH","CONTEXT","ENVIRONMENT","CONTEXT_INPUT","CD-G02-017","balance_regime","REGIME:balance_regime","Strategy固有のregime適格性とbaseline比較"
"ABSORPTION_FAILURE","BOTH","CONTEXT","ENVIRONMENT","CONTEXT_INPUT","CD-G02-020","participation_regime","REGIME:participation_regime","市場環境を記録しvariant適用範囲を決める。calendar未接続値はUNKNOWNを許容"
"ABSORPTION_FAILURE","BOTH","CONTEXT","ENVIRONMENT","CONTEXT_INPUT","CD-G02-021","volatility_regime","REGIME:volatility_regime","市場環境を記録しvariant適用範囲を決める。calendar未接続値はUNKNOWNを許容"
"ABSORPTION_FAILURE","BOTH","CONTEXT","ENVIRONMENT","CONTEXT_INPUT","CD-G02-022","liquidity_regime","REGIME:liquidity_regime","市場環境を記録しvariant適用範囲を決める。calendar未接続値はUNKNOWNを許容"
"ABSORPTION_FAILURE","BOTH","CONTEXT","ENVIRONMENT","CONTEXT_INPUT","CD-G02-023","regime_age","REGIME:regime_age","Strategy固有のregime適格性とbaseline比較"
"ABSORPTION_FAILURE","BOTH","CONTEXT","ENVIRONMENT","CONTEXT_INPUT","CD-G02-024","regime_transition_flag","REGIME:regime_transition_flag","Strategy固有のregime適格性とbaseline比較"
"ABSORPTION_FAILURE","BOTH","CONTEXT","ENVIRONMENT","CONTEXT_INPUT","CD-G04-011","spread_ticks","LIQUIDITY:SPREAD","市場環境を記録しvariant適用範囲を決める。calendar未接続値はUNKNOWNを許容"
"ABSORPTION_FAILURE","BOTH","CONTEXT","ENVIRONMENT","CONTEXT_INPUT","CD-G04-015","trade_rate_percentile_1m","LIQUIDITY:TRADE_RATE","Strategy固有のregime適格性とbaseline比較"
"ABSORPTION_FAILURE","BOTH","CONTEXT","ENVIRONMENT","CONTEXT_INPUT","CD-G04-016","trade_rate_percentile_5m","LIQUIDITY:TRADE_RATE","Strategy固有のregime適格性とbaseline比較"
"ABSORPTION_FAILURE","BOTH","CONTEXT","ENVIRONMENT","CONTEXT_INPUT","CD-G04-017","bid_top5_depth_percentile_1m","LIQUIDITY:TOP5_DEPTH:bid","Strategy固有のregime適格性とbaseline比較"
"ABSORPTION_FAILURE","BOTH","CONTEXT","ENVIRONMENT","CONTEXT_INPUT","CD-G04-019","ask_top5_depth_percentile_1m","LIQUIDITY:TOP5_DEPTH:ask","Strategy固有のregime適格性とbaseline比較"
"ABSORPTION_FAILURE","BOTH","CONTEXT","ENVIRONMENT","CONTEXT_INPUT","CD-G04-023","volatility_state","VOLATILITY:STATE","市場環境を記録しvariant適用範囲を決める。calendar未接続値はUNKNOWNを許容"
"ABSORPTION_FAILURE","BOTH","CONTEXT","ENVIRONMENT","CONTEXT_INPUT","CD-G04-024","tradeability_state","LIQUIDITY:STATE","市場環境を記録しvariant適用範囲を決める。calendar未接続値はUNKNOWNを許容"
"ABSORPTION_FAILURE","BOTH","POSITION","POSITION","MANAGE","CD-G15-001","position_is_open","POSITION:position_is_open","entry後Hookごとに追加・縮小・決済・反転を再判定"
"ABSORPTION_FAILURE","BOTH","POSITION","POSITION","MANAGE","CD-G15-002","side_matches_strategy","POSITION:side_matches_strategy","entry後Hookごとに追加・縮小・決済・反転を再判定"
"ABSORPTION_FAILURE","BOTH","POSITION","POSITION","MANAGE","CD-G15-003","entry_fill_confirmed","POSITION:entry_fill_confirmed","entry後Hookごとに追加・縮小・決済・反転を再判定"
"ABSORPTION_FAILURE","BOTH","POSITION","POSITION","MANAGE","CD-G15-004","holding_time_within_limit","POSITION:holding_time_within_limit","entry後Hookごとに追加・縮小・決済・反転を再判定"
"ABSORPTION_FAILURE","BOTH","POSITION","POSITION","MANAGE","CD-G15-005","expected_reaction_deadline_clear","POSITION:expected_reaction_deadline_clear","entry後Hookごとに追加・縮小・決済・反転を再判定"
"ABSORPTION_FAILURE","BOTH","POSITION","POSITION","MANAGE","CD-G15-006","unrealized_pnl_state","POSITION:unrealized_pnl_state","entry後Hookごとに追加・縮小・決済・反転を再判定"
"ABSORPTION_FAILURE","BOTH","POSITION","POSITION","MANAGE","CD-G15-007","mae_within_limit","POSITION:mae_within_limit","entry後Hookごとに追加・縮小・決済・反転を再判定"
"ABSORPTION_FAILURE","BOTH","POSITION","POSITION","MANAGE","CD-G15-008","mfe_state","POSITION:mfe_state","entry後Hookごとに追加・縮小・決済・反転を再判定"
"ABSORPTION_FAILURE","BOTH","POSITION","POSITION","MANAGE","CD-G15-009","price_progress_supports_thesis","POSITION:price_progress_supports_thesis","entry後Hookごとに追加・縮小・決済・反転を再判定"
"ABSORPTION_FAILURE","BOTH","POSITION","POSITION","MANAGE","CD-G15-010","order_flow_supports_thesis","POSITION:order_flow_supports_thesis","entry後Hookごとに追加・縮小・決済・反転を再判定"
"ABSORPTION_FAILURE","BOTH","POSITION","POSITION","MANAGE","CD-G15-013","contradiction_below_limit","POSITION:contradiction_below_limit","entry後Hookごとに追加・縮小・決済・反転を再判定"
"ABSORPTION_FAILURE","BOTH","POSITION","POSITION","MANAGE","CD-G15-014","invalidation_absent","POSITION:invalidation_absent","entry後Hookごとに追加・縮小・決済・反転を再判定"
"ABSORPTION_FAILURE","BOTH","POSITION","POSITION","MANAGE","CD-G15-015","add_size_eligible","POSITION:add_size_eligible","entry後Hookごとに追加・縮小・決済・反転を再判定"
"ABSORPTION_FAILURE","BOTH","POSITION","POSITION","MANAGE","CD-G15-016","reduce_size_required","POSITION:reduce_size_required","entry後Hookごとに追加・縮小・決済・反転を再判定"
"ABSORPTION_FAILURE","BOTH","POSITION","POSITION","MANAGE","CD-G15-017","exit_required","POSITION:exit_required","entry後Hookごとに追加・縮小・決済・反転を再判定"
"ABSORPTION_FAILURE","BOTH","POSITION","POSITION","MANAGE","CD-G15-018","reverse_candidate","POSITION:reverse_candidate","entry後Hookごとに追加・縮小・決済・反転を再判定"
"ABSORPTION_FAILURE","BOTH","POSITION","POSITION","MANAGE","CD-G15-019","trailing_invalidation_updated","POSITION:trailing_invalidation_updated","entry後Hookごとに追加・縮小・決済・反転を再判定"
"ABSORPTION_FAILURE","BOTH","POSITION","POSITION","MANAGE","CD-G15-020","remaining_risk_within_limit","POSITION:remaining_risk_within_limit","entry後Hookごとに追加・縮小・決済・反転を再判定"
"ABSORPTION_FAILURE","BOTH","POSITION","POSITION","MANAGE","CD-G15-021","competing_strategy_dominant","POSITION:competing_strategy_dominant","entry後Hookごとに追加・縮小・決済・反転を再判定"
"ABSORPTION_FAILURE","BOTH","POSITION","POSITION","MANAGE","CD-G15-022","satisfaction_tier_not_downgraded","POSITION:satisfaction_tier_not_downgraded","entry後Hookごとに追加・縮小・決済・反転を再判定"
"ABSORPTION_FAILURE","BOTH","POSITION","POSITION","MANAGE","CD-G15-023","post_entry_data_fresh","POSITION:post_entry_data_fresh","entry後Hookごとに追加・縮小・決済・反転を再判定"
"ABSORPTION_FAILURE","BOTH","POSITION","POSITION","MANAGE","CD-G15-024","flat_confirmation_received","POSITION:flat_confirmation_received","entry後Hookごとに追加・縮小・決済・反転を再判定"
"ABSORPTION_FAILURE","BOTH","PRE_EVAL","QUALITY","HARD_ALL","CD-G01-001","depth_book_synced","QUALITY:depth_book_synced","欠損・gap・stale・future leakageをsupport条件で相殺せず発注評価を止める"
"ABSORPTION_FAILURE","BOTH","PRE_EVAL","QUALITY","HARD_ALL","CD-G01-002","depth_sequence_contiguous","QUALITY:depth_sequence_contiguous","欠損・gap・stale・future leakageをsupport条件で相殺せず発注評価を止める"
"ABSORPTION_FAILURE","BOTH","PRE_EVAL","QUALITY","HARD_ALL","CD-G01-003","depth_snapshot_applied","QUALITY:depth_snapshot_applied","欠損・gap・stale・future leakageをsupport条件で相殺せず発注評価を止める"
"ABSORPTION_FAILURE","BOTH","PRE_EVAL","QUALITY","HARD_ALL","CD-G01-004","depth_event_fresh","QUALITY:depth_event_fresh","欠損・gap・stale・future leakageをsupport条件で相殺せず発注評価を止める"
"ABSORPTION_FAILURE","BOTH","PRE_EVAL","QUALITY","HARD_ALL","CD-G01-005","trade_event_fresh","QUALITY:trade_event_fresh","欠損・gap・stale・future leakageをsupport条件で相殺せず発注評価を止める"
"ABSORPTION_FAILURE","BOTH","PRE_EVAL","QUALITY","HARD_ALL","CD-G01-009","exchange_clock_aligned","QUALITY:exchange_clock_aligned","欠損・gap・stale・future leakageをsupport条件で相殺せず発注評価を止める"
"ABSORPTION_FAILURE","BOTH","PRE_EVAL","QUALITY","HARD_ALL","CD-G01-010","receive_clock_monotonic","QUALITY:receive_clock_monotonic","欠損・gap・stale・future leakageをsupport条件で相殺せず発注評価を止める"
"ABSORPTION_FAILURE","BOTH","PRE_EVAL","QUALITY","HARD_ALL","CD-G01-011","event_order_monotonic","QUALITY:event_order_monotonic","欠損・gap・stale・future leakageをsupport条件で相殺せず発注評価を止める"
"ABSORPTION_FAILURE","BOTH","PRE_EVAL","QUALITY","HARD_ALL","CD-G01-012","schema_version_known","QUALITY:schema_version_known","欠損・gap・stale・future leakageをsupport条件で相殺せず発注評価を止める"
"ABSORPTION_FAILURE","BOTH","PRE_EVAL","QUALITY","HARD_ALL","CD-G01-013","symbol_mapping_valid","QUALITY:symbol_mapping_valid","欠損・gap・stale・future leakageをsupport条件で相殺せず発注評価を止める"
"ABSORPTION_FAILURE","BOTH","PRE_EVAL","QUALITY","HARD_ALL","CD-G01-014","tick_size_valid","QUALITY:tick_size_valid","欠損・gap・stale・future leakageをsupport条件で相殺せず発注評価を止める"
"ABSORPTION_FAILURE","BOTH","PRE_EVAL","QUALITY","HARD_ALL","CD-G01-016","duplicate_event_absent","QUALITY:duplicate_event_absent","欠損・gap・stale・future leakageをsupport条件で相殺せず発注評価を止める"
"ABSORPTION_FAILURE","BOTH","PRE_EVAL","QUALITY","HARD_ALL","CD-G01-017","trade_gap_absent","QUALITY:trade_gap_absent","欠損・gap・stale・future leakageをsupport条件で相殺せず発注評価を止める"
"ABSORPTION_FAILURE","BOTH","PRE_EVAL","QUALITY","HARD_ALL","CD-G01-018","depth_gap_absent","QUALITY:depth_gap_absent","欠損・gap・stale・future leakageをsupport条件で相殺せず発注評価を止める"
"ABSORPTION_FAILURE","BOTH","PRE_EVAL","QUALITY","HARD_ALL","CD-G01-019","persistence_confirmed","QUALITY:persistence_confirmed","欠損・gap・stale・future leakageをsupport条件で相殺せず発注評価を止める"
"ABSORPTION_FAILURE","BOTH","PRE_EVAL","QUALITY","HARD_ALL","CD-G01-020","market_state_atomic","QUALITY:market_state_atomic","欠損・gap・stale・future leakageをsupport条件で相殺せず発注評価を止める"
"ABSORPTION_FAILURE","BOTH","PRE_EVAL","QUALITY","HARD_ALL","CD-G01-021","cross_source_time_aligned","QUALITY:cross_source_time_aligned","欠損・gap・stale・future leakageをsupport条件で相殺せず発注評価を止める"
"ABSORPTION_FAILURE","BOTH","PRE_EVAL","QUALITY","HARD_ALL","CD-G01-022","source_reconnect_stable","QUALITY:source_reconnect_stable","欠損・gap・stale・future leakageをsupport条件で相殺せず発注評価を止める"
"ABSORPTION_FAILURE","BOTH","PRE_EVAL","QUALITY","HARD_ALL","CD-G01-023","resync_cooldown_elapsed","QUALITY:resync_cooldown_elapsed","欠損・gap・stale・future leakageをsupport条件で相殺せず発注評価を止める"
"ABSORPTION_FAILURE","BOTH","PRE_EVAL","QUALITY","HARD_ALL","CD-G01-025","aggregation_limit_disclosed","QUALITY:aggregation_limit_disclosed","欠損・gap・stale・future leakageをsupport条件で相殺せず発注評価を止める"
"ABSORPTION_FAILURE","BOTH","PRE_EVAL","QUALITY","HARD_ALL","CD-G01-026","future_leakage_absent","QUALITY:future_leakage_absent","欠損・gap・stale・future leakageをsupport条件で相殺せず発注評価を止める"
"ABSORPTION_FAILURE","BOTH","PRE_EVAL","QUALITY","HARD_ALL","CD-G01-027","window_complete","QUALITY:window_complete","欠損・gap・stale・future leakageをsupport条件で相殺せず発注評価を止める"
"ABSORPTION_FAILURE","BOTH","PRE_EVAL","QUALITY","HARD_ALL","CD-G01-028","baseline_sample_sufficient","QUALITY:baseline_sample_sufficient","欠損・gap・stale・future leakageをsupport条件で相殺せず発注評価を止める"
"ABSORPTION_FAILURE","BOTH","PRE_ORDER","EXECUTION","HARD_ALL","CD-G14-001","hfm_symbol_tradeable","EXECUTION_RISK:hfm_symbol_tradeable","HFM自動発注前のhard gate"
"ABSORPTION_FAILURE","BOTH","PRE_ORDER","EXECUTION","HARD_ALL","CD-G14-002","execution_hfm_quote_fresh","EXECUTION_RISK:execution_hfm_quote_fresh","HFM自動発注前のhard gate"
"ABSORPTION_FAILURE","BOTH","PRE_ORDER","EXECUTION","HARD_ALL","CD-G14-003","hfm_spread_within_limit","EXECUTION_RISK:hfm_spread_within_limit","HFM自動発注前のhard gate"
"ABSORPTION_FAILURE","BOTH","PRE_ORDER","EXECUTION","HARD_ALL","CD-G14-004","hfm_basis_within_limit","EXECUTION_RISK:hfm_basis_within_limit","HFM自動発注前のhard gate"
"ABSORPTION_FAILURE","BOTH","PRE_ORDER","EXECUTION","HARD_ALL","CD-G14-005","execution_latency_within_limit","EXECUTION_RISK:execution_latency_within_limit","HFM自動発注前のhard gate"
"ABSORPTION_FAILURE","BOTH","PRE_ORDER","EXECUTION","HARD_ALL","CD-G14-006","expected_slippage_within_limit","EXECUTION_RISK:expected_slippage_within_limit","HFM自動発注前のhard gate"
"ABSORPTION_FAILURE","BOTH","PRE_ORDER","EXECUTION","HARD_ALL","CD-G14-007","expected_cost_within_limit","EXECUTION_RISK:expected_cost_within_limit","HFM自動発注前のhard gate"
"ABSORPTION_FAILURE","BOTH","PRE_ORDER","EXECUTION","HARD_ALL","CD-G14-008","risk_reward_above_floor","EXECUTION_RISK:risk_reward_above_floor","HFM自動発注前のhard gate"
"ABSORPTION_FAILURE","BOTH","PRE_ORDER","EXECUTION","HARD_ALL","CD-G14-009","invalidation_distance_valid","EXECUTION_RISK:invalidation_distance_valid","HFM自動発注前のhard gate"
"ABSORPTION_FAILURE","BOTH","PRE_ORDER","EXECUTION","HARD_ALL","CD-G14-010","risk_budget_available","EXECUTION_RISK:risk_budget_available","HFM自動発注前のhard gate"
"ABSORPTION_FAILURE","BOTH","PRE_ORDER","EXECUTION","HARD_ALL","CD-G14-011","position_cap_available","EXECUTION_RISK:position_cap_available","HFM自動発注前のhard gate"
"ABSORPTION_FAILURE","BOTH","PRE_ORDER","EXECUTION","HARD_ALL","CD-G14-012","margin_available","EXECUTION_RISK:margin_available","HFM自動発注前のhard gate"
"ABSORPTION_FAILURE","BOTH","PRE_ORDER","EXECUTION","HARD_ALL","CD-G14-013","broker_volume_step_valid","EXECUTION_RISK:broker_volume_step_valid","HFM自動発注前のhard gate"
"ABSORPTION_FAILURE","BOTH","PRE_ORDER","EXECUTION","HARD_ALL","CD-G14-014","broker_min_volume_met","EXECUTION_RISK:broker_min_volume_met","HFM自動発注前のhard gate"
"ABSORPTION_FAILURE","BOTH","PRE_ORDER","EXECUTION","HARD_ALL","CD-G14-015","broker_max_volume_not_exceeded","EXECUTION_RISK:broker_max_volume_not_exceeded","HFM自動発注前のhard gate"
"ABSORPTION_FAILURE","BOTH","PRE_ORDER","EXECUTION","HARD_ALL","CD-G14-016","broker_stop_distance_valid","EXECUTION_RISK:broker_stop_distance_valid","HFM自動発注前のhard gate"
"ABSORPTION_FAILURE","BOTH","PRE_ORDER","EXECUTION","HARD_ALL","CD-G14-017","duplicate_intent_absent","EXECUTION_RISK:duplicate_intent_absent","HFM自動発注前のhard gate"
"ABSORPTION_FAILURE","BOTH","PRE_ORDER","EXECUTION","HARD_ALL","CD-G14-018","outstanding_order_conflict_absent","EXECUTION_RISK:outstanding_order_conflict_absent","HFM自動発注前のhard gate"
"ABSORPTION_FAILURE","BOTH","PRE_ORDER","EXECUTION","HARD_ALL","CD-G14-019","idempotency_key_available","EXECUTION_RISK:idempotency_key_available","HFM自動発注前のhard gate"
"ABSORPTION_FAILURE","BOTH","PRE_ORDER","EXECUTION","HARD_ALL","CD-G14-020","execution_mode_allowed","EXECUTION_RISK:execution_mode_allowed","HFM自動発注前のhard gate"
"ABSORPTION_FAILURE","BOTH","PRE_ORDER","EXECUTION","HARD_ALL","CD-G14-021","daily_loss_limit_clear","EXECUTION_RISK:daily_loss_limit_clear","HFM自動発注前のhard gate"
"ABSORPTION_FAILURE","BOTH","PRE_ORDER","EXECUTION","HARD_ALL","CD-G14-022","drawdown_limit_clear","EXECUTION_RISK:drawdown_limit_clear","HFM自動発注前のhard gate"
"ABSORPTION_FAILURE","BOTH","PRE_ORDER","EXECUTION","HARD_ALL","CD-G14-023","cooldown_elapsed","EXECUTION_RISK:cooldown_elapsed","HFM自動発注前のhard gate"
"ABSORPTION_FAILURE","BOTH","PRE_ORDER","EXECUTION","HARD_ALL","CD-G14-024","max_order_rate_clear","EXECUTION_RISK:max_order_rate_clear","HFM自動発注前のhard gate"
"ABSORPTION_FAILURE","BOTH","PRE_ORDER","EXECUTION","HARD_ALL","CD-G14-025","recent_reject_rate_acceptable","EXECUTION_RISK:recent_reject_rate_acceptable","HFM自動発注前のhard gate"
"ABSORPTION_FAILURE","BOTH","PRE_ORDER","EXECUTION","HARD_ALL","CD-G14-026","recent_fill_rate_acceptable","EXECUTION_RISK:recent_fill_rate_acceptable","HFM自動発注前のhard gate"
"ABSORPTION_FAILURE","BOTH","PRE_ORDER","EXECUTION","HARD_ALL","CD-G14-027","emergency_stop_clear","EXECUTION_RISK:emergency_stop_clear","HFM自動発注前のhard gate"
"ABSORPTION_FAILURE","BOTH","PRE_ORDER","EXECUTION","DERIVED_SUMMARY","CD-G14-028","all_execution_hard_gates_pass","EXECUTION_RISK:all_execution_hard_gates_pass","個別execution gateの集約結果であり独立票ではない"
"ABSORPTION_FAILURE","LONG","CONTEXT","LOCATION","BIND_ONE_REFERENCE","CD-G03-011","distance_to_session_high","LOCATION:session_high","Strategy instanceは候補から一つのactive referenceを事前bindingし後付け選択しない"
"ABSORPTION_FAILURE","LONG","CONTEXT","LOCATION","BIND_ONE_REFERENCE","CD-G03-012","relation_to_session_high","LOCATION:session_high","Strategy instanceは候補から一つのactive referenceを事前bindingし後付け選択しない"
"ABSORPTION_FAILURE","LONG","CONTEXT","LOCATION","BIND_ONE_REFERENCE","CD-G03-015","distance_to_previous_day_high","LOCATION:previous_day_high","Strategy instanceは候補から一つのactive referenceを事前bindingし後付け選択しない"
"ABSORPTION_FAILURE","LONG","CONTEXT","LOCATION","BIND_ONE_REFERENCE","CD-G03-016","relation_to_previous_day_high","LOCATION:previous_day_high","Strategy instanceは候補から一つのactive referenceを事前bindingし後付け選択しない"
"ABSORPTION_FAILURE","LONG","CONTEXT","LOCATION","BIND_ONE_REFERENCE","CD-G03-025","distance_to_rolling_5m_high","LOCATION:rolling_5m_high","Strategy instanceは候補から一つのactive referenceを事前bindingし後付け選択しない"
"ABSORPTION_FAILURE","LONG","CONTEXT","LOCATION","BIND_ONE_REFERENCE","CD-G03-026","relation_to_rolling_5m_high","LOCATION:rolling_5m_high","Strategy instanceは候補から一つのactive referenceを事前bindingし後付け選択しない"
"ABSORPTION_FAILURE","LONG","CONTEXT","LOCATION","BIND_ONE_REFERENCE","CD-G03-029","distance_to_rolling_15m_high","LOCATION:rolling_15m_high","Strategy instanceは候補から一つのactive referenceを事前bindingし後付け選択しない"
"ABSORPTION_FAILURE","LONG","CONTEXT","LOCATION","BIND_ONE_REFERENCE","CD-G03-030","relation_to_rolling_15m_high","LOCATION:rolling_15m_high","Strategy instanceは候補から一つのactive referenceを事前bindingし後付け選択しない"
"ABSORPTION_FAILURE","LONG","CONTEXT","LOCATION","BIND_ONE_REFERENCE","CD-G03-033","distance_to_rolling_1h_high","LOCATION:rolling_1h_high","Strategy instanceは候補から一つのactive referenceを事前bindingし後付け選択しない"
"ABSORPTION_FAILURE","LONG","CONTEXT","LOCATION","BIND_ONE_REFERENCE","CD-G03-034","relation_to_rolling_1h_high","LOCATION:rolling_1h_high","Strategy instanceは候補から一つのactive referenceを事前bindingし後付け選択しない"
"ABSORPTION_FAILURE","LONG","CONTEXT","LOCATION","BIND_ONE_REFERENCE","CD-G03-043","distance_to_profile_vah","LOCATION:profile_vah","Strategy instanceは候補から一つのactive referenceを事前bindingし後付け選択しない"
"ABSORPTION_FAILURE","LONG","CONTEXT","LOCATION","BIND_ONE_REFERENCE","CD-G03-044","relation_to_profile_vah","LOCATION:profile_vah","Strategy instanceは候補から一つのactive referenceを事前bindingし後付け選択しない"
"ABSORPTION_FAILURE","LONG","ENTRY","DECISION","REQUIRED","CD-G16-017","acceptance_above_reference","COMPOSITE:ACCEPTANCE:ABOVE","防衛level上のacceptanceを必須化"
"ABSORPTION_FAILURE","LONG","ENTRY","DECISION","AT_LEAST_ONE","CD-G16-021","upside_breakout_follow_through","COMPOSITE:BREAKOUT:UP:FOLLOW_THROUGH","level消費後の攻撃側progress"
"ABSORPTION_FAILURE","LONG","ENTRY","DECISION","AT_LEAST_ONE","CD-G16-031","buy_momentum_accelerating","COMPOSITE:MOMENTUM:BUY","level消費後の攻撃側progress"
"ABSORPTION_FAILURE","LONG","ENTRY","DECISION","AT_LEAST_ONE","CD-G16-042","upward_sweep_active","COMPOSITE:SWEEP:UP","level消費後の攻撃側progress"
"ABSORPTION_FAILURE","LONG","ENTRY","SUPPORTING","AT_LEAST_ONE_INDEPENDENT","CD-G06-013","queue_imbalance_top5","BOOK_SHAPE:QUEUE_IMBALANCE","through-tradeとinitiativeの追加確認"
"ABSORPTION_FAILURE","LONG","ENTRY","SUPPORTING","AT_LEAST_ONE_INDEPENDENT","CD-G08-002","buy_market_volume_1s","TAPE:buy:market_volume","through-tradeとinitiativeの追加確認"
"ABSORPTION_FAILURE","LONG","ENTRY","SUPPORTING","AT_LEAST_ONE_INDEPENDENT","CD-G08-017","buy_trade_rate_1s","TAPE:buy:trade_rate","through-tradeとinitiativeの追加確認"
"ABSORPTION_FAILURE","LONG","ENTRY","SUPPORTING","AT_LEAST_ONE_INDEPENDENT","CD-G09-002","upward_progress_ticks_1s","PRICE_RESPONSE:upward_progress_ticks","through-tradeとinitiativeの追加確認"
"ABSORPTION_FAILURE","LONG","ENTRY","SUPPORTING","AT_LEAST_ONE_INDEPENDENT","CD-G09-003","upward_progress_ticks_5s","PRICE_RESPONSE:upward_progress_ticks","through-tradeとinitiativeの追加確認"
"ABSORPTION_FAILURE","LONG","ENTRY","SUPPORTING","AT_LEAST_ONE_INDEPENDENT","CD-G10-002","trade_delta_5s","DELTA_FOOTPRINT:trade_delta","through-tradeとinitiativeの追加確認"
"ABSORPTION_FAILURE","LONG","ENTRY","SUPPORTING","AT_LEAST_ONE_INDEPENDENT","CD-G10-022","positive_imbalance_count_5s","DELTA_FOOTPRINT:positive_imbalance_count","through-tradeとinitiativeの追加確認"
"ABSORPTION_FAILURE","LONG","POSITION","INVALIDATION","INVALIDATE_ANY","CD-G16-018","acceptance_below_reference","COMPOSITE:ACCEPTANCE:BELOW","defended sideへ再acceptance"
"ABSORPTION_FAILURE","LONG","POSITION","INVALIDATION","INVALIDATE_ANY","CD-G16-023","upside_breakout_failure","COMPOSITE:BREAKOUT:UP:FAILURE","defended sideへ再acceptance"
"ABSORPTION_FAILURE","LONG","POSITION","INVALIDATION","INVALIDATE_ANY","CD-G16-026","reclaim_below_reference","COMPOSITE:RECLAIM:BELOW","defended sideへ再acceptance"
"ABSORPTION_FAILURE","LONG","POSITION","POSITION","MANAGE","CD-G15-012","breakout_acceptance_holds","POSITION:breakout_acceptance_holds","break後acceptanceを保有中監視"
"ABSORPTION_FAILURE","LONG","PRE_ENTRY","CONTRADICTION","VETO_ANY","CD-G16-004","ask_absorption_strengthening","COMPOSITE:ABSORPTION:ASK","防衛復活またはbreak失敗"
"ABSORPTION_FAILURE","LONG","PRE_ENTRY","CONTRADICTION","VETO_ANY","CD-G16-011","trapped_buyers_like","COMPOSITE:TRAPPED_LIKE:BUYER","防衛復活またはbreak失敗"
"ABSORPTION_FAILURE","LONG","PRE_ENTRY","CONTRADICTION","VETO_ANY","CD-G16-015","high_rejection_active","COMPOSITE:REJECTION:HIGH","防衛復活またはbreak失敗"
"ABSORPTION_FAILURE","LONG","PRE_ENTRY","CONTRADICTION","VETO_ANY","CD-G16-026","reclaim_below_reference","COMPOSITE:RECLAIM:BELOW","防衛復活またはbreak失敗"
"ABSORPTION_FAILURE","LONG","PRE_ENTRY","CONTRADICTION","VETO_ANY","CD-G16-036","ask_passive_defense_holding","COMPOSITE:PASSIVE_DEFENSE:ASK","防衛復活またはbreak失敗"
"ABSORPTION_FAILURE","LONG","PRE_ENTRY","DETERIORATION","AT_LEAST_ONE","CD-G07-029","ask_cancel_volume_1s","BOOK_EVENT:ask:cancel_volume","補充力・保持力の低下"
"ABSORPTION_FAILURE","LONG","PRE_ENTRY","DETERIORATION","AT_LEAST_ONE","CD-G07-038","ask_pull_ratio_1s","BOOK_EVENT:ask:pull_ratio","補充力・保持力の低下"
"ABSORPTION_FAILURE","LONG","PRE_ENTRY","DETERIORATION","AT_LEAST_ONE","CD-G07-047","ask_depth_change_1s","BOOK_EVENT:ask:depth_change","補充力・保持力の低下"
"ABSORPTION_FAILURE","LONG","PRE_ENTRY","DETERIORATION","AT_LEAST_ONE","CD-G16-006","ask_absorption_weakening","COMPOSITE:ABSORPTION:ASK","補充力・保持力の低下"
"ABSORPTION_FAILURE","LONG","PRE_ENTRY","DETERIORATION","AT_LEAST_ONE","CD-G16-038","ask_passive_defense_failed","COMPOSITE:PASSIVE_DEFENSE:ASK","補充力・保持力の低下"
"ABSORPTION_FAILURE","LONG","PRE_ENTRY","HISTORY","AT_LEAST_ONE","CD-G16-002","ask_absorption_like_active","COMPOSITE:ABSORPTION:ASK","実際に観測されたask防衛episodeを前提化"
"ABSORPTION_FAILURE","LONG","PRE_ENTRY","HISTORY","AT_LEAST_ONE","CD-G16-013","repeated_high_test","COMPOSITE:TEST:HIGH","実際に観測されたask防衛episodeを前提化"
"ABSORPTION_FAILURE","LONG","PRE_ENTRY","HISTORY","AT_LEAST_ONE","CD-G16-036","ask_passive_defense_holding","COMPOSITE:PASSIVE_DEFENSE:ASK","実際に観測されたask防衛episodeを前提化"
"ABSORPTION_FAILURE","SHORT","CONTEXT","LOCATION","BIND_ONE_REFERENCE","CD-G03-013","distance_to_session_low","LOCATION:session_low","Strategy instanceは候補から一つのactive referenceを事前bindingし後付け選択しない"
"ABSORPTION_FAILURE","SHORT","CONTEXT","LOCATION","BIND_ONE_REFERENCE","CD-G03-014","relation_to_session_low","LOCATION:session_low","Strategy instanceは候補から一つのactive referenceを事前bindingし後付け選択しない"
"ABSORPTION_FAILURE","SHORT","CONTEXT","LOCATION","BIND_ONE_REFERENCE","CD-G03-017","distance_to_previous_day_low","LOCATION:previous_day_low","Strategy instanceは候補から一つのactive referenceを事前bindingし後付け選択しない"
"ABSORPTION_FAILURE","SHORT","CONTEXT","LOCATION","BIND_ONE_REFERENCE","CD-G03-018","relation_to_previous_day_low","LOCATION:previous_day_low","Strategy instanceは候補から一つのactive referenceを事前bindingし後付け選択しない"
"ABSORPTION_FAILURE","SHORT","CONTEXT","LOCATION","BIND_ONE_REFERENCE","CD-G03-027","distance_to_rolling_5m_low","LOCATION:rolling_5m_low","Strategy instanceは候補から一つのactive referenceを事前bindingし後付け選択しない"
"ABSORPTION_FAILURE","SHORT","CONTEXT","LOCATION","BIND_ONE_REFERENCE","CD-G03-028","relation_to_rolling_5m_low","LOCATION:rolling_5m_low","Strategy instanceは候補から一つのactive referenceを事前bindingし後付け選択しない"
"ABSORPTION_FAILURE","SHORT","CONTEXT","LOCATION","BIND_ONE_REFERENCE","CD-G03-031","distance_to_rolling_15m_low","LOCATION:rolling_15m_low","Strategy instanceは候補から一つのactive referenceを事前bindingし後付け選択しない"
"ABSORPTION_FAILURE","SHORT","CONTEXT","LOCATION","BIND_ONE_REFERENCE","CD-G03-032","relation_to_rolling_15m_low","LOCATION:rolling_15m_low","Strategy instanceは候補から一つのactive referenceを事前bindingし後付け選択しない"
"ABSORPTION_FAILURE","SHORT","CONTEXT","LOCATION","BIND_ONE_REFERENCE","CD-G03-035","distance_to_rolling_1h_low","LOCATION:rolling_1h_low","Strategy instanceは候補から一つのactive referenceを事前bindingし後付け選択しない"
"ABSORPTION_FAILURE","SHORT","CONTEXT","LOCATION","BIND_ONE_REFERENCE","CD-G03-036","relation_to_rolling_1h_low","LOCATION:rolling_1h_low","Strategy instanceは候補から一つのactive referenceを事前bindingし後付け選択しない"
"ABSORPTION_FAILURE","SHORT","CONTEXT","LOCATION","BIND_ONE_REFERENCE","CD-G03-045","distance_to_profile_val","LOCATION:profile_val","Strategy instanceは候補から一つのactive referenceを事前bindingし後付け選択しない"
"ABSORPTION_FAILURE","SHORT","CONTEXT","LOCATION","BIND_ONE_REFERENCE","CD-G03-046","relation_to_profile_val","LOCATION:profile_val","Strategy instanceは候補から一つのactive referenceを事前bindingし後付け選択しない"
"ABSORPTION_FAILURE","SHORT","ENTRY","DECISION","REQUIRED","CD-G16-018","acceptance_below_reference","COMPOSITE:ACCEPTANCE:BELOW","防衛level下のacceptanceを必須化"
"ABSORPTION_FAILURE","SHORT","ENTRY","DECISION","AT_LEAST_ONE","CD-G16-022","downside_breakout_follow_through","COMPOSITE:BREAKOUT:DOWN:FOLLOW_THROUGH","level消費後の攻撃側progress"
"ABSORPTION_FAILURE","SHORT","ENTRY","DECISION","AT_LEAST_ONE","CD-G16-032","sell_momentum_accelerating","COMPOSITE:MOMENTUM:SELL","level消費後の攻撃側progress"
"ABSORPTION_FAILURE","SHORT","ENTRY","DECISION","AT_LEAST_ONE","CD-G16-043","downward_sweep_active","COMPOSITE:SWEEP:DOWN","level消費後の攻撃側progress"
"ABSORPTION_FAILURE","SHORT","ENTRY","SUPPORTING","AT_LEAST_ONE_INDEPENDENT","CD-G06-013","queue_imbalance_top5","BOOK_SHAPE:QUEUE_IMBALANCE","through-tradeとinitiativeの追加確認"
"ABSORPTION_FAILURE","SHORT","ENTRY","SUPPORTING","AT_LEAST_ONE_INDEPENDENT","CD-G08-026","sell_market_volume_1s","TAPE:sell:market_volume","through-tradeとinitiativeの追加確認"
"ABSORPTION_FAILURE","SHORT","ENTRY","SUPPORTING","AT_LEAST_ONE_INDEPENDENT","CD-G08-041","sell_trade_rate_1s","TAPE:sell:trade_rate","through-tradeとinitiativeの追加確認"
"ABSORPTION_FAILURE","SHORT","ENTRY","SUPPORTING","AT_LEAST_ONE_INDEPENDENT","CD-G09-006","downward_progress_ticks_1s","PRICE_RESPONSE:downward_progress_ticks","through-tradeとinitiativeの追加確認"
"ABSORPTION_FAILURE","SHORT","ENTRY","SUPPORTING","AT_LEAST_ONE_INDEPENDENT","CD-G09-007","downward_progress_ticks_5s","PRICE_RESPONSE:downward_progress_ticks","through-tradeとinitiativeの追加確認"
"ABSORPTION_FAILURE","SHORT","ENTRY","SUPPORTING","AT_LEAST_ONE_INDEPENDENT","CD-G10-002","trade_delta_5s","DELTA_FOOTPRINT:trade_delta","through-tradeとinitiativeの追加確認"
"ABSORPTION_FAILURE","SHORT","ENTRY","SUPPORTING","AT_LEAST_ONE_INDEPENDENT","CD-G10-026","negative_imbalance_count_5s","DELTA_FOOTPRINT:negative_imbalance_count","through-tradeとinitiativeの追加確認"
"ABSORPTION_FAILURE","SHORT","POSITION","INVALIDATION","INVALIDATE_ANY","CD-G16-017","acceptance_above_reference","COMPOSITE:ACCEPTANCE:ABOVE","defended sideへ再acceptance"
"ABSORPTION_FAILURE","SHORT","POSITION","INVALIDATION","INVALIDATE_ANY","CD-G16-024","downside_breakout_failure","COMPOSITE:BREAKOUT:DOWN:FAILURE","defended sideへ再acceptance"
"ABSORPTION_FAILURE","SHORT","POSITION","INVALIDATION","INVALIDATE_ANY","CD-G16-025","reclaim_above_reference","COMPOSITE:RECLAIM:ABOVE","defended sideへ再acceptance"
"ABSORPTION_FAILURE","SHORT","POSITION","POSITION","MANAGE","CD-G15-012","breakout_acceptance_holds","POSITION:breakout_acceptance_holds","break後acceptanceを保有中監視"
"ABSORPTION_FAILURE","SHORT","PRE_ENTRY","CONTRADICTION","VETO_ANY","CD-G16-003","bid_absorption_strengthening","COMPOSITE:ABSORPTION:BID","防衛復活またはbreak失敗"
"ABSORPTION_FAILURE","SHORT","PRE_ENTRY","CONTRADICTION","VETO_ANY","CD-G16-012","trapped_sellers_like","COMPOSITE:TRAPPED_LIKE:SELLER","防衛復活またはbreak失敗"
"ABSORPTION_FAILURE","SHORT","PRE_ENTRY","CONTRADICTION","VETO_ANY","CD-G16-016","low_rejection_active","COMPOSITE:REJECTION:LOW","防衛復活またはbreak失敗"
"ABSORPTION_FAILURE","SHORT","PRE_ENTRY","CONTRADICTION","VETO_ANY","CD-G16-025","reclaim_above_reference","COMPOSITE:RECLAIM:ABOVE","防衛復活またはbreak失敗"
"ABSORPTION_FAILURE","SHORT","PRE_ENTRY","CONTRADICTION","VETO_ANY","CD-G16-035","bid_passive_defense_holding","COMPOSITE:PASSIVE_DEFENSE:BID","防衛復活またはbreak失敗"
"ABSORPTION_FAILURE","SHORT","PRE_ENTRY","DETERIORATION","AT_LEAST_ONE","CD-G07-005","bid_cancel_volume_1s","BOOK_EVENT:bid:cancel_volume","補充力・保持力の低下"
"ABSORPTION_FAILURE","SHORT","PRE_ENTRY","DETERIORATION","AT_LEAST_ONE","CD-G07-014","bid_pull_ratio_1s","BOOK_EVENT:bid:pull_ratio","補充力・保持力の低下"
"ABSORPTION_FAILURE","SHORT","PRE_ENTRY","DETERIORATION","AT_LEAST_ONE","CD-G07-023","bid_depth_change_1s","BOOK_EVENT:bid:depth_change","補充力・保持力の低下"
"ABSORPTION_FAILURE","SHORT","PRE_ENTRY","DETERIORATION","AT_LEAST_ONE","CD-G16-005","bid_absorption_weakening","COMPOSITE:ABSORPTION:BID","補充力・保持力の低下"
"ABSORPTION_FAILURE","SHORT","PRE_ENTRY","DETERIORATION","AT_LEAST_ONE","CD-G16-037","bid_passive_defense_failed","COMPOSITE:PASSIVE_DEFENSE:BID","補充力・保持力の低下"
"ABSORPTION_FAILURE","SHORT","PRE_ENTRY","HISTORY","AT_LEAST_ONE","CD-G16-001","bid_absorption_like_active","COMPOSITE:ABSORPTION:BID","実際に観測されたbid防衛episodeを前提化"
"ABSORPTION_FAILURE","SHORT","PRE_ENTRY","HISTORY","AT_LEAST_ONE","CD-G16-014","repeated_low_test","COMPOSITE:TEST:LOW","実際に観測されたbid防衛episodeを前提化"
"ABSORPTION_FAILURE","SHORT","PRE_ENTRY","HISTORY","AT_LEAST_ONE","CD-G16-035","bid_passive_defense_holding","COMPOSITE:PASSIVE_DEFENSE:BID","実際に観測されたbid防衛episodeを前提化"
"BREAKOUT_ACCEPTANCE","BOTH","CONTEXT","ENVIRONMENT","CONTEXT_INPUT","CD-G02-001","session_id","REGIME:session_id","市場環境を記録しvariant適用範囲を決める。calendar未接続値はUNKNOWNを許容"
"BREAKOUT_ACCEPTANCE","BOTH","CONTEXT","ENVIRONMENT","CONTEXT_INPUT","CD-G02-002","session_phase","REGIME:session_phase","市場環境を記録しvariant適用範囲を決める。calendar未接続値はUNKNOWNを許容"
"BREAKOUT_ACCEPTANCE","BOTH","CONTEXT","ENVIRONMENT","CONTEXT_INPUT","CD-G02-012","funding_event_proximity","REGIME:funding_event_proximity","市場環境を記録しvariant適用範囲を決める。calendar未接続値はUNKNOWNを許容"
"BREAKOUT_ACCEPTANCE","BOTH","CONTEXT","ENVIRONMENT","CONTEXT_INPUT","CD-G02-014","scheduled_macro_event_proximity","REGIME:scheduled_macro_event_proximity","市場環境を記録しvariant適用範囲を決める。calendar未接続値はUNKNOWNを許容"
"BREAKOUT_ACCEPTANCE","BOTH","CONTEXT","ENVIRONMENT","CONTEXT_INPUT","CD-G02-015","post_news_cooldown_state","REGIME:post_news_cooldown_state","市場環境を記録しvariant適用範囲を決める。calendar未接続値はUNKNOWNを許容"
"BREAKOUT_ACCEPTANCE","BOTH","CONTEXT","ENVIRONMENT","CONTEXT_INPUT","CD-G02-017","balance_regime","REGIME:balance_regime","Strategy固有のregime適格性とbaseline比較"
"BREAKOUT_ACCEPTANCE","BOTH","CONTEXT","ENVIRONMENT","CONTEXT_INPUT","CD-G02-018","compression_regime","REGIME:compression_regime","Strategy固有のregime適格性とbaseline比較"
"BREAKOUT_ACCEPTANCE","BOTH","CONTEXT","ENVIRONMENT","CONTEXT_INPUT","CD-G02-019","expansion_regime","REGIME:expansion_regime","Strategy固有のregime適格性とbaseline比較"
"BREAKOUT_ACCEPTANCE","BOTH","CONTEXT","ENVIRONMENT","CONTEXT_INPUT","CD-G02-020","participation_regime","REGIME:participation_regime","市場環境を記録しvariant適用範囲を決める。calendar未接続値はUNKNOWNを許容"
"BREAKOUT_ACCEPTANCE","BOTH","CONTEXT","ENVIRONMENT","CONTEXT_INPUT","CD-G02-021","volatility_regime","REGIME:volatility_regime","市場環境を記録しvariant適用範囲を決める。calendar未接続値はUNKNOWNを許容"
"BREAKOUT_ACCEPTANCE","BOTH","CONTEXT","ENVIRONMENT","CONTEXT_INPUT","CD-G02-022","liquidity_regime","REGIME:liquidity_regime","市場環境を記録しvariant適用範囲を決める。calendar未接続値はUNKNOWNを許容"
"BREAKOUT_ACCEPTANCE","BOTH","CONTEXT","ENVIRONMENT","CONTEXT_INPUT","CD-G02-023","regime_age","REGIME:regime_age","Strategy固有のregime適格性とbaseline比較"
"BREAKOUT_ACCEPTANCE","BOTH","CONTEXT","ENVIRONMENT","CONTEXT_INPUT","CD-G02-024","regime_transition_flag","REGIME:regime_transition_flag","Strategy固有のregime適格性とbaseline比較"
"BREAKOUT_ACCEPTANCE","BOTH","CONTEXT","ENVIRONMENT","CONTEXT_INPUT","CD-G04-011","spread_ticks","LIQUIDITY:SPREAD","市場環境を記録しvariant適用範囲を決める。calendar未接続値はUNKNOWNを許容"
"BREAKOUT_ACCEPTANCE","BOTH","CONTEXT","ENVIRONMENT","CONTEXT_INPUT","CD-G04-015","trade_rate_percentile_1m","LIQUIDITY:TRADE_RATE","Strategy固有のregime適格性とbaseline比較"
"BREAKOUT_ACCEPTANCE","BOTH","CONTEXT","ENVIRONMENT","CONTEXT_INPUT","CD-G04-016","trade_rate_percentile_5m","LIQUIDITY:TRADE_RATE","Strategy固有のregime適格性とbaseline比較"
"BREAKOUT_ACCEPTANCE","BOTH","CONTEXT","ENVIRONMENT","CONTEXT_INPUT","CD-G04-023","volatility_state","VOLATILITY:STATE","市場環境を記録しvariant適用範囲を決める。calendar未接続値はUNKNOWNを許容"
"BREAKOUT_ACCEPTANCE","BOTH","CONTEXT","ENVIRONMENT","CONTEXT_INPUT","CD-G04-024","tradeability_state","LIQUIDITY:STATE","市場環境を記録しvariant適用範囲を決める。calendar未接続値はUNKNOWNを許容"
"BREAKOUT_ACCEPTANCE","BOTH","POSITION","POSITION","MANAGE","CD-G15-001","position_is_open","POSITION:position_is_open","entry後Hookごとに追加・縮小・決済・反転を再判定"
"BREAKOUT_ACCEPTANCE","BOTH","POSITION","POSITION","MANAGE","CD-G15-002","side_matches_strategy","POSITION:side_matches_strategy","entry後Hookごとに追加・縮小・決済・反転を再判定"
"BREAKOUT_ACCEPTANCE","BOTH","POSITION","POSITION","MANAGE","CD-G15-003","entry_fill_confirmed","POSITION:entry_fill_confirmed","entry後Hookごとに追加・縮小・決済・反転を再判定"
"BREAKOUT_ACCEPTANCE","BOTH","POSITION","POSITION","MANAGE","CD-G15-004","holding_time_within_limit","POSITION:holding_time_within_limit","entry後Hookごとに追加・縮小・決済・反転を再判定"
"BREAKOUT_ACCEPTANCE","BOTH","POSITION","POSITION","MANAGE","CD-G15-005","expected_reaction_deadline_clear","POSITION:expected_reaction_deadline_clear","entry後Hookごとに追加・縮小・決済・反転を再判定"
"BREAKOUT_ACCEPTANCE","BOTH","POSITION","POSITION","MANAGE","CD-G15-006","unrealized_pnl_state","POSITION:unrealized_pnl_state","entry後Hookごとに追加・縮小・決済・反転を再判定"
"BREAKOUT_ACCEPTANCE","BOTH","POSITION","POSITION","MANAGE","CD-G15-007","mae_within_limit","POSITION:mae_within_limit","entry後Hookごとに追加・縮小・決済・反転を再判定"
"BREAKOUT_ACCEPTANCE","BOTH","POSITION","POSITION","MANAGE","CD-G15-008","mfe_state","POSITION:mfe_state","entry後Hookごとに追加・縮小・決済・反転を再判定"
"BREAKOUT_ACCEPTANCE","BOTH","POSITION","POSITION","MANAGE","CD-G15-009","price_progress_supports_thesis","POSITION:price_progress_supports_thesis","entry後Hookごとに追加・縮小・決済・反転を再判定"
"BREAKOUT_ACCEPTANCE","BOTH","POSITION","POSITION","MANAGE","CD-G15-010","order_flow_supports_thesis","POSITION:order_flow_supports_thesis","entry後Hookごとに追加・縮小・決済・反転を再判定"
"BREAKOUT_ACCEPTANCE","BOTH","POSITION","POSITION","MANAGE","CD-G15-013","contradiction_below_limit","POSITION:contradiction_below_limit","entry後Hookごとに追加・縮小・決済・反転を再判定"
"BREAKOUT_ACCEPTANCE","BOTH","POSITION","POSITION","MANAGE","CD-G15-014","invalidation_absent","POSITION:invalidation_absent","entry後Hookごとに追加・縮小・決済・反転を再判定"
"BREAKOUT_ACCEPTANCE","BOTH","POSITION","POSITION","MANAGE","CD-G15-015","add_size_eligible","POSITION:add_size_eligible","entry後Hookごとに追加・縮小・決済・反転を再判定"
"BREAKOUT_ACCEPTANCE","BOTH","POSITION","POSITION","MANAGE","CD-G15-016","reduce_size_required","POSITION:reduce_size_required","entry後Hookごとに追加・縮小・決済・反転を再判定"
"BREAKOUT_ACCEPTANCE","BOTH","POSITION","POSITION","MANAGE","CD-G15-017","exit_required","POSITION:exit_required","entry後Hookごとに追加・縮小・決済・反転を再判定"
"BREAKOUT_ACCEPTANCE","BOTH","POSITION","POSITION","MANAGE","CD-G15-018","reverse_candidate","POSITION:reverse_candidate","entry後Hookごとに追加・縮小・決済・反転を再判定"
"BREAKOUT_ACCEPTANCE","BOTH","POSITION","POSITION","MANAGE","CD-G15-019","trailing_invalidation_updated","POSITION:trailing_invalidation_updated","entry後Hookごとに追加・縮小・決済・反転を再判定"
"BREAKOUT_ACCEPTANCE","BOTH","POSITION","POSITION","MANAGE","CD-G15-020","remaining_risk_within_limit","POSITION:remaining_risk_within_limit","entry後Hookごとに追加・縮小・決済・反転を再判定"
"BREAKOUT_ACCEPTANCE","BOTH","POSITION","POSITION","MANAGE","CD-G15-021","competing_strategy_dominant","POSITION:competing_strategy_dominant","entry後Hookごとに追加・縮小・決済・反転を再判定"
"BREAKOUT_ACCEPTANCE","BOTH","POSITION","POSITION","MANAGE","CD-G15-022","satisfaction_tier_not_downgraded","POSITION:satisfaction_tier_not_downgraded","entry後Hookごとに追加・縮小・決済・反転を再判定"
"BREAKOUT_ACCEPTANCE","BOTH","POSITION","POSITION","MANAGE","CD-G15-023","post_entry_data_fresh","POSITION:post_entry_data_fresh","entry後Hookごとに追加・縮小・決済・反転を再判定"
"BREAKOUT_ACCEPTANCE","BOTH","POSITION","POSITION","MANAGE","CD-G15-024","flat_confirmation_received","POSITION:flat_confirmation_received","entry後Hookごとに追加・縮小・決済・反転を再判定"
"BREAKOUT_ACCEPTANCE","BOTH","PRE_EVAL","QUALITY","HARD_ALL","CD-G01-001","depth_book_synced","QUALITY:depth_book_synced","欠損・gap・stale・future leakageをsupport条件で相殺せず発注評価を止める"
"BREAKOUT_ACCEPTANCE","BOTH","PRE_EVAL","QUALITY","HARD_ALL","CD-G01-002","depth_sequence_contiguous","QUALITY:depth_sequence_contiguous","欠損・gap・stale・future leakageをsupport条件で相殺せず発注評価を止める"
"BREAKOUT_ACCEPTANCE","BOTH","PRE_EVAL","QUALITY","HARD_ALL","CD-G01-003","depth_snapshot_applied","QUALITY:depth_snapshot_applied","欠損・gap・stale・future leakageをsupport条件で相殺せず発注評価を止める"
"BREAKOUT_ACCEPTANCE","BOTH","PRE_EVAL","QUALITY","HARD_ALL","CD-G01-004","depth_event_fresh","QUALITY:depth_event_fresh","欠損・gap・stale・future leakageをsupport条件で相殺せず発注評価を止める"
"BREAKOUT_ACCEPTANCE","BOTH","PRE_EVAL","QUALITY","HARD_ALL","CD-G01-005","trade_event_fresh","QUALITY:trade_event_fresh","欠損・gap・stale・future leakageをsupport条件で相殺せず発注評価を止める"
"BREAKOUT_ACCEPTANCE","BOTH","PRE_EVAL","QUALITY","HARD_ALL","CD-G01-009","exchange_clock_aligned","QUALITY:exchange_clock_aligned","欠損・gap・stale・future leakageをsupport条件で相殺せず発注評価を止める"
"BREAKOUT_ACCEPTANCE","BOTH","PRE_EVAL","QUALITY","HARD_ALL","CD-G01-010","receive_clock_monotonic","QUALITY:receive_clock_monotonic","欠損・gap・stale・future leakageをsupport条件で相殺せず発注評価を止める"
"BREAKOUT_ACCEPTANCE","BOTH","PRE_EVAL","QUALITY","HARD_ALL","CD-G01-011","event_order_monotonic","QUALITY:event_order_monotonic","欠損・gap・stale・future leakageをsupport条件で相殺せず発注評価を止める"
"BREAKOUT_ACCEPTANCE","BOTH","PRE_EVAL","QUALITY","HARD_ALL","CD-G01-012","schema_version_known","QUALITY:schema_version_known","欠損・gap・stale・future leakageをsupport条件で相殺せず発注評価を止める"
"BREAKOUT_ACCEPTANCE","BOTH","PRE_EVAL","QUALITY","HARD_ALL","CD-G01-013","symbol_mapping_valid","QUALITY:symbol_mapping_valid","欠損・gap・stale・future leakageをsupport条件で相殺せず発注評価を止める"
"BREAKOUT_ACCEPTANCE","BOTH","PRE_EVAL","QUALITY","HARD_ALL","CD-G01-014","tick_size_valid","QUALITY:tick_size_valid","欠損・gap・stale・future leakageをsupport条件で相殺せず発注評価を止める"
"BREAKOUT_ACCEPTANCE","BOTH","PRE_EVAL","QUALITY","HARD_ALL","CD-G01-016","duplicate_event_absent","QUALITY:duplicate_event_absent","欠損・gap・stale・future leakageをsupport条件で相殺せず発注評価を止める"
"BREAKOUT_ACCEPTANCE","BOTH","PRE_EVAL","QUALITY","HARD_ALL","CD-G01-017","trade_gap_absent","QUALITY:trade_gap_absent","欠損・gap・stale・future leakageをsupport条件で相殺せず発注評価を止める"
"BREAKOUT_ACCEPTANCE","BOTH","PRE_EVAL","QUALITY","HARD_ALL","CD-G01-018","depth_gap_absent","QUALITY:depth_gap_absent","欠損・gap・stale・future leakageをsupport条件で相殺せず発注評価を止める"
"BREAKOUT_ACCEPTANCE","BOTH","PRE_EVAL","QUALITY","HARD_ALL","CD-G01-019","persistence_confirmed","QUALITY:persistence_confirmed","欠損・gap・stale・future leakageをsupport条件で相殺せず発注評価を止める"
"BREAKOUT_ACCEPTANCE","BOTH","PRE_EVAL","QUALITY","HARD_ALL","CD-G01-020","market_state_atomic","QUALITY:market_state_atomic","欠損・gap・stale・future leakageをsupport条件で相殺せず発注評価を止める"
"BREAKOUT_ACCEPTANCE","BOTH","PRE_EVAL","QUALITY","HARD_ALL","CD-G01-021","cross_source_time_aligned","QUALITY:cross_source_time_aligned","欠損・gap・stale・future leakageをsupport条件で相殺せず発注評価を止める"
"BREAKOUT_ACCEPTANCE","BOTH","PRE_EVAL","QUALITY","HARD_ALL","CD-G01-022","source_reconnect_stable","QUALITY:source_reconnect_stable","欠損・gap・stale・future leakageをsupport条件で相殺せず発注評価を止める"
"BREAKOUT_ACCEPTANCE","BOTH","PRE_EVAL","QUALITY","HARD_ALL","CD-G01-023","resync_cooldown_elapsed","QUALITY:resync_cooldown_elapsed","欠損・gap・stale・future leakageをsupport条件で相殺せず発注評価を止める"
"BREAKOUT_ACCEPTANCE","BOTH","PRE_EVAL","QUALITY","HARD_ALL","CD-G01-025","aggregation_limit_disclosed","QUALITY:aggregation_limit_disclosed","欠損・gap・stale・future leakageをsupport条件で相殺せず発注評価を止める"
"BREAKOUT_ACCEPTANCE","BOTH","PRE_EVAL","QUALITY","HARD_ALL","CD-G01-026","future_leakage_absent","QUALITY:future_leakage_absent","欠損・gap・stale・future leakageをsupport条件で相殺せず発注評価を止める"
"BREAKOUT_ACCEPTANCE","BOTH","PRE_EVAL","QUALITY","HARD_ALL","CD-G01-027","window_complete","QUALITY:window_complete","欠損・gap・stale・future leakageをsupport条件で相殺せず発注評価を止める"
"BREAKOUT_ACCEPTANCE","BOTH","PRE_EVAL","QUALITY","HARD_ALL","CD-G01-028","baseline_sample_sufficient","QUALITY:baseline_sample_sufficient","欠損・gap・stale・future leakageをsupport条件で相殺せず発注評価を止める"
"BREAKOUT_ACCEPTANCE","BOTH","PRE_ORDER","EXECUTION","HARD_ALL","CD-G14-001","hfm_symbol_tradeable","EXECUTION_RISK:hfm_symbol_tradeable","HFM自動発注前のhard gate"
"BREAKOUT_ACCEPTANCE","BOTH","PRE_ORDER","EXECUTION","HARD_ALL","CD-G14-002","execution_hfm_quote_fresh","EXECUTION_RISK:execution_hfm_quote_fresh","HFM自動発注前のhard gate"
"BREAKOUT_ACCEPTANCE","BOTH","PRE_ORDER","EXECUTION","HARD_ALL","CD-G14-003","hfm_spread_within_limit","EXECUTION_RISK:hfm_spread_within_limit","HFM自動発注前のhard gate"
"BREAKOUT_ACCEPTANCE","BOTH","PRE_ORDER","EXECUTION","HARD_ALL","CD-G14-004","hfm_basis_within_limit","EXECUTION_RISK:hfm_basis_within_limit","HFM自動発注前のhard gate"
"BREAKOUT_ACCEPTANCE","BOTH","PRE_ORDER","EXECUTION","HARD_ALL","CD-G14-005","execution_latency_within_limit","EXECUTION_RISK:execution_latency_within_limit","HFM自動発注前のhard gate"
"BREAKOUT_ACCEPTANCE","BOTH","PRE_ORDER","EXECUTION","HARD_ALL","CD-G14-006","expected_slippage_within_limit","EXECUTION_RISK:expected_slippage_within_limit","HFM自動発注前のhard gate"
"BREAKOUT_ACCEPTANCE","BOTH","PRE_ORDER","EXECUTION","HARD_ALL","CD-G14-007","expected_cost_within_limit","EXECUTION_RISK:expected_cost_within_limit","HFM自動発注前のhard gate"
"BREAKOUT_ACCEPTANCE","BOTH","PRE_ORDER","EXECUTION","HARD_ALL","CD-G14-008","risk_reward_above_floor","EXECUTION_RISK:risk_reward_above_floor","HFM自動発注前のhard gate"
"BREAKOUT_ACCEPTANCE","BOTH","PRE_ORDER","EXECUTION","HARD_ALL","CD-G14-009","invalidation_distance_valid","EXECUTION_RISK:invalidation_distance_valid","HFM自動発注前のhard gate"
"BREAKOUT_ACCEPTANCE","BOTH","PRE_ORDER","EXECUTION","HARD_ALL","CD-G14-010","risk_budget_available","EXECUTION_RISK:risk_budget_available","HFM自動発注前のhard gate"
"BREAKOUT_ACCEPTANCE","BOTH","PRE_ORDER","EXECUTION","HARD_ALL","CD-G14-011","position_cap_available","EXECUTION_RISK:position_cap_available","HFM自動発注前のhard gate"
"BREAKOUT_ACCEPTANCE","BOTH","PRE_ORDER","EXECUTION","HARD_ALL","CD-G14-012","margin_available","EXECUTION_RISK:margin_available","HFM自動発注前のhard gate"
"BREAKOUT_ACCEPTANCE","BOTH","PRE_ORDER","EXECUTION","HARD_ALL","CD-G14-013","broker_volume_step_valid","EXECUTION_RISK:broker_volume_step_valid","HFM自動発注前のhard gate"
"BREAKOUT_ACCEPTANCE","BOTH","PRE_ORDER","EXECUTION","HARD_ALL","CD-G14-014","broker_min_volume_met","EXECUTION_RISK:broker_min_volume_met","HFM自動発注前のhard gate"
"BREAKOUT_ACCEPTANCE","BOTH","PRE_ORDER","EXECUTION","HARD_ALL","CD-G14-015","broker_max_volume_not_exceeded","EXECUTION_RISK:broker_max_volume_not_exceeded","HFM自動発注前のhard gate"
"BREAKOUT_ACCEPTANCE","BOTH","PRE_ORDER","EXECUTION","HARD_ALL","CD-G14-016","broker_stop_distance_valid","EXECUTION_RISK:broker_stop_distance_valid","HFM自動発注前のhard gate"
"BREAKOUT_ACCEPTANCE","BOTH","PRE_ORDER","EXECUTION","HARD_ALL","CD-G14-017","duplicate_intent_absent","EXECUTION_RISK:duplicate_intent_absent","HFM自動発注前のhard gate"
"BREAKOUT_ACCEPTANCE","BOTH","PRE_ORDER","EXECUTION","HARD_ALL","CD-G14-018","outstanding_order_conflict_absent","EXECUTION_RISK:outstanding_order_conflict_absent","HFM自動発注前のhard gate"
"BREAKOUT_ACCEPTANCE","BOTH","PRE_ORDER","EXECUTION","HARD_ALL","CD-G14-019","idempotency_key_available","EXECUTION_RISK:idempotency_key_available","HFM自動発注前のhard gate"
"BREAKOUT_ACCEPTANCE","BOTH","PRE_ORDER","EXECUTION","HARD_ALL","CD-G14-020","execution_mode_allowed","EXECUTION_RISK:execution_mode_allowed","HFM自動発注前のhard gate"
"BREAKOUT_ACCEPTANCE","BOTH","PRE_ORDER","EXECUTION","HARD_ALL","CD-G14-021","daily_loss_limit_clear","EXECUTION_RISK:daily_loss_limit_clear","HFM自動発注前のhard gate"
"BREAKOUT_ACCEPTANCE","BOTH","PRE_ORDER","EXECUTION","HARD_ALL","CD-G14-022","drawdown_limit_clear","EXECUTION_RISK:drawdown_limit_clear","HFM自動発注前のhard gate"
"BREAKOUT_ACCEPTANCE","BOTH","PRE_ORDER","EXECUTION","HARD_ALL","CD-G14-023","cooldown_elapsed","EXECUTION_RISK:cooldown_elapsed","HFM自動発注前のhard gate"
"BREAKOUT_ACCEPTANCE","BOTH","PRE_ORDER","EXECUTION","HARD_ALL","CD-G14-024","max_order_rate_clear","EXECUTION_RISK:max_order_rate_clear","HFM自動発注前のhard gate"
"BREAKOUT_ACCEPTANCE","BOTH","PRE_ORDER","EXECUTION","HARD_ALL","CD-G14-025","recent_reject_rate_acceptable","EXECUTION_RISK:recent_reject_rate_acceptable","HFM自動発注前のhard gate"
"BREAKOUT_ACCEPTANCE","BOTH","PRE_ORDER","EXECUTION","HARD_ALL","CD-G14-026","recent_fill_rate_acceptable","EXECUTION_RISK:recent_fill_rate_acceptable","HFM自動発注前のhard gate"
"BREAKOUT_ACCEPTANCE","BOTH","PRE_ORDER","EXECUTION","HARD_ALL","CD-G14-027","emergency_stop_clear","EXECUTION_RISK:emergency_stop_clear","HFM自動発注前のhard gate"
"BREAKOUT_ACCEPTANCE","BOTH","PRE_ORDER","EXECUTION","DERIVED_SUMMARY","CD-G14-028","all_execution_hard_gates_pass","EXECUTION_RISK:all_execution_hard_gates_pass","個別execution gateの集約結果であり独立票ではない"
"BREAKOUT_ACCEPTANCE","LONG","CONTEXT","LOCATION","BIND_ONE_REFERENCE","CD-G03-011","distance_to_session_high","LOCATION:session_high","Strategy instanceは候補から一つのactive referenceを事前bindingし後付け選択しない"
"BREAKOUT_ACCEPTANCE","LONG","CONTEXT","LOCATION","BIND_ONE_REFERENCE","CD-G03-012","relation_to_session_high","LOCATION:session_high","Strategy instanceは候補から一つのactive referenceを事前bindingし後付け選択しない"
"BREAKOUT_ACCEPTANCE","LONG","CONTEXT","LOCATION","BIND_ONE_REFERENCE","CD-G03-015","distance_to_previous_day_high","LOCATION:previous_day_high","Strategy instanceは候補から一つのactive referenceを事前bindingし後付け選択しない"
"BREAKOUT_ACCEPTANCE","LONG","CONTEXT","LOCATION","BIND_ONE_REFERENCE","CD-G03-016","relation_to_previous_day_high","LOCATION:previous_day_high","Strategy instanceは候補から一つのactive referenceを事前bindingし後付け選択しない"
"BREAKOUT_ACCEPTANCE","LONG","CONTEXT","LOCATION","BIND_ONE_REFERENCE","CD-G03-025","distance_to_rolling_5m_high","LOCATION:rolling_5m_high","Strategy instanceは候補から一つのactive referenceを事前bindingし後付け選択しない"
"BREAKOUT_ACCEPTANCE","LONG","CONTEXT","LOCATION","BIND_ONE_REFERENCE","CD-G03-026","relation_to_rolling_5m_high","LOCATION:rolling_5m_high","Strategy instanceは候補から一つのactive referenceを事前bindingし後付け選択しない"
"BREAKOUT_ACCEPTANCE","LONG","CONTEXT","LOCATION","BIND_ONE_REFERENCE","CD-G03-029","distance_to_rolling_15m_high","LOCATION:rolling_15m_high","Strategy instanceは候補から一つのactive referenceを事前bindingし後付け選択しない"
"BREAKOUT_ACCEPTANCE","LONG","CONTEXT","LOCATION","BIND_ONE_REFERENCE","CD-G03-030","relation_to_rolling_15m_high","LOCATION:rolling_15m_high","Strategy instanceは候補から一つのactive referenceを事前bindingし後付け選択しない"
"BREAKOUT_ACCEPTANCE","LONG","CONTEXT","LOCATION","BIND_ONE_REFERENCE","CD-G03-033","distance_to_rolling_1h_high","LOCATION:rolling_1h_high","Strategy instanceは候補から一つのactive referenceを事前bindingし後付け選択しない"
"BREAKOUT_ACCEPTANCE","LONG","CONTEXT","LOCATION","BIND_ONE_REFERENCE","CD-G03-034","relation_to_rolling_1h_high","LOCATION:rolling_1h_high","Strategy instanceは候補から一つのactive referenceを事前bindingし後付け選択しない"
"BREAKOUT_ACCEPTANCE","LONG","CONTEXT","LOCATION","BIND_ONE_REFERENCE","CD-G03-043","distance_to_profile_vah","LOCATION:profile_vah","Strategy instanceは候補から一つのactive referenceを事前bindingし後付け選択しない"
"BREAKOUT_ACCEPTANCE","LONG","CONTEXT","LOCATION","BIND_ONE_REFERENCE","CD-G03-044","relation_to_profile_vah","LOCATION:profile_vah","Strategy instanceは候補から一つのactive referenceを事前bindingし後付け選択しない"
"BREAKOUT_ACCEPTANCE","LONG","ENTRY","DECISION","REQUIRED","CD-G16-017","acceptance_above_reference","COMPOSITE:ACCEPTANCE:ABOVE","reference外acceptanceはCONFIRMED入口の必須条件"
"BREAKOUT_ACCEPTANCE","LONG","ENTRY","DECISION","ANY_PATH","CD-G16-021","upside_breakout_follow_through","COMPOSITE:BREAKOUT:UP:FOLLOW_THROUGH","follow-throughまたはretest後再開をentry pathとして区別"
"BREAKOUT_ACCEPTANCE","LONG","ENTRY","DECISION","ANY_PATH","CD-G16-025","reclaim_above_reference","COMPOSITE:RECLAIM:ABOVE","follow-throughまたはretest後再開をentry pathとして区別"
"BREAKOUT_ACCEPTANCE","LONG","ENTRY","DECISION","ANY_PATH","CD-G16-040","directional_flow_resumed_up","COMPOSITE:FLOW_CHARACTER:RESUME_UP","follow-throughまたはretest後再開をentry pathとして区別"
"BREAKOUT_ACCEPTANCE","LONG","ENTRY","SUPPORTING","AT_LEAST_ONE_INDEPENDENT","CD-G06-013","queue_imbalance_top5","BOOK_SHAPE:QUEUE_IMBALANCE","STANDARD候補の追加確認。lineageが同じものは一票"
"BREAKOUT_ACCEPTANCE","LONG","ENTRY","SUPPORTING","AT_LEAST_ONE_INDEPENDENT","CD-G06-014","microprice_top5","BOOK_SHAPE:MICROPRICE","STANDARD候補の追加確認。lineageが同じものは一票"
"BREAKOUT_ACCEPTANCE","LONG","ENTRY","SUPPORTING","AT_LEAST_ONE_INDEPENDENT","CD-G10-002","trade_delta_5s","DELTA_FOOTPRINT:trade_delta","STANDARD候補の追加確認。lineageが同じものは一票"
"BREAKOUT_ACCEPTANCE","LONG","ENTRY","SUPPORTING","AT_LEAST_ONE_INDEPENDENT","CD-G10-010","cvd_slope_5s","DELTA_FOOTPRINT:cvd_slope","STANDARD候補の追加確認。lineageが同じものは一票"
"BREAKOUT_ACCEPTANCE","LONG","ENTRY","SUPPORTING","AT_LEAST_ONE_INDEPENDENT","CD-G10-022","positive_imbalance_count_5s","DELTA_FOOTPRINT:positive_imbalance_count","STANDARD候補の追加確認。lineageが同じものは一票"
"BREAKOUT_ACCEPTANCE","LONG","ENTRY","SUPPORTING","AT_LEAST_ONE_INDEPENDENT","CD-G10-030","stacked_buy_imbalance_depth_5s","DELTA_FOOTPRINT:stacked_buy_imbalance_depth","STANDARD候補の追加確認。lineageが同じものは一票"
"BREAKOUT_ACCEPTANCE","LONG","ENTRY","SUPPORTING","AT_LEAST_ONE_INDEPENDENT","CD-G12-003","price_oi_joint_state_5m","DERIVATIVES:PRICE_OI","STANDARD候補の追加確認。lineageが同じものは一票"
"BREAKOUT_ACCEPTANCE","LONG","ENTRY","SUPPORTING","AT_LEAST_ONE_INDEPENDENT","CD-G13-022","direction_agreement_1s","CROSS_VENUE:direction_agreement","STANDARD候補の追加確認。lineageが同じものは一票"
"BREAKOUT_ACCEPTANCE","LONG","ENTRY","SUPPORTING","AT_LEAST_ONE_INDEPENDENT","CD-G13-023","direction_agreement_5s","CROSS_VENUE:direction_agreement","STANDARD候補の追加確認。lineageが同じものは一票"
"BREAKOUT_ACCEPTANCE","LONG","POSITION","INVALIDATION","INVALIDATE_ANY","CD-G16-018","acceptance_below_reference","COMPOSITE:ACCEPTANCE:BELOW","reference内への失敗復帰で仮説破綻"
"BREAKOUT_ACCEPTANCE","LONG","POSITION","INVALIDATION","INVALIDATE_ANY","CD-G16-023","upside_breakout_failure","COMPOSITE:BREAKOUT:UP:FAILURE","reference内への失敗復帰で仮説破綻"
"BREAKOUT_ACCEPTANCE","LONG","POSITION","INVALIDATION","INVALIDATE_ANY","CD-G16-026","reclaim_below_reference","COMPOSITE:RECLAIM:BELOW","reference内への失敗復帰で仮説破綻"
"BREAKOUT_ACCEPTANCE","LONG","POSITION","POSITION","MANAGE","CD-G15-012","breakout_acceptance_holds","POSITION:breakout_acceptance_holds","保有中acceptance維持、ADD／REDUCE／EXIT判断"
"BREAKOUT_ACCEPTANCE","LONG","PRE_ENTRY","ARMING","INPUT","CD-G07-029","ask_cancel_volume_1s","BOOK_EVENT:ask:cancel_volume","上抜け接近時のinitiative・pace・price progress・反対depth後退を測る"
"BREAKOUT_ACCEPTANCE","LONG","PRE_ENTRY","ARMING","INPUT","CD-G07-038","ask_pull_ratio_1s","BOOK_EVENT:ask:pull_ratio","上抜け接近時のinitiative・pace・price progress・反対depth後退を測る"
"BREAKOUT_ACCEPTANCE","LONG","PRE_ENTRY","ARMING","INPUT","CD-G08-002","buy_market_volume_1s","TAPE:buy:market_volume","上抜け接近時のinitiative・pace・price progress・反対depth後退を測る"
"BREAKOUT_ACCEPTANCE","LONG","PRE_ENTRY","ARMING","INPUT","CD-G08-003","buy_market_volume_5s","TAPE:buy:market_volume","上抜け接近時のinitiative・pace・price progress・反対depth後退を測る"
"BREAKOUT_ACCEPTANCE","LONG","PRE_ENTRY","ARMING","INPUT","CD-G08-017","buy_trade_rate_1s","TAPE:buy:trade_rate","上抜け接近時のinitiative・pace・price progress・反対depth後退を測る"
"BREAKOUT_ACCEPTANCE","LONG","PRE_ENTRY","ARMING","INPUT","CD-G08-018","buy_trade_rate_5s","TAPE:buy:trade_rate","上抜け接近時のinitiative・pace・price progress・反対depth後退を測る"
"BREAKOUT_ACCEPTANCE","LONG","PRE_ENTRY","ARMING","INPUT","CD-G08-023","buy_side_share_1s","TAPE:buy:side_share","上抜け接近時のinitiative・pace・price progress・反対depth後退を測る"
"BREAKOUT_ACCEPTANCE","LONG","PRE_ENTRY","ARMING","INPUT","CD-G08-024","buy_side_share_5s","TAPE:buy:side_share","上抜け接近時のinitiative・pace・price progress・反対depth後退を測る"
"BREAKOUT_ACCEPTANCE","LONG","PRE_ENTRY","ARMING","INPUT","CD-G09-002","upward_progress_ticks_1s","PRICE_RESPONSE:upward_progress_ticks","上抜け接近時のinitiative・pace・price progress・反対depth後退を測る"
"BREAKOUT_ACCEPTANCE","LONG","PRE_ENTRY","ARMING","INPUT","CD-G09-003","upward_progress_ticks_5s","PRICE_RESPONSE:upward_progress_ticks","上抜け接近時のinitiative・pace・price progress・反対depth後退を測る"
"BREAKOUT_ACCEPTANCE","LONG","PRE_ENTRY","ARMING","INPUT","CD-G09-018","buy_efficiency_1s","PRICE_RESPONSE:buy_efficiency","上抜け接近時のinitiative・pace・price progress・反対depth後退を測る"
"BREAKOUT_ACCEPTANCE","LONG","PRE_ENTRY","ARMING","INPUT","CD-G09-019","buy_efficiency_5s","PRICE_RESPONSE:buy_efficiency","上抜け接近時のinitiative・pace・price progress・反対depth後退を測る"
"BREAKOUT_ACCEPTANCE","LONG","PRE_ENTRY","ARMING","REQUIRED","CD-G16-019","upside_breakout_attempt","COMPOSITE:BREAKOUT:UP:ATTEMPT","上方向attemptと加速をARMED条件にする"
"BREAKOUT_ACCEPTANCE","LONG","PRE_ENTRY","ARMING","REQUIRED","CD-G16-031","buy_momentum_accelerating","COMPOSITE:MOMENTUM:BUY","上方向attemptと加速をARMED条件にする"
"BREAKOUT_ACCEPTANCE","LONG","PRE_ENTRY","CONTRADICTION","VETO_ANY","CD-G09-026","buy_no_progress_ratio_1s","PRICE_RESPONSE:buy_no_progress_ratio","breakout不成立または反対auctionの兆候"
"BREAKOUT_ACCEPTANCE","LONG","PRE_ENTRY","CONTRADICTION","VETO_ANY","CD-G09-027","buy_no_progress_ratio_5s","PRICE_RESPONSE:buy_no_progress_ratio","breakout不成立または反対auctionの兆候"
"BREAKOUT_ACCEPTANCE","LONG","PRE_ENTRY","CONTRADICTION","VETO_ANY","CD-G16-002","ask_absorption_like_active","COMPOSITE:ABSORPTION:ASK","breakout不成立または反対auctionの兆候"
"BREAKOUT_ACCEPTANCE","LONG","PRE_ENTRY","CONTRADICTION","VETO_ANY","CD-G16-007","buyer_fade_active","COMPOSITE:FADE:BUYER","breakout不成立または反対auctionの兆候"
"BREAKOUT_ACCEPTANCE","LONG","PRE_ENTRY","CONTRADICTION","VETO_ANY","CD-G16-011","trapped_buyers_like","COMPOSITE:TRAPPED_LIKE:BUYER","breakout不成立または反対auctionの兆候"
"BREAKOUT_ACCEPTANCE","LONG","PRE_ENTRY","CONTRADICTION","VETO_ANY","CD-G16-015","high_rejection_active","COMPOSITE:REJECTION:HIGH","breakout不成立または反対auctionの兆候"
"BREAKOUT_ACCEPTANCE","LONG","PRE_ENTRY","CONTRADICTION","VETO_ANY","CD-G16-023","upside_breakout_failure","COMPOSITE:BREAKOUT:UP:FAILURE","breakout不成立または反対auctionの兆候"
"BREAKOUT_ACCEPTANCE","LONG","PRE_ENTRY","CONTRADICTION","VETO_ANY","CD-G16-039","two_way_trade_emerged","COMPOSITE:FLOW_CHARACTER:TWO_WAY","breakout不成立または反対auctionの兆候"
"BREAKOUT_ACCEPTANCE","LONG","PRE_ENTRY","CONTRADICTION","VETO_ANY","CD-G16-048","flow_price_divergence_active","COMPOSITE:FLOW_PRICE:DIVERGENCE","breakout不成立または反対auctionの兆候"
"BREAKOUT_ACCEPTANCE","SHORT","CONTEXT","LOCATION","BIND_ONE_REFERENCE","CD-G03-013","distance_to_session_low","LOCATION:session_low","Strategy instanceは候補から一つのactive referenceを事前bindingし後付け選択しない"
"BREAKOUT_ACCEPTANCE","SHORT","CONTEXT","LOCATION","BIND_ONE_REFERENCE","CD-G03-014","relation_to_session_low","LOCATION:session_low","Strategy instanceは候補から一つのactive referenceを事前bindingし後付け選択しない"
"BREAKOUT_ACCEPTANCE","SHORT","CONTEXT","LOCATION","BIND_ONE_REFERENCE","CD-G03-017","distance_to_previous_day_low","LOCATION:previous_day_low","Strategy instanceは候補から一つのactive referenceを事前bindingし後付け選択しない"
"BREAKOUT_ACCEPTANCE","SHORT","CONTEXT","LOCATION","BIND_ONE_REFERENCE","CD-G03-018","relation_to_previous_day_low","LOCATION:previous_day_low","Strategy instanceは候補から一つのactive referenceを事前bindingし後付け選択しない"
"BREAKOUT_ACCEPTANCE","SHORT","CONTEXT","LOCATION","BIND_ONE_REFERENCE","CD-G03-027","distance_to_rolling_5m_low","LOCATION:rolling_5m_low","Strategy instanceは候補から一つのactive referenceを事前bindingし後付け選択しない"
"BREAKOUT_ACCEPTANCE","SHORT","CONTEXT","LOCATION","BIND_ONE_REFERENCE","CD-G03-028","relation_to_rolling_5m_low","LOCATION:rolling_5m_low","Strategy instanceは候補から一つのactive referenceを事前bindingし後付け選択しない"
"BREAKOUT_ACCEPTANCE","SHORT","CONTEXT","LOCATION","BIND_ONE_REFERENCE","CD-G03-031","distance_to_rolling_15m_low","LOCATION:rolling_15m_low","Strategy instanceは候補から一つのactive referenceを事前bindingし後付け選択しない"
"BREAKOUT_ACCEPTANCE","SHORT","CONTEXT","LOCATION","BIND_ONE_REFERENCE","CD-G03-032","relation_to_rolling_15m_low","LOCATION:rolling_15m_low","Strategy instanceは候補から一つのactive referenceを事前bindingし後付け選択しない"
"BREAKOUT_ACCEPTANCE","SHORT","CONTEXT","LOCATION","BIND_ONE_REFERENCE","CD-G03-035","distance_to_rolling_1h_low","LOCATION:rolling_1h_low","Strategy instanceは候補から一つのactive referenceを事前bindingし後付け選択しない"
"BREAKOUT_ACCEPTANCE","SHORT","CONTEXT","LOCATION","BIND_ONE_REFERENCE","CD-G03-036","relation_to_rolling_1h_low","LOCATION:rolling_1h_low","Strategy instanceは候補から一つのactive referenceを事前bindingし後付け選択しない"
"BREAKOUT_ACCEPTANCE","SHORT","CONTEXT","LOCATION","BIND_ONE_REFERENCE","CD-G03-045","distance_to_profile_val","LOCATION:profile_val","Strategy instanceは候補から一つのactive referenceを事前bindingし後付け選択しない"
"BREAKOUT_ACCEPTANCE","SHORT","CONTEXT","LOCATION","BIND_ONE_REFERENCE","CD-G03-046","relation_to_profile_val","LOCATION:profile_val","Strategy instanceは候補から一つのactive referenceを事前bindingし後付け選択しない"
"BREAKOUT_ACCEPTANCE","SHORT","ENTRY","DECISION","REQUIRED","CD-G16-018","acceptance_below_reference","COMPOSITE:ACCEPTANCE:BELOW","reference外acceptanceはCONFIRMED入口の必須条件"
"BREAKOUT_ACCEPTANCE","SHORT","ENTRY","DECISION","ANY_PATH","CD-G16-022","downside_breakout_follow_through","COMPOSITE:BREAKOUT:DOWN:FOLLOW_THROUGH","follow-throughまたはretest後再開をentry pathとして区別"
"BREAKOUT_ACCEPTANCE","SHORT","ENTRY","DECISION","ANY_PATH","CD-G16-026","reclaim_below_reference","COMPOSITE:RECLAIM:BELOW","follow-throughまたはretest後再開をentry pathとして区別"
"BREAKOUT_ACCEPTANCE","SHORT","ENTRY","DECISION","ANY_PATH","CD-G16-041","directional_flow_resumed_down","COMPOSITE:FLOW_CHARACTER:RESUME_DOWN","follow-throughまたはretest後再開をentry pathとして区別"
"BREAKOUT_ACCEPTANCE","SHORT","ENTRY","SUPPORTING","AT_LEAST_ONE_INDEPENDENT","CD-G06-013","queue_imbalance_top5","BOOK_SHAPE:QUEUE_IMBALANCE","STANDARD候補の追加確認"
"BREAKOUT_ACCEPTANCE","SHORT","ENTRY","SUPPORTING","AT_LEAST_ONE_INDEPENDENT","CD-G06-014","microprice_top5","BOOK_SHAPE:MICROPRICE","STANDARD候補の追加確認"
"BREAKOUT_ACCEPTANCE","SHORT","ENTRY","SUPPORTING","AT_LEAST_ONE_INDEPENDENT","CD-G10-002","trade_delta_5s","DELTA_FOOTPRINT:trade_delta","STANDARD候補の追加確認"
"BREAKOUT_ACCEPTANCE","SHORT","ENTRY","SUPPORTING","AT_LEAST_ONE_INDEPENDENT","CD-G10-010","cvd_slope_5s","DELTA_FOOTPRINT:cvd_slope","STANDARD候補の追加確認"
"BREAKOUT_ACCEPTANCE","SHORT","ENTRY","SUPPORTING","AT_LEAST_ONE_INDEPENDENT","CD-G10-026","negative_imbalance_count_5s","DELTA_FOOTPRINT:negative_imbalance_count","STANDARD候補の追加確認"
"BREAKOUT_ACCEPTANCE","SHORT","ENTRY","SUPPORTING","AT_LEAST_ONE_INDEPENDENT","CD-G10-034","stacked_sell_imbalance_depth_5s","DELTA_FOOTPRINT:stacked_sell_imbalance_depth","STANDARD候補の追加確認"
"BREAKOUT_ACCEPTANCE","SHORT","ENTRY","SUPPORTING","AT_LEAST_ONE_INDEPENDENT","CD-G12-003","price_oi_joint_state_5m","DERIVATIVES:PRICE_OI","STANDARD候補の追加確認"
"BREAKOUT_ACCEPTANCE","SHORT","ENTRY","SUPPORTING","AT_LEAST_ONE_INDEPENDENT","CD-G13-022","direction_agreement_1s","CROSS_VENUE:direction_agreement","STANDARD候補の追加確認"
"BREAKOUT_ACCEPTANCE","SHORT","ENTRY","SUPPORTING","AT_LEAST_ONE_INDEPENDENT","CD-G13-023","direction_agreement_5s","CROSS_VENUE:direction_agreement","STANDARD候補の追加確認"
"BREAKOUT_ACCEPTANCE","SHORT","POSITION","INVALIDATION","INVALIDATE_ANY","CD-G16-017","acceptance_above_reference","COMPOSITE:ACCEPTANCE:ABOVE","reference内への失敗復帰で仮説破綻"
"BREAKOUT_ACCEPTANCE","SHORT","POSITION","INVALIDATION","INVALIDATE_ANY","CD-G16-024","downside_breakout_failure","COMPOSITE:BREAKOUT:DOWN:FAILURE","reference内への失敗復帰で仮説破綻"
"BREAKOUT_ACCEPTANCE","SHORT","POSITION","INVALIDATION","INVALIDATE_ANY","CD-G16-025","reclaim_above_reference","COMPOSITE:RECLAIM:ABOVE","reference内への失敗復帰で仮説破綻"
"BREAKOUT_ACCEPTANCE","SHORT","POSITION","POSITION","MANAGE","CD-G15-012","breakout_acceptance_holds","POSITION:breakout_acceptance_holds","保有中acceptance維持"
"BREAKOUT_ACCEPTANCE","SHORT","PRE_ENTRY","ARMING","INPUT","CD-G07-005","bid_cancel_volume_1s","BOOK_EVENT:bid:cancel_volume","下抜け接近時のinitiative・pace・price progress・反対depth後退を測る"
"BREAKOUT_ACCEPTANCE","SHORT","PRE_ENTRY","ARMING","INPUT","CD-G07-014","bid_pull_ratio_1s","BOOK_EVENT:bid:pull_ratio","下抜け接近時のinitiative・pace・price progress・反対depth後退を測る"
"BREAKOUT_ACCEPTANCE","SHORT","PRE_ENTRY","ARMING","INPUT","CD-G08-026","sell_market_volume_1s","TAPE:sell:market_volume","下抜け接近時のinitiative・pace・price progress・反対depth後退を測る"
"BREAKOUT_ACCEPTANCE","SHORT","PRE_ENTRY","ARMING","INPUT","CD-G08-027","sell_market_volume_5s","TAPE:sell:market_volume","下抜け接近時のinitiative・pace・price progress・反対depth後退を測る"
"BREAKOUT_ACCEPTANCE","SHORT","PRE_ENTRY","ARMING","INPUT","CD-G08-041","sell_trade_rate_1s","TAPE:sell:trade_rate","下抜け接近時のinitiative・pace・price progress・反対depth後退を測る"
"BREAKOUT_ACCEPTANCE","SHORT","PRE_ENTRY","ARMING","INPUT","CD-G08-042","sell_trade_rate_5s","TAPE:sell:trade_rate","下抜け接近時のinitiative・pace・price progress・反対depth後退を測る"
"BREAKOUT_ACCEPTANCE","SHORT","PRE_ENTRY","ARMING","INPUT","CD-G08-047","sell_side_share_1s","TAPE:sell:side_share","下抜け接近時のinitiative・pace・price progress・反対depth後退を測る"
"BREAKOUT_ACCEPTANCE","SHORT","PRE_ENTRY","ARMING","INPUT","CD-G08-048","sell_side_share_5s","TAPE:sell:side_share","下抜け接近時のinitiative・pace・price progress・反対depth後退を測る"
"BREAKOUT_ACCEPTANCE","SHORT","PRE_ENTRY","ARMING","INPUT","CD-G09-006","downward_progress_ticks_1s","PRICE_RESPONSE:downward_progress_ticks","下抜け接近時のinitiative・pace・price progress・反対depth後退を測る"
"BREAKOUT_ACCEPTANCE","SHORT","PRE_ENTRY","ARMING","INPUT","CD-G09-007","downward_progress_ticks_5s","PRICE_RESPONSE:downward_progress_ticks","下抜け接近時のinitiative・pace・price progress・反対depth後退を測る"
"BREAKOUT_ACCEPTANCE","SHORT","PRE_ENTRY","ARMING","INPUT","CD-G09-022","sell_efficiency_1s","PRICE_RESPONSE:sell_efficiency","下抜け接近時のinitiative・pace・price progress・反対depth後退を測る"
"BREAKOUT_ACCEPTANCE","SHORT","PRE_ENTRY","ARMING","INPUT","CD-G09-023","sell_efficiency_5s","PRICE_RESPONSE:sell_efficiency","下抜け接近時のinitiative・pace・price progress・反対depth後退を測る"
"BREAKOUT_ACCEPTANCE","SHORT","PRE_ENTRY","ARMING","REQUIRED","CD-G16-020","downside_breakout_attempt","COMPOSITE:BREAKOUT:DOWN:ATTEMPT","下方向attemptと加速をARMED条件にする"
"BREAKOUT_ACCEPTANCE","SHORT","PRE_ENTRY","ARMING","REQUIRED","CD-G16-032","sell_momentum_accelerating","COMPOSITE:MOMENTUM:SELL","下方向attemptと加速をARMED条件にする"
"BREAKOUT_ACCEPTANCE","SHORT","PRE_ENTRY","CONTRADICTION","VETO_ANY","CD-G09-030","sell_no_progress_ratio_1s","PRICE_RESPONSE:sell_no_progress_ratio","breakout不成立または反対auctionの兆候"
"BREAKOUT_ACCEPTANCE","SHORT","PRE_ENTRY","CONTRADICTION","VETO_ANY","CD-G09-031","sell_no_progress_ratio_5s","PRICE_RESPONSE:sell_no_progress_ratio","breakout不成立または反対auctionの兆候"
"BREAKOUT_ACCEPTANCE","SHORT","PRE_ENTRY","CONTRADICTION","VETO_ANY","CD-G16-001","bid_absorption_like_active","COMPOSITE:ABSORPTION:BID","breakout不成立または反対auctionの兆候"
"BREAKOUT_ACCEPTANCE","SHORT","PRE_ENTRY","CONTRADICTION","VETO_ANY","CD-G16-008","seller_fade_active","COMPOSITE:FADE:SELLER","breakout不成立または反対auctionの兆候"
"BREAKOUT_ACCEPTANCE","SHORT","PRE_ENTRY","CONTRADICTION","VETO_ANY","CD-G16-012","trapped_sellers_like","COMPOSITE:TRAPPED_LIKE:SELLER","breakout不成立または反対auctionの兆候"
"BREAKOUT_ACCEPTANCE","SHORT","PRE_ENTRY","CONTRADICTION","VETO_ANY","CD-G16-016","low_rejection_active","COMPOSITE:REJECTION:LOW","breakout不成立または反対auctionの兆候"
"BREAKOUT_ACCEPTANCE","SHORT","PRE_ENTRY","CONTRADICTION","VETO_ANY","CD-G16-024","downside_breakout_failure","COMPOSITE:BREAKOUT:DOWN:FAILURE","breakout不成立または反対auctionの兆候"
"BREAKOUT_ACCEPTANCE","SHORT","PRE_ENTRY","CONTRADICTION","VETO_ANY","CD-G16-039","two_way_trade_emerged","COMPOSITE:FLOW_CHARACTER:TWO_WAY","breakout不成立または反対auctionの兆候"
"BREAKOUT_ACCEPTANCE","SHORT","PRE_ENTRY","CONTRADICTION","VETO_ANY","CD-G16-048","flow_price_divergence_active","COMPOSITE:FLOW_PRICE:DIVERGENCE","breakout不成立または反対auctionの兆候"
"FAILED_AUCTION_RECLAIM","BOTH","CONTEXT","ENVIRONMENT","CONTEXT_INPUT","CD-G02-001","session_id","REGIME:session_id","市場環境を記録しvariant適用範囲を決める。calendar未接続値はUNKNOWNを許容"
"FAILED_AUCTION_RECLAIM","BOTH","CONTEXT","ENVIRONMENT","CONTEXT_INPUT","CD-G02-002","session_phase","REGIME:session_phase","市場環境を記録しvariant適用範囲を決める。calendar未接続値はUNKNOWNを許容"
"FAILED_AUCTION_RECLAIM","BOTH","CONTEXT","ENVIRONMENT","CONTEXT_INPUT","CD-G02-012","funding_event_proximity","REGIME:funding_event_proximity","市場環境を記録しvariant適用範囲を決める。calendar未接続値はUNKNOWNを許容"
"FAILED_AUCTION_RECLAIM","BOTH","CONTEXT","ENVIRONMENT","CONTEXT_INPUT","CD-G02-014","scheduled_macro_event_proximity","REGIME:scheduled_macro_event_proximity","市場環境を記録しvariant適用範囲を決める。calendar未接続値はUNKNOWNを許容"
"FAILED_AUCTION_RECLAIM","BOTH","CONTEXT","ENVIRONMENT","CONTEXT_INPUT","CD-G02-015","post_news_cooldown_state","REGIME:post_news_cooldown_state","市場環境を記録しvariant適用範囲を決める。calendar未接続値はUNKNOWNを許容"
"FAILED_AUCTION_RECLAIM","BOTH","CONTEXT","ENVIRONMENT","CONTEXT_INPUT","CD-G02-017","balance_regime","REGIME:balance_regime","Strategy固有のregime適格性とbaseline比較"
"FAILED_AUCTION_RECLAIM","BOTH","CONTEXT","ENVIRONMENT","CONTEXT_INPUT","CD-G02-019","expansion_regime","REGIME:expansion_regime","Strategy固有のregime適格性とbaseline比較"
"FAILED_AUCTION_RECLAIM","BOTH","CONTEXT","ENVIRONMENT","CONTEXT_INPUT","CD-G02-020","participation_regime","REGIME:participation_regime","市場環境を記録しvariant適用範囲を決める。calendar未接続値はUNKNOWNを許容"
"FAILED_AUCTION_RECLAIM","BOTH","CONTEXT","ENVIRONMENT","CONTEXT_INPUT","CD-G02-021","volatility_regime","REGIME:volatility_regime","市場環境を記録しvariant適用範囲を決める。calendar未接続値はUNKNOWNを許容"
"FAILED_AUCTION_RECLAIM","BOTH","CONTEXT","ENVIRONMENT","CONTEXT_INPUT","CD-G02-022","liquidity_regime","REGIME:liquidity_regime","市場環境を記録しvariant適用範囲を決める。calendar未接続値はUNKNOWNを許容"
"FAILED_AUCTION_RECLAIM","BOTH","CONTEXT","ENVIRONMENT","CONTEXT_INPUT","CD-G02-024","regime_transition_flag","REGIME:regime_transition_flag","Strategy固有のregime適格性とbaseline比較"
"FAILED_AUCTION_RECLAIM","BOTH","CONTEXT","ENVIRONMENT","CONTEXT_INPUT","CD-G04-011","spread_ticks","LIQUIDITY:SPREAD","市場環境を記録しvariant適用範囲を決める。calendar未接続値はUNKNOWNを許容"
"FAILED_AUCTION_RECLAIM","BOTH","CONTEXT","ENVIRONMENT","CONTEXT_INPUT","CD-G04-015","trade_rate_percentile_1m","LIQUIDITY:TRADE_RATE","Strategy固有のregime適格性とbaseline比較"
"FAILED_AUCTION_RECLAIM","BOTH","CONTEXT","ENVIRONMENT","CONTEXT_INPUT","CD-G04-016","trade_rate_percentile_5m","LIQUIDITY:TRADE_RATE","Strategy固有のregime適格性とbaseline比較"
"FAILED_AUCTION_RECLAIM","BOTH","CONTEXT","ENVIRONMENT","CONTEXT_INPUT","CD-G04-023","volatility_state","VOLATILITY:STATE","市場環境を記録しvariant適用範囲を決める。calendar未接続値はUNKNOWNを許容"
"FAILED_AUCTION_RECLAIM","BOTH","CONTEXT","ENVIRONMENT","CONTEXT_INPUT","CD-G04-024","tradeability_state","LIQUIDITY:STATE","市場環境を記録しvariant適用範囲を決める。calendar未接続値はUNKNOWNを許容"
"FAILED_AUCTION_RECLAIM","BOTH","POSITION","POSITION","MANAGE","CD-G15-001","position_is_open","POSITION:position_is_open","entry後Hookごとに追加・縮小・決済・反転を再判定"
"FAILED_AUCTION_RECLAIM","BOTH","POSITION","POSITION","MANAGE","CD-G15-002","side_matches_strategy","POSITION:side_matches_strategy","entry後Hookごとに追加・縮小・決済・反転を再判定"
"FAILED_AUCTION_RECLAIM","BOTH","POSITION","POSITION","MANAGE","CD-G15-003","entry_fill_confirmed","POSITION:entry_fill_confirmed","entry後Hookごとに追加・縮小・決済・反転を再判定"
"FAILED_AUCTION_RECLAIM","BOTH","POSITION","POSITION","MANAGE","CD-G15-004","holding_time_within_limit","POSITION:holding_time_within_limit","entry後Hookごとに追加・縮小・決済・反転を再判定"
"FAILED_AUCTION_RECLAIM","BOTH","POSITION","POSITION","MANAGE","CD-G15-005","expected_reaction_deadline_clear","POSITION:expected_reaction_deadline_clear","entry後Hookごとに追加・縮小・決済・反転を再判定"
"FAILED_AUCTION_RECLAIM","BOTH","POSITION","POSITION","MANAGE","CD-G15-006","unrealized_pnl_state","POSITION:unrealized_pnl_state","entry後Hookごとに追加・縮小・決済・反転を再判定"
"FAILED_AUCTION_RECLAIM","BOTH","POSITION","POSITION","MANAGE","CD-G15-007","mae_within_limit","POSITION:mae_within_limit","entry後Hookごとに追加・縮小・決済・反転を再判定"
"FAILED_AUCTION_RECLAIM","BOTH","POSITION","POSITION","MANAGE","CD-G15-008","mfe_state","POSITION:mfe_state","entry後Hookごとに追加・縮小・決済・反転を再判定"
"FAILED_AUCTION_RECLAIM","BOTH","POSITION","POSITION","MANAGE","CD-G15-009","price_progress_supports_thesis","POSITION:price_progress_supports_thesis","entry後Hookごとに追加・縮小・決済・反転を再判定"
"FAILED_AUCTION_RECLAIM","BOTH","POSITION","POSITION","MANAGE","CD-G15-010","order_flow_supports_thesis","POSITION:order_flow_supports_thesis","entry後Hookごとに追加・縮小・決済・反転を再判定"
"FAILED_AUCTION_RECLAIM","BOTH","POSITION","POSITION","MANAGE","CD-G15-013","contradiction_below_limit","POSITION:contradiction_below_limit","entry後Hookごとに追加・縮小・決済・反転を再判定"
"FAILED_AUCTION_RECLAIM","BOTH","POSITION","POSITION","MANAGE","CD-G15-014","invalidation_absent","POSITION:invalidation_absent","entry後Hookごとに追加・縮小・決済・反転を再判定"
"FAILED_AUCTION_RECLAIM","BOTH","POSITION","POSITION","MANAGE","CD-G15-015","add_size_eligible","POSITION:add_size_eligible","entry後Hookごとに追加・縮小・決済・反転を再判定"
"FAILED_AUCTION_RECLAIM","BOTH","POSITION","POSITION","MANAGE","CD-G15-016","reduce_size_required","POSITION:reduce_size_required","entry後Hookごとに追加・縮小・決済・反転を再判定"
"FAILED_AUCTION_RECLAIM","BOTH","POSITION","POSITION","MANAGE","CD-G15-017","exit_required","POSITION:exit_required","entry後Hookごとに追加・縮小・決済・反転を再判定"
"FAILED_AUCTION_RECLAIM","BOTH","POSITION","POSITION","MANAGE","CD-G15-018","reverse_candidate","POSITION:reverse_candidate","entry後Hookごとに追加・縮小・決済・反転を再判定"
"FAILED_AUCTION_RECLAIM","BOTH","POSITION","POSITION","MANAGE","CD-G15-019","trailing_invalidation_updated","POSITION:trailing_invalidation_updated","entry後Hookごとに追加・縮小・決済・反転を再判定"
"FAILED_AUCTION_RECLAIM","BOTH","POSITION","POSITION","MANAGE","CD-G15-020","remaining_risk_within_limit","POSITION:remaining_risk_within_limit","entry後Hookごとに追加・縮小・決済・反転を再判定"
"FAILED_AUCTION_RECLAIM","BOTH","POSITION","POSITION","MANAGE","CD-G15-021","competing_strategy_dominant","POSITION:competing_strategy_dominant","entry後Hookごとに追加・縮小・決済・反転を再判定"
"FAILED_AUCTION_RECLAIM","BOTH","POSITION","POSITION","MANAGE","CD-G15-022","satisfaction_tier_not_downgraded","POSITION:satisfaction_tier_not_downgraded","entry後Hookごとに追加・縮小・決済・反転を再判定"
"FAILED_AUCTION_RECLAIM","BOTH","POSITION","POSITION","MANAGE","CD-G15-023","post_entry_data_fresh","POSITION:post_entry_data_fresh","entry後Hookごとに追加・縮小・決済・反転を再判定"
"FAILED_AUCTION_RECLAIM","BOTH","POSITION","POSITION","MANAGE","CD-G15-024","flat_confirmation_received","POSITION:flat_confirmation_received","entry後Hookごとに追加・縮小・決済・反転を再判定"
"FAILED_AUCTION_RECLAIM","BOTH","PRE_EVAL","QUALITY","HARD_ALL","CD-G01-001","depth_book_synced","QUALITY:depth_book_synced","欠損・gap・stale・future leakageをsupport条件で相殺せず発注評価を止める"
"FAILED_AUCTION_RECLAIM","BOTH","PRE_EVAL","QUALITY","HARD_ALL","CD-G01-002","depth_sequence_contiguous","QUALITY:depth_sequence_contiguous","欠損・gap・stale・future leakageをsupport条件で相殺せず発注評価を止める"
"FAILED_AUCTION_RECLAIM","BOTH","PRE_EVAL","QUALITY","HARD_ALL","CD-G01-003","depth_snapshot_applied","QUALITY:depth_snapshot_applied","欠損・gap・stale・future leakageをsupport条件で相殺せず発注評価を止める"
"FAILED_AUCTION_RECLAIM","BOTH","PRE_EVAL","QUALITY","HARD_ALL","CD-G01-004","depth_event_fresh","QUALITY:depth_event_fresh","欠損・gap・stale・future leakageをsupport条件で相殺せず発注評価を止める"
"FAILED_AUCTION_RECLAIM","BOTH","PRE_EVAL","QUALITY","HARD_ALL","CD-G01-005","trade_event_fresh","QUALITY:trade_event_fresh","欠損・gap・stale・future leakageをsupport条件で相殺せず発注評価を止める"
"FAILED_AUCTION_RECLAIM","BOTH","PRE_EVAL","QUALITY","HARD_ALL","CD-G01-009","exchange_clock_aligned","QUALITY:exchange_clock_aligned","欠損・gap・stale・future leakageをsupport条件で相殺せず発注評価を止める"
"FAILED_AUCTION_RECLAIM","BOTH","PRE_EVAL","QUALITY","HARD_ALL","CD-G01-010","receive_clock_monotonic","QUALITY:receive_clock_monotonic","欠損・gap・stale・future leakageをsupport条件で相殺せず発注評価を止める"
"FAILED_AUCTION_RECLAIM","BOTH","PRE_EVAL","QUALITY","HARD_ALL","CD-G01-011","event_order_monotonic","QUALITY:event_order_monotonic","欠損・gap・stale・future leakageをsupport条件で相殺せず発注評価を止める"
"FAILED_AUCTION_RECLAIM","BOTH","PRE_EVAL","QUALITY","HARD_ALL","CD-G01-012","schema_version_known","QUALITY:schema_version_known","欠損・gap・stale・future leakageをsupport条件で相殺せず発注評価を止める"
"FAILED_AUCTION_RECLAIM","BOTH","PRE_EVAL","QUALITY","HARD_ALL","CD-G01-013","symbol_mapping_valid","QUALITY:symbol_mapping_valid","欠損・gap・stale・future leakageをsupport条件で相殺せず発注評価を止める"
"FAILED_AUCTION_RECLAIM","BOTH","PRE_EVAL","QUALITY","HARD_ALL","CD-G01-014","tick_size_valid","QUALITY:tick_size_valid","欠損・gap・stale・future leakageをsupport条件で相殺せず発注評価を止める"
"FAILED_AUCTION_RECLAIM","BOTH","PRE_EVAL","QUALITY","HARD_ALL","CD-G01-016","duplicate_event_absent","QUALITY:duplicate_event_absent","欠損・gap・stale・future leakageをsupport条件で相殺せず発注評価を止める"
"FAILED_AUCTION_RECLAIM","BOTH","PRE_EVAL","QUALITY","HARD_ALL","CD-G01-017","trade_gap_absent","QUALITY:trade_gap_absent","欠損・gap・stale・future leakageをsupport条件で相殺せず発注評価を止める"
"FAILED_AUCTION_RECLAIM","BOTH","PRE_EVAL","QUALITY","HARD_ALL","CD-G01-018","depth_gap_absent","QUALITY:depth_gap_absent","欠損・gap・stale・future leakageをsupport条件で相殺せず発注評価を止める"
"FAILED_AUCTION_RECLAIM","BOTH","PRE_EVAL","QUALITY","HARD_ALL","CD-G01-019","persistence_confirmed","QUALITY:persistence_confirmed","欠損・gap・stale・future leakageをsupport条件で相殺せず発注評価を止める"
"FAILED_AUCTION_RECLAIM","BOTH","PRE_EVAL","QUALITY","HARD_ALL","CD-G01-020","market_state_atomic","QUALITY:market_state_atomic","欠損・gap・stale・future leakageをsupport条件で相殺せず発注評価を止める"
"FAILED_AUCTION_RECLAIM","BOTH","PRE_EVAL","QUALITY","HARD_ALL","CD-G01-021","cross_source_time_aligned","QUALITY:cross_source_time_aligned","欠損・gap・stale・future leakageをsupport条件で相殺せず発注評価を止める"
"FAILED_AUCTION_RECLAIM","BOTH","PRE_EVAL","QUALITY","HARD_ALL","CD-G01-022","source_reconnect_stable","QUALITY:source_reconnect_stable","欠損・gap・stale・future leakageをsupport条件で相殺せず発注評価を止める"
"FAILED_AUCTION_RECLAIM","BOTH","PRE_EVAL","QUALITY","HARD_ALL","CD-G01-023","resync_cooldown_elapsed","QUALITY:resync_cooldown_elapsed","欠損・gap・stale・future leakageをsupport条件で相殺せず発注評価を止める"
"FAILED_AUCTION_RECLAIM","BOTH","PRE_EVAL","QUALITY","HARD_ALL","CD-G01-025","aggregation_limit_disclosed","QUALITY:aggregation_limit_disclosed","欠損・gap・stale・future leakageをsupport条件で相殺せず発注評価を止める"
"FAILED_AUCTION_RECLAIM","BOTH","PRE_EVAL","QUALITY","HARD_ALL","CD-G01-026","future_leakage_absent","QUALITY:future_leakage_absent","欠損・gap・stale・future leakageをsupport条件で相殺せず発注評価を止める"
"FAILED_AUCTION_RECLAIM","BOTH","PRE_EVAL","QUALITY","HARD_ALL","CD-G01-027","window_complete","QUALITY:window_complete","欠損・gap・stale・future leakageをsupport条件で相殺せず発注評価を止める"
"FAILED_AUCTION_RECLAIM","BOTH","PRE_EVAL","QUALITY","HARD_ALL","CD-G01-028","baseline_sample_sufficient","QUALITY:baseline_sample_sufficient","欠損・gap・stale・future leakageをsupport条件で相殺せず発注評価を止める"
"FAILED_AUCTION_RECLAIM","BOTH","PRE_ORDER","EXECUTION","HARD_ALL","CD-G14-001","hfm_symbol_tradeable","EXECUTION_RISK:hfm_symbol_tradeable","HFM自動発注前のhard gate"
"FAILED_AUCTION_RECLAIM","BOTH","PRE_ORDER","EXECUTION","HARD_ALL","CD-G14-002","execution_hfm_quote_fresh","EXECUTION_RISK:execution_hfm_quote_fresh","HFM自動発注前のhard gate"
"FAILED_AUCTION_RECLAIM","BOTH","PRE_ORDER","EXECUTION","HARD_ALL","CD-G14-003","hfm_spread_within_limit","EXECUTION_RISK:hfm_spread_within_limit","HFM自動発注前のhard gate"
"FAILED_AUCTION_RECLAIM","BOTH","PRE_ORDER","EXECUTION","HARD_ALL","CD-G14-004","hfm_basis_within_limit","EXECUTION_RISK:hfm_basis_within_limit","HFM自動発注前のhard gate"
"FAILED_AUCTION_RECLAIM","BOTH","PRE_ORDER","EXECUTION","HARD_ALL","CD-G14-005","execution_latency_within_limit","EXECUTION_RISK:execution_latency_within_limit","HFM自動発注前のhard gate"
"FAILED_AUCTION_RECLAIM","BOTH","PRE_ORDER","EXECUTION","HARD_ALL","CD-G14-006","expected_slippage_within_limit","EXECUTION_RISK:expected_slippage_within_limit","HFM自動発注前のhard gate"
"FAILED_AUCTION_RECLAIM","BOTH","PRE_ORDER","EXECUTION","HARD_ALL","CD-G14-007","expected_cost_within_limit","EXECUTION_RISK:expected_cost_within_limit","HFM自動発注前のhard gate"
"FAILED_AUCTION_RECLAIM","BOTH","PRE_ORDER","EXECUTION","HARD_ALL","CD-G14-008","risk_reward_above_floor","EXECUTION_RISK:risk_reward_above_floor","HFM自動発注前のhard gate"
"FAILED_AUCTION_RECLAIM","BOTH","PRE_ORDER","EXECUTION","HARD_ALL","CD-G14-009","invalidation_distance_valid","EXECUTION_RISK:invalidation_distance_valid","HFM自動発注前のhard gate"
"FAILED_AUCTION_RECLAIM","BOTH","PRE_ORDER","EXECUTION","HARD_ALL","CD-G14-010","risk_budget_available","EXECUTION_RISK:risk_budget_available","HFM自動発注前のhard gate"
"FAILED_AUCTION_RECLAIM","BOTH","PRE_ORDER","EXECUTION","HARD_ALL","CD-G14-011","position_cap_available","EXECUTION_RISK:position_cap_available","HFM自動発注前のhard gate"
"FAILED_AUCTION_RECLAIM","BOTH","PRE_ORDER","EXECUTION","HARD_ALL","CD-G14-012","margin_available","EXECUTION_RISK:margin_available","HFM自動発注前のhard gate"
"FAILED_AUCTION_RECLAIM","BOTH","PRE_ORDER","EXECUTION","HARD_ALL","CD-G14-013","broker_volume_step_valid","EXECUTION_RISK:broker_volume_step_valid","HFM自動発注前のhard gate"
"FAILED_AUCTION_RECLAIM","BOTH","PRE_ORDER","EXECUTION","HARD_ALL","CD-G14-014","broker_min_volume_met","EXECUTION_RISK:broker_min_volume_met","HFM自動発注前のhard gate"
"FAILED_AUCTION_RECLAIM","BOTH","PRE_ORDER","EXECUTION","HARD_ALL","CD-G14-015","broker_max_volume_not_exceeded","EXECUTION_RISK:broker_max_volume_not_exceeded","HFM自動発注前のhard gate"
"FAILED_AUCTION_RECLAIM","BOTH","PRE_ORDER","EXECUTION","HARD_ALL","CD-G14-016","broker_stop_distance_valid","EXECUTION_RISK:broker_stop_distance_valid","HFM自動発注前のhard gate"
"FAILED_AUCTION_RECLAIM","BOTH","PRE_ORDER","EXECUTION","HARD_ALL","CD-G14-017","duplicate_intent_absent","EXECUTION_RISK:duplicate_intent_absent","HFM自動発注前のhard gate"
"FAILED_AUCTION_RECLAIM","BOTH","PRE_ORDER","EXECUTION","HARD_ALL","CD-G14-018","outstanding_order_conflict_absent","EXECUTION_RISK:outstanding_order_conflict_absent","HFM自動発注前のhard gate"
"FAILED_AUCTION_RECLAIM","BOTH","PRE_ORDER","EXECUTION","HARD_ALL","CD-G14-019","idempotency_key_available","EXECUTION_RISK:idempotency_key_available","HFM自動発注前のhard gate"
"FAILED_AUCTION_RECLAIM","BOTH","PRE_ORDER","EXECUTION","HARD_ALL","CD-G14-020","execution_mode_allowed","EXECUTION_RISK:execution_mode_allowed","HFM自動発注前のhard gate"
"FAILED_AUCTION_RECLAIM","BOTH","PRE_ORDER","EXECUTION","HARD_ALL","CD-G14-021","daily_loss_limit_clear","EXECUTION_RISK:daily_loss_limit_clear","HFM自動発注前のhard gate"
"FAILED_AUCTION_RECLAIM","BOTH","PRE_ORDER","EXECUTION","HARD_ALL","CD-G14-022","drawdown_limit_clear","EXECUTION_RISK:drawdown_limit_clear","HFM自動発注前のhard gate"
"FAILED_AUCTION_RECLAIM","BOTH","PRE_ORDER","EXECUTION","HARD_ALL","CD-G14-023","cooldown_elapsed","EXECUTION_RISK:cooldown_elapsed","HFM自動発注前のhard gate"
"FAILED_AUCTION_RECLAIM","BOTH","PRE_ORDER","EXECUTION","HARD_ALL","CD-G14-024","max_order_rate_clear","EXECUTION_RISK:max_order_rate_clear","HFM自動発注前のhard gate"
"FAILED_AUCTION_RECLAIM","BOTH","PRE_ORDER","EXECUTION","HARD_ALL","CD-G14-025","recent_reject_rate_acceptable","EXECUTION_RISK:recent_reject_rate_acceptable","HFM自動発注前のhard gate"
"FAILED_AUCTION_RECLAIM","BOTH","PRE_ORDER","EXECUTION","HARD_ALL","CD-G14-026","recent_fill_rate_acceptable","EXECUTION_RISK:recent_fill_rate_acceptable","HFM自動発注前のhard gate"
"FAILED_AUCTION_RECLAIM","BOTH","PRE_ORDER","EXECUTION","HARD_ALL","CD-G14-027","emergency_stop_clear","EXECUTION_RISK:emergency_stop_clear","HFM自動発注前のhard gate"
"FAILED_AUCTION_RECLAIM","BOTH","PRE_ORDER","EXECUTION","DERIVED_SUMMARY","CD-G14-028","all_execution_hard_gates_pass","EXECUTION_RISK:all_execution_hard_gates_pass","個別execution gateの集約結果であり独立票ではない"
"FAILED_AUCTION_RECLAIM","LONG","CONTEXT","LOCATION","BIND_ONE_REFERENCE","CD-G03-013","distance_to_session_low","LOCATION:session_low","Strategy instanceは候補から一つのactive referenceを事前bindingし後付け選択しない"
"FAILED_AUCTION_RECLAIM","LONG","CONTEXT","LOCATION","BIND_ONE_REFERENCE","CD-G03-014","relation_to_session_low","LOCATION:session_low","Strategy instanceは候補から一つのactive referenceを事前bindingし後付け選択しない"
"FAILED_AUCTION_RECLAIM","LONG","CONTEXT","LOCATION","BIND_ONE_REFERENCE","CD-G03-017","distance_to_previous_day_low","LOCATION:previous_day_low","Strategy instanceは候補から一つのactive referenceを事前bindingし後付け選択しない"
"FAILED_AUCTION_RECLAIM","LONG","CONTEXT","LOCATION","BIND_ONE_REFERENCE","CD-G03-018","relation_to_previous_day_low","LOCATION:previous_day_low","Strategy instanceは候補から一つのactive referenceを事前bindingし後付け選択しない"
"FAILED_AUCTION_RECLAIM","LONG","CONTEXT","LOCATION","BIND_ONE_REFERENCE","CD-G03-027","distance_to_rolling_5m_low","LOCATION:rolling_5m_low","Strategy instanceは候補から一つのactive referenceを事前bindingし後付け選択しない"
"FAILED_AUCTION_RECLAIM","LONG","CONTEXT","LOCATION","BIND_ONE_REFERENCE","CD-G03-028","relation_to_rolling_5m_low","LOCATION:rolling_5m_low","Strategy instanceは候補から一つのactive referenceを事前bindingし後付け選択しない"
"FAILED_AUCTION_RECLAIM","LONG","CONTEXT","LOCATION","BIND_ONE_REFERENCE","CD-G03-031","distance_to_rolling_15m_low","LOCATION:rolling_15m_low","Strategy instanceは候補から一つのactive referenceを事前bindingし後付け選択しない"
"FAILED_AUCTION_RECLAIM","LONG","CONTEXT","LOCATION","BIND_ONE_REFERENCE","CD-G03-032","relation_to_rolling_15m_low","LOCATION:rolling_15m_low","Strategy instanceは候補から一つのactive referenceを事前bindingし後付け選択しない"
"FAILED_AUCTION_RECLAIM","LONG","CONTEXT","LOCATION","BIND_ONE_REFERENCE","CD-G03-035","distance_to_rolling_1h_low","LOCATION:rolling_1h_low","Strategy instanceは候補から一つのactive referenceを事前bindingし後付け選択しない"
"FAILED_AUCTION_RECLAIM","LONG","CONTEXT","LOCATION","BIND_ONE_REFERENCE","CD-G03-036","relation_to_rolling_1h_low","LOCATION:rolling_1h_low","Strategy instanceは候補から一つのactive referenceを事前bindingし後付け選択しない"
"FAILED_AUCTION_RECLAIM","LONG","CONTEXT","LOCATION","BIND_ONE_REFERENCE","CD-G03-045","distance_to_profile_val","LOCATION:profile_val","Strategy instanceは候補から一つのactive referenceを事前bindingし後付け選択しない"
"FAILED_AUCTION_RECLAIM","LONG","CONTEXT","LOCATION","BIND_ONE_REFERENCE","CD-G03-046","relation_to_profile_val","LOCATION:profile_val","Strategy instanceは候補から一つのactive referenceを事前bindingし後付け選択しない"
"FAILED_AUCTION_RECLAIM","LONG","ENTRY","DECISION","AT_LEAST_ONE","CD-G09-002","upward_progress_ticks_1s","PRICE_RESPONSE:upward_progress_ticks","反対responseを伴わないreclaimだけでは入らない"
"FAILED_AUCTION_RECLAIM","LONG","ENTRY","DECISION","AT_LEAST_ONE","CD-G09-003","upward_progress_ticks_5s","PRICE_RESPONSE:upward_progress_ticks","反対responseを伴わないreclaimだけでは入らない"
"FAILED_AUCTION_RECLAIM","LONG","ENTRY","DECISION","AT_LEAST_ONE","CD-G16-009","buyers_jump_in","COMPOSITE:AGGRESSION:BUY_ENTRY","反対responseを伴わないreclaimだけでは入らない"
"FAILED_AUCTION_RECLAIM","LONG","ENTRY","DECISION","REQUIRED","CD-G16-025","reclaim_above_reference","COMPOSITE:RECLAIM:ABOVE","reference内reclaimを必須にする"
"FAILED_AUCTION_RECLAIM","LONG","ENTRY","DECISION","AT_LEAST_ONE","CD-G16-040","directional_flow_resumed_up","COMPOSITE:FLOW_CHARACTER:RESUME_UP","反対responseを伴わないreclaimだけでは入らない"
"FAILED_AUCTION_RECLAIM","LONG","ENTRY","SUPPORTING","AT_LEAST_ONE_INDEPENDENT","CD-G06-013","queue_imbalance_top5","BOOK_SHAPE:QUEUE_IMBALANCE","反対auction確認。liquidationはcontext票"
"FAILED_AUCTION_RECLAIM","LONG","ENTRY","SUPPORTING","AT_LEAST_ONE_INDEPENDENT","CD-G06-014","microprice_top5","BOOK_SHAPE:MICROPRICE","反対auction確認。liquidationはcontext票"
"FAILED_AUCTION_RECLAIM","LONG","ENTRY","SUPPORTING","AT_LEAST_ONE_INDEPENDENT","CD-G10-002","trade_delta_5s","DELTA_FOOTPRINT:trade_delta","反対auction確認。liquidationはcontext票"
"FAILED_AUCTION_RECLAIM","LONG","ENTRY","SUPPORTING","AT_LEAST_ONE_INDEPENDENT","CD-G10-010","cvd_slope_5s","DELTA_FOOTPRINT:cvd_slope","反対auction確認。liquidationはcontext票"
"FAILED_AUCTION_RECLAIM","LONG","ENTRY","SUPPORTING","AT_LEAST_ONE_INDEPENDENT","CD-G10-030","stacked_buy_imbalance_depth_5s","DELTA_FOOTPRINT:stacked_buy_imbalance_depth","反対auction確認。liquidationはcontext票"
"FAILED_AUCTION_RECLAIM","LONG","ENTRY","SUPPORTING","AT_LEAST_ONE_INDEPENDENT","CD-G13-022","direction_agreement_1s","CROSS_VENUE:direction_agreement","反対auction確認。liquidationはcontext票"
"FAILED_AUCTION_RECLAIM","LONG","ENTRY","SUPPORTING","AT_LEAST_ONE_INDEPENDENT","CD-G16-047","observed_liquidation_led_downmove","COMPOSITE:LIQUIDATION_LED:DOWN","反対auction確認。liquidationはcontext票"
"FAILED_AUCTION_RECLAIM","LONG","POSITION","INVALIDATION","INVALIDATE_ANY","CD-G16-018","acceptance_below_reference","COMPOSITE:ACCEPTANCE:BELOW","failed extreme側へ再acceptance"
"FAILED_AUCTION_RECLAIM","LONG","POSITION","INVALIDATION","INVALIDATE_ANY","CD-G16-022","downside_breakout_follow_through","COMPOSITE:BREAKOUT:DOWN:FOLLOW_THROUGH","failed extreme側へ再acceptance"
"FAILED_AUCTION_RECLAIM","LONG","POSITION","INVALIDATION","INVALIDATE_ANY","CD-G16-026","reclaim_below_reference","COMPOSITE:RECLAIM:BELOW","failed extreme側へ再acceptance"
"FAILED_AUCTION_RECLAIM","LONG","PRE_ENTRY","ARMING","INPUT","CD-G08-026","sell_market_volume_1s","TAPE:sell:market_volume","下抜けを期待させた先行attackを記録"
"FAILED_AUCTION_RECLAIM","LONG","PRE_ENTRY","ARMING","INPUT","CD-G08-027","sell_market_volume_5s","TAPE:sell:market_volume","下抜けを期待させた先行attackを記録"
"FAILED_AUCTION_RECLAIM","LONG","PRE_ENTRY","ARMING","INPUT","CD-G08-041","sell_trade_rate_1s","TAPE:sell:trade_rate","下抜けを期待させた先行attackを記録"
"FAILED_AUCTION_RECLAIM","LONG","PRE_ENTRY","ARMING","INPUT","CD-G08-042","sell_trade_rate_5s","TAPE:sell:trade_rate","下抜けを期待させた先行attackを記録"
"FAILED_AUCTION_RECLAIM","LONG","PRE_ENTRY","ARMING","INPUT","CD-G08-047","sell_side_share_1s","TAPE:sell:side_share","下抜けを期待させた先行attackを記録"
"FAILED_AUCTION_RECLAIM","LONG","PRE_ENTRY","ARMING","INPUT","CD-G09-006","downward_progress_ticks_1s","PRICE_RESPONSE:downward_progress_ticks","下抜けを期待させた先行attackを記録"
"FAILED_AUCTION_RECLAIM","LONG","PRE_ENTRY","ARMING","INPUT","CD-G09-007","downward_progress_ticks_5s","PRICE_RESPONSE:downward_progress_ticks","下抜けを期待させた先行attackを記録"
"FAILED_AUCTION_RECLAIM","LONG","PRE_ENTRY","ARMING","INPUT","CD-G09-022","sell_efficiency_1s","PRICE_RESPONSE:sell_efficiency","下抜けを期待させた先行attackを記録"
"FAILED_AUCTION_RECLAIM","LONG","PRE_ENTRY","ARMING","INPUT","CD-G09-023","sell_efficiency_5s","PRICE_RESPONSE:sell_efficiency","下抜けを期待させた先行attackを記録"
"FAILED_AUCTION_RECLAIM","LONG","PRE_ENTRY","ARMING","REQUIRED","CD-G16-020","downside_breakout_attempt","COMPOSITE:BREAKOUT:DOWN:ATTEMPT","外側attemptが無い単なる反発を除外"
"FAILED_AUCTION_RECLAIM","LONG","PRE_ENTRY","CONTRADICTION","VETO_ANY","CD-G16-018","acceptance_below_reference","COMPOSITE:ACCEPTANCE:BELOW","下方向acceptance再成立"
"FAILED_AUCTION_RECLAIM","LONG","PRE_ENTRY","CONTRADICTION","VETO_ANY","CD-G16-022","downside_breakout_follow_through","COMPOSITE:BREAKOUT:DOWN:FOLLOW_THROUGH","下方向acceptance再成立"
"FAILED_AUCTION_RECLAIM","LONG","PRE_ENTRY","CONTRADICTION","VETO_ANY","CD-G16-032","sell_momentum_accelerating","COMPOSITE:MOMENTUM:SELL","下方向acceptance再成立"
"FAILED_AUCTION_RECLAIM","LONG","PRE_ENTRY","CONTRADICTION","VETO_ANY","CD-G16-037","bid_passive_defense_failed","COMPOSITE:PASSIVE_DEFENSE:BID","下方向acceptance再成立"
"FAILED_AUCTION_RECLAIM","LONG","PRE_ENTRY","CONTRADICTION","VETO_ANY","CD-G16-041","directional_flow_resumed_down","COMPOSITE:FLOW_CHARACTER:RESUME_DOWN","下方向acceptance再成立"
"FAILED_AUCTION_RECLAIM","LONG","PRE_ENTRY","FAILURE","AT_LEAST_ONE","CD-G09-030","sell_no_progress_ratio_1s","PRICE_RESPONSE:sell_no_progress_ratio","attemptがacceptanceを作れなかった証拠"
"FAILED_AUCTION_RECLAIM","LONG","PRE_ENTRY","FAILURE","AT_LEAST_ONE","CD-G09-031","sell_no_progress_ratio_5s","PRICE_RESPONSE:sell_no_progress_ratio","attemptがacceptanceを作れなかった証拠"
"FAILED_AUCTION_RECLAIM","LONG","PRE_ENTRY","FAILURE","AT_LEAST_ONE","CD-G16-001","bid_absorption_like_active","COMPOSITE:ABSORPTION:BID","attemptがacceptanceを作れなかった証拠"
"FAILED_AUCTION_RECLAIM","LONG","PRE_ENTRY","FAILURE","AT_LEAST_ONE","CD-G16-008","seller_fade_active","COMPOSITE:FADE:SELLER","attemptがacceptanceを作れなかった証拠"
"FAILED_AUCTION_RECLAIM","LONG","PRE_ENTRY","FAILURE","AT_LEAST_ONE","CD-G16-012","trapped_sellers_like","COMPOSITE:TRAPPED_LIKE:SELLER","attemptがacceptanceを作れなかった証拠"
"FAILED_AUCTION_RECLAIM","LONG","PRE_ENTRY","FAILURE","AT_LEAST_ONE","CD-G16-016","low_rejection_active","COMPOSITE:REJECTION:LOW","attemptがacceptanceを作れなかった証拠"
"FAILED_AUCTION_RECLAIM","LONG","PRE_ENTRY","FAILURE","AT_LEAST_ONE","CD-G16-024","downside_breakout_failure","COMPOSITE:BREAKOUT:DOWN:FAILURE","attemptがacceptanceを作れなかった証拠"
"FAILED_AUCTION_RECLAIM","SHORT","CONTEXT","LOCATION","BIND_ONE_REFERENCE","CD-G03-011","distance_to_session_high","LOCATION:session_high","Strategy instanceは候補から一つのactive referenceを事前bindingし後付け選択しない"
"FAILED_AUCTION_RECLAIM","SHORT","CONTEXT","LOCATION","BIND_ONE_REFERENCE","CD-G03-012","relation_to_session_high","LOCATION:session_high","Strategy instanceは候補から一つのactive referenceを事前bindingし後付け選択しない"
"FAILED_AUCTION_RECLAIM","SHORT","CONTEXT","LOCATION","BIND_ONE_REFERENCE","CD-G03-015","distance_to_previous_day_high","LOCATION:previous_day_high","Strategy instanceは候補から一つのactive referenceを事前bindingし後付け選択しない"
"FAILED_AUCTION_RECLAIM","SHORT","CONTEXT","LOCATION","BIND_ONE_REFERENCE","CD-G03-016","relation_to_previous_day_high","LOCATION:previous_day_high","Strategy instanceは候補から一つのactive referenceを事前bindingし後付け選択しない"
"FAILED_AUCTION_RECLAIM","SHORT","CONTEXT","LOCATION","BIND_ONE_REFERENCE","CD-G03-025","distance_to_rolling_5m_high","LOCATION:rolling_5m_high","Strategy instanceは候補から一つのactive referenceを事前bindingし後付け選択しない"
"FAILED_AUCTION_RECLAIM","SHORT","CONTEXT","LOCATION","BIND_ONE_REFERENCE","CD-G03-026","relation_to_rolling_5m_high","LOCATION:rolling_5m_high","Strategy instanceは候補から一つのactive referenceを事前bindingし後付け選択しない"
"FAILED_AUCTION_RECLAIM","SHORT","CONTEXT","LOCATION","BIND_ONE_REFERENCE","CD-G03-029","distance_to_rolling_15m_high","LOCATION:rolling_15m_high","Strategy instanceは候補から一つのactive referenceを事前bindingし後付け選択しない"
"FAILED_AUCTION_RECLAIM","SHORT","CONTEXT","LOCATION","BIND_ONE_REFERENCE","CD-G03-030","relation_to_rolling_15m_high","LOCATION:rolling_15m_high","Strategy instanceは候補から一つのactive referenceを事前bindingし後付け選択しない"
"FAILED_AUCTION_RECLAIM","SHORT","CONTEXT","LOCATION","BIND_ONE_REFERENCE","CD-G03-033","distance_to_rolling_1h_high","LOCATION:rolling_1h_high","Strategy instanceは候補から一つのactive referenceを事前bindingし後付け選択しない"
"FAILED_AUCTION_RECLAIM","SHORT","CONTEXT","LOCATION","BIND_ONE_REFERENCE","CD-G03-034","relation_to_rolling_1h_high","LOCATION:rolling_1h_high","Strategy instanceは候補から一つのactive referenceを事前bindingし後付け選択しない"
"FAILED_AUCTION_RECLAIM","SHORT","CONTEXT","LOCATION","BIND_ONE_REFERENCE","CD-G03-043","distance_to_profile_vah","LOCATION:profile_vah","Strategy instanceは候補から一つのactive referenceを事前bindingし後付け選択しない"
"FAILED_AUCTION_RECLAIM","SHORT","CONTEXT","LOCATION","BIND_ONE_REFERENCE","CD-G03-044","relation_to_profile_vah","LOCATION:profile_vah","Strategy instanceは候補から一つのactive referenceを事前bindingし後付け選択しない"
"FAILED_AUCTION_RECLAIM","SHORT","ENTRY","DECISION","AT_LEAST_ONE","CD-G09-006","downward_progress_ticks_1s","PRICE_RESPONSE:downward_progress_ticks","反対responseを伴わないreclaimだけでは入らない"
"FAILED_AUCTION_RECLAIM","SHORT","ENTRY","DECISION","AT_LEAST_ONE","CD-G09-007","downward_progress_ticks_5s","PRICE_RESPONSE:downward_progress_ticks","反対responseを伴わないreclaimだけでは入らない"
"FAILED_AUCTION_RECLAIM","SHORT","ENTRY","DECISION","AT_LEAST_ONE","CD-G16-010","sellers_jump_in","COMPOSITE:AGGRESSION:SELL_ENTRY","反対responseを伴わないreclaimだけでは入らない"
"FAILED_AUCTION_RECLAIM","SHORT","ENTRY","DECISION","REQUIRED","CD-G16-026","reclaim_below_reference","COMPOSITE:RECLAIM:BELOW","reference内reclaimを必須にする"
"FAILED_AUCTION_RECLAIM","SHORT","ENTRY","DECISION","AT_LEAST_ONE","CD-G16-041","directional_flow_resumed_down","COMPOSITE:FLOW_CHARACTER:RESUME_DOWN","反対responseを伴わないreclaimだけでは入らない"
"FAILED_AUCTION_RECLAIM","SHORT","ENTRY","SUPPORTING","AT_LEAST_ONE_INDEPENDENT","CD-G06-013","queue_imbalance_top5","BOOK_SHAPE:QUEUE_IMBALANCE","反対auction確認"
"FAILED_AUCTION_RECLAIM","SHORT","ENTRY","SUPPORTING","AT_LEAST_ONE_INDEPENDENT","CD-G06-014","microprice_top5","BOOK_SHAPE:MICROPRICE","反対auction確認"
"FAILED_AUCTION_RECLAIM","SHORT","ENTRY","SUPPORTING","AT_LEAST_ONE_INDEPENDENT","CD-G10-002","trade_delta_5s","DELTA_FOOTPRINT:trade_delta","反対auction確認"
"FAILED_AUCTION_RECLAIM","SHORT","ENTRY","SUPPORTING","AT_LEAST_ONE_INDEPENDENT","CD-G10-010","cvd_slope_5s","DELTA_FOOTPRINT:cvd_slope","反対auction確認"
"FAILED_AUCTION_RECLAIM","SHORT","ENTRY","SUPPORTING","AT_LEAST_ONE_INDEPENDENT","CD-G10-034","stacked_sell_imbalance_depth_5s","DELTA_FOOTPRINT:stacked_sell_imbalance_depth","反対auction確認"
"FAILED_AUCTION_RECLAIM","SHORT","ENTRY","SUPPORTING","AT_LEAST_ONE_INDEPENDENT","CD-G13-022","direction_agreement_1s","CROSS_VENUE:direction_agreement","反対auction確認"
"FAILED_AUCTION_RECLAIM","SHORT","ENTRY","SUPPORTING","AT_LEAST_ONE_INDEPENDENT","CD-G16-046","observed_liquidation_led_upmove","COMPOSITE:LIQUIDATION_LED:UP","反対auction確認"
"FAILED_AUCTION_RECLAIM","SHORT","POSITION","INVALIDATION","INVALIDATE_ANY","CD-G16-017","acceptance_above_reference","COMPOSITE:ACCEPTANCE:ABOVE","failed extreme側へ再acceptance"
"FAILED_AUCTION_RECLAIM","SHORT","POSITION","INVALIDATION","INVALIDATE_ANY","CD-G16-021","upside_breakout_follow_through","COMPOSITE:BREAKOUT:UP:FOLLOW_THROUGH","failed extreme側へ再acceptance"
"FAILED_AUCTION_RECLAIM","SHORT","POSITION","INVALIDATION","INVALIDATE_ANY","CD-G16-025","reclaim_above_reference","COMPOSITE:RECLAIM:ABOVE","failed extreme側へ再acceptance"
"FAILED_AUCTION_RECLAIM","SHORT","PRE_ENTRY","ARMING","INPUT","CD-G08-002","buy_market_volume_1s","TAPE:buy:market_volume","上抜けを期待させた先行attackを記録"
"FAILED_AUCTION_RECLAIM","SHORT","PRE_ENTRY","ARMING","INPUT","CD-G08-003","buy_market_volume_5s","TAPE:buy:market_volume","上抜けを期待させた先行attackを記録"
"FAILED_AUCTION_RECLAIM","SHORT","PRE_ENTRY","ARMING","INPUT","CD-G08-017","buy_trade_rate_1s","TAPE:buy:trade_rate","上抜けを期待させた先行attackを記録"
"FAILED_AUCTION_RECLAIM","SHORT","PRE_ENTRY","ARMING","INPUT","CD-G08-018","buy_trade_rate_5s","TAPE:buy:trade_rate","上抜けを期待させた先行attackを記録"
"FAILED_AUCTION_RECLAIM","SHORT","PRE_ENTRY","ARMING","INPUT","CD-G08-023","buy_side_share_1s","TAPE:buy:side_share","上抜けを期待させた先行attackを記録"
"FAILED_AUCTION_RECLAIM","SHORT","PRE_ENTRY","ARMING","INPUT","CD-G09-002","upward_progress_ticks_1s","PRICE_RESPONSE:upward_progress_ticks","上抜けを期待させた先行attackを記録"
"FAILED_AUCTION_RECLAIM","SHORT","PRE_ENTRY","ARMING","INPUT","CD-G09-003","upward_progress_ticks_5s","PRICE_RESPONSE:upward_progress_ticks","上抜けを期待させた先行attackを記録"
"FAILED_AUCTION_RECLAIM","SHORT","PRE_ENTRY","ARMING","INPUT","CD-G09-018","buy_efficiency_1s","PRICE_RESPONSE:buy_efficiency","上抜けを期待させた先行attackを記録"
"FAILED_AUCTION_RECLAIM","SHORT","PRE_ENTRY","ARMING","INPUT","CD-G09-019","buy_efficiency_5s","PRICE_RESPONSE:buy_efficiency","上抜けを期待させた先行attackを記録"
"FAILED_AUCTION_RECLAIM","SHORT","PRE_ENTRY","ARMING","REQUIRED","CD-G16-019","upside_breakout_attempt","COMPOSITE:BREAKOUT:UP:ATTEMPT","外側attemptが無い単なる反落を除外"
"FAILED_AUCTION_RECLAIM","SHORT","PRE_ENTRY","CONTRADICTION","VETO_ANY","CD-G16-017","acceptance_above_reference","COMPOSITE:ACCEPTANCE:ABOVE","上方向acceptance再成立"
"FAILED_AUCTION_RECLAIM","SHORT","PRE_ENTRY","CONTRADICTION","VETO_ANY","CD-G16-021","upside_breakout_follow_through","COMPOSITE:BREAKOUT:UP:FOLLOW_THROUGH","上方向acceptance再成立"
"FAILED_AUCTION_RECLAIM","SHORT","PRE_ENTRY","CONTRADICTION","VETO_ANY","CD-G16-031","buy_momentum_accelerating","COMPOSITE:MOMENTUM:BUY","上方向acceptance再成立"
"FAILED_AUCTION_RECLAIM","SHORT","PRE_ENTRY","CONTRADICTION","VETO_ANY","CD-G16-038","ask_passive_defense_failed","COMPOSITE:PASSIVE_DEFENSE:ASK","上方向acceptance再成立"
"FAILED_AUCTION_RECLAIM","SHORT","PRE_ENTRY","CONTRADICTION","VETO_ANY","CD-G16-040","directional_flow_resumed_up","COMPOSITE:FLOW_CHARACTER:RESUME_UP","上方向acceptance再成立"
"FAILED_AUCTION_RECLAIM","SHORT","PRE_ENTRY","FAILURE","AT_LEAST_ONE","CD-G09-026","buy_no_progress_ratio_1s","PRICE_RESPONSE:buy_no_progress_ratio","attemptがacceptanceを作れなかった証拠"
"FAILED_AUCTION_RECLAIM","SHORT","PRE_ENTRY","FAILURE","AT_LEAST_ONE","CD-G09-027","buy_no_progress_ratio_5s","PRICE_RESPONSE:buy_no_progress_ratio","attemptがacceptanceを作れなかった証拠"
"FAILED_AUCTION_RECLAIM","SHORT","PRE_ENTRY","FAILURE","AT_LEAST_ONE","CD-G16-002","ask_absorption_like_active","COMPOSITE:ABSORPTION:ASK","attemptがacceptanceを作れなかった証拠"
"FAILED_AUCTION_RECLAIM","SHORT","PRE_ENTRY","FAILURE","AT_LEAST_ONE","CD-G16-007","buyer_fade_active","COMPOSITE:FADE:BUYER","attemptがacceptanceを作れなかった証拠"
"FAILED_AUCTION_RECLAIM","SHORT","PRE_ENTRY","FAILURE","AT_LEAST_ONE","CD-G16-011","trapped_buyers_like","COMPOSITE:TRAPPED_LIKE:BUYER","attemptがacceptanceを作れなかった証拠"
"FAILED_AUCTION_RECLAIM","SHORT","PRE_ENTRY","FAILURE","AT_LEAST_ONE","CD-G16-015","high_rejection_active","COMPOSITE:REJECTION:HIGH","attemptがacceptanceを作れなかった証拠"
"FAILED_AUCTION_RECLAIM","SHORT","PRE_ENTRY","FAILURE","AT_LEAST_ONE","CD-G16-023","upside_breakout_failure","COMPOSITE:BREAKOUT:UP:FAILURE","attemptがacceptanceを作れなかった証拠"
"MOMENTUM_EXHAUSTION","BOTH","CONTEXT","ENVIRONMENT","CONTEXT_INPUT","CD-G02-001","session_id","REGIME:session_id","市場環境を記録しvariant適用範囲を決める。calendar未接続値はUNKNOWNを許容"
"MOMENTUM_EXHAUSTION","BOTH","CONTEXT","ENVIRONMENT","CONTEXT_INPUT","CD-G02-002","session_phase","REGIME:session_phase","市場環境を記録しvariant適用範囲を決める。calendar未接続値はUNKNOWNを許容"
"MOMENTUM_EXHAUSTION","BOTH","CONTEXT","ENVIRONMENT","CONTEXT_INPUT","CD-G02-012","funding_event_proximity","REGIME:funding_event_proximity","市場環境を記録しvariant適用範囲を決める。calendar未接続値はUNKNOWNを許容"
"MOMENTUM_EXHAUSTION","BOTH","CONTEXT","ENVIRONMENT","CONTEXT_INPUT","CD-G02-014","scheduled_macro_event_proximity","REGIME:scheduled_macro_event_proximity","市場環境を記録しvariant適用範囲を決める。calendar未接続値はUNKNOWNを許容"
"MOMENTUM_EXHAUSTION","BOTH","CONTEXT","ENVIRONMENT","CONTEXT_INPUT","CD-G02-015","post_news_cooldown_state","REGIME:post_news_cooldown_state","市場環境を記録しvariant適用範囲を決める。calendar未接続値はUNKNOWNを許容"
"MOMENTUM_EXHAUSTION","BOTH","CONTEXT","ENVIRONMENT","CONTEXT_INPUT","CD-G02-016","trend_regime","REGIME:trend_regime","Strategy固有のregime適格性とbaseline比較"
"MOMENTUM_EXHAUSTION","BOTH","CONTEXT","ENVIRONMENT","CONTEXT_INPUT","CD-G02-019","expansion_regime","REGIME:expansion_regime","Strategy固有のregime適格性とbaseline比較"
"MOMENTUM_EXHAUSTION","BOTH","CONTEXT","ENVIRONMENT","CONTEXT_INPUT","CD-G02-020","participation_regime","REGIME:participation_regime","市場環境を記録しvariant適用範囲を決める。calendar未接続値はUNKNOWNを許容"
"MOMENTUM_EXHAUSTION","BOTH","CONTEXT","ENVIRONMENT","CONTEXT_INPUT","CD-G02-021","volatility_regime","REGIME:volatility_regime","市場環境を記録しvariant適用範囲を決める。calendar未接続値はUNKNOWNを許容"
"MOMENTUM_EXHAUSTION","BOTH","CONTEXT","ENVIRONMENT","CONTEXT_INPUT","CD-G02-022","liquidity_regime","REGIME:liquidity_regime","市場環境を記録しvariant適用範囲を決める。calendar未接続値はUNKNOWNを許容"
"MOMENTUM_EXHAUSTION","BOTH","CONTEXT","ENVIRONMENT","CONTEXT_INPUT","CD-G02-023","regime_age","REGIME:regime_age","Strategy固有のregime適格性とbaseline比較"
"MOMENTUM_EXHAUSTION","BOTH","CONTEXT","ENVIRONMENT","CONTEXT_INPUT","CD-G02-024","regime_transition_flag","REGIME:regime_transition_flag","Strategy固有のregime適格性とbaseline比較"
"MOMENTUM_EXHAUSTION","BOTH","CONTEXT","ENVIRONMENT","CONTEXT_INPUT","CD-G04-005","realized_volatility_30s","VOLATILITY:REALIZED","Strategy固有のregime適格性とbaseline比較"
"MOMENTUM_EXHAUSTION","BOTH","CONTEXT","ENVIRONMENT","CONTEXT_INPUT","CD-G04-006","price_range_ticks_30s","VOLATILITY:RANGE","Strategy固有のregime適格性とbaseline比較"
"MOMENTUM_EXHAUSTION","BOTH","CONTEXT","ENVIRONMENT","CONTEXT_INPUT","CD-G04-011","spread_ticks","LIQUIDITY:SPREAD","市場環境を記録しvariant適用範囲を決める。calendar未接続値はUNKNOWNを許容"
"MOMENTUM_EXHAUSTION","BOTH","CONTEXT","ENVIRONMENT","CONTEXT_INPUT","CD-G04-023","volatility_state","VOLATILITY:STATE","市場環境を記録しvariant適用範囲を決める。calendar未接続値はUNKNOWNを許容"
"MOMENTUM_EXHAUSTION","BOTH","CONTEXT","ENVIRONMENT","CONTEXT_INPUT","CD-G04-024","tradeability_state","LIQUIDITY:STATE","市場環境を記録しvariant適用範囲を決める。calendar未接続値はUNKNOWNを許容"
"MOMENTUM_EXHAUSTION","BOTH","POSITION","POSITION","MANAGE","CD-G15-001","position_is_open","POSITION:position_is_open","entry後Hookごとに追加・縮小・決済・反転を再判定"
"MOMENTUM_EXHAUSTION","BOTH","POSITION","POSITION","MANAGE","CD-G15-002","side_matches_strategy","POSITION:side_matches_strategy","entry後Hookごとに追加・縮小・決済・反転を再判定"
"MOMENTUM_EXHAUSTION","BOTH","POSITION","POSITION","MANAGE","CD-G15-003","entry_fill_confirmed","POSITION:entry_fill_confirmed","entry後Hookごとに追加・縮小・決済・反転を再判定"
"MOMENTUM_EXHAUSTION","BOTH","POSITION","POSITION","MANAGE","CD-G15-004","holding_time_within_limit","POSITION:holding_time_within_limit","entry後Hookごとに追加・縮小・決済・反転を再判定"
"MOMENTUM_EXHAUSTION","BOTH","POSITION","POSITION","MANAGE","CD-G15-005","expected_reaction_deadline_clear","POSITION:expected_reaction_deadline_clear","entry後Hookごとに追加・縮小・決済・反転を再判定"
"MOMENTUM_EXHAUSTION","BOTH","POSITION","POSITION","MANAGE","CD-G15-006","unrealized_pnl_state","POSITION:unrealized_pnl_state","entry後Hookごとに追加・縮小・決済・反転を再判定"
"MOMENTUM_EXHAUSTION","BOTH","POSITION","POSITION","MANAGE","CD-G15-007","mae_within_limit","POSITION:mae_within_limit","entry後Hookごとに追加・縮小・決済・反転を再判定"
"MOMENTUM_EXHAUSTION","BOTH","POSITION","POSITION","MANAGE","CD-G15-008","mfe_state","POSITION:mfe_state","entry後Hookごとに追加・縮小・決済・反転を再判定"
"MOMENTUM_EXHAUSTION","BOTH","POSITION","POSITION","MANAGE","CD-G15-009","price_progress_supports_thesis","POSITION:price_progress_supports_thesis","entry後Hookごとに追加・縮小・決済・反転を再判定"
"MOMENTUM_EXHAUSTION","BOTH","POSITION","POSITION","MANAGE","CD-G15-010","order_flow_supports_thesis","POSITION:order_flow_supports_thesis","entry後Hookごとに追加・縮小・決済・反転を再判定"
"MOMENTUM_EXHAUSTION","BOTH","POSITION","POSITION","MANAGE","CD-G15-013","contradiction_below_limit","POSITION:contradiction_below_limit","entry後Hookごとに追加・縮小・決済・反転を再判定"
"MOMENTUM_EXHAUSTION","BOTH","POSITION","POSITION","MANAGE","CD-G15-014","invalidation_absent","POSITION:invalidation_absent","entry後Hookごとに追加・縮小・決済・反転を再判定"
"MOMENTUM_EXHAUSTION","BOTH","POSITION","POSITION","MANAGE","CD-G15-015","add_size_eligible","POSITION:add_size_eligible","entry後Hookごとに追加・縮小・決済・反転を再判定"
"MOMENTUM_EXHAUSTION","BOTH","POSITION","POSITION","MANAGE","CD-G15-016","reduce_size_required","POSITION:reduce_size_required","entry後Hookごとに追加・縮小・決済・反転を再判定"
"MOMENTUM_EXHAUSTION","BOTH","POSITION","POSITION","MANAGE","CD-G15-017","exit_required","POSITION:exit_required","entry後Hookごとに追加・縮小・決済・反転を再判定"
"MOMENTUM_EXHAUSTION","BOTH","POSITION","POSITION","MANAGE","CD-G15-018","reverse_candidate","POSITION:reverse_candidate","entry後Hookごとに追加・縮小・決済・反転を再判定"
"MOMENTUM_EXHAUSTION","BOTH","POSITION","POSITION","MANAGE","CD-G15-019","trailing_invalidation_updated","POSITION:trailing_invalidation_updated","entry後Hookごとに追加・縮小・決済・反転を再判定"
"MOMENTUM_EXHAUSTION","BOTH","POSITION","POSITION","MANAGE","CD-G15-020","remaining_risk_within_limit","POSITION:remaining_risk_within_limit","entry後Hookごとに追加・縮小・決済・反転を再判定"
"MOMENTUM_EXHAUSTION","BOTH","POSITION","POSITION","MANAGE","CD-G15-021","competing_strategy_dominant","POSITION:competing_strategy_dominant","entry後Hookごとに追加・縮小・決済・反転を再判定"
"MOMENTUM_EXHAUSTION","BOTH","POSITION","POSITION","MANAGE","CD-G15-022","satisfaction_tier_not_downgraded","POSITION:satisfaction_tier_not_downgraded","entry後Hookごとに追加・縮小・決済・反転を再判定"
"MOMENTUM_EXHAUSTION","BOTH","POSITION","POSITION","MANAGE","CD-G15-023","post_entry_data_fresh","POSITION:post_entry_data_fresh","entry後Hookごとに追加・縮小・決済・反転を再判定"
"MOMENTUM_EXHAUSTION","BOTH","POSITION","POSITION","MANAGE","CD-G15-024","flat_confirmation_received","POSITION:flat_confirmation_received","entry後Hookごとに追加・縮小・決済・反転を再判定"
"MOMENTUM_EXHAUSTION","BOTH","PRE_EVAL","QUALITY","HARD_ALL","CD-G01-001","depth_book_synced","QUALITY:depth_book_synced","欠損・gap・stale・future leakageをsupport条件で相殺せず発注評価を止める"
"MOMENTUM_EXHAUSTION","BOTH","PRE_EVAL","QUALITY","HARD_ALL","CD-G01-002","depth_sequence_contiguous","QUALITY:depth_sequence_contiguous","欠損・gap・stale・future leakageをsupport条件で相殺せず発注評価を止める"
"MOMENTUM_EXHAUSTION","BOTH","PRE_EVAL","QUALITY","HARD_ALL","CD-G01-003","depth_snapshot_applied","QUALITY:depth_snapshot_applied","欠損・gap・stale・future leakageをsupport条件で相殺せず発注評価を止める"
"MOMENTUM_EXHAUSTION","BOTH","PRE_EVAL","QUALITY","HARD_ALL","CD-G01-004","depth_event_fresh","QUALITY:depth_event_fresh","欠損・gap・stale・future leakageをsupport条件で相殺せず発注評価を止める"
"MOMENTUM_EXHAUSTION","BOTH","PRE_EVAL","QUALITY","HARD_ALL","CD-G01-005","trade_event_fresh","QUALITY:trade_event_fresh","欠損・gap・stale・future leakageをsupport条件で相殺せず発注評価を止める"
"MOMENTUM_EXHAUSTION","BOTH","PRE_EVAL","QUALITY","HARD_ALL","CD-G01-009","exchange_clock_aligned","QUALITY:exchange_clock_aligned","欠損・gap・stale・future leakageをsupport条件で相殺せず発注評価を止める"
"MOMENTUM_EXHAUSTION","BOTH","PRE_EVAL","QUALITY","HARD_ALL","CD-G01-010","receive_clock_monotonic","QUALITY:receive_clock_monotonic","欠損・gap・stale・future leakageをsupport条件で相殺せず発注評価を止める"
"MOMENTUM_EXHAUSTION","BOTH","PRE_EVAL","QUALITY","HARD_ALL","CD-G01-011","event_order_monotonic","QUALITY:event_order_monotonic","欠損・gap・stale・future leakageをsupport条件で相殺せず発注評価を止める"
"MOMENTUM_EXHAUSTION","BOTH","PRE_EVAL","QUALITY","HARD_ALL","CD-G01-012","schema_version_known","QUALITY:schema_version_known","欠損・gap・stale・future leakageをsupport条件で相殺せず発注評価を止める"
"MOMENTUM_EXHAUSTION","BOTH","PRE_EVAL","QUALITY","HARD_ALL","CD-G01-013","symbol_mapping_valid","QUALITY:symbol_mapping_valid","欠損・gap・stale・future leakageをsupport条件で相殺せず発注評価を止める"
"MOMENTUM_EXHAUSTION","BOTH","PRE_EVAL","QUALITY","HARD_ALL","CD-G01-014","tick_size_valid","QUALITY:tick_size_valid","欠損・gap・stale・future leakageをsupport条件で相殺せず発注評価を止める"
"MOMENTUM_EXHAUSTION","BOTH","PRE_EVAL","QUALITY","HARD_ALL","CD-G01-016","duplicate_event_absent","QUALITY:duplicate_event_absent","欠損・gap・stale・future leakageをsupport条件で相殺せず発注評価を止める"
"MOMENTUM_EXHAUSTION","BOTH","PRE_EVAL","QUALITY","HARD_ALL","CD-G01-017","trade_gap_absent","QUALITY:trade_gap_absent","欠損・gap・stale・future leakageをsupport条件で相殺せず発注評価を止める"
"MOMENTUM_EXHAUSTION","BOTH","PRE_EVAL","QUALITY","HARD_ALL","CD-G01-018","depth_gap_absent","QUALITY:depth_gap_absent","欠損・gap・stale・future leakageをsupport条件で相殺せず発注評価を止める"
"MOMENTUM_EXHAUSTION","BOTH","PRE_EVAL","QUALITY","HARD_ALL","CD-G01-019","persistence_confirmed","QUALITY:persistence_confirmed","欠損・gap・stale・future leakageをsupport条件で相殺せず発注評価を止める"
"MOMENTUM_EXHAUSTION","BOTH","PRE_EVAL","QUALITY","HARD_ALL","CD-G01-020","market_state_atomic","QUALITY:market_state_atomic","欠損・gap・stale・future leakageをsupport条件で相殺せず発注評価を止める"
"MOMENTUM_EXHAUSTION","BOTH","PRE_EVAL","QUALITY","HARD_ALL","CD-G01-021","cross_source_time_aligned","QUALITY:cross_source_time_aligned","欠損・gap・stale・future leakageをsupport条件で相殺せず発注評価を止める"
"MOMENTUM_EXHAUSTION","BOTH","PRE_EVAL","QUALITY","HARD_ALL","CD-G01-022","source_reconnect_stable","QUALITY:source_reconnect_stable","欠損・gap・stale・future leakageをsupport条件で相殺せず発注評価を止める"
"MOMENTUM_EXHAUSTION","BOTH","PRE_EVAL","QUALITY","HARD_ALL","CD-G01-023","resync_cooldown_elapsed","QUALITY:resync_cooldown_elapsed","欠損・gap・stale・future leakageをsupport条件で相殺せず発注評価を止める"
"MOMENTUM_EXHAUSTION","BOTH","PRE_EVAL","QUALITY","HARD_ALL","CD-G01-025","aggregation_limit_disclosed","QUALITY:aggregation_limit_disclosed","欠損・gap・stale・future leakageをsupport条件で相殺せず発注評価を止める"
"MOMENTUM_EXHAUSTION","BOTH","PRE_EVAL","QUALITY","HARD_ALL","CD-G01-026","future_leakage_absent","QUALITY:future_leakage_absent","欠損・gap・stale・future leakageをsupport条件で相殺せず発注評価を止める"
"MOMENTUM_EXHAUSTION","BOTH","PRE_EVAL","QUALITY","HARD_ALL","CD-G01-027","window_complete","QUALITY:window_complete","欠損・gap・stale・future leakageをsupport条件で相殺せず発注評価を止める"
"MOMENTUM_EXHAUSTION","BOTH","PRE_EVAL","QUALITY","HARD_ALL","CD-G01-028","baseline_sample_sufficient","QUALITY:baseline_sample_sufficient","欠損・gap・stale・future leakageをsupport条件で相殺せず発注評価を止める"
"MOMENTUM_EXHAUSTION","BOTH","PRE_ORDER","EXECUTION","HARD_ALL","CD-G14-001","hfm_symbol_tradeable","EXECUTION_RISK:hfm_symbol_tradeable","HFM自動発注前のhard gate"
"MOMENTUM_EXHAUSTION","BOTH","PRE_ORDER","EXECUTION","HARD_ALL","CD-G14-002","execution_hfm_quote_fresh","EXECUTION_RISK:execution_hfm_quote_fresh","HFM自動発注前のhard gate"
"MOMENTUM_EXHAUSTION","BOTH","PRE_ORDER","EXECUTION","HARD_ALL","CD-G14-003","hfm_spread_within_limit","EXECUTION_RISK:hfm_spread_within_limit","HFM自動発注前のhard gate"
"MOMENTUM_EXHAUSTION","BOTH","PRE_ORDER","EXECUTION","HARD_ALL","CD-G14-004","hfm_basis_within_limit","EXECUTION_RISK:hfm_basis_within_limit","HFM自動発注前のhard gate"
"MOMENTUM_EXHAUSTION","BOTH","PRE_ORDER","EXECUTION","HARD_ALL","CD-G14-005","execution_latency_within_limit","EXECUTION_RISK:execution_latency_within_limit","HFM自動発注前のhard gate"
"MOMENTUM_EXHAUSTION","BOTH","PRE_ORDER","EXECUTION","HARD_ALL","CD-G14-006","expected_slippage_within_limit","EXECUTION_RISK:expected_slippage_within_limit","HFM自動発注前のhard gate"
"MOMENTUM_EXHAUSTION","BOTH","PRE_ORDER","EXECUTION","HARD_ALL","CD-G14-007","expected_cost_within_limit","EXECUTION_RISK:expected_cost_within_limit","HFM自動発注前のhard gate"
"MOMENTUM_EXHAUSTION","BOTH","PRE_ORDER","EXECUTION","HARD_ALL","CD-G14-008","risk_reward_above_floor","EXECUTION_RISK:risk_reward_above_floor","HFM自動発注前のhard gate"
"MOMENTUM_EXHAUSTION","BOTH","PRE_ORDER","EXECUTION","HARD_ALL","CD-G14-009","invalidation_distance_valid","EXECUTION_RISK:invalidation_distance_valid","HFM自動発注前のhard gate"
"MOMENTUM_EXHAUSTION","BOTH","PRE_ORDER","EXECUTION","HARD_ALL","CD-G14-010","risk_budget_available","EXECUTION_RISK:risk_budget_available","HFM自動発注前のhard gate"
"MOMENTUM_EXHAUSTION","BOTH","PRE_ORDER","EXECUTION","HARD_ALL","CD-G14-011","position_cap_available","EXECUTION_RISK:position_cap_available","HFM自動発注前のhard gate"
"MOMENTUM_EXHAUSTION","BOTH","PRE_ORDER","EXECUTION","HARD_ALL","CD-G14-012","margin_available","EXECUTION_RISK:margin_available","HFM自動発注前のhard gate"
"MOMENTUM_EXHAUSTION","BOTH","PRE_ORDER","EXECUTION","HARD_ALL","CD-G14-013","broker_volume_step_valid","EXECUTION_RISK:broker_volume_step_valid","HFM自動発注前のhard gate"
"MOMENTUM_EXHAUSTION","BOTH","PRE_ORDER","EXECUTION","HARD_ALL","CD-G14-014","broker_min_volume_met","EXECUTION_RISK:broker_min_volume_met","HFM自動発注前のhard gate"
"MOMENTUM_EXHAUSTION","BOTH","PRE_ORDER","EXECUTION","HARD_ALL","CD-G14-015","broker_max_volume_not_exceeded","EXECUTION_RISK:broker_max_volume_not_exceeded","HFM自動発注前のhard gate"
"MOMENTUM_EXHAUSTION","BOTH","PRE_ORDER","EXECUTION","HARD_ALL","CD-G14-016","broker_stop_distance_valid","EXECUTION_RISK:broker_stop_distance_valid","HFM自動発注前のhard gate"
"MOMENTUM_EXHAUSTION","BOTH","PRE_ORDER","EXECUTION","HARD_ALL","CD-G14-017","duplicate_intent_absent","EXECUTION_RISK:duplicate_intent_absent","HFM自動発注前のhard gate"
"MOMENTUM_EXHAUSTION","BOTH","PRE_ORDER","EXECUTION","HARD_ALL","CD-G14-018","outstanding_order_conflict_absent","EXECUTION_RISK:outstanding_order_conflict_absent","HFM自動発注前のhard gate"
"MOMENTUM_EXHAUSTION","BOTH","PRE_ORDER","EXECUTION","HARD_ALL","CD-G14-019","idempotency_key_available","EXECUTION_RISK:idempotency_key_available","HFM自動発注前のhard gate"
"MOMENTUM_EXHAUSTION","BOTH","PRE_ORDER","EXECUTION","HARD_ALL","CD-G14-020","execution_mode_allowed","EXECUTION_RISK:execution_mode_allowed","HFM自動発注前のhard gate"
"MOMENTUM_EXHAUSTION","BOTH","PRE_ORDER","EXECUTION","HARD_ALL","CD-G14-021","daily_loss_limit_clear","EXECUTION_RISK:daily_loss_limit_clear","HFM自動発注前のhard gate"
"MOMENTUM_EXHAUSTION","BOTH","PRE_ORDER","EXECUTION","HARD_ALL","CD-G14-022","drawdown_limit_clear","EXECUTION_RISK:drawdown_limit_clear","HFM自動発注前のhard gate"
"MOMENTUM_EXHAUSTION","BOTH","PRE_ORDER","EXECUTION","HARD_ALL","CD-G14-023","cooldown_elapsed","EXECUTION_RISK:cooldown_elapsed","HFM自動発注前のhard gate"
"MOMENTUM_EXHAUSTION","BOTH","PRE_ORDER","EXECUTION","HARD_ALL","CD-G14-024","max_order_rate_clear","EXECUTION_RISK:max_order_rate_clear","HFM自動発注前のhard gate"
"MOMENTUM_EXHAUSTION","BOTH","PRE_ORDER","EXECUTION","HARD_ALL","CD-G14-025","recent_reject_rate_acceptable","EXECUTION_RISK:recent_reject_rate_acceptable","HFM自動発注前のhard gate"
"MOMENTUM_EXHAUSTION","BOTH","PRE_ORDER","EXECUTION","HARD_ALL","CD-G14-026","recent_fill_rate_acceptable","EXECUTION_RISK:recent_fill_rate_acceptable","HFM自動発注前のhard gate"
"MOMENTUM_EXHAUSTION","BOTH","PRE_ORDER","EXECUTION","HARD_ALL","CD-G14-027","emergency_stop_clear","EXECUTION_RISK:emergency_stop_clear","HFM自動発注前のhard gate"
"MOMENTUM_EXHAUSTION","BOTH","PRE_ORDER","EXECUTION","DERIVED_SUMMARY","CD-G14-028","all_execution_hard_gates_pass","EXECUTION_RISK:all_execution_hard_gates_pass","個別execution gateの集約結果であり独立票ではない"
"MOMENTUM_EXHAUSTION","LONG","CONTEXT","LOCATION","BIND_ONE_REFERENCE","CD-G03-013","distance_to_session_low","LOCATION:session_low","Strategy instanceは候補から一つのactive referenceを事前bindingし後付け選択しない"
"MOMENTUM_EXHAUSTION","LONG","CONTEXT","LOCATION","BIND_ONE_REFERENCE","CD-G03-014","relation_to_session_low","LOCATION:session_low","Strategy instanceは候補から一つのactive referenceを事前bindingし後付け選択しない"
"MOMENTUM_EXHAUSTION","LONG","CONTEXT","LOCATION","BIND_ONE_REFERENCE","CD-G03-017","distance_to_previous_day_low","LOCATION:previous_day_low","Strategy instanceは候補から一つのactive referenceを事前bindingし後付け選択しない"
"MOMENTUM_EXHAUSTION","LONG","CONTEXT","LOCATION","BIND_ONE_REFERENCE","CD-G03-018","relation_to_previous_day_low","LOCATION:previous_day_low","Strategy instanceは候補から一つのactive referenceを事前bindingし後付け選択しない"
"MOMENTUM_EXHAUSTION","LONG","CONTEXT","LOCATION","BIND_ONE_REFERENCE","CD-G03-031","distance_to_rolling_15m_low","LOCATION:rolling_15m_low","Strategy instanceは候補から一つのactive referenceを事前bindingし後付け選択しない"
"MOMENTUM_EXHAUSTION","LONG","CONTEXT","LOCATION","BIND_ONE_REFERENCE","CD-G03-032","relation_to_rolling_15m_low","LOCATION:rolling_15m_low","Strategy instanceは候補から一つのactive referenceを事前bindingし後付け選択しない"
"MOMENTUM_EXHAUSTION","LONG","CONTEXT","LOCATION","BIND_ONE_REFERENCE","CD-G03-035","distance_to_rolling_1h_low","LOCATION:rolling_1h_low","Strategy instanceは候補から一つのactive referenceを事前bindingし後付け選択しない"
"MOMENTUM_EXHAUSTION","LONG","CONTEXT","LOCATION","BIND_ONE_REFERENCE","CD-G03-036","relation_to_rolling_1h_low","LOCATION:rolling_1h_low","Strategy instanceは候補から一つのactive referenceを事前bindingし後付け選択しない"
"MOMENTUM_EXHAUSTION","LONG","CONTEXT","LOCATION","BIND_ONE_REFERENCE","CD-G03-045","distance_to_profile_val","LOCATION:profile_val","Strategy instanceは候補から一つのactive referenceを事前bindingし後付け選択しない"
"MOMENTUM_EXHAUSTION","LONG","CONTEXT","LOCATION","BIND_ONE_REFERENCE","CD-G03-046","relation_to_profile_val","LOCATION:profile_val","Strategy instanceは候補から一つのactive referenceを事前bindingし後付け選択しない"
"MOMENTUM_EXHAUSTION","LONG","CONTEXT","LOCATION","BIND_ONE_REFERENCE","CD-G03-047","distance_to_active_range_mid","LOCATION:active_range_mid","Strategy instanceは候補から一つのactive referenceを事前bindingし後付け選択しない"
"MOMENTUM_EXHAUSTION","LONG","CONTEXT","LOCATION","BIND_ONE_REFERENCE","CD-G03-048","relation_to_active_range_mid","LOCATION:active_range_mid","Strategy instanceは候補から一つのactive referenceを事前bindingし後付け選択しない"
"MOMENTUM_EXHAUSTION","LONG","ENTRY","DECISION","AT_LEAST_ONE","CD-G09-002","upward_progress_ticks_1s","PRICE_RESPONSE:upward_progress_ticks","反対responseを要求"
"MOMENTUM_EXHAUSTION","LONG","ENTRY","DECISION","AT_LEAST_ONE","CD-G09-003","upward_progress_ticks_5s","PRICE_RESPONSE:upward_progress_ticks","反対responseを要求"
"MOMENTUM_EXHAUSTION","LONG","ENTRY","DECISION","AT_LEAST_ONE","CD-G16-009","buyers_jump_in","COMPOSITE:AGGRESSION:BUY_ENTRY","反対responseを要求"
"MOMENTUM_EXHAUSTION","LONG","ENTRY","DECISION","REQUIRED","CD-G16-025","reclaim_above_reference","COMPOSITE:RECLAIM:ABOVE","反転方向reference reclaimを必須化"
"MOMENTUM_EXHAUSTION","LONG","ENTRY","DECISION","AT_LEAST_ONE","CD-G16-040","directional_flow_resumed_up","COMPOSITE:FLOW_CHARACTER:RESUME_UP","反対responseを要求"
"MOMENTUM_EXHAUSTION","LONG","ENTRY","SUPPORTING","AT_LEAST_ONE_INDEPENDENT","CD-G06-013","queue_imbalance_top5","BOOK_SHAPE:QUEUE_IMBALANCE","反転確認。liquidation/OIはcontextで単独決定しない"
"MOMENTUM_EXHAUSTION","LONG","ENTRY","SUPPORTING","AT_LEAST_ONE_INDEPENDENT","CD-G06-014","microprice_top5","BOOK_SHAPE:MICROPRICE","反転確認。liquidation/OIはcontextで単独決定しない"
"MOMENTUM_EXHAUSTION","LONG","ENTRY","SUPPORTING","AT_LEAST_ONE_INDEPENDENT","CD-G07-011","bid_refresh_count_1s","BOOK_EVENT:bid:refresh_count","反転確認。liquidation/OIはcontextで単独決定しない"
"MOMENTUM_EXHAUSTION","LONG","ENTRY","SUPPORTING","AT_LEAST_ONE_INDEPENDENT","CD-G10-002","trade_delta_5s","DELTA_FOOTPRINT:trade_delta","反転確認。liquidation/OIはcontextで単独決定しない"
"MOMENTUM_EXHAUSTION","LONG","ENTRY","SUPPORTING","AT_LEAST_ONE_INDEPENDENT","CD-G10-010","cvd_slope_5s","DELTA_FOOTPRINT:cvd_slope","反転確認。liquidation/OIはcontextで単独決定しない"
"MOMENTUM_EXHAUSTION","LONG","ENTRY","SUPPORTING","AT_LEAST_ONE_INDEPENDENT","CD-G10-030","stacked_buy_imbalance_depth_5s","DELTA_FOOTPRINT:stacked_buy_imbalance_depth","反転確認。liquidation/OIはcontextで単独決定しない"
"MOMENTUM_EXHAUSTION","LONG","ENTRY","SUPPORTING","AT_LEAST_ONE_INDEPENDENT","CD-G12-003","price_oi_joint_state_5m","DERIVATIVES:PRICE_OI","反転確認。liquidation/OIはcontextで単独決定しない"
"MOMENTUM_EXHAUSTION","LONG","ENTRY","SUPPORTING","AT_LEAST_ONE_INDEPENDENT","CD-G13-022","direction_agreement_1s","CROSS_VENUE:direction_agreement","反転確認。liquidation/OIはcontextで単独決定しない"
"MOMENTUM_EXHAUSTION","LONG","ENTRY","SUPPORTING","AT_LEAST_ONE_INDEPENDENT","CD-G16-047","observed_liquidation_led_downmove","COMPOSITE:LIQUIDATION_LED:DOWN","反転確認。liquidation/OIはcontextで単独決定しない"
"MOMENTUM_EXHAUSTION","LONG","POSITION","INVALIDATION","INVALIDATE_ANY","CD-G16-018","acceptance_below_reference","COMPOSITE:ACCEPTANCE:BELOW","extreme更新と下側acceptance"
"MOMENTUM_EXHAUSTION","LONG","POSITION","INVALIDATION","INVALIDATE_ANY","CD-G16-022","downside_breakout_follow_through","COMPOSITE:BREAKOUT:DOWN:FOLLOW_THROUGH","extreme更新と下側acceptance"
"MOMENTUM_EXHAUSTION","LONG","POSITION","INVALIDATION","INVALIDATE_ANY","CD-G16-026","reclaim_below_reference","COMPOSITE:RECLAIM:BELOW","extreme更新と下側acceptance"
"MOMENTUM_EXHAUSTION","LONG","PRE_ENTRY","APPROACH","INPUT","CD-G08-026","sell_market_volume_1s","TAPE:sell:market_volume","下方向extensionのaggressionとprogress履歴"
"MOMENTUM_EXHAUSTION","LONG","PRE_ENTRY","APPROACH","INPUT","CD-G08-027","sell_market_volume_5s","TAPE:sell:market_volume","下方向extensionのaggressionとprogress履歴"
"MOMENTUM_EXHAUSTION","LONG","PRE_ENTRY","APPROACH","INPUT","CD-G08-041","sell_trade_rate_1s","TAPE:sell:trade_rate","下方向extensionのaggressionとprogress履歴"
"MOMENTUM_EXHAUSTION","LONG","PRE_ENTRY","APPROACH","INPUT","CD-G08-042","sell_trade_rate_5s","TAPE:sell:trade_rate","下方向extensionのaggressionとprogress履歴"
"MOMENTUM_EXHAUSTION","LONG","PRE_ENTRY","APPROACH","INPUT","CD-G08-048","sell_side_share_5s","TAPE:sell:side_share","下方向extensionのaggressionとprogress履歴"
"MOMENTUM_EXHAUSTION","LONG","PRE_ENTRY","APPROACH","INPUT","CD-G09-007","downward_progress_ticks_5s","PRICE_RESPONSE:downward_progress_ticks","下方向extensionのaggressionとprogress履歴"
"MOMENTUM_EXHAUSTION","LONG","PRE_ENTRY","APPROACH","INPUT","CD-G09-008","downward_progress_ticks_30s","PRICE_RESPONSE:downward_progress_ticks","下方向extensionのaggressionとprogress履歴"
"MOMENTUM_EXHAUSTION","LONG","PRE_ENTRY","APPROACH","INPUT","CD-G09-022","sell_efficiency_1s","PRICE_RESPONSE:sell_efficiency","下方向extensionのaggressionとprogress履歴"
"MOMENTUM_EXHAUSTION","LONG","PRE_ENTRY","APPROACH","INPUT","CD-G09-023","sell_efficiency_5s","PRICE_RESPONSE:sell_efficiency","下方向extensionのaggressionとprogress履歴"
"MOMENTUM_EXHAUSTION","LONG","PRE_ENTRY","APPROACH","INPUT","CD-G16-032","sell_momentum_accelerating","COMPOSITE:MOMENTUM:SELL","下方向extensionのaggressionとprogress履歴"
"MOMENTUM_EXHAUSTION","LONG","PRE_ENTRY","CONTRADICTION","VETO_ANY","CD-G16-018","acceptance_below_reference","COMPOSITE:ACCEPTANCE:BELOW","元momentum再加速"
"MOMENTUM_EXHAUSTION","LONG","PRE_ENTRY","CONTRADICTION","VETO_ANY","CD-G16-022","downside_breakout_follow_through","COMPOSITE:BREAKOUT:DOWN:FOLLOW_THROUGH","元momentum再加速"
"MOMENTUM_EXHAUSTION","LONG","PRE_ENTRY","CONTRADICTION","VETO_ANY","CD-G16-032","sell_momentum_accelerating","COMPOSITE:MOMENTUM:SELL","元momentum再加速"
"MOMENTUM_EXHAUSTION","LONG","PRE_ENTRY","CONTRADICTION","VETO_ANY","CD-G16-037","bid_passive_defense_failed","COMPOSITE:PASSIVE_DEFENSE:BID","元momentum再加速"
"MOMENTUM_EXHAUSTION","LONG","PRE_ENTRY","CONTRADICTION","VETO_ANY","CD-G16-043","downward_sweep_active","COMPOSITE:SWEEP:DOWN","元momentum再加速"
"MOMENTUM_EXHAUSTION","LONG","PRE_ENTRY","EXHAUSTION","AT_LEAST_ONE","CD-G09-030","sell_no_progress_ratio_1s","PRICE_RESPONSE:sell_no_progress_ratio","aggression継続に対するprogress低下。出来高減だけでは不可"
"MOMENTUM_EXHAUSTION","LONG","PRE_ENTRY","EXHAUSTION","AT_LEAST_ONE","CD-G09-031","sell_no_progress_ratio_5s","PRICE_RESPONSE:sell_no_progress_ratio","aggression継続に対するprogress低下。出来高減だけでは不可"
"MOMENTUM_EXHAUSTION","LONG","PRE_ENTRY","EXHAUSTION","AT_LEAST_ONE","CD-G09-032","sell_no_progress_ratio_30s","PRICE_RESPONSE:sell_no_progress_ratio","aggression継続に対するprogress低下。出来高減だけでは不可"
"MOMENTUM_EXHAUSTION","LONG","PRE_ENTRY","EXHAUSTION","AT_LEAST_ONE","CD-G16-001","bid_absorption_like_active","COMPOSITE:ABSORPTION:BID","aggression継続に対するprogress低下。出来高減だけでは不可"
"MOMENTUM_EXHAUSTION","LONG","PRE_ENTRY","EXHAUSTION","AT_LEAST_ONE","CD-G16-008","seller_fade_active","COMPOSITE:FADE:SELLER","aggression継続に対するprogress低下。出来高減だけでは不可"
"MOMENTUM_EXHAUSTION","LONG","PRE_ENTRY","EXHAUSTION","AT_LEAST_ONE","CD-G16-012","trapped_sellers_like","COMPOSITE:TRAPPED_LIKE:SELLER","aggression継続に対するprogress低下。出来高減だけでは不可"
"MOMENTUM_EXHAUSTION","LONG","PRE_ENTRY","EXHAUSTION","AT_LEAST_ONE","CD-G16-016","low_rejection_active","COMPOSITE:REJECTION:LOW","aggression継続に対するprogress低下。出来高減だけでは不可"
"MOMENTUM_EXHAUSTION","LONG","PRE_ENTRY","EXHAUSTION","AT_LEAST_ONE","CD-G16-034","sell_momentum_fading","COMPOSITE:MOMENTUM:SELL","aggression継続に対するprogress低下。出来高減だけでは不可"
"MOMENTUM_EXHAUSTION","LONG","PRE_ENTRY","EXHAUSTION","AT_LEAST_ONE","CD-G16-048","flow_price_divergence_active","COMPOSITE:FLOW_PRICE:DIVERGENCE","aggression継続に対するprogress低下。出来高減だけでは不可"
"MOMENTUM_EXHAUSTION","SHORT","CONTEXT","LOCATION","BIND_ONE_REFERENCE","CD-G03-011","distance_to_session_high","LOCATION:session_high","Strategy instanceは候補から一つのactive referenceを事前bindingし後付け選択しない"
"MOMENTUM_EXHAUSTION","SHORT","CONTEXT","LOCATION","BIND_ONE_REFERENCE","CD-G03-012","relation_to_session_high","LOCATION:session_high","Strategy instanceは候補から一つのactive referenceを事前bindingし後付け選択しない"
"MOMENTUM_EXHAUSTION","SHORT","CONTEXT","LOCATION","BIND_ONE_REFERENCE","CD-G03-015","distance_to_previous_day_high","LOCATION:previous_day_high","Strategy instanceは候補から一つのactive referenceを事前bindingし後付け選択しない"
"MOMENTUM_EXHAUSTION","SHORT","CONTEXT","LOCATION","BIND_ONE_REFERENCE","CD-G03-016","relation_to_previous_day_high","LOCATION:previous_day_high","Strategy instanceは候補から一つのactive referenceを事前bindingし後付け選択しない"
"MOMENTUM_EXHAUSTION","SHORT","CONTEXT","LOCATION","BIND_ONE_REFERENCE","CD-G03-029","distance_to_rolling_15m_high","LOCATION:rolling_15m_high","Strategy instanceは候補から一つのactive referenceを事前bindingし後付け選択しない"
"MOMENTUM_EXHAUSTION","SHORT","CONTEXT","LOCATION","BIND_ONE_REFERENCE","CD-G03-030","relation_to_rolling_15m_high","LOCATION:rolling_15m_high","Strategy instanceは候補から一つのactive referenceを事前bindingし後付け選択しない"
"MOMENTUM_EXHAUSTION","SHORT","CONTEXT","LOCATION","BIND_ONE_REFERENCE","CD-G03-033","distance_to_rolling_1h_high","LOCATION:rolling_1h_high","Strategy instanceは候補から一つのactive referenceを事前bindingし後付け選択しない"
"MOMENTUM_EXHAUSTION","SHORT","CONTEXT","LOCATION","BIND_ONE_REFERENCE","CD-G03-034","relation_to_rolling_1h_high","LOCATION:rolling_1h_high","Strategy instanceは候補から一つのactive referenceを事前bindingし後付け選択しない"
"MOMENTUM_EXHAUSTION","SHORT","CONTEXT","LOCATION","BIND_ONE_REFERENCE","CD-G03-043","distance_to_profile_vah","LOCATION:profile_vah","Strategy instanceは候補から一つのactive referenceを事前bindingし後付け選択しない"
"MOMENTUM_EXHAUSTION","SHORT","CONTEXT","LOCATION","BIND_ONE_REFERENCE","CD-G03-044","relation_to_profile_vah","LOCATION:profile_vah","Strategy instanceは候補から一つのactive referenceを事前bindingし後付け選択しない"
"MOMENTUM_EXHAUSTION","SHORT","CONTEXT","LOCATION","BIND_ONE_REFERENCE","CD-G03-047","distance_to_active_range_mid","LOCATION:active_range_mid","Strategy instanceは候補から一つのactive referenceを事前bindingし後付け選択しない"
"MOMENTUM_EXHAUSTION","SHORT","CONTEXT","LOCATION","BIND_ONE_REFERENCE","CD-G03-048","relation_to_active_range_mid","LOCATION:active_range_mid","Strategy instanceは候補から一つのactive referenceを事前bindingし後付け選択しない"
"MOMENTUM_EXHAUSTION","SHORT","ENTRY","DECISION","AT_LEAST_ONE","CD-G09-006","downward_progress_ticks_1s","PRICE_RESPONSE:downward_progress_ticks","反対responseを要求"
"MOMENTUM_EXHAUSTION","SHORT","ENTRY","DECISION","AT_LEAST_ONE","CD-G09-007","downward_progress_ticks_5s","PRICE_RESPONSE:downward_progress_ticks","反対responseを要求"
"MOMENTUM_EXHAUSTION","SHORT","ENTRY","DECISION","AT_LEAST_ONE","CD-G16-010","sellers_jump_in","COMPOSITE:AGGRESSION:SELL_ENTRY","反対responseを要求"
"MOMENTUM_EXHAUSTION","SHORT","ENTRY","DECISION","REQUIRED","CD-G16-026","reclaim_below_reference","COMPOSITE:RECLAIM:BELOW","反転方向reference reclaimを必須化"
"MOMENTUM_EXHAUSTION","SHORT","ENTRY","DECISION","AT_LEAST_ONE","CD-G16-041","directional_flow_resumed_down","COMPOSITE:FLOW_CHARACTER:RESUME_DOWN","反対responseを要求"
"MOMENTUM_EXHAUSTION","SHORT","ENTRY","SUPPORTING","AT_LEAST_ONE_INDEPENDENT","CD-G06-013","queue_imbalance_top5","BOOK_SHAPE:QUEUE_IMBALANCE","反転確認"
"MOMENTUM_EXHAUSTION","SHORT","ENTRY","SUPPORTING","AT_LEAST_ONE_INDEPENDENT","CD-G06-014","microprice_top5","BOOK_SHAPE:MICROPRICE","反転確認"
"MOMENTUM_EXHAUSTION","SHORT","ENTRY","SUPPORTING","AT_LEAST_ONE_INDEPENDENT","CD-G07-035","ask_refresh_count_1s","BOOK_EVENT:ask:refresh_count","反転確認"
"MOMENTUM_EXHAUSTION","SHORT","ENTRY","SUPPORTING","AT_LEAST_ONE_INDEPENDENT","CD-G10-002","trade_delta_5s","DELTA_FOOTPRINT:trade_delta","反転確認"
"MOMENTUM_EXHAUSTION","SHORT","ENTRY","SUPPORTING","AT_LEAST_ONE_INDEPENDENT","CD-G10-010","cvd_slope_5s","DELTA_FOOTPRINT:cvd_slope","反転確認"
"MOMENTUM_EXHAUSTION","SHORT","ENTRY","SUPPORTING","AT_LEAST_ONE_INDEPENDENT","CD-G10-034","stacked_sell_imbalance_depth_5s","DELTA_FOOTPRINT:stacked_sell_imbalance_depth","反転確認"
"MOMENTUM_EXHAUSTION","SHORT","ENTRY","SUPPORTING","AT_LEAST_ONE_INDEPENDENT","CD-G12-003","price_oi_joint_state_5m","DERIVATIVES:PRICE_OI","反転確認"
"MOMENTUM_EXHAUSTION","SHORT","ENTRY","SUPPORTING","AT_LEAST_ONE_INDEPENDENT","CD-G13-022","direction_agreement_1s","CROSS_VENUE:direction_agreement","反転確認"
"MOMENTUM_EXHAUSTION","SHORT","ENTRY","SUPPORTING","AT_LEAST_ONE_INDEPENDENT","CD-G16-046","observed_liquidation_led_upmove","COMPOSITE:LIQUIDATION_LED:UP","反転確認"
"MOMENTUM_EXHAUSTION","SHORT","POSITION","INVALIDATION","INVALIDATE_ANY","CD-G16-017","acceptance_above_reference","COMPOSITE:ACCEPTANCE:ABOVE","extreme更新と上側acceptance"
"MOMENTUM_EXHAUSTION","SHORT","POSITION","INVALIDATION","INVALIDATE_ANY","CD-G16-021","upside_breakout_follow_through","COMPOSITE:BREAKOUT:UP:FOLLOW_THROUGH","extreme更新と上側acceptance"
"MOMENTUM_EXHAUSTION","SHORT","POSITION","INVALIDATION","INVALIDATE_ANY","CD-G16-025","reclaim_above_reference","COMPOSITE:RECLAIM:ABOVE","extreme更新と上側acceptance"
"MOMENTUM_EXHAUSTION","SHORT","PRE_ENTRY","APPROACH","INPUT","CD-G08-002","buy_market_volume_1s","TAPE:buy:market_volume","上方向extensionのaggressionとprogress履歴"
"MOMENTUM_EXHAUSTION","SHORT","PRE_ENTRY","APPROACH","INPUT","CD-G08-003","buy_market_volume_5s","TAPE:buy:market_volume","上方向extensionのaggressionとprogress履歴"
"MOMENTUM_EXHAUSTION","SHORT","PRE_ENTRY","APPROACH","INPUT","CD-G08-017","buy_trade_rate_1s","TAPE:buy:trade_rate","上方向extensionのaggressionとprogress履歴"
"MOMENTUM_EXHAUSTION","SHORT","PRE_ENTRY","APPROACH","INPUT","CD-G08-018","buy_trade_rate_5s","TAPE:buy:trade_rate","上方向extensionのaggressionとprogress履歴"
"MOMENTUM_EXHAUSTION","SHORT","PRE_ENTRY","APPROACH","INPUT","CD-G08-024","buy_side_share_5s","TAPE:buy:side_share","上方向extensionのaggressionとprogress履歴"
"MOMENTUM_EXHAUSTION","SHORT","PRE_ENTRY","APPROACH","INPUT","CD-G09-003","upward_progress_ticks_5s","PRICE_RESPONSE:upward_progress_ticks","上方向extensionのaggressionとprogress履歴"
"MOMENTUM_EXHAUSTION","SHORT","PRE_ENTRY","APPROACH","INPUT","CD-G09-004","upward_progress_ticks_30s","PRICE_RESPONSE:upward_progress_ticks","上方向extensionのaggressionとprogress履歴"
"MOMENTUM_EXHAUSTION","SHORT","PRE_ENTRY","APPROACH","INPUT","CD-G09-018","buy_efficiency_1s","PRICE_RESPONSE:buy_efficiency","上方向extensionのaggressionとprogress履歴"
"MOMENTUM_EXHAUSTION","SHORT","PRE_ENTRY","APPROACH","INPUT","CD-G09-019","buy_efficiency_5s","PRICE_RESPONSE:buy_efficiency","上方向extensionのaggressionとprogress履歴"
"MOMENTUM_EXHAUSTION","SHORT","PRE_ENTRY","APPROACH","INPUT","CD-G16-031","buy_momentum_accelerating","COMPOSITE:MOMENTUM:BUY","上方向extensionのaggressionとprogress履歴"
"MOMENTUM_EXHAUSTION","SHORT","PRE_ENTRY","CONTRADICTION","VETO_ANY","CD-G16-017","acceptance_above_reference","COMPOSITE:ACCEPTANCE:ABOVE","元momentum再加速"
"MOMENTUM_EXHAUSTION","SHORT","PRE_ENTRY","CONTRADICTION","VETO_ANY","CD-G16-021","upside_breakout_follow_through","COMPOSITE:BREAKOUT:UP:FOLLOW_THROUGH","元momentum再加速"
"MOMENTUM_EXHAUSTION","SHORT","PRE_ENTRY","CONTRADICTION","VETO_ANY","CD-G16-031","buy_momentum_accelerating","COMPOSITE:MOMENTUM:BUY","元momentum再加速"
"MOMENTUM_EXHAUSTION","SHORT","PRE_ENTRY","CONTRADICTION","VETO_ANY","CD-G16-038","ask_passive_defense_failed","COMPOSITE:PASSIVE_DEFENSE:ASK","元momentum再加速"
"MOMENTUM_EXHAUSTION","SHORT","PRE_ENTRY","CONTRADICTION","VETO_ANY","CD-G16-042","upward_sweep_active","COMPOSITE:SWEEP:UP","元momentum再加速"
"MOMENTUM_EXHAUSTION","SHORT","PRE_ENTRY","EXHAUSTION","AT_LEAST_ONE","CD-G09-026","buy_no_progress_ratio_1s","PRICE_RESPONSE:buy_no_progress_ratio","aggression継続に対するprogress低下"
"MOMENTUM_EXHAUSTION","SHORT","PRE_ENTRY","EXHAUSTION","AT_LEAST_ONE","CD-G09-027","buy_no_progress_ratio_5s","PRICE_RESPONSE:buy_no_progress_ratio","aggression継続に対するprogress低下"
"MOMENTUM_EXHAUSTION","SHORT","PRE_ENTRY","EXHAUSTION","AT_LEAST_ONE","CD-G09-028","buy_no_progress_ratio_30s","PRICE_RESPONSE:buy_no_progress_ratio","aggression継続に対するprogress低下"
"MOMENTUM_EXHAUSTION","SHORT","PRE_ENTRY","EXHAUSTION","AT_LEAST_ONE","CD-G16-002","ask_absorption_like_active","COMPOSITE:ABSORPTION:ASK","aggression継続に対するprogress低下"
"MOMENTUM_EXHAUSTION","SHORT","PRE_ENTRY","EXHAUSTION","AT_LEAST_ONE","CD-G16-007","buyer_fade_active","COMPOSITE:FADE:BUYER","aggression継続に対するprogress低下"
"MOMENTUM_EXHAUSTION","SHORT","PRE_ENTRY","EXHAUSTION","AT_LEAST_ONE","CD-G16-011","trapped_buyers_like","COMPOSITE:TRAPPED_LIKE:BUYER","aggression継続に対するprogress低下"
"MOMENTUM_EXHAUSTION","SHORT","PRE_ENTRY","EXHAUSTION","AT_LEAST_ONE","CD-G16-015","high_rejection_active","COMPOSITE:REJECTION:HIGH","aggression継続に対するprogress低下"
"MOMENTUM_EXHAUSTION","SHORT","PRE_ENTRY","EXHAUSTION","AT_LEAST_ONE","CD-G16-033","buy_momentum_fading","COMPOSITE:MOMENTUM:BUY","aggression継続に対するprogress低下"
"MOMENTUM_EXHAUSTION","SHORT","PRE_ENTRY","EXHAUSTION","AT_LEAST_ONE","CD-G16-048","flow_price_divergence_active","COMPOSITE:FLOW_PRICE:DIVERGENCE","aggression継続に対するprogress低下"
"PULLBACK_CONTINUATION","BOTH","CONTEXT","ENVIRONMENT","CONTEXT_INPUT","CD-G02-001","session_id","REGIME:session_id","市場環境を記録しvariant適用範囲を決める。calendar未接続値はUNKNOWNを許容"
"PULLBACK_CONTINUATION","BOTH","CONTEXT","ENVIRONMENT","CONTEXT_INPUT","CD-G02-002","session_phase","REGIME:session_phase","市場環境を記録しvariant適用範囲を決める。calendar未接続値はUNKNOWNを許容"
"PULLBACK_CONTINUATION","BOTH","CONTEXT","ENVIRONMENT","CONTEXT_INPUT","CD-G02-012","funding_event_proximity","REGIME:funding_event_proximity","市場環境を記録しvariant適用範囲を決める。calendar未接続値はUNKNOWNを許容"
"PULLBACK_CONTINUATION","BOTH","CONTEXT","ENVIRONMENT","CONTEXT_INPUT","CD-G02-014","scheduled_macro_event_proximity","REGIME:scheduled_macro_event_proximity","市場環境を記録しvariant適用範囲を決める。calendar未接続値はUNKNOWNを許容"
"PULLBACK_CONTINUATION","BOTH","CONTEXT","ENVIRONMENT","CONTEXT_INPUT","CD-G02-015","post_news_cooldown_state","REGIME:post_news_cooldown_state","市場環境を記録しvariant適用範囲を決める。calendar未接続値はUNKNOWNを許容"
"PULLBACK_CONTINUATION","BOTH","CONTEXT","ENVIRONMENT","CONTEXT_INPUT","CD-G02-016","trend_regime","REGIME:trend_regime","Strategy固有のregime適格性とbaseline比較"
"PULLBACK_CONTINUATION","BOTH","CONTEXT","ENVIRONMENT","CONTEXT_INPUT","CD-G02-017","balance_regime","REGIME:balance_regime","Strategy固有のregime適格性とbaseline比較"
"PULLBACK_CONTINUATION","BOTH","CONTEXT","ENVIRONMENT","CONTEXT_INPUT","CD-G02-020","participation_regime","REGIME:participation_regime","市場環境を記録しvariant適用範囲を決める。calendar未接続値はUNKNOWNを許容"
"PULLBACK_CONTINUATION","BOTH","CONTEXT","ENVIRONMENT","CONTEXT_INPUT","CD-G02-021","volatility_regime","REGIME:volatility_regime","市場環境を記録しvariant適用範囲を決める。calendar未接続値はUNKNOWNを許容"
"PULLBACK_CONTINUATION","BOTH","CONTEXT","ENVIRONMENT","CONTEXT_INPUT","CD-G02-022","liquidity_regime","REGIME:liquidity_regime","市場環境を記録しvariant適用範囲を決める。calendar未接続値はUNKNOWNを許容"
"PULLBACK_CONTINUATION","BOTH","CONTEXT","ENVIRONMENT","CONTEXT_INPUT","CD-G02-023","regime_age","REGIME:regime_age","Strategy固有のregime適格性とbaseline比較"
"PULLBACK_CONTINUATION","BOTH","CONTEXT","ENVIRONMENT","CONTEXT_INPUT","CD-G02-024","regime_transition_flag","REGIME:regime_transition_flag","Strategy固有のregime適格性とbaseline比較"
"PULLBACK_CONTINUATION","BOTH","CONTEXT","ENVIRONMENT","CONTEXT_INPUT","CD-G04-011","spread_ticks","LIQUIDITY:SPREAD","市場環境を記録しvariant適用範囲を決める。calendar未接続値はUNKNOWNを許容"
"PULLBACK_CONTINUATION","BOTH","CONTEXT","ENVIRONMENT","CONTEXT_INPUT","CD-G04-015","trade_rate_percentile_1m","LIQUIDITY:TRADE_RATE","Strategy固有のregime適格性とbaseline比較"
"PULLBACK_CONTINUATION","BOTH","CONTEXT","ENVIRONMENT","CONTEXT_INPUT","CD-G04-016","trade_rate_percentile_5m","LIQUIDITY:TRADE_RATE","Strategy固有のregime適格性とbaseline比較"
"PULLBACK_CONTINUATION","BOTH","CONTEXT","ENVIRONMENT","CONTEXT_INPUT","CD-G04-023","volatility_state","VOLATILITY:STATE","市場環境を記録しvariant適用範囲を決める。calendar未接続値はUNKNOWNを許容"
"PULLBACK_CONTINUATION","BOTH","CONTEXT","ENVIRONMENT","CONTEXT_INPUT","CD-G04-024","tradeability_state","LIQUIDITY:STATE","市場環境を記録しvariant適用範囲を決める。calendar未接続値はUNKNOWNを許容"
"PULLBACK_CONTINUATION","BOTH","POSITION","POSITION","MANAGE","CD-G15-001","position_is_open","POSITION:position_is_open","entry後Hookごとに追加・縮小・決済・反転を再判定"
"PULLBACK_CONTINUATION","BOTH","POSITION","POSITION","MANAGE","CD-G15-002","side_matches_strategy","POSITION:side_matches_strategy","entry後Hookごとに追加・縮小・決済・反転を再判定"
"PULLBACK_CONTINUATION","BOTH","POSITION","POSITION","MANAGE","CD-G15-003","entry_fill_confirmed","POSITION:entry_fill_confirmed","entry後Hookごとに追加・縮小・決済・反転を再判定"
"PULLBACK_CONTINUATION","BOTH","POSITION","POSITION","MANAGE","CD-G15-004","holding_time_within_limit","POSITION:holding_time_within_limit","entry後Hookごとに追加・縮小・決済・反転を再判定"
"PULLBACK_CONTINUATION","BOTH","POSITION","POSITION","MANAGE","CD-G15-005","expected_reaction_deadline_clear","POSITION:expected_reaction_deadline_clear","entry後Hookごとに追加・縮小・決済・反転を再判定"
"PULLBACK_CONTINUATION","BOTH","POSITION","POSITION","MANAGE","CD-G15-006","unrealized_pnl_state","POSITION:unrealized_pnl_state","entry後Hookごとに追加・縮小・決済・反転を再判定"
"PULLBACK_CONTINUATION","BOTH","POSITION","POSITION","MANAGE","CD-G15-007","mae_within_limit","POSITION:mae_within_limit","entry後Hookごとに追加・縮小・決済・反転を再判定"
"PULLBACK_CONTINUATION","BOTH","POSITION","POSITION","MANAGE","CD-G15-008","mfe_state","POSITION:mfe_state","entry後Hookごとに追加・縮小・決済・反転を再判定"
"PULLBACK_CONTINUATION","BOTH","POSITION","POSITION","MANAGE","CD-G15-009","price_progress_supports_thesis","POSITION:price_progress_supports_thesis","entry後Hookごとに追加・縮小・決済・反転を再判定"
"PULLBACK_CONTINUATION","BOTH","POSITION","POSITION","MANAGE","CD-G15-010","order_flow_supports_thesis","POSITION:order_flow_supports_thesis","entry後Hookごとに追加・縮小・決済・反転を再判定"
"PULLBACK_CONTINUATION","BOTH","POSITION","POSITION","MANAGE","CD-G15-013","contradiction_below_limit","POSITION:contradiction_below_limit","entry後Hookごとに追加・縮小・決済・反転を再判定"
"PULLBACK_CONTINUATION","BOTH","POSITION","POSITION","MANAGE","CD-G15-014","invalidation_absent","POSITION:invalidation_absent","entry後Hookごとに追加・縮小・決済・反転を再判定"
"PULLBACK_CONTINUATION","BOTH","POSITION","POSITION","MANAGE","CD-G15-015","add_size_eligible","POSITION:add_size_eligible","entry後Hookごとに追加・縮小・決済・反転を再判定"
"PULLBACK_CONTINUATION","BOTH","POSITION","POSITION","MANAGE","CD-G15-016","reduce_size_required","POSITION:reduce_size_required","entry後Hookごとに追加・縮小・決済・反転を再判定"
"PULLBACK_CONTINUATION","BOTH","POSITION","POSITION","MANAGE","CD-G15-017","exit_required","POSITION:exit_required","entry後Hookごとに追加・縮小・決済・反転を再判定"
"PULLBACK_CONTINUATION","BOTH","POSITION","POSITION","MANAGE","CD-G15-018","reverse_candidate","POSITION:reverse_candidate","entry後Hookごとに追加・縮小・決済・反転を再判定"
"PULLBACK_CONTINUATION","BOTH","POSITION","POSITION","MANAGE","CD-G15-019","trailing_invalidation_updated","POSITION:trailing_invalidation_updated","entry後Hookごとに追加・縮小・決済・反転を再判定"
"PULLBACK_CONTINUATION","BOTH","POSITION","POSITION","MANAGE","CD-G15-020","remaining_risk_within_limit","POSITION:remaining_risk_within_limit","entry後Hookごとに追加・縮小・決済・反転を再判定"
"PULLBACK_CONTINUATION","BOTH","POSITION","POSITION","MANAGE","CD-G15-021","competing_strategy_dominant","POSITION:competing_strategy_dominant","entry後Hookごとに追加・縮小・決済・反転を再判定"
"PULLBACK_CONTINUATION","BOTH","POSITION","POSITION","MANAGE","CD-G15-022","satisfaction_tier_not_downgraded","POSITION:satisfaction_tier_not_downgraded","entry後Hookごとに追加・縮小・決済・反転を再判定"
"PULLBACK_CONTINUATION","BOTH","POSITION","POSITION","MANAGE","CD-G15-023","post_entry_data_fresh","POSITION:post_entry_data_fresh","entry後Hookごとに追加・縮小・決済・反転を再判定"
"PULLBACK_CONTINUATION","BOTH","POSITION","POSITION","MANAGE","CD-G15-024","flat_confirmation_received","POSITION:flat_confirmation_received","entry後Hookごとに追加・縮小・決済・反転を再判定"
"PULLBACK_CONTINUATION","BOTH","PRE_EVAL","QUALITY","HARD_ALL","CD-G01-001","depth_book_synced","QUALITY:depth_book_synced","欠損・gap・stale・future leakageをsupport条件で相殺せず発注評価を止める"
"PULLBACK_CONTINUATION","BOTH","PRE_EVAL","QUALITY","HARD_ALL","CD-G01-002","depth_sequence_contiguous","QUALITY:depth_sequence_contiguous","欠損・gap・stale・future leakageをsupport条件で相殺せず発注評価を止める"
"PULLBACK_CONTINUATION","BOTH","PRE_EVAL","QUALITY","HARD_ALL","CD-G01-003","depth_snapshot_applied","QUALITY:depth_snapshot_applied","欠損・gap・stale・future leakageをsupport条件で相殺せず発注評価を止める"
"PULLBACK_CONTINUATION","BOTH","PRE_EVAL","QUALITY","HARD_ALL","CD-G01-004","depth_event_fresh","QUALITY:depth_event_fresh","欠損・gap・stale・future leakageをsupport条件で相殺せず発注評価を止める"
"PULLBACK_CONTINUATION","BOTH","PRE_EVAL","QUALITY","HARD_ALL","CD-G01-005","trade_event_fresh","QUALITY:trade_event_fresh","欠損・gap・stale・future leakageをsupport条件で相殺せず発注評価を止める"
"PULLBACK_CONTINUATION","BOTH","PRE_EVAL","QUALITY","HARD_ALL","CD-G01-009","exchange_clock_aligned","QUALITY:exchange_clock_aligned","欠損・gap・stale・future leakageをsupport条件で相殺せず発注評価を止める"
"PULLBACK_CONTINUATION","BOTH","PRE_EVAL","QUALITY","HARD_ALL","CD-G01-010","receive_clock_monotonic","QUALITY:receive_clock_monotonic","欠損・gap・stale・future leakageをsupport条件で相殺せず発注評価を止める"
"PULLBACK_CONTINUATION","BOTH","PRE_EVAL","QUALITY","HARD_ALL","CD-G01-011","event_order_monotonic","QUALITY:event_order_monotonic","欠損・gap・stale・future leakageをsupport条件で相殺せず発注評価を止める"
"PULLBACK_CONTINUATION","BOTH","PRE_EVAL","QUALITY","HARD_ALL","CD-G01-012","schema_version_known","QUALITY:schema_version_known","欠損・gap・stale・future leakageをsupport条件で相殺せず発注評価を止める"
"PULLBACK_CONTINUATION","BOTH","PRE_EVAL","QUALITY","HARD_ALL","CD-G01-013","symbol_mapping_valid","QUALITY:symbol_mapping_valid","欠損・gap・stale・future leakageをsupport条件で相殺せず発注評価を止める"
"PULLBACK_CONTINUATION","BOTH","PRE_EVAL","QUALITY","HARD_ALL","CD-G01-014","tick_size_valid","QUALITY:tick_size_valid","欠損・gap・stale・future leakageをsupport条件で相殺せず発注評価を止める"
"PULLBACK_CONTINUATION","BOTH","PRE_EVAL","QUALITY","HARD_ALL","CD-G01-016","duplicate_event_absent","QUALITY:duplicate_event_absent","欠損・gap・stale・future leakageをsupport条件で相殺せず発注評価を止める"
"PULLBACK_CONTINUATION","BOTH","PRE_EVAL","QUALITY","HARD_ALL","CD-G01-017","trade_gap_absent","QUALITY:trade_gap_absent","欠損・gap・stale・future leakageをsupport条件で相殺せず発注評価を止める"
"PULLBACK_CONTINUATION","BOTH","PRE_EVAL","QUALITY","HARD_ALL","CD-G01-018","depth_gap_absent","QUALITY:depth_gap_absent","欠損・gap・stale・future leakageをsupport条件で相殺せず発注評価を止める"
"PULLBACK_CONTINUATION","BOTH","PRE_EVAL","QUALITY","HARD_ALL","CD-G01-019","persistence_confirmed","QUALITY:persistence_confirmed","欠損・gap・stale・future leakageをsupport条件で相殺せず発注評価を止める"
"PULLBACK_CONTINUATION","BOTH","PRE_EVAL","QUALITY","HARD_ALL","CD-G01-020","market_state_atomic","QUALITY:market_state_atomic","欠損・gap・stale・future leakageをsupport条件で相殺せず発注評価を止める"
"PULLBACK_CONTINUATION","BOTH","PRE_EVAL","QUALITY","HARD_ALL","CD-G01-021","cross_source_time_aligned","QUALITY:cross_source_time_aligned","欠損・gap・stale・future leakageをsupport条件で相殺せず発注評価を止める"
"PULLBACK_CONTINUATION","BOTH","PRE_EVAL","QUALITY","HARD_ALL","CD-G01-022","source_reconnect_stable","QUALITY:source_reconnect_stable","欠損・gap・stale・future leakageをsupport条件で相殺せず発注評価を止める"
"PULLBACK_CONTINUATION","BOTH","PRE_EVAL","QUALITY","HARD_ALL","CD-G01-023","resync_cooldown_elapsed","QUALITY:resync_cooldown_elapsed","欠損・gap・stale・future leakageをsupport条件で相殺せず発注評価を止める"
"PULLBACK_CONTINUATION","BOTH","PRE_EVAL","QUALITY","HARD_ALL","CD-G01-025","aggregation_limit_disclosed","QUALITY:aggregation_limit_disclosed","欠損・gap・stale・future leakageをsupport条件で相殺せず発注評価を止める"
"PULLBACK_CONTINUATION","BOTH","PRE_EVAL","QUALITY","HARD_ALL","CD-G01-026","future_leakage_absent","QUALITY:future_leakage_absent","欠損・gap・stale・future leakageをsupport条件で相殺せず発注評価を止める"
"PULLBACK_CONTINUATION","BOTH","PRE_EVAL","QUALITY","HARD_ALL","CD-G01-027","window_complete","QUALITY:window_complete","欠損・gap・stale・future leakageをsupport条件で相殺せず発注評価を止める"
"PULLBACK_CONTINUATION","BOTH","PRE_EVAL","QUALITY","HARD_ALL","CD-G01-028","baseline_sample_sufficient","QUALITY:baseline_sample_sufficient","欠損・gap・stale・future leakageをsupport条件で相殺せず発注評価を止める"
"PULLBACK_CONTINUATION","BOTH","PRE_ORDER","EXECUTION","HARD_ALL","CD-G14-001","hfm_symbol_tradeable","EXECUTION_RISK:hfm_symbol_tradeable","HFM自動発注前のhard gate"
"PULLBACK_CONTINUATION","BOTH","PRE_ORDER","EXECUTION","HARD_ALL","CD-G14-002","execution_hfm_quote_fresh","EXECUTION_RISK:execution_hfm_quote_fresh","HFM自動発注前のhard gate"
"PULLBACK_CONTINUATION","BOTH","PRE_ORDER","EXECUTION","HARD_ALL","CD-G14-003","hfm_spread_within_limit","EXECUTION_RISK:hfm_spread_within_limit","HFM自動発注前のhard gate"
"PULLBACK_CONTINUATION","BOTH","PRE_ORDER","EXECUTION","HARD_ALL","CD-G14-004","hfm_basis_within_limit","EXECUTION_RISK:hfm_basis_within_limit","HFM自動発注前のhard gate"
"PULLBACK_CONTINUATION","BOTH","PRE_ORDER","EXECUTION","HARD_ALL","CD-G14-005","execution_latency_within_limit","EXECUTION_RISK:execution_latency_within_limit","HFM自動発注前のhard gate"
"PULLBACK_CONTINUATION","BOTH","PRE_ORDER","EXECUTION","HARD_ALL","CD-G14-006","expected_slippage_within_limit","EXECUTION_RISK:expected_slippage_within_limit","HFM自動発注前のhard gate"
"PULLBACK_CONTINUATION","BOTH","PRE_ORDER","EXECUTION","HARD_ALL","CD-G14-007","expected_cost_within_limit","EXECUTION_RISK:expected_cost_within_limit","HFM自動発注前のhard gate"
"PULLBACK_CONTINUATION","BOTH","PRE_ORDER","EXECUTION","HARD_ALL","CD-G14-008","risk_reward_above_floor","EXECUTION_RISK:risk_reward_above_floor","HFM自動発注前のhard gate"
"PULLBACK_CONTINUATION","BOTH","PRE_ORDER","EXECUTION","HARD_ALL","CD-G14-009","invalidation_distance_valid","EXECUTION_RISK:invalidation_distance_valid","HFM自動発注前のhard gate"
"PULLBACK_CONTINUATION","BOTH","PRE_ORDER","EXECUTION","HARD_ALL","CD-G14-010","risk_budget_available","EXECUTION_RISK:risk_budget_available","HFM自動発注前のhard gate"
"PULLBACK_CONTINUATION","BOTH","PRE_ORDER","EXECUTION","HARD_ALL","CD-G14-011","position_cap_available","EXECUTION_RISK:position_cap_available","HFM自動発注前のhard gate"
"PULLBACK_CONTINUATION","BOTH","PRE_ORDER","EXECUTION","HARD_ALL","CD-G14-012","margin_available","EXECUTION_RISK:margin_available","HFM自動発注前のhard gate"
"PULLBACK_CONTINUATION","BOTH","PRE_ORDER","EXECUTION","HARD_ALL","CD-G14-013","broker_volume_step_valid","EXECUTION_RISK:broker_volume_step_valid","HFM自動発注前のhard gate"
"PULLBACK_CONTINUATION","BOTH","PRE_ORDER","EXECUTION","HARD_ALL","CD-G14-014","broker_min_volume_met","EXECUTION_RISK:broker_min_volume_met","HFM自動発注前のhard gate"
"PULLBACK_CONTINUATION","BOTH","PRE_ORDER","EXECUTION","HARD_ALL","CD-G14-015","broker_max_volume_not_exceeded","EXECUTION_RISK:broker_max_volume_not_exceeded","HFM自動発注前のhard gate"
"PULLBACK_CONTINUATION","BOTH","PRE_ORDER","EXECUTION","HARD_ALL","CD-G14-016","broker_stop_distance_valid","EXECUTION_RISK:broker_stop_distance_valid","HFM自動発注前のhard gate"
"PULLBACK_CONTINUATION","BOTH","PRE_ORDER","EXECUTION","HARD_ALL","CD-G14-017","duplicate_intent_absent","EXECUTION_RISK:duplicate_intent_absent","HFM自動発注前のhard gate"
"PULLBACK_CONTINUATION","BOTH","PRE_ORDER","EXECUTION","HARD_ALL","CD-G14-018","outstanding_order_conflict_absent","EXECUTION_RISK:outstanding_order_conflict_absent","HFM自動発注前のhard gate"
"PULLBACK_CONTINUATION","BOTH","PRE_ORDER","EXECUTION","HARD_ALL","CD-G14-019","idempotency_key_available","EXECUTION_RISK:idempotency_key_available","HFM自動発注前のhard gate"
"PULLBACK_CONTINUATION","BOTH","PRE_ORDER","EXECUTION","HARD_ALL","CD-G14-020","execution_mode_allowed","EXECUTION_RISK:execution_mode_allowed","HFM自動発注前のhard gate"
"PULLBACK_CONTINUATION","BOTH","PRE_ORDER","EXECUTION","HARD_ALL","CD-G14-021","daily_loss_limit_clear","EXECUTION_RISK:daily_loss_limit_clear","HFM自動発注前のhard gate"
"PULLBACK_CONTINUATION","BOTH","PRE_ORDER","EXECUTION","HARD_ALL","CD-G14-022","drawdown_limit_clear","EXECUTION_RISK:drawdown_limit_clear","HFM自動発注前のhard gate"
"PULLBACK_CONTINUATION","BOTH","PRE_ORDER","EXECUTION","HARD_ALL","CD-G14-023","cooldown_elapsed","EXECUTION_RISK:cooldown_elapsed","HFM自動発注前のhard gate"
"PULLBACK_CONTINUATION","BOTH","PRE_ORDER","EXECUTION","HARD_ALL","CD-G14-024","max_order_rate_clear","EXECUTION_RISK:max_order_rate_clear","HFM自動発注前のhard gate"
"PULLBACK_CONTINUATION","BOTH","PRE_ORDER","EXECUTION","HARD_ALL","CD-G14-025","recent_reject_rate_acceptable","EXECUTION_RISK:recent_reject_rate_acceptable","HFM自動発注前のhard gate"
"PULLBACK_CONTINUATION","BOTH","PRE_ORDER","EXECUTION","HARD_ALL","CD-G14-026","recent_fill_rate_acceptable","EXECUTION_RISK:recent_fill_rate_acceptable","HFM自動発注前のhard gate"
"PULLBACK_CONTINUATION","BOTH","PRE_ORDER","EXECUTION","HARD_ALL","CD-G14-027","emergency_stop_clear","EXECUTION_RISK:emergency_stop_clear","HFM自動発注前のhard gate"
"PULLBACK_CONTINUATION","BOTH","PRE_ORDER","EXECUTION","DERIVED_SUMMARY","CD-G14-028","all_execution_hard_gates_pass","EXECUTION_RISK:all_execution_hard_gates_pass","個別execution gateの集約結果であり独立票ではない"
"PULLBACK_CONTINUATION","LONG","CONTEXT","LOCATION","BIND_ONE_REFERENCE","CD-G03-027","distance_to_rolling_5m_low","LOCATION:rolling_5m_low","Strategy instanceは候補から一つのactive referenceを事前bindingし後付け選択しない"
"PULLBACK_CONTINUATION","LONG","CONTEXT","LOCATION","BIND_ONE_REFERENCE","CD-G03-028","relation_to_rolling_5m_low","LOCATION:rolling_5m_low","Strategy instanceは候補から一つのactive referenceを事前bindingし後付け選択しない"
"PULLBACK_CONTINUATION","LONG","CONTEXT","LOCATION","BIND_ONE_REFERENCE","CD-G03-037","distance_to_session_vwap","LOCATION:session_vwap","Strategy instanceは候補から一つのactive referenceを事前bindingし後付け選択しない"
"PULLBACK_CONTINUATION","LONG","CONTEXT","LOCATION","BIND_ONE_REFERENCE","CD-G03-038","relation_to_session_vwap","LOCATION:session_vwap","Strategy instanceは候補から一つのactive referenceを事前bindingし後付け選択しない"
"PULLBACK_CONTINUATION","LONG","CONTEXT","LOCATION","BIND_ONE_REFERENCE","CD-G03-039","distance_to_session_open_avwap","LOCATION:session_open_avwap","Strategy instanceは候補から一つのactive referenceを事前bindingし後付け選択しない"
"PULLBACK_CONTINUATION","LONG","CONTEXT","LOCATION","BIND_ONE_REFERENCE","CD-G03-040","relation_to_session_open_avwap","LOCATION:session_open_avwap","Strategy instanceは候補から一つのactive referenceを事前bindingし後付け選択しない"
"PULLBACK_CONTINUATION","LONG","CONTEXT","LOCATION","BIND_ONE_REFERENCE","CD-G03-041","distance_to_profile_poc","LOCATION:profile_poc","Strategy instanceは候補から一つのactive referenceを事前bindingし後付け選択しない"
"PULLBACK_CONTINUATION","LONG","CONTEXT","LOCATION","BIND_ONE_REFERENCE","CD-G03-042","relation_to_profile_poc","LOCATION:profile_poc","Strategy instanceは候補から一つのactive referenceを事前bindingし後付け選択しない"
"PULLBACK_CONTINUATION","LONG","CONTEXT","LOCATION","BIND_ONE_REFERENCE","CD-G03-045","distance_to_profile_val","LOCATION:profile_val","Strategy instanceは候補から一つのactive referenceを事前bindingし後付け選択しない"
"PULLBACK_CONTINUATION","LONG","CONTEXT","LOCATION","BIND_ONE_REFERENCE","CD-G03-046","relation_to_profile_val","LOCATION:profile_val","Strategy instanceは候補から一つのactive referenceを事前bindingし後付け選択しない"
"PULLBACK_CONTINUATION","LONG","CONTEXT","LOCATION","BIND_ONE_REFERENCE","CD-G03-047","distance_to_active_range_mid","LOCATION:active_range_mid","Strategy instanceは候補から一つのactive referenceを事前bindingし後付け選択しない"
"PULLBACK_CONTINUATION","LONG","CONTEXT","LOCATION","BIND_ONE_REFERENCE","CD-G03-048","relation_to_active_range_mid","LOCATION:active_range_mid","Strategy instanceは候補から一つのactive referenceを事前bindingし後付け選択しない"
"PULLBACK_CONTINUATION","LONG","ENTRY","DECISION","AT_LEAST_ONE","CD-G16-009","buyers_jump_in","COMPOSITE:AGGRESSION:BUY_ENTRY","再開のaccess signal"
"PULLBACK_CONTINUATION","LONG","ENTRY","DECISION","AT_LEAST_ONE","CD-G16-025","reclaim_above_reference","COMPOSITE:RECLAIM:ABOVE","再開のaccess signal"
"PULLBACK_CONTINUATION","LONG","ENTRY","DECISION","AT_LEAST_ONE","CD-G16-031","buy_momentum_accelerating","COMPOSITE:MOMENTUM:BUY","再開のaccess signal"
"PULLBACK_CONTINUATION","LONG","ENTRY","DECISION","AT_LEAST_ONE","CD-G16-035","bid_passive_defense_holding","COMPOSITE:PASSIVE_DEFENSE:BID","再開のaccess signal"
"PULLBACK_CONTINUATION","LONG","ENTRY","DECISION","REQUIRED","CD-G16-040","directional_flow_resumed_up","COMPOSITE:FLOW_CHARACTER:RESUME_UP","元方向initiative再開を必須化"
"PULLBACK_CONTINUATION","LONG","ENTRY","SUPPORTING","AT_LEAST_ONE_INDEPENDENT","CD-G06-013","queue_imbalance_top5","BOOK_SHAPE:QUEUE_IMBALANCE","reference holdと元方向flowの追加確認"
"PULLBACK_CONTINUATION","LONG","ENTRY","SUPPORTING","AT_LEAST_ONE_INDEPENDENT","CD-G06-014","microprice_top5","BOOK_SHAPE:MICROPRICE","reference holdと元方向flowの追加確認"
"PULLBACK_CONTINUATION","LONG","ENTRY","SUPPORTING","AT_LEAST_ONE_INDEPENDENT","CD-G07-011","bid_refresh_count_1s","BOOK_EVENT:bid:refresh_count","reference holdと元方向flowの追加確認"
"PULLBACK_CONTINUATION","LONG","ENTRY","SUPPORTING","AT_LEAST_ONE_INDEPENDENT","CD-G10-002","trade_delta_5s","DELTA_FOOTPRINT:trade_delta","reference holdと元方向flowの追加確認"
"PULLBACK_CONTINUATION","LONG","ENTRY","SUPPORTING","AT_LEAST_ONE_INDEPENDENT","CD-G10-010","cvd_slope_5s","DELTA_FOOTPRINT:cvd_slope","reference holdと元方向flowの追加確認"
"PULLBACK_CONTINUATION","LONG","ENTRY","SUPPORTING","AT_LEAST_ONE_INDEPENDENT","CD-G10-022","positive_imbalance_count_5s","DELTA_FOOTPRINT:positive_imbalance_count","reference holdと元方向flowの追加確認"
"PULLBACK_CONTINUATION","LONG","ENTRY","SUPPORTING","AT_LEAST_ONE_INDEPENDENT","CD-G10-030","stacked_buy_imbalance_depth_5s","DELTA_FOOTPRINT:stacked_buy_imbalance_depth","reference holdと元方向flowの追加確認"
"PULLBACK_CONTINUATION","LONG","POSITION","INVALIDATION","INVALIDATE_ANY","CD-G16-018","acceptance_below_reference","COMPOSITE:ACCEPTANCE:BELOW","reference破壊と反対acceptance"
"PULLBACK_CONTINUATION","LONG","POSITION","INVALIDATION","INVALIDATE_ANY","CD-G16-022","downside_breakout_follow_through","COMPOSITE:BREAKOUT:DOWN:FOLLOW_THROUGH","reference破壊と反対acceptance"
"PULLBACK_CONTINUATION","LONG","POSITION","INVALIDATION","INVALIDATE_ANY","CD-G16-026","reclaim_below_reference","COMPOSITE:RECLAIM:BELOW","reference破壊と反対acceptance"
"PULLBACK_CONTINUATION","LONG","POSITION","POSITION","MANAGE","CD-G15-011","passive_defense_holds","POSITION:passive_defense_holds","defended pullback referenceの維持"
"PULLBACK_CONTINUATION","LONG","PRE_ENTRY","CONTRADICTION","VETO_ANY","CD-G16-018","acceptance_below_reference","COMPOSITE:ACCEPTANCE:BELOW","pullbackが新しい反対auctionへ発展"
"PULLBACK_CONTINUATION","LONG","PRE_ENTRY","CONTRADICTION","VETO_ANY","CD-G16-020","downside_breakout_attempt","COMPOSITE:BREAKOUT:DOWN:ATTEMPT","pullbackが新しい反対auctionへ発展"
"PULLBACK_CONTINUATION","LONG","PRE_ENTRY","CONTRADICTION","VETO_ANY","CD-G16-022","downside_breakout_follow_through","COMPOSITE:BREAKOUT:DOWN:FOLLOW_THROUGH","pullbackが新しい反対auctionへ発展"
"PULLBACK_CONTINUATION","LONG","PRE_ENTRY","CONTRADICTION","VETO_ANY","CD-G16-032","sell_momentum_accelerating","COMPOSITE:MOMENTUM:SELL","pullbackが新しい反対auctionへ発展"
"PULLBACK_CONTINUATION","LONG","PRE_ENTRY","CONTRADICTION","VETO_ANY","CD-G16-037","bid_passive_defense_failed","COMPOSITE:PASSIVE_DEFENSE:BID","pullbackが新しい反対auctionへ発展"
"PULLBACK_CONTINUATION","LONG","PRE_ENTRY","CONTRADICTION","VETO_ANY","CD-G16-041","directional_flow_resumed_down","COMPOSITE:FLOW_CHARACTER:RESUME_DOWN","pullbackが新しい反対auctionへ発展"
"PULLBACK_CONTINUATION","LONG","PRE_ENTRY","PULLBACK","INPUT","CD-G08-026","sell_market_volume_1s","TAPE:sell:market_volume","上昇auction内counter-flowの量・深さ・効率"
"PULLBACK_CONTINUATION","LONG","PRE_ENTRY","PULLBACK","INPUT","CD-G08-027","sell_market_volume_5s","TAPE:sell:market_volume","上昇auction内counter-flowの量・深さ・効率"
"PULLBACK_CONTINUATION","LONG","PRE_ENTRY","PULLBACK","INPUT","CD-G08-041","sell_trade_rate_1s","TAPE:sell:trade_rate","上昇auction内counter-flowの量・深さ・効率"
"PULLBACK_CONTINUATION","LONG","PRE_ENTRY","PULLBACK","INPUT","CD-G08-042","sell_trade_rate_5s","TAPE:sell:trade_rate","上昇auction内counter-flowの量・深さ・効率"
"PULLBACK_CONTINUATION","LONG","PRE_ENTRY","PULLBACK","INPUT","CD-G09-006","downward_progress_ticks_1s","PRICE_RESPONSE:downward_progress_ticks","上昇auction内counter-flowの量・深さ・効率"
"PULLBACK_CONTINUATION","LONG","PRE_ENTRY","PULLBACK","INPUT","CD-G09-007","downward_progress_ticks_5s","PRICE_RESPONSE:downward_progress_ticks","上昇auction内counter-flowの量・深さ・効率"
"PULLBACK_CONTINUATION","LONG","PRE_ENTRY","PULLBACK","INPUT","CD-G09-022","sell_efficiency_1s","PRICE_RESPONSE:sell_efficiency","上昇auction内counter-flowの量・深さ・効率"
"PULLBACK_CONTINUATION","LONG","PRE_ENTRY","PULLBACK","INPUT","CD-G09-023","sell_efficiency_5s","PRICE_RESPONSE:sell_efficiency","上昇auction内counter-flowの量・深さ・効率"
"PULLBACK_CONTINUATION","LONG","PRE_ENTRY","STALL","REQUIRED","CD-G16-027","bullish_pullback_low_participation","COMPOSITE:PULLBACK:BULL:PARTICIPATION","低参加pullbackと下方進行停止を両方要求"
"PULLBACK_CONTINUATION","LONG","PRE_ENTRY","STALL","REQUIRED","CD-G16-029","bullish_pullback_stall","COMPOSITE:PULLBACK:BULL:STALL","低参加pullbackと下方進行停止を両方要求"
"PULLBACK_CONTINUATION","SHORT","CONTEXT","LOCATION","BIND_ONE_REFERENCE","CD-G03-025","distance_to_rolling_5m_high","LOCATION:rolling_5m_high","Strategy instanceは候補から一つのactive referenceを事前bindingし後付け選択しない"
"PULLBACK_CONTINUATION","SHORT","CONTEXT","LOCATION","BIND_ONE_REFERENCE","CD-G03-026","relation_to_rolling_5m_high","LOCATION:rolling_5m_high","Strategy instanceは候補から一つのactive referenceを事前bindingし後付け選択しない"
"PULLBACK_CONTINUATION","SHORT","CONTEXT","LOCATION","BIND_ONE_REFERENCE","CD-G03-037","distance_to_session_vwap","LOCATION:session_vwap","Strategy instanceは候補から一つのactive referenceを事前bindingし後付け選択しない"
"PULLBACK_CONTINUATION","SHORT","CONTEXT","LOCATION","BIND_ONE_REFERENCE","CD-G03-038","relation_to_session_vwap","LOCATION:session_vwap","Strategy instanceは候補から一つのactive referenceを事前bindingし後付け選択しない"
"PULLBACK_CONTINUATION","SHORT","CONTEXT","LOCATION","BIND_ONE_REFERENCE","CD-G03-039","distance_to_session_open_avwap","LOCATION:session_open_avwap","Strategy instanceは候補から一つのactive referenceを事前bindingし後付け選択しない"
"PULLBACK_CONTINUATION","SHORT","CONTEXT","LOCATION","BIND_ONE_REFERENCE","CD-G03-040","relation_to_session_open_avwap","LOCATION:session_open_avwap","Strategy instanceは候補から一つのactive referenceを事前bindingし後付け選択しない"
"PULLBACK_CONTINUATION","SHORT","CONTEXT","LOCATION","BIND_ONE_REFERENCE","CD-G03-041","distance_to_profile_poc","LOCATION:profile_poc","Strategy instanceは候補から一つのactive referenceを事前bindingし後付け選択しない"
"PULLBACK_CONTINUATION","SHORT","CONTEXT","LOCATION","BIND_ONE_REFERENCE","CD-G03-042","relation_to_profile_poc","LOCATION:profile_poc","Strategy instanceは候補から一つのactive referenceを事前bindingし後付け選択しない"
"PULLBACK_CONTINUATION","SHORT","CONTEXT","LOCATION","BIND_ONE_REFERENCE","CD-G03-043","distance_to_profile_vah","LOCATION:profile_vah","Strategy instanceは候補から一つのactive referenceを事前bindingし後付け選択しない"
"PULLBACK_CONTINUATION","SHORT","CONTEXT","LOCATION","BIND_ONE_REFERENCE","CD-G03-044","relation_to_profile_vah","LOCATION:profile_vah","Strategy instanceは候補から一つのactive referenceを事前bindingし後付け選択しない"
"PULLBACK_CONTINUATION","SHORT","CONTEXT","LOCATION","BIND_ONE_REFERENCE","CD-G03-047","distance_to_active_range_mid","LOCATION:active_range_mid","Strategy instanceは候補から一つのactive referenceを事前bindingし後付け選択しない"
"PULLBACK_CONTINUATION","SHORT","CONTEXT","LOCATION","BIND_ONE_REFERENCE","CD-G03-048","relation_to_active_range_mid","LOCATION:active_range_mid","Strategy instanceは候補から一つのactive referenceを事前bindingし後付け選択しない"
"PULLBACK_CONTINUATION","SHORT","ENTRY","DECISION","AT_LEAST_ONE","CD-G16-010","sellers_jump_in","COMPOSITE:AGGRESSION:SELL_ENTRY","再開のaccess signal"
"PULLBACK_CONTINUATION","SHORT","ENTRY","DECISION","AT_LEAST_ONE","CD-G16-026","reclaim_below_reference","COMPOSITE:RECLAIM:BELOW","再開のaccess signal"
"PULLBACK_CONTINUATION","SHORT","ENTRY","DECISION","AT_LEAST_ONE","CD-G16-032","sell_momentum_accelerating","COMPOSITE:MOMENTUM:SELL","再開のaccess signal"
"PULLBACK_CONTINUATION","SHORT","ENTRY","DECISION","AT_LEAST_ONE","CD-G16-036","ask_passive_defense_holding","COMPOSITE:PASSIVE_DEFENSE:ASK","再開のaccess signal"
"PULLBACK_CONTINUATION","SHORT","ENTRY","DECISION","REQUIRED","CD-G16-041","directional_flow_resumed_down","COMPOSITE:FLOW_CHARACTER:RESUME_DOWN","元方向initiative再開を必須化"
"PULLBACK_CONTINUATION","SHORT","ENTRY","SUPPORTING","AT_LEAST_ONE_INDEPENDENT","CD-G06-013","queue_imbalance_top5","BOOK_SHAPE:QUEUE_IMBALANCE","reference holdと元方向flowの追加確認"
"PULLBACK_CONTINUATION","SHORT","ENTRY","SUPPORTING","AT_LEAST_ONE_INDEPENDENT","CD-G06-014","microprice_top5","BOOK_SHAPE:MICROPRICE","reference holdと元方向flowの追加確認"
"PULLBACK_CONTINUATION","SHORT","ENTRY","SUPPORTING","AT_LEAST_ONE_INDEPENDENT","CD-G07-035","ask_refresh_count_1s","BOOK_EVENT:ask:refresh_count","reference holdと元方向flowの追加確認"
"PULLBACK_CONTINUATION","SHORT","ENTRY","SUPPORTING","AT_LEAST_ONE_INDEPENDENT","CD-G10-002","trade_delta_5s","DELTA_FOOTPRINT:trade_delta","reference holdと元方向flowの追加確認"
"PULLBACK_CONTINUATION","SHORT","ENTRY","SUPPORTING","AT_LEAST_ONE_INDEPENDENT","CD-G10-010","cvd_slope_5s","DELTA_FOOTPRINT:cvd_slope","reference holdと元方向flowの追加確認"
"PULLBACK_CONTINUATION","SHORT","ENTRY","SUPPORTING","AT_LEAST_ONE_INDEPENDENT","CD-G10-026","negative_imbalance_count_5s","DELTA_FOOTPRINT:negative_imbalance_count","reference holdと元方向flowの追加確認"
"PULLBACK_CONTINUATION","SHORT","ENTRY","SUPPORTING","AT_LEAST_ONE_INDEPENDENT","CD-G10-034","stacked_sell_imbalance_depth_5s","DELTA_FOOTPRINT:stacked_sell_imbalance_depth","reference holdと元方向flowの追加確認"
"PULLBACK_CONTINUATION","SHORT","POSITION","INVALIDATION","INVALIDATE_ANY","CD-G16-017","acceptance_above_reference","COMPOSITE:ACCEPTANCE:ABOVE","reference破壊と反対acceptance"
"PULLBACK_CONTINUATION","SHORT","POSITION","INVALIDATION","INVALIDATE_ANY","CD-G16-021","upside_breakout_follow_through","COMPOSITE:BREAKOUT:UP:FOLLOW_THROUGH","reference破壊と反対acceptance"
"PULLBACK_CONTINUATION","SHORT","POSITION","INVALIDATION","INVALIDATE_ANY","CD-G16-025","reclaim_above_reference","COMPOSITE:RECLAIM:ABOVE","reference破壊と反対acceptance"
"PULLBACK_CONTINUATION","SHORT","POSITION","POSITION","MANAGE","CD-G15-011","passive_defense_holds","POSITION:passive_defense_holds","defended pullback referenceの維持"
"PULLBACK_CONTINUATION","SHORT","PRE_ENTRY","CONTRADICTION","VETO_ANY","CD-G16-017","acceptance_above_reference","COMPOSITE:ACCEPTANCE:ABOVE","pullbackが新しい反対auctionへ発展"
"PULLBACK_CONTINUATION","SHORT","PRE_ENTRY","CONTRADICTION","VETO_ANY","CD-G16-019","upside_breakout_attempt","COMPOSITE:BREAKOUT:UP:ATTEMPT","pullbackが新しい反対auctionへ発展"
"PULLBACK_CONTINUATION","SHORT","PRE_ENTRY","CONTRADICTION","VETO_ANY","CD-G16-021","upside_breakout_follow_through","COMPOSITE:BREAKOUT:UP:FOLLOW_THROUGH","pullbackが新しい反対auctionへ発展"
"PULLBACK_CONTINUATION","SHORT","PRE_ENTRY","CONTRADICTION","VETO_ANY","CD-G16-031","buy_momentum_accelerating","COMPOSITE:MOMENTUM:BUY","pullbackが新しい反対auctionへ発展"
"PULLBACK_CONTINUATION","SHORT","PRE_ENTRY","CONTRADICTION","VETO_ANY","CD-G16-038","ask_passive_defense_failed","COMPOSITE:PASSIVE_DEFENSE:ASK","pullbackが新しい反対auctionへ発展"
"PULLBACK_CONTINUATION","SHORT","PRE_ENTRY","CONTRADICTION","VETO_ANY","CD-G16-040","directional_flow_resumed_up","COMPOSITE:FLOW_CHARACTER:RESUME_UP","pullbackが新しい反対auctionへ発展"
"PULLBACK_CONTINUATION","SHORT","PRE_ENTRY","PULLBACK","INPUT","CD-G08-002","buy_market_volume_1s","TAPE:buy:market_volume","下降auction内counter-flowの量・深さ・効率"
"PULLBACK_CONTINUATION","SHORT","PRE_ENTRY","PULLBACK","INPUT","CD-G08-003","buy_market_volume_5s","TAPE:buy:market_volume","下降auction内counter-flowの量・深さ・効率"
"PULLBACK_CONTINUATION","SHORT","PRE_ENTRY","PULLBACK","INPUT","CD-G08-017","buy_trade_rate_1s","TAPE:buy:trade_rate","下降auction内counter-flowの量・深さ・効率"
"PULLBACK_CONTINUATION","SHORT","PRE_ENTRY","PULLBACK","INPUT","CD-G08-018","buy_trade_rate_5s","TAPE:buy:trade_rate","下降auction内counter-flowの量・深さ・効率"
"PULLBACK_CONTINUATION","SHORT","PRE_ENTRY","PULLBACK","INPUT","CD-G09-002","upward_progress_ticks_1s","PRICE_RESPONSE:upward_progress_ticks","下降auction内counter-flowの量・深さ・効率"
"PULLBACK_CONTINUATION","SHORT","PRE_ENTRY","PULLBACK","INPUT","CD-G09-003","upward_progress_ticks_5s","PRICE_RESPONSE:upward_progress_ticks","下降auction内counter-flowの量・深さ・効率"
"PULLBACK_CONTINUATION","SHORT","PRE_ENTRY","PULLBACK","INPUT","CD-G09-018","buy_efficiency_1s","PRICE_RESPONSE:buy_efficiency","下降auction内counter-flowの量・深さ・効率"
"PULLBACK_CONTINUATION","SHORT","PRE_ENTRY","PULLBACK","INPUT","CD-G09-019","buy_efficiency_5s","PRICE_RESPONSE:buy_efficiency","下降auction内counter-flowの量・深さ・効率"
"PULLBACK_CONTINUATION","SHORT","PRE_ENTRY","STALL","REQUIRED","CD-G16-028","bearish_pullback_low_participation","COMPOSITE:PULLBACK:BEAR:PARTICIPATION","低参加pullbackと上方進行停止を両方要求"
"PULLBACK_CONTINUATION","SHORT","PRE_ENTRY","STALL","REQUIRED","CD-G16-030","bearish_pullback_stall","COMPOSITE:PULLBACK:BEAR:STALL","低参加pullbackと上方進行停止を両方要求"
