"variant_id","variant_name","base_pattern_id","strategy_family_id","terminal_direction","location_code","location_name","location_orientation","location_condition_ids","location_condition_keys","location_availability","confirmation_policy","confirmation_profile","expiry_class","observability","provenance","inherited_provenance","inherited_source_ids","status"
"VAR-CVD-EXTREME-NONCONFIRM-FLIP-LONG-SESSION_EXTREME-001","CVD Divergence / New Extreme / Aggressor Flip / LONG / Session Low","PAT-CVD-EXTREME-NONCONFIRM-FLIP-001","STR-CVD-DIVERGENCE","LONG","SESSION_EXTREME","Session Low","REVERSAL_EDGE","CD-G03-013 CD-G03-014","distance_to_session_low relation_to_session_low","AVAILABLE","BASE_CANONICAL_ONLY","New Extreme / Aggressor Flip","REACTION","DIRECT","DELTAENGINE_DERIVED_VARIANT","WORLD_DERIVED","S13 S16","UNVALIDATED"
"VAR-CVD-EXTREME-NONCONFIRM-FLIP-LONG-PREVIOUS_DAY_EXTREME-001","CVD Divergence / New Extreme / Aggressor Flip / LONG / Previous Day Low","PAT-CVD-EXTREME-NONCONFIRM-FLIP-001","STR-CVD-DIVERGENCE","LONG","PREVIOUS_DAY_EXTREME","Previous Day Low","REVERSAL_EDGE","CD-G03-017 CD-G03-018","distance_to_previous_day_low relation_to_previous_day_low","AVAILABLE","BASE_CANONICAL_ONLY","New Extreme / Aggressor Flip","REACTION","DIRECT","DELTAENGINE_DERIVED_VARIANT","WORLD_DERIVED","S13 S16","UNVALIDATED"
"VAR-CVD-EXTREME-NONCONFIRM-FLIP-LONG-ROLLING_5M_EXTREME-001","CVD Divergence / New Extreme / Aggressor Flip / LONG / Rolling 5m Low","PAT-CVD-EXTREME-NONCONFIRM-FLIP-001","STR-CVD-DIVERGENCE","LONG","ROLLING_5M_EXTREME","Rolling 5m Low","REVERSAL_EDGE","CD-G03-027 CD-G03-028","distance_to_rolling_5m_low relation_to_rolling_5m_low","AVAILABLE","BASE_CANONICAL_ONLY","New Extreme / Aggressor Flip","REACTION","DIRECT","DELTAENGINE_DERIVED_VARIANT","WORLD_DERIVED","S13 S16","UNVALIDATED"
"VAR-CVD-EXTREME-NONCONFIRM-FLIP-LONG-VALUE_AREA_EDGE-001","CVD Divergence / New Extreme / Aggressor Flip / LONG / Value Area Low","PAT-CVD-EXTREME-NONCONFIRM-FLIP-001","STR-CVD-DIVERGENCE","LONG","VALUE_AREA_EDGE","Value Area Low","REVERSAL_EDGE","CD-G03-045 CD-G03-046 CD-G11-005 CD-G11-006","distance_to_profile_val relation_to_profile_val value_area_low_distance_session value_area_low_distance_rolling_1h","AVAILABLE","BASE_CANONICAL_ONLY","New Extreme / Aggressor Flip","REACTION","DIRECT","DELTAENGINE_DERIVED_VARIANT","WORLD_DERIVED","S13 S16","UNVALIDATED"
"VAR-CVD-EXTREME-NONCONFIRM-FLIP-LONG-VISIBLE_BOOK_WALL-001","CVD Divergence / New Extreme / Aggressor Flip / LONG / Visible Bid Wall","PAT-CVD-EXTREME-NONCONFIRM-FLIP-001","STR-CVD-DIVERGENCE","LONG","VISIBLE_BOOK_WALL","Visible Bid Wall","REVERSAL_EDGE","CD-G06-029 CD-G06-030","bid_wall_concentration_top10 distance_to_nearest_bid_wall","AVAILABLE","BASE_CANONICAL_ONLY","New Extreme / Aggressor Flip","REACTION","DIRECT","DELTAENGINE_DERIVED_VARIANT","WORLD_DERIVED","S13 S16","UNVALIDATED"
"VAR-CVD-EXTREME-NONCONFIRM-FLIP-SHORT-SESSION_EXTREME-001","CVD Divergence / New Extreme / Aggressor Flip / SHORT / Session High","PAT-CVD-EXTREME-NONCONFIRM-FLIP-001","STR-CVD-DIVERGENCE","SHORT","SESSION_EXTREME","Session High","REVERSAL_EDGE","CD-G03-011 CD-G03-012","distance_to_session_high relation_to_session_high","AVAILABLE","BASE_CANONICAL_ONLY","New Extreme / Aggressor Flip","REACTION","DIRECT","DELTAENGINE_DERIVED_VARIANT","WORLD_DERIVED","S13 S16","UNVALIDATED"
"VAR-CVD-EXTREME-NONCONFIRM-FLIP-SHORT-PREVIOUS_DAY_EXTREME-001","CVD Divergence / New Extreme / Aggressor Flip / SHORT / Previous Day High","PAT-CVD-EXTREME-NONCONFIRM-FLIP-001","STR-CVD-DIVERGENCE","SHORT","PREVIOUS_DAY_EXTREME","Previous Day High","REVERSAL_EDGE","CD-G03-015 CD-G03-016","distance_to_previous_day_high relation_to_previous_day_high","AVAILABLE","BASE_CANONICAL_ONLY","New Extreme / Aggressor Flip","REACTION","DIRECT","DELTAENGINE_DERIVED_VARIANT","WORLD_DERIVED","S13 S16","UNVALIDATED"
"VAR-CVD-EXTREME-NONCONFIRM-FLIP-SHORT-ROLLING_5M_EXTREME-001","CVD Divergence / New Extreme / Aggressor Flip / SHORT / Rolling 5m High","PAT-CVD-EXTREME-NONCONFIRM-FLIP-001","STR-CVD-DIVERGENCE","SHORT","ROLLING_5M_EXTREME","Rolling 5m High","REVERSAL_EDGE","CD-G03-025 CD-G03-026","distance_to_rolling_5m_high relation_to_rolling_5m_high","AVAILABLE","BASE_CANONICAL_ONLY","New Extreme / Aggressor Flip","REACTION","DIRECT","DELTAENGINE_DERIVED_VARIANT","WORLD_DERIVED","S13 S16","UNVALIDATED"
"VAR-CVD-EXTREME-NONCONFIRM-FLIP-SHORT-VALUE_AREA_EDGE-001","CVD Divergence / New Extreme / Aggressor Flip / SHORT / Value Area High","PAT-CVD-EXTREME-NONCONFIRM-FLIP-001","STR-CVD-DIVERGENCE","SHORT","VALUE_AREA_EDGE","Value Area High","REVERSAL_EDGE","CD-G03-043 CD-G03-044 CD-G11-003 CD-G11-004","distance_to_profile_vah relation_to_profile_vah value_area_high_distance_session value_area_high_distance_rolling_1h","AVAILABLE","BASE_CANONICAL_ONLY","New Extreme / Aggressor Flip","REACTION","DIRECT","DELTAENGINE_DERIVED_VARIANT","WORLD_DERIVED","S13 S16","UNVALIDATED"
"VAR-CVD-EXTREME-NONCONFIRM-FLIP-SHORT-VISIBLE_BOOK_WALL-001","CVD Divergence / New Extreme / Aggressor Flip / SHORT / Visible Ask Wall","PAT-CVD-EXTREME-NONCONFIRM-FLIP-001","STR-CVD-DIVERGENCE","SHORT","VISIBLE_BOOK_WALL","Visible Ask Wall","REVERSAL_EDGE","CD-G06-031 CD-G06-032","ask_wall_concentration_top10 distance_to_nearest_ask_wall","AVAILABLE","BASE_CANONICAL_ONLY","New Extreme / Aggressor Flip","REACTION","DIRECT","DELTAENGINE_DERIVED_VARIANT","WORLD_DERIVED","S13 S16","UNVALIDATED"
"VAR-CVD-ABSORPTION-STRUCTUREBREAK-LONG-SESSION_EXTREME-001","CVD Divergence / Absorption / Structure Break / LONG / Session Low","PAT-CVD-ABSORPTION-STRUCTUREBREAK-001","STR-CVD-DIVERGENCE","LONG","SESSION_EXTREME","Session Low","REVERSAL_EDGE","CD-G03-013 CD-G03-014","distance_to_session_low relation_to_session_low","AVAILABLE","BASE_CANONICAL_ONLY","Absorption / Structure Break","BREAK_ACCEPT","HYBRID","DELTAENGINE_DERIVED_VARIANT","WORLD_DERIVED","S19 S20","UNVALIDATED"
"VAR-CVD-ABSORPTION-STRUCTUREBREAK-LONG-PREVIOUS_DAY_EXTREME-001","CVD Divergence / Absorption / Structure Break / LONG / Previous Day Low","PAT-CVD-ABSORPTION-STRUCTUREBREAK-001","STR-CVD-DIVERGENCE","LONG","PREVIOUS_DAY_EXTREME","Previous Day Low","REVERSAL_EDGE","CD-G03-017 CD-G03-018","distance_to_previous_day_low relation_to_previous_day_low","AVAILABLE","BASE_CANONICAL_ONLY","Absorption / Structure Break","BREAK_ACCEPT","HYBRID","DELTAENGINE_DERIVED_VARIANT","WORLD_DERIVED","S19 S20","UNVALIDATED"
"VAR-CVD-ABSORPTION-STRUCTUREBREAK-LONG-ROLLING_5M_EXTREME-001","CVD Divergence / Absorption / Structure Break / LONG / Rolling 5m Low","PAT-CVD-ABSORPTION-STRUCTUREBREAK-001","STR-CVD-DIVERGENCE","LONG","ROLLING_5M_EXTREME","Rolling 5m Low","REVERSAL_EDGE","CD-G03-027 CD-G03-028","distance_to_rolling_5m_low relation_to_rolling_5m_low","AVAILABLE","BASE_CANONICAL_ONLY","Absorption / Structure Break","BREAK_ACCEPT","HYBRID","DELTAENGINE_DERIVED_VARIANT","WORLD_DERIVED","S19 S20","UNVALIDATED"
"VAR-CVD-ABSORPTION-STRUCTUREBREAK-LONG-VALUE_AREA_EDGE-001","CVD Divergence / Absorption / Structure Break / LONG / Value Area Low","PAT-CVD-ABSORPTION-STRUCTUREBREAK-001","STR-CVD-DIVERGENCE","LONG","VALUE_AREA_EDGE","Value Area Low","REVERSAL_EDGE","CD-G03-045 CD-G03-046 CD-G11-005 CD-G11-006","distance_to_profile_val relation_to_profile_val value_area_low_distance_session value_area_low_distance_rolling_1h","AVAILABLE","BASE_CANONICAL_ONLY","Absorption / Structure Break","BREAK_ACCEPT","HYBRID","DELTAENGINE_DERIVED_VARIANT","WORLD_DERIVED","S19 S20","UNVALIDATED"
"VAR-CVD-ABSORPTION-STRUCTUREBREAK-LONG-VISIBLE_BOOK_WALL-001","CVD Divergence / Absorption / Structure Break / LONG / Visible Bid Wall","PAT-CVD-ABSORPTION-STRUCTUREBREAK-001","STR-CVD-DIVERGENCE","LONG","VISIBLE_BOOK_WALL","Visible Bid Wall","REVERSAL_EDGE","CD-G06-029 CD-G06-030","bid_wall_concentration_top10 distance_to_nearest_bid_wall","AVAILABLE","BASE_CANONICAL_ONLY","Absorption / Structure Break","BREAK_ACCEPT","HYBRID","DELTAENGINE_DERIVED_VARIANT","WORLD_DERIVED","S19 S20","UNVALIDATED"
"VAR-CVD-ABSORPTION-STRUCTUREBREAK-SHORT-SESSION_EXTREME-001","CVD Divergence / Absorption / Structure Break / SHORT / Session High","PAT-CVD-ABSORPTION-STRUCTUREBREAK-001","STR-CVD-DIVERGENCE","SHORT","SESSION_EXTREME","Session High","REVERSAL_EDGE","CD-G03-011 CD-G03-012","distance_to_session_high relation_to_session_high","AVAILABLE","BASE_CANONICAL_ONLY","Absorption / Structure Break","BREAK_ACCEPT","HYBRID","DELTAENGINE_DERIVED_VARIANT","WORLD_DERIVED","S19 S20","UNVALIDATED"
"VAR-CVD-ABSORPTION-STRUCTUREBREAK-SHORT-PREVIOUS_DAY_EXTREME-001","CVD Divergence / Absorption / Structure Break / SHORT / Previous Day High","PAT-CVD-ABSORPTION-STRUCTUREBREAK-001","STR-CVD-DIVERGENCE","SHORT","PREVIOUS_DAY_EXTREME","Previous Day High","REVERSAL_EDGE","CD-G03-015 CD-G03-016","distance_to_previous_day_high relation_to_previous_day_high","AVAILABLE","BASE_CANONICAL_ONLY","Absorption / Structure Break","BREAK_ACCEPT","HYBRID","DELTAENGINE_DERIVED_VARIANT","WORLD_DERIVED","S19 S20","UNVALIDATED"
"VAR-CVD-ABSORPTION-STRUCTUREBREAK-SHORT-ROLLING_5M_EXTREME-001","CVD Divergence / Absorption / Structure Break / SHORT / Rolling 5m High","PAT-CVD-ABSORPTION-STRUCTUREBREAK-001","STR-CVD-DIVERGENCE","SHORT","ROLLING_5M_EXTREME","Rolling 5m High","REVERSAL_EDGE","CD-G03-025 CD-G03-026","distance_to_rolling_5m_high relation_to_rolling_5m_high","AVAILABLE","BASE_CANONICAL_ONLY","Absorption / Structure Break","BREAK_ACCEPT","HYBRID","DELTAENGINE_DERIVED_VARIANT","WORLD_DERIVED","S19 S20","UNVALIDATED"
"VAR-CVD-ABSORPTION-STRUCTUREBREAK-SHORT-VALUE_AREA_EDGE-001","CVD Divergence / Absorption / Structure Break / SHORT / Value Area High","PAT-CVD-ABSORPTION-STRUCTUREBREAK-001","STR-CVD-DIVERGENCE","SHORT","VALUE_AREA_EDGE","Value Area High","REVERSAL_EDGE","CD-G03-043 CD-G03-044 CD-G11-003 CD-G11-004","distance_to_profile_vah relation_to_profile_vah value_area_high_distance_session value_area_high_distance_rolling_1h","AVAILABLE","BASE_CANONICAL_ONLY","Absorption / Structure Break","BREAK_ACCEPT","HYBRID","DELTAENGINE_DERIVED_VARIANT","WORLD_DERIVED","S19 S20","UNVALIDATED"
"VAR-CVD-ABSORPTION-STRUCTUREBREAK-SHORT-VISIBLE_BOOK_WALL-001","CVD Divergence / Absorption / Structure Break / SHORT / Visible Ask Wall","PAT-CVD-ABSORPTION-STRUCTUREBREAK-001","STR-CVD-DIVERGENCE","SHORT","VISIBLE_BOOK_WALL","Visible Ask Wall","REVERSAL_EDGE","CD-G06-031 CD-G06-032","ask_wall_concentration_top10 distance_to_nearest_ask_wall","AVAILABLE","BASE_CANONICAL_ONLY","Absorption / Structure Break","BREAK_ACCEPT","HYBRID","DELTAENGINE_DERIVED_VARIANT","WORLD_DERIVED","S19 S20","UNVALIDATED"
"VAR-CVD-FAILED-BREAK-SQUEEZE-LONG-SESSION_EXTREME-001","CVD Divergence / Failed Break / Squeeze / LONG / Session Low","PAT-CVD-FAILED-BREAK-SQUEEZE-001","STR-CVD-DIVERGENCE","LONG","SESSION_EXTREME","Session Low","REVERSAL_EDGE","CD-G03-013 CD-G03-014","distance_to_session_low relation_to_session_low","AVAILABLE","BASE_CANONICAL_ONLY","Failed Break / Squeeze","BREAK_ACCEPT","DIRECT","DELTAENGINE_DERIVED_VARIANT","WORLD_DERIVED","S08","UNVALIDATED"
"VAR-CVD-FAILED-BREAK-SQUEEZE-LONG-PREVIOUS_DAY_EXTREME-001","CVD Divergence / Failed Break / Squeeze / LONG / Previous Day Low","PAT-CVD-FAILED-BREAK-SQUEEZE-001","STR-CVD-DIVERGENCE","LONG","PREVIOUS_DAY_EXTREME","Previous Day Low","REVERSAL_EDGE","CD-G03-017 CD-G03-018","distance_to_previous_day_low relation_to_previous_day_low","AVAILABLE","BASE_CANONICAL_ONLY","Failed Break / Squeeze","BREAK_ACCEPT","DIRECT","DELTAENGINE_DERIVED_VARIANT","WORLD_DERIVED","S08","UNVALIDATED"
"VAR-CVD-FAILED-BREAK-SQUEEZE-LONG-ROLLING_5M_EXTREME-001","CVD Divergence / Failed Break / Squeeze / LONG / Rolling 5m Low","PAT-CVD-FAILED-BREAK-SQUEEZE-001","STR-CVD-DIVERGENCE","LONG","ROLLING_5M_EXTREME","Rolling 5m Low","REVERSAL_EDGE","CD-G03-027 CD-G03-028","distance_to_rolling_5m_low relation_to_rolling_5m_low","AVAILABLE","BASE_CANONICAL_ONLY","Failed Break / Squeeze","BREAK_ACCEPT","DIRECT","DELTAENGINE_DERIVED_VARIANT","WORLD_DERIVED","S08","UNVALIDATED"
"VAR-CVD-FAILED-BREAK-SQUEEZE-LONG-VALUE_AREA_EDGE-001","CVD Divergence / Failed Break / Squeeze / LONG / Value Area Low","PAT-CVD-FAILED-BREAK-SQUEEZE-001","STR-CVD-DIVERGENCE","LONG","VALUE_AREA_EDGE","Value Area Low","REVERSAL_EDGE","CD-G03-045 CD-G03-046 CD-G11-005 CD-G11-006","distance_to_profile_val relation_to_profile_val value_area_low_distance_session value_area_low_distance_rolling_1h","AVAILABLE","BASE_CANONICAL_ONLY","Failed Break / Squeeze","BREAK_ACCEPT","DIRECT","DELTAENGINE_DERIVED_VARIANT","WORLD_DERIVED","S08","UNVALIDATED"
"VAR-CVD-FAILED-BREAK-SQUEEZE-LONG-VISIBLE_BOOK_WALL-001","CVD Divergence / Failed Break / Squeeze / LONG / Visible Bid Wall","PAT-CVD-FAILED-BREAK-SQUEEZE-001","STR-CVD-DIVERGENCE","LONG","VISIBLE_BOOK_WALL","Visible Bid Wall","REVERSAL_EDGE","CD-G06-029 CD-G06-030","bid_wall_concentration_top10 distance_to_nearest_bid_wall","AVAILABLE","BASE_CANONICAL_ONLY","Failed Break / Squeeze","BREAK_ACCEPT","DIRECT","DELTAENGINE_DERIVED_VARIANT","WORLD_DERIVED","S08","UNVALIDATED"
"VAR-CVD-FAILED-BREAK-SQUEEZE-SHORT-SESSION_EXTREME-001","CVD Divergence / Failed Break / Squeeze / SHORT / Session High","PAT-CVD-FAILED-BREAK-SQUEEZE-001","STR-CVD-DIVERGENCE","SHORT","SESSION_EXTREME","Session High","REVERSAL_EDGE","CD-G03-011 CD-G03-012","distance_to_session_high relation_to_session_high","AVAILABLE","BASE_CANONICAL_ONLY","Failed Break / Squeeze","BREAK_ACCEPT","DIRECT","DELTAENGINE_DERIVED_VARIANT","WORLD_DERIVED","S08","UNVALIDATED"
"VAR-CVD-FAILED-BREAK-SQUEEZE-SHORT-PREVIOUS_DAY_EXTREME-001","CVD Divergence / Failed Break / Squeeze / SHORT / Previous Day High","PAT-CVD-FAILED-BREAK-SQUEEZE-001","STR-CVD-DIVERGENCE","SHORT","PREVIOUS_DAY_EXTREME","Previous Day High","REVERSAL_EDGE","CD-G03-015 CD-G03-016","distance_to_previous_day_high relation_to_previous_day_high","AVAILABLE","BASE_CANONICAL_ONLY","Failed Break / Squeeze","BREAK_ACCEPT","DIRECT","DELTAENGINE_DERIVED_VARIANT","WORLD_DERIVED","S08","UNVALIDATED"
"VAR-CVD-FAILED-BREAK-SQUEEZE-SHORT-ROLLING_5M_EXTREME-001","CVD Divergence / Failed Break / Squeeze / SHORT / Rolling 5m High","PAT-CVD-FAILED-BREAK-SQUEEZE-001","STR-CVD-DIVERGENCE","SHORT","ROLLING_5M_EXTREME","Rolling 5m High","REVERSAL_EDGE","CD-G03-025 CD-G03-026","distance_to_rolling_5m_high relation_to_rolling_5m_high","AVAILABLE","BASE_CANONICAL_ONLY","Failed Break / Squeeze","BREAK_ACCEPT","DIRECT","DELTAENGINE_DERIVED_VARIANT","WORLD_DERIVED","S08","UNVALIDATED"
"VAR-CVD-FAILED-BREAK-SQUEEZE-SHORT-VALUE_AREA_EDGE-001","CVD Divergence / Failed Break / Squeeze / SHORT / Value Area High","PAT-CVD-FAILED-BREAK-SQUEEZE-001","STR-CVD-DIVERGENCE","SHORT","VALUE_AREA_EDGE","Value Area High","REVERSAL_EDGE","CD-G03-043 CD-G03-044 CD-G11-003 CD-G11-004","distance_to_profile_vah relation_to_profile_vah value_area_high_distance_session value_area_high_distance_rolling_1h","AVAILABLE","BASE_CANONICAL_ONLY","Failed Break / Squeeze","BREAK_ACCEPT","DIRECT","DELTAENGINE_DERIVED_VARIANT","WORLD_DERIVED","S08","UNVALIDATED"
"VAR-CVD-FAILED-BREAK-SQUEEZE-SHORT-VISIBLE_BOOK_WALL-001","CVD Divergence / Failed Break / Squeeze / SHORT / Visible Ask Wall","PAT-CVD-FAILED-BREAK-SQUEEZE-001","STR-CVD-DIVERGENCE","SHORT","VISIBLE_BOOK_WALL","Visible Ask Wall","REVERSAL_EDGE","CD-G06-031 CD-G06-032","ask_wall_concentration_top10 distance_to_nearest_ask_wall","AVAILABLE","BASE_CANONICAL_ONLY","Failed Break / Squeeze","BREAK_ACCEPT","DIRECT","DELTAENGINE_DERIVED_VARIANT","WORLD_DERIVED","S08","UNVALIDATED"
"VAR-CVD-RETEST-WEAKER-LONG-SESSION_EXTREME-001","CVD Divergence / Retest / Weaker Aggressor / LONG / Session Low","PAT-CVD-RETEST-WEAKER-001","STR-CVD-DIVERGENCE","LONG","SESSION_EXTREME","Session Low","REVERSAL_EDGE","CD-G03-013 CD-G03-014","distance_to_session_low relation_to_session_low","AVAILABLE","BASE_CANONICAL_ONLY","Retest / Weaker Aggressor","RETEST","DIRECT","DELTAENGINE_DERIVED_VARIANT","WORLD_DERIVED","S01 S13","UNVALIDATED"
"VAR-CVD-RETEST-WEAKER-LONG-PREVIOUS_DAY_EXTREME-001","CVD Divergence / Retest / Weaker Aggressor / LONG / Previous Day Low","PAT-CVD-RETEST-WEAKER-001","STR-CVD-DIVERGENCE","LONG","PREVIOUS_DAY_EXTREME","Previous Day Low","REVERSAL_EDGE","CD-G03-017 CD-G03-018","distance_to_previous_day_low relation_to_previous_day_low","AVAILABLE","BASE_CANONICAL_ONLY","Retest / Weaker Aggressor","RETEST","DIRECT","DELTAENGINE_DERIVED_VARIANT","WORLD_DERIVED","S01 S13","UNVALIDATED"
"VAR-CVD-RETEST-WEAKER-LONG-ROLLING_5M_EXTREME-001","CVD Divergence / Retest / Weaker Aggressor / LONG / Rolling 5m Low","PAT-CVD-RETEST-WEAKER-001","STR-CVD-DIVERGENCE","LONG","ROLLING_5M_EXTREME","Rolling 5m Low","REVERSAL_EDGE","CD-G03-027 CD-G03-028","distance_to_rolling_5m_low relation_to_rolling_5m_low","AVAILABLE","BASE_CANONICAL_ONLY","Retest / Weaker Aggressor","RETEST","DIRECT","DELTAENGINE_DERIVED_VARIANT","WORLD_DERIVED","S01 S13","UNVALIDATED"
"VAR-CVD-RETEST-WEAKER-LONG-VALUE_AREA_EDGE-001","CVD Divergence / Retest / Weaker Aggressor / LONG / Value Area Low","PAT-CVD-RETEST-WEAKER-001","STR-CVD-DIVERGENCE","LONG","VALUE_AREA_EDGE","Value Area Low","REVERSAL_EDGE","CD-G03-045 CD-G03-046 CD-G11-005 CD-G11-006","distance_to_profile_val relation_to_profile_val value_area_low_distance_session value_area_low_distance_rolling_1h","AVAILABLE","BASE_CANONICAL_ONLY","Retest / Weaker Aggressor","RETEST","DIRECT","DELTAENGINE_DERIVED_VARIANT","WORLD_DERIVED","S01 S13","UNVALIDATED"
"VAR-CVD-RETEST-WEAKER-LONG-VISIBLE_BOOK_WALL-001","CVD Divergence / Retest / Weaker Aggressor / LONG / Visible Bid Wall","PAT-CVD-RETEST-WEAKER-001","STR-CVD-DIVERGENCE","LONG","VISIBLE_BOOK_WALL","Visible Bid Wall","REVERSAL_EDGE","CD-G06-029 CD-G06-030","bid_wall_concentration_top10 distance_to_nearest_bid_wall","AVAILABLE","BASE_CANONICAL_ONLY","Retest / Weaker Aggressor","RETEST","DIRECT","DELTAENGINE_DERIVED_VARIANT","WORLD_DERIVED","S01 S13","UNVALIDATED"
"VAR-CVD-RETEST-WEAKER-SHORT-SESSION_EXTREME-001","CVD Divergence / Retest / Weaker Aggressor / SHORT / Session High","PAT-CVD-RETEST-WEAKER-001","STR-CVD-DIVERGENCE","SHORT","SESSION_EXTREME","Session High","REVERSAL_EDGE","CD-G03-011 CD-G03-012","distance_to_session_high relation_to_session_high","AVAILABLE","BASE_CANONICAL_ONLY","Retest / Weaker Aggressor","RETEST","DIRECT","DELTAENGINE_DERIVED_VARIANT","WORLD_DERIVED","S01 S13","UNVALIDATED"
"VAR-CVD-RETEST-WEAKER-SHORT-PREVIOUS_DAY_EXTREME-001","CVD Divergence / Retest / Weaker Aggressor / SHORT / Previous Day High","PAT-CVD-RETEST-WEAKER-001","STR-CVD-DIVERGENCE","SHORT","PREVIOUS_DAY_EXTREME","Previous Day High","REVERSAL_EDGE","CD-G03-015 CD-G03-016","distance_to_previous_day_high relation_to_previous_day_high","AVAILABLE","BASE_CANONICAL_ONLY","Retest / Weaker Aggressor","RETEST","DIRECT","DELTAENGINE_DERIVED_VARIANT","WORLD_DERIVED","S01 S13","UNVALIDATED"
"VAR-CVD-RETEST-WEAKER-SHORT-ROLLING_5M_EXTREME-001","CVD Divergence / Retest / Weaker Aggressor / SHORT / Rolling 5m High","PAT-CVD-RETEST-WEAKER-001","STR-CVD-DIVERGENCE","SHORT","ROLLING_5M_EXTREME","Rolling 5m High","REVERSAL_EDGE","CD-G03-025 CD-G03-026","distance_to_rolling_5m_high relation_to_rolling_5m_high","AVAILABLE","BASE_CANONICAL_ONLY","Retest / Weaker Aggressor","RETEST","DIRECT","DELTAENGINE_DERIVED_VARIANT","WORLD_DERIVED","S01 S13","UNVALIDATED"
"VAR-CVD-RETEST-WEAKER-SHORT-VALUE_AREA_EDGE-001","CVD Divergence / Retest / Weaker Aggressor / SHORT / Value Area High","PAT-CVD-RETEST-WEAKER-001","STR-CVD-DIVERGENCE","SHORT","VALUE_AREA_EDGE","Value Area High","REVERSAL_EDGE","CD-G03-043 CD-G03-044 CD-G11-003 CD-G11-004","distance_to_profile_vah relation_to_profile_vah value_area_high_distance_session value_area_high_distance_rolling_1h","AVAILABLE","BASE_CANONICAL_ONLY","Retest / Weaker Aggressor","RETEST","DIRECT","DELTAENGINE_DERIVED_VARIANT","WORLD_DERIVED","S01 S13","UNVALIDATED"
"VAR-CVD-RETEST-WEAKER-SHORT-VISIBLE_BOOK_WALL-001","CVD Divergence / Retest / Weaker Aggressor / SHORT / Visible Ask Wall","PAT-CVD-RETEST-WEAKER-001","STR-CVD-DIVERGENCE","SHORT","VISIBLE_BOOK_WALL","Visible Ask Wall","REVERSAL_EDGE","CD-G06-031 CD-G06-032","ask_wall_concentration_top10 distance_to_nearest_ask_wall","AVAILABLE","BASE_CANONICAL_ONLY","Retest / Weaker Aggressor","RETEST","DIRECT","DELTAENGINE_DERIVED_VARIANT","WORLD_DERIVED","S01 S13","UNVALIDATED"
"VAR-CVD-BEAR-ABSFAIL-BIDBREAK-OIUNWIND-SHORT-VISIBLE_BOOK_WALL-001","CVD Divergence / Bearish / Absorption Failure / Buy-Wall Break / OI Unwind / SHORT / Visible Bid Wall","PAT-CVD-BEAR-ABSFAIL-BIDBREAK-OIUNWIND-001","STR-CVD-DIVERGENCE","SHORT","VISIBLE_BOOK_WALL","Visible Bid Wall","BREAKOUT_BARRIER","CD-G06-029 CD-G06-030","bid_wall_concentration_top10 distance_to_nearest_bid_wall","AVAILABLE","BASE_CANONICAL_ONLY","Bearish / Absorption Failure / Buy-Wall Break / OI Unwind","OI_LAGGED","LIMITED","DELTAENGINE_DERIVED_VARIANT","USER_DEFINED","","UNVALIDATED"
"VAR-ABS-FULL-THREE-ELEMENT-LONG-SESSION_EXTREME-001","Absorption Reversal / Absorption / Fade / Opposite Aggression / LONG / Session Low","PAT-ABS-FULL-THREE-ELEMENT-001","STR-ABSORPTION-REVERSAL","LONG","SESSION_EXTREME","Session Low","REVERSAL_EDGE","CD-G03-013 CD-G03-014","distance_to_session_low relation_to_session_low","AVAILABLE","BASE_CANONICAL_ONLY","Absorption / Fade / Opposite Aggression","REACTION","HYBRID","DELTAENGINE_DERIVED_VARIANT","WORLD_DERIVED","S01","UNVALIDATED"
"VAR-ABS-FULL-THREE-ELEMENT-LONG-PREVIOUS_DAY_EXTREME-001","Absorption Reversal / Absorption / Fade / Opposite Aggression / LONG / Previous Day Low","PAT-ABS-FULL-THREE-ELEMENT-001","STR-ABSORPTION-REVERSAL","LONG","PREVIOUS_DAY_EXTREME","Previous Day Low","REVERSAL_EDGE","CD-G03-017 CD-G03-018","distance_to_previous_day_low relation_to_previous_day_low","AVAILABLE","BASE_CANONICAL_ONLY","Absorption / Fade / Opposite Aggression","REACTION","HYBRID","DELTAENGINE_DERIVED_VARIANT","WORLD_DERIVED","S01","UNVALIDATED"
"VAR-ABS-FULL-THREE-ELEMENT-LONG-ROLLING_5M_EXTREME-001","Absorption Reversal / Absorption / Fade / Opposite Aggression / LONG / Rolling 5m Low","PAT-ABS-FULL-THREE-ELEMENT-001","STR-ABSORPTION-REVERSAL","LONG","ROLLING_5M_EXTREME","Rolling 5m Low","REVERSAL_EDGE","CD-G03-027 CD-G03-028","distance_to_rolling_5m_low relation_to_rolling_5m_low","AVAILABLE","BASE_CANONICAL_ONLY","Absorption / Fade / Opposite Aggression","REACTION","HYBRID","DELTAENGINE_DERIVED_VARIANT","WORLD_DERIVED","S01","UNVALIDATED"
"VAR-ABS-FULL-THREE-ELEMENT-LONG-VALUE_AREA_EDGE-001","Absorption Reversal / Absorption / Fade / Opposite Aggression / LONG / Value Area Low","PAT-ABS-FULL-THREE-ELEMENT-001","STR-ABSORPTION-REVERSAL","LONG","VALUE_AREA_EDGE","Value Area Low","REVERSAL_EDGE","CD-G03-045 CD-G03-046 CD-G11-005 CD-G11-006","distance_to_profile_val relation_to_profile_val value_area_low_distance_session value_area_low_distance_rolling_1h","AVAILABLE","BASE_CANONICAL_ONLY","Absorption / Fade / Opposite Aggression","REACTION","HYBRID","DELTAENGINE_DERIVED_VARIANT","WORLD_DERIVED","S01","UNVALIDATED"
"VAR-ABS-FULL-THREE-ELEMENT-LONG-PROFILE_HVN-001","Absorption Reversal / Absorption / Fade / Opposite Aggression / LONG / Profile HVN","PAT-ABS-FULL-THREE-ELEMENT-001","STR-ABSORPTION-REVERSAL","LONG","PROFILE_HVN","Profile HVN","REVERSAL_EDGE","CD-G11-007 CD-G11-008","high_volume_node_distance_session high_volume_node_distance_rolling_1h","AVAILABLE","BASE_CANONICAL_ONLY","Absorption / Fade / Opposite Aggression","REACTION","HYBRID","DELTAENGINE_DERIVED_VARIANT","WORLD_DERIVED","S01","UNVALIDATED"
"VAR-ABS-FULL-THREE-ELEMENT-LONG-VISIBLE_BOOK_WALL-001","Absorption Reversal / Absorption / Fade / Opposite Aggression / LONG / Visible Bid Wall","PAT-ABS-FULL-THREE-ELEMENT-001","STR-ABSORPTION-REVERSAL","LONG","VISIBLE_BOOK_WALL","Visible Bid Wall","REVERSAL_EDGE","CD-G06-029 CD-G06-030","bid_wall_concentration_top10 distance_to_nearest_bid_wall","AVAILABLE","BASE_CANONICAL_ONLY","Absorption / Fade / Opposite Aggression","REACTION","HYBRID","DELTAENGINE_DERIVED_VARIANT","WORLD_DERIVED","S01","UNVALIDATED"
"VAR-ABS-FULL-THREE-ELEMENT-SHORT-SESSION_EXTREME-001","Absorption Reversal / Absorption / Fade / Opposite Aggression / SHORT / Session High","PAT-ABS-FULL-THREE-ELEMENT-001","STR-ABSORPTION-REVERSAL","SHORT","SESSION_EXTREME","Session High","REVERSAL_EDGE","CD-G03-011 CD-G03-012","distance_to_session_high relation_to_session_high","AVAILABLE","BASE_CANONICAL_ONLY","Absorption / Fade / Opposite Aggression","REACTION","HYBRID","DELTAENGINE_DERIVED_VARIANT","WORLD_DERIVED","S01","UNVALIDATED"
"VAR-ABS-FULL-THREE-ELEMENT-SHORT-PREVIOUS_DAY_EXTREME-001","Absorption Reversal / Absorption / Fade / Opposite Aggression / SHORT / Previous Day High","PAT-ABS-FULL-THREE-ELEMENT-001","STR-ABSORPTION-REVERSAL","SHORT","PREVIOUS_DAY_EXTREME","Previous Day High","REVERSAL_EDGE","CD-G03-015 CD-G03-016","distance_to_previous_day_high relation_to_previous_day_high","AVAILABLE","BASE_CANONICAL_ONLY","Absorption / Fade / Opposite Aggression","REACTION","HYBRID","DELTAENGINE_DERIVED_VARIANT","WORLD_DERIVED","S01","UNVALIDATED"
"VAR-ABS-FULL-THREE-ELEMENT-SHORT-ROLLING_5M_EXTREME-001","Absorption Reversal / Absorption / Fade / Opposite Aggression / SHORT / Rolling 5m High","PAT-ABS-FULL-THREE-ELEMENT-001","STR-ABSORPTION-REVERSAL","SHORT","ROLLING_5M_EXTREME","Rolling 5m High","REVERSAL_EDGE","CD-G03-025 CD-G03-026","distance_to_rolling_5m_high relation_to_rolling_5m_high","AVAILABLE","BASE_CANONICAL_ONLY","Absorption / Fade / Opposite Aggression","REACTION","HYBRID","DELTAENGINE_DERIVED_VARIANT","WORLD_DERIVED","S01","UNVALIDATED"
"VAR-ABS-FULL-THREE-ELEMENT-SHORT-VALUE_AREA_EDGE-001","Absorption Reversal / Absorption / Fade / Opposite Aggression / SHORT / Value Area High","PAT-ABS-FULL-THREE-ELEMENT-001","STR-ABSORPTION-REVERSAL","SHORT","VALUE_AREA_EDGE","Value Area High","REVERSAL_EDGE","CD-G03-043 CD-G03-044 CD-G11-003 CD-G11-004","distance_to_profile_vah relation_to_profile_vah value_area_high_distance_session value_area_high_distance_rolling_1h","AVAILABLE","BASE_CANONICAL_ONLY","Absorption / Fade / Opposite Aggression","REACTION","HYBRID","DELTAENGINE_DERIVED_VARIANT","WORLD_DERIVED","S01","UNVALIDATED"
"VAR-ABS-FULL-THREE-ELEMENT-SHORT-PROFILE_HVN-001","Absorption Reversal / Absorption / Fade / Opposite Aggression / SHORT / Profile HVN","PAT-ABS-FULL-THREE-ELEMENT-001","STR-ABSORPTION-REVERSAL","SHORT","PROFILE_HVN","Profile HVN","REVERSAL_EDGE","CD-G11-007 CD-G11-008","high_volume_node_distance_session high_volume_node_distance_rolling_1h","AVAILABLE","BASE_CANONICAL_ONLY","Absorption / Fade / Opposite Aggression","REACTION","HYBRID","DELTAENGINE_DERIVED_VARIANT","WORLD_DERIVED","S01","UNVALIDATED"
"VAR-ABS-FULL-THREE-ELEMENT-SHORT-VISIBLE_BOOK_WALL-001","Absorption Reversal / Absorption / Fade / Opposite Aggression / SHORT / Visible Ask Wall","PAT-ABS-FULL-THREE-ELEMENT-001","STR-ABSORPTION-REVERSAL","SHORT","VISIBLE_BOOK_WALL","Visible Ask Wall","REVERSAL_EDGE","CD-G06-031 CD-G06-032","ask_wall_concentration_top10 distance_to_nearest_ask_wall","AVAILABLE","BASE_CANONICAL_ONLY","Absorption / Fade / Opposite Aggression","REACTION","HYBRID","DELTAENGINE_DERIVED_VARIANT","WORLD_DERIVED","S01","UNVALIDATED"
"VAR-ABS-SUPPORT-HOLD-BOUNCE-LONG-SESSION_EXTREME-001","Absorption Reversal / Support Hold / Sell Absorption / Bounce / LONG / Session Low","PAT-ABS-SUPPORT-HOLD-BOUNCE-001","STR-ABSORPTION-REVERSAL","LONG","SESSION_EXTREME","Session Low","REVERSAL_EDGE","CD-G03-013 CD-G03-014","distance_to_session_low relation_to_session_low","AVAILABLE","BASE_CANONICAL_ONLY","Support Hold / Sell Absorption / Bounce","REACTION","HYBRID","DELTAENGINE_DERIVED_VARIANT","WORLD_DERIVED","S10 S20","UNVALIDATED"
"VAR-ABS-SUPPORT-HOLD-BOUNCE-LONG-PREVIOUS_DAY_EXTREME-001","Absorption Reversal / Support Hold / Sell Absorption / Bounce / LONG / Previous Day Low","PAT-ABS-SUPPORT-HOLD-BOUNCE-001","STR-ABSORPTION-REVERSAL","LONG","PREVIOUS_DAY_EXTREME","Previous Day Low","REVERSAL_EDGE","CD-G03-017 CD-G03-018","distance_to_previous_day_low relation_to_previous_day_low","AVAILABLE","BASE_CANONICAL_ONLY","Support Hold / Sell Absorption / Bounce","REACTION","HYBRID","DELTAENGINE_DERIVED_VARIANT","WORLD_DERIVED","S10 S20","UNVALIDATED"
"VAR-ABS-SUPPORT-HOLD-BOUNCE-LONG-ROLLING_5M_EXTREME-001","Absorption Reversal / Support Hold / Sell Absorption / Bounce / LONG / Rolling 5m Low","PAT-ABS-SUPPORT-HOLD-BOUNCE-001","STR-ABSORPTION-REVERSAL","LONG","ROLLING_5M_EXTREME","Rolling 5m Low","REVERSAL_EDGE","CD-G03-027 CD-G03-028","distance_to_rolling_5m_low relation_to_rolling_5m_low","AVAILABLE","BASE_CANONICAL_ONLY","Support Hold / Sell Absorption / Bounce","REACTION","HYBRID","DELTAENGINE_DERIVED_VARIANT","WORLD_DERIVED","S10 S20","UNVALIDATED"
"VAR-ABS-SUPPORT-HOLD-BOUNCE-LONG-VALUE_AREA_EDGE-001","Absorption Reversal / Support Hold / Sell Absorption / Bounce / LONG / Value Area Low","PAT-ABS-SUPPORT-HOLD-BOUNCE-001","STR-ABSORPTION-REVERSAL","LONG","VALUE_AREA_EDGE","Value Area Low","REVERSAL_EDGE","CD-G03-045 CD-G03-046 CD-G11-005 CD-G11-006","distance_to_profile_val relation_to_profile_val value_area_low_distance_session value_area_low_distance_rolling_1h","AVAILABLE","BASE_CANONICAL_ONLY","Support Hold / Sell Absorption / Bounce","REACTION","HYBRID","DELTAENGINE_DERIVED_VARIANT","WORLD_DERIVED","S10 S20","UNVALIDATED"
"VAR-ABS-SUPPORT-HOLD-BOUNCE-LONG-PROFILE_HVN-001","Absorption Reversal / Support Hold / Sell Absorption / Bounce / LONG / Profile HVN","PAT-ABS-SUPPORT-HOLD-BOUNCE-001","STR-ABSORPTION-REVERSAL","LONG","PROFILE_HVN","Profile HVN","REVERSAL_EDGE","CD-G11-007 CD-G11-008","high_volume_node_distance_session high_volume_node_distance_rolling_1h","AVAILABLE","BASE_CANONICAL_ONLY","Support Hold / Sell Absorption / Bounce","REACTION","HYBRID","DELTAENGINE_DERIVED_VARIANT","WORLD_DERIVED","S10 S20","UNVALIDATED"
"VAR-ABS-SUPPORT-HOLD-BOUNCE-LONG-VISIBLE_BOOK_WALL-001","Absorption Reversal / Support Hold / Sell Absorption / Bounce / LONG / Visible Bid Wall","PAT-ABS-SUPPORT-HOLD-BOUNCE-001","STR-ABSORPTION-REVERSAL","LONG","VISIBLE_BOOK_WALL","Visible Bid Wall","REVERSAL_EDGE","CD-G06-029 CD-G06-030","bid_wall_concentration_top10 distance_to_nearest_bid_wall","AVAILABLE","BASE_CANONICAL_ONLY","Support Hold / Sell Absorption / Bounce","REACTION","HYBRID","DELTAENGINE_DERIVED_VARIANT","WORLD_DERIVED","S10 S20","UNVALIDATED"
"VAR-ABS-RESISTANCE-HOLD-BOUNCE-SHORT-SESSION_EXTREME-001","Absorption Reversal / Resistance Hold / Buy Absorption / Rejection / SHORT / Session High","PAT-ABS-RESISTANCE-HOLD-BOUNCE-001","STR-ABSORPTION-REVERSAL","SHORT","SESSION_EXTREME","Session High","REVERSAL_EDGE","CD-G03-011 CD-G03-012","distance_to_session_high relation_to_session_high","AVAILABLE","BASE_CANONICAL_ONLY","Resistance Hold / Buy Absorption / Rejection","REACTION","HYBRID","DELTAENGINE_DERIVED_VARIANT","WORLD_DERIVED","S10 S16","UNVALIDATED"
"VAR-ABS-RESISTANCE-HOLD-BOUNCE-SHORT-PREVIOUS_DAY_EXTREME-001","Absorption Reversal / Resistance Hold / Buy Absorption / Rejection / SHORT / Previous Day High","PAT-ABS-RESISTANCE-HOLD-BOUNCE-001","STR-ABSORPTION-REVERSAL","SHORT","PREVIOUS_DAY_EXTREME","Previous Day High","REVERSAL_EDGE","CD-G03-015 CD-G03-016","distance_to_previous_day_high relation_to_previous_day_high","AVAILABLE","BASE_CANONICAL_ONLY","Resistance Hold / Buy Absorption / Rejection","REACTION","HYBRID","DELTAENGINE_DERIVED_VARIANT","WORLD_DERIVED","S10 S16","UNVALIDATED"
"VAR-ABS-RESISTANCE-HOLD-BOUNCE-SHORT-ROLLING_5M_EXTREME-001","Absorption Reversal / Resistance Hold / Buy Absorption / Rejection / SHORT / Rolling 5m High","PAT-ABS-RESISTANCE-HOLD-BOUNCE-001","STR-ABSORPTION-REVERSAL","SHORT","ROLLING_5M_EXTREME","Rolling 5m High","REVERSAL_EDGE","CD-G03-025 CD-G03-026","distance_to_rolling_5m_high relation_to_rolling_5m_high","AVAILABLE","BASE_CANONICAL_ONLY","Resistance Hold / Buy Absorption / Rejection","REACTION","HYBRID","DELTAENGINE_DERIVED_VARIANT","WORLD_DERIVED","S10 S16","UNVALIDATED"
"VAR-ABS-RESISTANCE-HOLD-BOUNCE-SHORT-VALUE_AREA_EDGE-001","Absorption Reversal / Resistance Hold / Buy Absorption / Rejection / SHORT / Value Area High","PAT-ABS-RESISTANCE-HOLD-BOUNCE-001","STR-ABSORPTION-REVERSAL","SHORT","VALUE_AREA_EDGE","Value Area High","REVERSAL_EDGE","CD-G03-043 CD-G03-044 CD-G11-003 CD-G11-004","distance_to_profile_vah relation_to_profile_vah value_area_high_distance_session value_area_high_distance_rolling_1h","AVAILABLE","BASE_CANONICAL_ONLY","Resistance Hold / Buy Absorption / Rejection","REACTION","HYBRID","DELTAENGINE_DERIVED_VARIANT","WORLD_DERIVED","S10 S16","UNVALIDATED"
"VAR-ABS-RESISTANCE-HOLD-BOUNCE-SHORT-PROFILE_HVN-001","Absorption Reversal / Resistance Hold / Buy Absorption / Rejection / SHORT / Profile HVN","PAT-ABS-RESISTANCE-HOLD-BOUNCE-001","STR-ABSORPTION-REVERSAL","SHORT","PROFILE_HVN","Profile HVN","REVERSAL_EDGE","CD-G11-007 CD-G11-008","high_volume_node_distance_session high_volume_node_distance_rolling_1h","AVAILABLE","BASE_CANONICAL_ONLY","Resistance Hold / Buy Absorption / Rejection","REACTION","HYBRID","DELTAENGINE_DERIVED_VARIANT","WORLD_DERIVED","S10 S16","UNVALIDATED"
"VAR-ABS-RESISTANCE-HOLD-BOUNCE-SHORT-VISIBLE_BOOK_WALL-001","Absorption Reversal / Resistance Hold / Buy Absorption / Rejection / SHORT / Visible Ask Wall","PAT-ABS-RESISTANCE-HOLD-BOUNCE-001","STR-ABSORPTION-REVERSAL","SHORT","VISIBLE_BOOK_WALL","Visible Ask Wall","REVERSAL_EDGE","CD-G06-031 CD-G06-032","ask_wall_concentration_top10 distance_to_nearest_ask_wall","AVAILABLE","BASE_CANONICAL_ONLY","Resistance Hold / Buy Absorption / Rejection","REACTION","HYBRID","DELTAENGINE_DERIVED_VARIANT","WORLD_DERIVED","S10 S16","UNVALIDATED"
"VAR-ABS-STOPSWEEP-SNAPBACK-LONG-SESSION_EXTREME-001","Absorption Reversal / Stop Sweep / Iceberg Hold / Snapback / LONG / Session Low","PAT-ABS-STOPSWEEP-SNAPBACK-001","STR-ABSORPTION-REVERSAL","LONG","SESSION_EXTREME","Session Low","REVERSAL_EDGE","CD-G03-013 CD-G03-014","distance_to_session_low relation_to_session_low","AVAILABLE","BASE_CANONICAL_ONLY","Stop Sweep / Iceberg Hold / Snapback","REACTION","INFERRED","DELTAENGINE_DERIVED_VARIANT","WORLD_DERIVED","S17 S18","UNVALIDATED"
"VAR-ABS-STOPSWEEP-SNAPBACK-LONG-PREVIOUS_DAY_EXTREME-001","Absorption Reversal / Stop Sweep / Iceberg Hold / Snapback / LONG / Previous Day Low","PAT-ABS-STOPSWEEP-SNAPBACK-001","STR-ABSORPTION-REVERSAL","LONG","PREVIOUS_DAY_EXTREME","Previous Day Low","REVERSAL_EDGE","CD-G03-017 CD-G03-018","distance_to_previous_day_low relation_to_previous_day_low","AVAILABLE","BASE_CANONICAL_ONLY","Stop Sweep / Iceberg Hold / Snapback","REACTION","INFERRED","DELTAENGINE_DERIVED_VARIANT","WORLD_DERIVED","S17 S18","UNVALIDATED"
"VAR-ABS-STOPSWEEP-SNAPBACK-LONG-ROLLING_5M_EXTREME-001","Absorption Reversal / Stop Sweep / Iceberg Hold / Snapback / LONG / Rolling 5m Low","PAT-ABS-STOPSWEEP-SNAPBACK-001","STR-ABSORPTION-REVERSAL","LONG","ROLLING_5M_EXTREME","Rolling 5m Low","REVERSAL_EDGE","CD-G03-027 CD-G03-028","distance_to_rolling_5m_low relation_to_rolling_5m_low","AVAILABLE","BASE_CANONICAL_ONLY","Stop Sweep / Iceberg Hold / Snapback","REACTION","INFERRED","DELTAENGINE_DERIVED_VARIANT","WORLD_DERIVED","S17 S18","UNVALIDATED"
"VAR-ABS-STOPSWEEP-SNAPBACK-LONG-VALUE_AREA_EDGE-001","Absorption Reversal / Stop Sweep / Iceberg Hold / Snapback / LONG / Value Area Low","PAT-ABS-STOPSWEEP-SNAPBACK-001","STR-ABSORPTION-REVERSAL","LONG","VALUE_AREA_EDGE","Value Area Low","REVERSAL_EDGE","CD-G03-045 CD-G03-046 CD-G11-005 CD-G11-006","distance_to_profile_val relation_to_profile_val value_area_low_distance_session value_area_low_distance_rolling_1h","AVAILABLE","BASE_CANONICAL_ONLY","Stop Sweep / Iceberg Hold / Snapback","REACTION","INFERRED","DELTAENGINE_DERIVED_VARIANT","WORLD_DERIVED","S17 S18","UNVALIDATED"
"VAR-ABS-STOPSWEEP-SNAPBACK-LONG-VISIBLE_BOOK_WALL-001","Absorption Reversal / Stop Sweep / Iceberg Hold / Snapback / LONG / Visible Bid Wall","PAT-ABS-STOPSWEEP-SNAPBACK-001","STR-ABSORPTION-REVERSAL","LONG","VISIBLE_BOOK_WALL","Visible Bid Wall","REVERSAL_EDGE","CD-G06-029 CD-G06-030","bid_wall_concentration_top10 distance_to_nearest_bid_wall","AVAILABLE","BASE_CANONICAL_ONLY","Stop Sweep / Iceberg Hold / Snapback","REACTION","INFERRED","DELTAENGINE_DERIVED_VARIANT","WORLD_DERIVED","S17 S18","UNVALIDATED"
"VAR-ABS-STOPSWEEP-SNAPBACK-SHORT-SESSION_EXTREME-001","Absorption Reversal / Stop Sweep / Iceberg Hold / Snapback / SHORT / Session High","PAT-ABS-STOPSWEEP-SNAPBACK-001","STR-ABSORPTION-REVERSAL","SHORT","SESSION_EXTREME","Session High","REVERSAL_EDGE","CD-G03-011 CD-G03-012","distance_to_session_high relation_to_session_high","AVAILABLE","BASE_CANONICAL_ONLY","Stop Sweep / Iceberg Hold / Snapback","REACTION","INFERRED","DELTAENGINE_DERIVED_VARIANT","WORLD_DERIVED","S17 S18","UNVALIDATED"
"VAR-ABS-STOPSWEEP-SNAPBACK-SHORT-PREVIOUS_DAY_EXTREME-001","Absorption Reversal / Stop Sweep / Iceberg Hold / Snapback / SHORT / Previous Day High","PAT-ABS-STOPSWEEP-SNAPBACK-001","STR-ABSORPTION-REVERSAL","SHORT","PREVIOUS_DAY_EXTREME","Previous Day High","REVERSAL_EDGE","CD-G03-015 CD-G03-016","distance_to_previous_day_high relation_to_previous_day_high","AVAILABLE","BASE_CANONICAL_ONLY","Stop Sweep / Iceberg Hold / Snapback","REACTION","INFERRED","DELTAENGINE_DERIVED_VARIANT","WORLD_DERIVED","S17 S18","UNVALIDATED"
"VAR-ABS-STOPSWEEP-SNAPBACK-SHORT-ROLLING_5M_EXTREME-001","Absorption Reversal / Stop Sweep / Iceberg Hold / Snapback / SHORT / Rolling 5m High","PAT-ABS-STOPSWEEP-SNAPBACK-001","STR-ABSORPTION-REVERSAL","SHORT","ROLLING_5M_EXTREME","Rolling 5m High","REVERSAL_EDGE","CD-G03-025 CD-G03-026","distance_to_rolling_5m_high relation_to_rolling_5m_high","AVAILABLE","BASE_CANONICAL_ONLY","Stop Sweep / Iceberg Hold / Snapback","REACTION","INFERRED","DELTAENGINE_DERIVED_VARIANT","WORLD_DERIVED","S17 S18","UNVALIDATED"
"VAR-ABS-STOPSWEEP-SNAPBACK-SHORT-VALUE_AREA_EDGE-001","Absorption Reversal / Stop Sweep / Iceberg Hold / Snapback / SHORT / Value Area High","PAT-ABS-STOPSWEEP-SNAPBACK-001","STR-ABSORPTION-REVERSAL","SHORT","VALUE_AREA_EDGE","Value Area High","REVERSAL_EDGE","CD-G03-043 CD-G03-044 CD-G11-003 CD-G11-004","distance_to_profile_vah relation_to_profile_vah value_area_high_distance_session value_area_high_distance_rolling_1h","AVAILABLE","BASE_CANONICAL_ONLY","Stop Sweep / Iceberg Hold / Snapback","REACTION","INFERRED","DELTAENGINE_DERIVED_VARIANT","WORLD_DERIVED","S17 S18","UNVALIDATED"
"VAR-ABS-STOPSWEEP-SNAPBACK-SHORT-VISIBLE_BOOK_WALL-001","Absorption Reversal / Stop Sweep / Iceberg Hold / Snapback / SHORT / Visible Ask Wall","PAT-ABS-STOPSWEEP-SNAPBACK-001","STR-ABSORPTION-REVERSAL","SHORT","VISIBLE_BOOK_WALL","Visible Ask Wall","REVERSAL_EDGE","CD-G06-031 CD-G06-032","ask_wall_concentration_top10 distance_to_nearest_ask_wall","AVAILABLE","BASE_CANONICAL_ONLY","Stop Sweep / Iceberg Hold / Snapback","REACTION","INFERRED","DELTAENGINE_DERIVED_VARIANT","WORLD_DERIVED","S17 S18","UNVALIDATED"
"VAR-ABS-PULLBACK-MINORREVERSAL-LONG-ROLLING_5M_EXTREME-001","Absorption Reversal / Pullback End / Trend Resume / LONG / Rolling 5m Low","PAT-ABS-PULLBACK-MINORREVERSAL-001","STR-ABSORPTION-REVERSAL","LONG","ROLLING_5M_EXTREME","Rolling 5m Low","WITH_TREND_RETEST","CD-G03-027 CD-G03-028","distance_to_rolling_5m_low relation_to_rolling_5m_low","AVAILABLE","BASE_CANONICAL_ONLY","Pullback End / Trend Resume","RETEST","HYBRID","DELTAENGINE_DERIVED_VARIANT","WORLD_DERIVED","S03 S23","UNVALIDATED"
"VAR-ABS-PULLBACK-MINORREVERSAL-LONG-VALUE_AREA_EDGE-001","Absorption Reversal / Pullback End / Trend Resume / LONG / Value Area Low","PAT-ABS-PULLBACK-MINORREVERSAL-001","STR-ABSORPTION-REVERSAL","LONG","VALUE_AREA_EDGE","Value Area Low","WITH_TREND_RETEST","CD-G03-045 CD-G03-046 CD-G11-005 CD-G11-006","distance_to_profile_val relation_to_profile_val value_area_low_distance_session value_area_low_distance_rolling_1h","AVAILABLE","BASE_CANONICAL_ONLY","Pullback End / Trend Resume","RETEST","HYBRID","DELTAENGINE_DERIVED_VARIANT","WORLD_DERIVED","S03 S23","UNVALIDATED"
"VAR-ABS-PULLBACK-MINORREVERSAL-LONG-PROFILE_HVN-001","Absorption Reversal / Pullback End / Trend Resume / LONG / Profile HVN","PAT-ABS-PULLBACK-MINORREVERSAL-001","STR-ABSORPTION-REVERSAL","LONG","PROFILE_HVN","Profile HVN","WITH_TREND_RETEST","CD-G11-007 CD-G11-008","high_volume_node_distance_session high_volume_node_distance_rolling_1h","AVAILABLE","BASE_CANONICAL_ONLY","Pullback End / Trend Resume","RETEST","HYBRID","DELTAENGINE_DERIVED_VARIANT","WORLD_DERIVED","S03 S23","UNVALIDATED"
"VAR-ABS-PULLBACK-MINORREVERSAL-LONG-PROFILE_LVN-001","Absorption Reversal / Pullback End / Trend Resume / LONG / Profile LVN","PAT-ABS-PULLBACK-MINORREVERSAL-001","STR-ABSORPTION-REVERSAL","LONG","PROFILE_LVN","Profile LVN","WITH_TREND_RETEST","CD-G11-009 CD-G11-010","low_volume_node_distance_session low_volume_node_distance_rolling_1h","AVAILABLE","BASE_CANONICAL_ONLY","Pullback End / Trend Resume","RETEST","HYBRID","DELTAENGINE_DERIVED_VARIANT","WORLD_DERIVED","S03 S23","UNVALIDATED"
"VAR-ABS-PULLBACK-MINORREVERSAL-LONG-VISIBLE_BOOK_WALL-001","Absorption Reversal / Pullback End / Trend Resume / LONG / Visible Bid Wall","PAT-ABS-PULLBACK-MINORREVERSAL-001","STR-ABSORPTION-REVERSAL","LONG","VISIBLE_BOOK_WALL","Visible Bid Wall","WITH_TREND_RETEST","CD-G06-029 CD-G06-030","bid_wall_concentration_top10 distance_to_nearest_bid_wall","AVAILABLE","BASE_CANONICAL_ONLY","Pullback End / Trend Resume","RETEST","HYBRID","DELTAENGINE_DERIVED_VARIANT","WORLD_DERIVED","S03 S23","UNVALIDATED"
"VAR-ABS-PULLBACK-MINORREVERSAL-SHORT-ROLLING_5M_EXTREME-001","Absorption Reversal / Pullback End / Trend Resume / SHORT / Rolling 5m High","PAT-ABS-PULLBACK-MINORREVERSAL-001","STR-ABSORPTION-REVERSAL","SHORT","ROLLING_5M_EXTREME","Rolling 5m High","WITH_TREND_RETEST","CD-G03-025 CD-G03-026","distance_to_rolling_5m_high relation_to_rolling_5m_high","AVAILABLE","BASE_CANONICAL_ONLY","Pullback End / Trend Resume","RETEST","HYBRID","DELTAENGINE_DERIVED_VARIANT","WORLD_DERIVED","S03 S23","UNVALIDATED"
"VAR-ABS-PULLBACK-MINORREVERSAL-SHORT-VALUE_AREA_EDGE-001","Absorption Reversal / Pullback End / Trend Resume / SHORT / Value Area High","PAT-ABS-PULLBACK-MINORREVERSAL-001","STR-ABSORPTION-REVERSAL","SHORT","VALUE_AREA_EDGE","Value Area High","WITH_TREND_RETEST","CD-G03-043 CD-G03-044 CD-G11-003 CD-G11-004","distance_to_profile_vah relation_to_profile_vah value_area_high_distance_session value_area_high_distance_rolling_1h","AVAILABLE","BASE_CANONICAL_ONLY","Pullback End / Trend Resume","RETEST","HYBRID","DELTAENGINE_DERIVED_VARIANT","WORLD_DERIVED","S03 S23","UNVALIDATED"
"VAR-ABS-PULLBACK-MINORREVERSAL-SHORT-PROFILE_HVN-001","Absorption Reversal / Pullback End / Trend Resume / SHORT / Profile HVN","PAT-ABS-PULLBACK-MINORREVERSAL-001","STR-ABSORPTION-REVERSAL","SHORT","PROFILE_HVN","Profile HVN","WITH_TREND_RETEST","CD-G11-007 CD-G11-008","high_volume_node_distance_session high_volume_node_distance_rolling_1h","AVAILABLE","BASE_CANONICAL_ONLY","Pullback End / Trend Resume","RETEST","HYBRID","DELTAENGINE_DERIVED_VARIANT","WORLD_DERIVED","S03 S23","UNVALIDATED"
"VAR-ABS-PULLBACK-MINORREVERSAL-SHORT-PROFILE_LVN-001","Absorption Reversal / Pullback End / Trend Resume / SHORT / Profile LVN","PAT-ABS-PULLBACK-MINORREVERSAL-001","STR-ABSORPTION-REVERSAL","SHORT","PROFILE_LVN","Profile LVN","WITH_TREND_RETEST","CD-G11-009 CD-G11-010","low_volume_node_distance_session low_volume_node_distance_rolling_1h","AVAILABLE","BASE_CANONICAL_ONLY","Pullback End / Trend Resume","RETEST","HYBRID","DELTAENGINE_DERIVED_VARIANT","WORLD_DERIVED","S03 S23","UNVALIDATED"
"VAR-ABS-PULLBACK-MINORREVERSAL-SHORT-VISIBLE_BOOK_WALL-001","Absorption Reversal / Pullback End / Trend Resume / SHORT / Visible Ask Wall","PAT-ABS-PULLBACK-MINORREVERSAL-001","STR-ABSORPTION-REVERSAL","SHORT","VISIBLE_BOOK_WALL","Visible Ask Wall","WITH_TREND_RETEST","CD-G06-031 CD-G06-032","ask_wall_concentration_top10 distance_to_nearest_ask_wall","AVAILABLE","BASE_CANONICAL_ONLY","Pullback End / Trend Resume","RETEST","HYBRID","DELTAENGINE_DERIVED_VARIANT","WORLD_DERIVED","S03 S23","UNVALIDATED"
"VAR-EXH-BUYER-DOUBLE-FADE-SHORT-SESSION_EXTREME-001","Exhaustion Reversal / Buyer Fade / Weaker Retest / SHORT / Session High","PAT-EXH-BUYER-DOUBLE-FADE-001","STR-EXHAUSTION-REVERSAL","SHORT","SESSION_EXTREME","Session High","REVERSAL_EDGE","CD-G03-011 CD-G03-012","distance_to_session_high relation_to_session_high","AVAILABLE","BASE_CANONICAL_ONLY","Buyer Fade / Weaker Retest","RETEST","DIRECT","DELTAENGINE_DERIVED_VARIANT","WORLD_DERIVED","S01","UNVALIDATED"
"VAR-EXH-BUYER-DOUBLE-FADE-SHORT-PREVIOUS_DAY_EXTREME-001","Exhaustion Reversal / Buyer Fade / Weaker Retest / SHORT / Previous Day High","PAT-EXH-BUYER-DOUBLE-FADE-001","STR-EXHAUSTION-REVERSAL","SHORT","PREVIOUS_DAY_EXTREME","Previous Day High","REVERSAL_EDGE","CD-G03-015 CD-G03-016","distance_to_previous_day_high relation_to_previous_day_high","AVAILABLE","BASE_CANONICAL_ONLY","Buyer Fade / Weaker Retest","RETEST","DIRECT","DELTAENGINE_DERIVED_VARIANT","WORLD_DERIVED","S01","UNVALIDATED"
"VAR-EXH-BUYER-DOUBLE-FADE-SHORT-ROLLING_5M_EXTREME-001","Exhaustion Reversal / Buyer Fade / Weaker Retest / SHORT / Rolling 5m High","PAT-EXH-BUYER-DOUBLE-FADE-001","STR-EXHAUSTION-REVERSAL","SHORT","ROLLING_5M_EXTREME","Rolling 5m High","REVERSAL_EDGE","CD-G03-025 CD-G03-026","distance_to_rolling_5m_high relation_to_rolling_5m_high","AVAILABLE","BASE_CANONICAL_ONLY","Buyer Fade / Weaker Retest","RETEST","DIRECT","DELTAENGINE_DERIVED_VARIANT","WORLD_DERIVED","S01","UNVALIDATED"
"VAR-EXH-BUYER-DOUBLE-FADE-SHORT-VALUE_AREA_EDGE-001","Exhaustion Reversal / Buyer Fade / Weaker Retest / SHORT / Value Area High","PAT-EXH-BUYER-DOUBLE-FADE-001","STR-EXHAUSTION-REVERSAL","SHORT","VALUE_AREA_EDGE","Value Area High","REVERSAL_EDGE","CD-G03-043 CD-G03-044 CD-G11-003 CD-G11-004","distance_to_profile_vah relation_to_profile_vah value_area_high_distance_session value_area_high_distance_rolling_1h","AVAILABLE","BASE_CANONICAL_ONLY","Buyer Fade / Weaker Retest","RETEST","DIRECT","DELTAENGINE_DERIVED_VARIANT","WORLD_DERIVED","S01","UNVALIDATED"
"VAR-EXH-BUYER-DOUBLE-FADE-SHORT-PROFILE_HVN-001","Exhaustion Reversal / Buyer Fade / Weaker Retest / SHORT / Profile HVN","PAT-EXH-BUYER-DOUBLE-FADE-001","STR-EXHAUSTION-REVERSAL","SHORT","PROFILE_HVN","Profile HVN","REVERSAL_EDGE","CD-G11-007 CD-G11-008","high_volume_node_distance_session high_volume_node_distance_rolling_1h","AVAILABLE","BASE_CANONICAL_ONLY","Buyer Fade / Weaker Retest","RETEST","DIRECT","DELTAENGINE_DERIVED_VARIANT","WORLD_DERIVED","S01","UNVALIDATED"
"VAR-EXH-BUYER-DOUBLE-FADE-SHORT-PROFILE_LVN-001","Exhaustion Reversal / Buyer Fade / Weaker Retest / SHORT / Profile LVN","PAT-EXH-BUYER-DOUBLE-FADE-001","STR-EXHAUSTION-REVERSAL","SHORT","PROFILE_LVN","Profile LVN","REVERSAL_EDGE","CD-G11-009 CD-G11-010","low_volume_node_distance_session low_volume_node_distance_rolling_1h","AVAILABLE","BASE_CANONICAL_ONLY","Buyer Fade / Weaker Retest","RETEST","DIRECT","DELTAENGINE_DERIVED_VARIANT","WORLD_DERIVED","S01","UNVALIDATED"
"VAR-EXH-SELLER-DOUBLE-FADE-LONG-SESSION_EXTREME-001","Exhaustion Reversal / Seller Fade / Weaker Retest / LONG / Session Low","PAT-EXH-SELLER-DOUBLE-FADE-001","STR-EXHAUSTION-REVERSAL","LONG","SESSION_EXTREME","Session Low","REVERSAL_EDGE","CD-G03-013 CD-G03-014","distance_to_session_low relation_to_session_low","AVAILABLE","BASE_CANONICAL_ONLY","Seller Fade / Weaker Retest","RETEST","DIRECT","DELTAENGINE_DERIVED_VARIANT","WORLD_DERIVED","S01","UNVALIDATED"
"VAR-EXH-SELLER-DOUBLE-FADE-LONG-PREVIOUS_DAY_EXTREME-001","Exhaustion Reversal / Seller Fade / Weaker Retest / LONG / Previous Day Low","PAT-EXH-SELLER-DOUBLE-FADE-001","STR-EXHAUSTION-REVERSAL","LONG","PREVIOUS_DAY_EXTREME","Previous Day Low","REVERSAL_EDGE","CD-G03-017 CD-G03-018","distance_to_previous_day_low relation_to_previous_day_low","AVAILABLE","BASE_CANONICAL_ONLY","Seller Fade / Weaker Retest","RETEST","DIRECT","DELTAENGINE_DERIVED_VARIANT","WORLD_DERIVED","S01","UNVALIDATED"
"VAR-EXH-SELLER-DOUBLE-FADE-LONG-ROLLING_5M_EXTREME-001","Exhaustion Reversal / Seller Fade / Weaker Retest / LONG / Rolling 5m Low","PAT-EXH-SELLER-DOUBLE-FADE-001","STR-EXHAUSTION-REVERSAL","LONG","ROLLING_5M_EXTREME","Rolling 5m Low","REVERSAL_EDGE","CD-G03-027 CD-G03-028","distance_to_rolling_5m_low relation_to_rolling_5m_low","AVAILABLE","BASE_CANONICAL_ONLY","Seller Fade / Weaker Retest","RETEST","DIRECT","DELTAENGINE_DERIVED_VARIANT","WORLD_DERIVED","S01","UNVALIDATED"
"VAR-EXH-SELLER-DOUBLE-FADE-LONG-VALUE_AREA_EDGE-001","Exhaustion Reversal / Seller Fade / Weaker Retest / LONG / Value Area Low","PAT-EXH-SELLER-DOUBLE-FADE-001","STR-EXHAUSTION-REVERSAL","LONG","VALUE_AREA_EDGE","Value Area Low","REVERSAL_EDGE","CD-G03-045 CD-G03-046 CD-G11-005 CD-G11-006","distance_to_profile_val relation_to_profile_val value_area_low_distance_session value_area_low_distance_rolling_1h","AVAILABLE","BASE_CANONICAL_ONLY","Seller Fade / Weaker Retest","RETEST","DIRECT","DELTAENGINE_DERIVED_VARIANT","WORLD_DERIVED","S01","UNVALIDATED"
"VAR-EXH-SELLER-DOUBLE-FADE-LONG-PROFILE_HVN-001","Exhaustion Reversal / Seller Fade / Weaker Retest / LONG / Profile HVN","PAT-EXH-SELLER-DOUBLE-FADE-001","STR-EXHAUSTION-REVERSAL","LONG","PROFILE_HVN","Profile HVN","REVERSAL_EDGE","CD-G11-007 CD-G11-008","high_volume_node_distance_session high_volume_node_distance_rolling_1h","AVAILABLE","BASE_CANONICAL_ONLY","Seller Fade / Weaker Retest","RETEST","DIRECT","DELTAENGINE_DERIVED_VARIANT","WORLD_DERIVED","S01","UNVALIDATED"
"VAR-EXH-SELLER-DOUBLE-FADE-LONG-PROFILE_LVN-001","Exhaustion Reversal / Seller Fade / Weaker Retest / LONG / Profile LVN","PAT-EXH-SELLER-DOUBLE-FADE-001","STR-EXHAUSTION-REVERSAL","LONG","PROFILE_LVN","Profile LVN","REVERSAL_EDGE","CD-G11-009 CD-G11-010","low_volume_node_distance_session low_volume_node_distance_rolling_1h","AVAILABLE","BASE_CANONICAL_ONLY","Seller Fade / Weaker Retest","RETEST","DIRECT","DELTAENGINE_DERIVED_VARIANT","WORLD_DERIVED","S01","UNVALIDATED"
"VAR-EXH-AGGRESSION-NO-FOLLOW-LONG-SESSION_EXTREME-001","Exhaustion Reversal / Aggressive Burst / No Follow-Through / LONG / Session Low","PAT-EXH-AGGRESSION-NO-FOLLOW-001","STR-EXHAUSTION-REVERSAL","LONG","SESSION_EXTREME","Session Low","REVERSAL_EDGE","CD-G03-013 CD-G03-014","distance_to_session_low relation_to_session_low","AVAILABLE","BASE_CANONICAL_ONLY","Aggressive Burst / No Follow-Through","REACTION","DIRECT","DELTAENGINE_DERIVED_VARIANT","WORLD_DERIVED","S16","UNVALIDATED"
"VAR-EXH-AGGRESSION-NO-FOLLOW-LONG-PREVIOUS_DAY_EXTREME-001","Exhaustion Reversal / Aggressive Burst / No Follow-Through / LONG / Previous Day Low","PAT-EXH-AGGRESSION-NO-FOLLOW-001","STR-EXHAUSTION-REVERSAL","LONG","PREVIOUS_DAY_EXTREME","Previous Day Low","REVERSAL_EDGE","CD-G03-017 CD-G03-018","distance_to_previous_day_low relation_to_previous_day_low","AVAILABLE","BASE_CANONICAL_ONLY","Aggressive Burst / No Follow-Through","REACTION","DIRECT","DELTAENGINE_DERIVED_VARIANT","WORLD_DERIVED","S16","UNVALIDATED"
"VAR-EXH-AGGRESSION-NO-FOLLOW-LONG-ROLLING_5M_EXTREME-001","Exhaustion Reversal / Aggressive Burst / No Follow-Through / LONG / Rolling 5m Low","PAT-EXH-AGGRESSION-NO-FOLLOW-001","STR-EXHAUSTION-REVERSAL","LONG","ROLLING_5M_EXTREME","Rolling 5m Low","REVERSAL_EDGE","CD-G03-027 CD-G03-028","distance_to_rolling_5m_low relation_to_rolling_5m_low","AVAILABLE","BASE_CANONICAL_ONLY","Aggressive Burst / No Follow-Through","REACTION","DIRECT","DELTAENGINE_DERIVED_VARIANT","WORLD_DERIVED","S16","UNVALIDATED"
"VAR-EXH-AGGRESSION-NO-FOLLOW-LONG-VALUE_AREA_EDGE-001","Exhaustion Reversal / Aggressive Burst / No Follow-Through / LONG / Value Area Low","PAT-EXH-AGGRESSION-NO-FOLLOW-001","STR-EXHAUSTION-REVERSAL","LONG","VALUE_AREA_EDGE","Value Area Low","REVERSAL_EDGE","CD-G03-045 CD-G03-046 CD-G11-005 CD-G11-006","distance_to_profile_val relation_to_profile_val value_area_low_distance_session value_area_low_distance_rolling_1h","AVAILABLE","BASE_CANONICAL_ONLY","Aggressive Burst / No Follow-Through","REACTION","DIRECT","DELTAENGINE_DERIVED_VARIANT","WORLD_DERIVED","S16","UNVALIDATED"
"VAR-EXH-AGGRESSION-NO-FOLLOW-LONG-PROFILE_HVN-001","Exhaustion Reversal / Aggressive Burst / No Follow-Through / LONG / Profile HVN","PAT-EXH-AGGRESSION-NO-FOLLOW-001","STR-EXHAUSTION-REVERSAL","LONG","PROFILE_HVN","Profile HVN","REVERSAL_EDGE","CD-G11-007 CD-G11-008","high_volume_node_distance_session high_volume_node_distance_rolling_1h","AVAILABLE","BASE_CANONICAL_ONLY","Aggressive Burst / No Follow-Through","REACTION","DIRECT","DELTAENGINE_DERIVED_VARIANT","WORLD_DERIVED","S16","UNVALIDATED"
"VAR-EXH-AGGRESSION-NO-FOLLOW-LONG-PROFILE_LVN-001","Exhaustion Reversal / Aggressive Burst / No Follow-Through / LONG / Profile LVN","PAT-EXH-AGGRESSION-NO-FOLLOW-001","STR-EXHAUSTION-REVERSAL","LONG","PROFILE_LVN","Profile LVN","REVERSAL_EDGE","CD-G11-009 CD-G11-010","low_volume_node_distance_session low_volume_node_distance_rolling_1h","AVAILABLE","BASE_CANONICAL_ONLY","Aggressive Burst / No Follow-Through","REACTION","DIRECT","DELTAENGINE_DERIVED_VARIANT","WORLD_DERIVED","S16","UNVALIDATED"
"VAR-EXH-AGGRESSION-NO-FOLLOW-SHORT-SESSION_EXTREME-001","Exhaustion Reversal / Aggressive Burst / No Follow-Through / SHORT / Session High","PAT-EXH-AGGRESSION-NO-FOLLOW-001","STR-EXHAUSTION-REVERSAL","SHORT","SESSION_EXTREME","Session High","REVERSAL_EDGE","CD-G03-011 CD-G03-012","distance_to_session_high relation_to_session_high","AVAILABLE","BASE_CANONICAL_ONLY","Aggressive Burst / No Follow-Through","REACTION","DIRECT","DELTAENGINE_DERIVED_VARIANT","WORLD_DERIVED","S16","UNVALIDATED"
"VAR-EXH-AGGRESSION-NO-FOLLOW-SHORT-PREVIOUS_DAY_EXTREME-001","Exhaustion Reversal / Aggressive Burst / No Follow-Through / SHORT / Previous Day High","PAT-EXH-AGGRESSION-NO-FOLLOW-001","STR-EXHAUSTION-REVERSAL","SHORT","PREVIOUS_DAY_EXTREME","Previous Day High","REVERSAL_EDGE","CD-G03-015 CD-G03-016","distance_to_previous_day_high relation_to_previous_day_high","AVAILABLE","BASE_CANONICAL_ONLY","Aggressive Burst / No Follow-Through","REACTION","DIRECT","DELTAENGINE_DERIVED_VARIANT","WORLD_DERIVED","S16","UNVALIDATED"
"VAR-EXH-AGGRESSION-NO-FOLLOW-SHORT-ROLLING_5M_EXTREME-001","Exhaustion Reversal / Aggressive Burst / No Follow-Through / SHORT / Rolling 5m High","PAT-EXH-AGGRESSION-NO-FOLLOW-001","STR-EXHAUSTION-REVERSAL","SHORT","ROLLING_5M_EXTREME","Rolling 5m High","REVERSAL_EDGE","CD-G03-025 CD-G03-026","distance_to_rolling_5m_high relation_to_rolling_5m_high","AVAILABLE","BASE_CANONICAL_ONLY","Aggressive Burst / No Follow-Through","REACTION","DIRECT","DELTAENGINE_DERIVED_VARIANT","WORLD_DERIVED","S16","UNVALIDATED"
"VAR-EXH-AGGRESSION-NO-FOLLOW-SHORT-VALUE_AREA_EDGE-001","Exhaustion Reversal / Aggressive Burst / No Follow-Through / SHORT / Value Area High","PAT-EXH-AGGRESSION-NO-FOLLOW-001","STR-EXHAUSTION-REVERSAL","SHORT","VALUE_AREA_EDGE","Value Area High","REVERSAL_EDGE","CD-G03-043 CD-G03-044 CD-G11-003 CD-G11-004","distance_to_profile_vah relation_to_profile_vah value_area_high_distance_session value_area_high_distance_rolling_1h","AVAILABLE","BASE_CANONICAL_ONLY","Aggressive Burst / No Follow-Through","REACTION","DIRECT","DELTAENGINE_DERIVED_VARIANT","WORLD_DERIVED","S16","UNVALIDATED"
"VAR-EXH-AGGRESSION-NO-FOLLOW-SHORT-PROFILE_HVN-001","Exhaustion Reversal / Aggressive Burst / No Follow-Through / SHORT / Profile HVN","PAT-EXH-AGGRESSION-NO-FOLLOW-001","STR-EXHAUSTION-REVERSAL","SHORT","PROFILE_HVN","Profile HVN","REVERSAL_EDGE","CD-G11-007 CD-G11-008","high_volume_node_distance_session high_volume_node_distance_rolling_1h","AVAILABLE","BASE_CANONICAL_ONLY","Aggressive Burst / No Follow-Through","REACTION","DIRECT","DELTAENGINE_DERIVED_VARIANT","WORLD_DERIVED","S16","UNVALIDATED"
"VAR-EXH-AGGRESSION-NO-FOLLOW-SHORT-PROFILE_LVN-001","Exhaustion Reversal / Aggressive Burst / No Follow-Through / SHORT / Profile LVN","PAT-EXH-AGGRESSION-NO-FOLLOW-001","STR-EXHAUSTION-REVERSAL","SHORT","PROFILE_LVN","Profile LVN","REVERSAL_EDGE","CD-G11-009 CD-G11-010","low_volume_node_distance_session low_volume_node_distance_rolling_1h","AVAILABLE","BASE_CANONICAL_ONLY","Aggressive Burst / No Follow-Through","REACTION","DIRECT","DELTAENGINE_DERIVED_VARIANT","WORLD_DERIVED","S16","UNVALIDATED"
"VAR-EXH-EFFORT-RESULT-LONG-SESSION_EXTREME-001","Exhaustion Reversal / High Effort / Narrow Result / LONG / Session Low","PAT-EXH-EFFORT-RESULT-001","STR-EXHAUSTION-REVERSAL","LONG","SESSION_EXTREME","Session Low","REVERSAL_EDGE","CD-G03-013 CD-G03-014","distance_to_session_low relation_to_session_low","AVAILABLE","BASE_CANONICAL_ONLY","High Effort / Narrow Result","REACTION","DIRECT","DELTAENGINE_DERIVED_VARIANT","WORLD_DERIVED","S10 S13","UNVALIDATED"
"VAR-EXH-EFFORT-RESULT-LONG-PREVIOUS_DAY_EXTREME-001","Exhaustion Reversal / High Effort / Narrow Result / LONG / Previous Day Low","PAT-EXH-EFFORT-RESULT-001","STR-EXHAUSTION-REVERSAL","LONG","PREVIOUS_DAY_EXTREME","Previous Day Low","REVERSAL_EDGE","CD-G03-017 CD-G03-018","distance_to_previous_day_low relation_to_previous_day_low","AVAILABLE","BASE_CANONICAL_ONLY","High Effort / Narrow Result","REACTION","DIRECT","DELTAENGINE_DERIVED_VARIANT","WORLD_DERIVED","S10 S13","UNVALIDATED"
"VAR-EXH-EFFORT-RESULT-LONG-ROLLING_5M_EXTREME-001","Exhaustion Reversal / High Effort / Narrow Result / LONG / Rolling 5m Low","PAT-EXH-EFFORT-RESULT-001","STR-EXHAUSTION-REVERSAL","LONG","ROLLING_5M_EXTREME","Rolling 5m Low","REVERSAL_EDGE","CD-G03-027 CD-G03-028","distance_to_rolling_5m_low relation_to_rolling_5m_low","AVAILABLE","BASE_CANONICAL_ONLY","High Effort / Narrow Result","REACTION","DIRECT","DELTAENGINE_DERIVED_VARIANT","WORLD_DERIVED","S10 S13","UNVALIDATED"
"VAR-EXH-EFFORT-RESULT-LONG-VALUE_AREA_EDGE-001","Exhaustion Reversal / High Effort / Narrow Result / LONG / Value Area Low","PAT-EXH-EFFORT-RESULT-001","STR-EXHAUSTION-REVERSAL","LONG","VALUE_AREA_EDGE","Value Area Low","REVERSAL_EDGE","CD-G03-045 CD-G03-046 CD-G11-005 CD-G11-006","distance_to_profile_val relation_to_profile_val value_area_low_distance_session value_area_low_distance_rolling_1h","AVAILABLE","BASE_CANONICAL_ONLY","High Effort / Narrow Result","REACTION","DIRECT","DELTAENGINE_DERIVED_VARIANT","WORLD_DERIVED","S10 S13","UNVALIDATED"
"VAR-EXH-EFFORT-RESULT-LONG-PROFILE_HVN-001","Exhaustion Reversal / High Effort / Narrow Result / LONG / Profile HVN","PAT-EXH-EFFORT-RESULT-001","STR-EXHAUSTION-REVERSAL","LONG","PROFILE_HVN","Profile HVN","REVERSAL_EDGE","CD-G11-007 CD-G11-008","high_volume_node_distance_session high_volume_node_distance_rolling_1h","AVAILABLE","BASE_CANONICAL_ONLY","High Effort / Narrow Result","REACTION","DIRECT","DELTAENGINE_DERIVED_VARIANT","WORLD_DERIVED","S10 S13","UNVALIDATED"
"VAR-EXH-EFFORT-RESULT-LONG-PROFILE_LVN-001","Exhaustion Reversal / High Effort / Narrow Result / LONG / Profile LVN","PAT-EXH-EFFORT-RESULT-001","STR-EXHAUSTION-REVERSAL","LONG","PROFILE_LVN","Profile LVN","REVERSAL_EDGE","CD-G11-009 CD-G11-010","low_volume_node_distance_session low_volume_node_distance_rolling_1h","AVAILABLE","BASE_CANONICAL_ONLY","High Effort / Narrow Result","REACTION","DIRECT","DELTAENGINE_DERIVED_VARIANT","WORLD_DERIVED","S10 S13","UNVALIDATED"
"VAR-EXH-EFFORT-RESULT-SHORT-SESSION_EXTREME-001","Exhaustion Reversal / High Effort / Narrow Result / SHORT / Session High","PAT-EXH-EFFORT-RESULT-001","STR-EXHAUSTION-REVERSAL","SHORT","SESSION_EXTREME","Session High","REVERSAL_EDGE","CD-G03-011 CD-G03-012","distance_to_session_high relation_to_session_high","AVAILABLE","BASE_CANONICAL_ONLY","High Effort / Narrow Result","REACTION","DIRECT","DELTAENGINE_DERIVED_VARIANT","WORLD_DERIVED","S10 S13","UNVALIDATED"
"VAR-EXH-EFFORT-RESULT-SHORT-PREVIOUS_DAY_EXTREME-001","Exhaustion Reversal / High Effort / Narrow Result / SHORT / Previous Day High","PAT-EXH-EFFORT-RESULT-001","STR-EXHAUSTION-REVERSAL","SHORT","PREVIOUS_DAY_EXTREME","Previous Day High","REVERSAL_EDGE","CD-G03-015 CD-G03-016","distance_to_previous_day_high relation_to_previous_day_high","AVAILABLE","BASE_CANONICAL_ONLY","High Effort / Narrow Result","REACTION","DIRECT","DELTAENGINE_DERIVED_VARIANT","WORLD_DERIVED","S10 S13","UNVALIDATED"
"VAR-EXH-EFFORT-RESULT-SHORT-ROLLING_5M_EXTREME-001","Exhaustion Reversal / High Effort / Narrow Result / SHORT / Rolling 5m High","PAT-EXH-EFFORT-RESULT-001","STR-EXHAUSTION-REVERSAL","SHORT","ROLLING_5M_EXTREME","Rolling 5m High","REVERSAL_EDGE","CD-G03-025 CD-G03-026","distance_to_rolling_5m_high relation_to_rolling_5m_high","AVAILABLE","BASE_CANONICAL_ONLY","High Effort / Narrow Result","REACTION","DIRECT","DELTAENGINE_DERIVED_VARIANT","WORLD_DERIVED","S10 S13","UNVALIDATED"
"VAR-EXH-EFFORT-RESULT-SHORT-VALUE_AREA_EDGE-001","Exhaustion Reversal / High Effort / Narrow Result / SHORT / Value Area High","PAT-EXH-EFFORT-RESULT-001","STR-EXHAUSTION-REVERSAL","SHORT","VALUE_AREA_EDGE","Value Area High","REVERSAL_EDGE","CD-G03-043 CD-G03-044 CD-G11-003 CD-G11-004","distance_to_profile_vah relation_to_profile_vah value_area_high_distance_session value_area_high_distance_rolling_1h","AVAILABLE","BASE_CANONICAL_ONLY","High Effort / Narrow Result","REACTION","DIRECT","DELTAENGINE_DERIVED_VARIANT","WORLD_DERIVED","S10 S13","UNVALIDATED"
"VAR-EXH-EFFORT-RESULT-SHORT-PROFILE_HVN-001","Exhaustion Reversal / High Effort / Narrow Result / SHORT / Profile HVN","PAT-EXH-EFFORT-RESULT-001","STR-EXHAUSTION-REVERSAL","SHORT","PROFILE_HVN","Profile HVN","REVERSAL_EDGE","CD-G11-007 CD-G11-008","high_volume_node_distance_session high_volume_node_distance_rolling_1h","AVAILABLE","BASE_CANONICAL_ONLY","High Effort / Narrow Result","REACTION","DIRECT","DELTAENGINE_DERIVED_VARIANT","WORLD_DERIVED","S10 S13","UNVALIDATED"
"VAR-EXH-EFFORT-RESULT-SHORT-PROFILE_LVN-001","Exhaustion Reversal / High Effort / Narrow Result / SHORT / Profile LVN","PAT-EXH-EFFORT-RESULT-001","STR-EXHAUSTION-REVERSAL","SHORT","PROFILE_LVN","Profile LVN","REVERSAL_EDGE","CD-G11-009 CD-G11-010","low_volume_node_distance_session low_volume_node_distance_rolling_1h","AVAILABLE","BASE_CANONICAL_ONLY","High Effort / Narrow Result","REACTION","DIRECT","DELTAENGINE_DERIVED_VARIANT","WORLD_DERIVED","S10 S13","UNVALIDATED"
"VAR-EXH-LIQUIDATION-CASCADE-END-LONG-SESSION_EXTREME-001","Exhaustion Reversal / Liquidation Cascade / Organic Flow Failure / LONG / Session Low","PAT-EXH-LIQUIDATION-CASCADE-END-001","STR-EXHAUSTION-REVERSAL","LONG","SESSION_EXTREME","Session Low","REVERSAL_EDGE","CD-G03-013 CD-G03-014","distance_to_session_low relation_to_session_low","AVAILABLE","BASE_CANONICAL_ONLY","Liquidation Cascade / Organic Flow Failure","EVENT","HYBRID","DELTAENGINE_DERIVED_VARIANT","WORLD_DERIVED","S24","UNVALIDATED"
"VAR-EXH-LIQUIDATION-CASCADE-END-LONG-PREVIOUS_DAY_EXTREME-001","Exhaustion Reversal / Liquidation Cascade / Organic Flow Failure / LONG / Previous Day Low","PAT-EXH-LIQUIDATION-CASCADE-END-001","STR-EXHAUSTION-REVERSAL","LONG","PREVIOUS_DAY_EXTREME","Previous Day Low","REVERSAL_EDGE","CD-G03-017 CD-G03-018","distance_to_previous_day_low relation_to_previous_day_low","AVAILABLE","BASE_CANONICAL_ONLY","Liquidation Cascade / Organic Flow Failure","EVENT","HYBRID","DELTAENGINE_DERIVED_VARIANT","WORLD_DERIVED","S24","UNVALIDATED"
"VAR-EXH-LIQUIDATION-CASCADE-END-LONG-ROLLING_5M_EXTREME-001","Exhaustion Reversal / Liquidation Cascade / Organic Flow Failure / LONG / Rolling 5m Low","PAT-EXH-LIQUIDATION-CASCADE-END-001","STR-EXHAUSTION-REVERSAL","LONG","ROLLING_5M_EXTREME","Rolling 5m Low","REVERSAL_EDGE","CD-G03-027 CD-G03-028","distance_to_rolling_5m_low relation_to_rolling_5m_low","AVAILABLE","BASE_CANONICAL_ONLY","Liquidation Cascade / Organic Flow Failure","EVENT","HYBRID","DELTAENGINE_DERIVED_VARIANT","WORLD_DERIVED","S24","UNVALIDATED"
"VAR-EXH-LIQUIDATION-CASCADE-END-LONG-VALUE_AREA_EDGE-001","Exhaustion Reversal / Liquidation Cascade / Organic Flow Failure / LONG / Value Area Low","PAT-EXH-LIQUIDATION-CASCADE-END-001","STR-EXHAUSTION-REVERSAL","LONG","VALUE_AREA_EDGE","Value Area Low","REVERSAL_EDGE","CD-G03-045 CD-G03-046 CD-G11-005 CD-G11-006","distance_to_profile_val relation_to_profile_val value_area_low_distance_session value_area_low_distance_rolling_1h","AVAILABLE","BASE_CANONICAL_ONLY","Liquidation Cascade / Organic Flow Failure","EVENT","HYBRID","DELTAENGINE_DERIVED_VARIANT","WORLD_DERIVED","S24","UNVALIDATED"
"VAR-EXH-LIQUIDATION-CASCADE-END-LONG-PROFILE_HVN-001","Exhaustion Reversal / Liquidation Cascade / Organic Flow Failure / LONG / Profile HVN","PAT-EXH-LIQUIDATION-CASCADE-END-001","STR-EXHAUSTION-REVERSAL","LONG","PROFILE_HVN","Profile HVN","REVERSAL_EDGE","CD-G11-007 CD-G11-008","high_volume_node_distance_session high_volume_node_distance_rolling_1h","AVAILABLE","BASE_CANONICAL_ONLY","Liquidation Cascade / Organic Flow Failure","EVENT","HYBRID","DELTAENGINE_DERIVED_VARIANT","WORLD_DERIVED","S24","UNVALIDATED"
"VAR-EXH-LIQUIDATION-CASCADE-END-LONG-PROFILE_LVN-001","Exhaustion Reversal / Liquidation Cascade / Organic Flow Failure / LONG / Profile LVN","PAT-EXH-LIQUIDATION-CASCADE-END-001","STR-EXHAUSTION-REVERSAL","LONG","PROFILE_LVN","Profile LVN","REVERSAL_EDGE","CD-G11-009 CD-G11-010","low_volume_node_distance_session low_volume_node_distance_rolling_1h","AVAILABLE","BASE_CANONICAL_ONLY","Liquidation Cascade / Organic Flow Failure","EVENT","HYBRID","DELTAENGINE_DERIVED_VARIANT","WORLD_DERIVED","S24","UNVALIDATED"
"VAR-EXH-LIQUIDATION-CASCADE-END-SHORT-SESSION_EXTREME-001","Exhaustion Reversal / Liquidation Cascade / Organic Flow Failure / SHORT / Session High","PAT-EXH-LIQUIDATION-CASCADE-END-001","STR-EXHAUSTION-REVERSAL","SHORT","SESSION_EXTREME","Session High","REVERSAL_EDGE","CD-G03-011 CD-G03-012","distance_to_session_high relation_to_session_high","AVAILABLE","BASE_CANONICAL_ONLY","Liquidation Cascade / Organic Flow Failure","EVENT","HYBRID","DELTAENGINE_DERIVED_VARIANT","WORLD_DERIVED","S24","UNVALIDATED"
"VAR-EXH-LIQUIDATION-CASCADE-END-SHORT-PREVIOUS_DAY_EXTREME-001","Exhaustion Reversal / Liquidation Cascade / Organic Flow Failure / SHORT / Previous Day High","PAT-EXH-LIQUIDATION-CASCADE-END-001","STR-EXHAUSTION-REVERSAL","SHORT","PREVIOUS_DAY_EXTREME","Previous Day High","REVERSAL_EDGE","CD-G03-015 CD-G03-016","distance_to_previous_day_high relation_to_previous_day_high","AVAILABLE","BASE_CANONICAL_ONLY","Liquidation Cascade / Organic Flow Failure","EVENT","HYBRID","DELTAENGINE_DERIVED_VARIANT","WORLD_DERIVED","S24","UNVALIDATED"
"VAR-EXH-LIQUIDATION-CASCADE-END-SHORT-ROLLING_5M_EXTREME-001","Exhaustion Reversal / Liquidation Cascade / Organic Flow Failure / SHORT / Rolling 5m High","PAT-EXH-LIQUIDATION-CASCADE-END-001","STR-EXHAUSTION-REVERSAL","SHORT","ROLLING_5M_EXTREME","Rolling 5m High","REVERSAL_EDGE","CD-G03-025 CD-G03-026","distance_to_rolling_5m_high relation_to_rolling_5m_high","AVAILABLE","BASE_CANONICAL_ONLY","Liquidation Cascade / Organic Flow Failure","EVENT","HYBRID","DELTAENGINE_DERIVED_VARIANT","WORLD_DERIVED","S24","UNVALIDATED"
"VAR-EXH-LIQUIDATION-CASCADE-END-SHORT-VALUE_AREA_EDGE-001","Exhaustion Reversal / Liquidation Cascade / Organic Flow Failure / SHORT / Value Area High","PAT-EXH-LIQUIDATION-CASCADE-END-001","STR-EXHAUSTION-REVERSAL","SHORT","VALUE_AREA_EDGE","Value Area High","REVERSAL_EDGE","CD-G03-043 CD-G03-044 CD-G11-003 CD-G11-004","distance_to_profile_vah relation_to_profile_vah value_area_high_distance_session value_area_high_distance_rolling_1h","AVAILABLE","BASE_CANONICAL_ONLY","Liquidation Cascade / Organic Flow Failure","EVENT","HYBRID","DELTAENGINE_DERIVED_VARIANT","WORLD_DERIVED","S24","UNVALIDATED"
"VAR-EXH-LIQUIDATION-CASCADE-END-SHORT-PROFILE_HVN-001","Exhaustion Reversal / Liquidation Cascade / Organic Flow Failure / SHORT / Profile HVN","PAT-EXH-LIQUIDATION-CASCADE-END-001","STR-EXHAUSTION-REVERSAL","SHORT","PROFILE_HVN","Profile HVN","REVERSAL_EDGE","CD-G11-007 CD-G11-008","high_volume_node_distance_session high_volume_node_distance_rolling_1h","AVAILABLE","BASE_CANONICAL_ONLY","Liquidation Cascade / Organic Flow Failure","EVENT","HYBRID","DELTAENGINE_DERIVED_VARIANT","WORLD_DERIVED","S24","UNVALIDATED"
"VAR-EXH-LIQUIDATION-CASCADE-END-SHORT-PROFILE_LVN-001","Exhaustion Reversal / Liquidation Cascade / Organic Flow Failure / SHORT / Profile LVN","PAT-EXH-LIQUIDATION-CASCADE-END-001","STR-EXHAUSTION-REVERSAL","SHORT","PROFILE_LVN","Profile LVN","REVERSAL_EDGE","CD-G11-009 CD-G11-010","low_volume_node_distance_session low_volume_node_distance_rolling_1h","AVAILABLE","BASE_CANONICAL_ONLY","Liquidation Cascade / Organic Flow Failure","EVENT","HYBRID","DELTAENGINE_DERIVED_VARIANT","WORLD_DERIVED","S24","UNVALIDATED"
"VAR-STACK-BUY-SUPPORT-RETEST-LONG-ROLLING_5M_EXTREME-001","Stacked Imbalance Continuation / Buy Stack / Support Retest / LONG / Rolling 5m Low","PAT-STACK-BUY-SUPPORT-RETEST-001","STR-STACKED-IMBALANCE-CONTINUATION","LONG","ROLLING_5M_EXTREME","Rolling 5m Low","WITH_TREND_RETEST","CD-G03-027 CD-G03-028","distance_to_rolling_5m_low relation_to_rolling_5m_low","AVAILABLE","BASE_CANONICAL_ONLY","Buy Stack / Support Retest","RETEST","DIRECT","DELTAENGINE_DERIVED_VARIANT","WORLD_DERIVED","S11 S12","UNVALIDATED"
"VAR-STACK-BUY-SUPPORT-RETEST-LONG-VALUE_AREA_EDGE-001","Stacked Imbalance Continuation / Buy Stack / Support Retest / LONG / Value Area Low","PAT-STACK-BUY-SUPPORT-RETEST-001","STR-STACKED-IMBALANCE-CONTINUATION","LONG","VALUE_AREA_EDGE","Value Area Low","WITH_TREND_RETEST","CD-G03-045 CD-G03-046 CD-G11-005 CD-G11-006","distance_to_profile_val relation_to_profile_val value_area_low_distance_session value_area_low_distance_rolling_1h","AVAILABLE","BASE_CANONICAL_ONLY","Buy Stack / Support Retest","RETEST","DIRECT","DELTAENGINE_DERIVED_VARIANT","WORLD_DERIVED","S11 S12","UNVALIDATED"
"VAR-STACK-BUY-SUPPORT-RETEST-LONG-PROFILE_HVN-001","Stacked Imbalance Continuation / Buy Stack / Support Retest / LONG / Profile HVN","PAT-STACK-BUY-SUPPORT-RETEST-001","STR-STACKED-IMBALANCE-CONTINUATION","LONG","PROFILE_HVN","Profile HVN","WITH_TREND_RETEST","CD-G11-007 CD-G11-008","high_volume_node_distance_session high_volume_node_distance_rolling_1h","AVAILABLE","BASE_CANONICAL_ONLY","Buy Stack / Support Retest","RETEST","DIRECT","DELTAENGINE_DERIVED_VARIANT","WORLD_DERIVED","S11 S12","UNVALIDATED"
"VAR-STACK-BUY-SUPPORT-RETEST-LONG-PROFILE_LVN-001","Stacked Imbalance Continuation / Buy Stack / Support Retest / LONG / Profile LVN","PAT-STACK-BUY-SUPPORT-RETEST-001","STR-STACKED-IMBALANCE-CONTINUATION","LONG","PROFILE_LVN","Profile LVN","WITH_TREND_RETEST","CD-G11-009 CD-G11-010","low_volume_node_distance_session low_volume_node_distance_rolling_1h","AVAILABLE","BASE_CANONICAL_ONLY","Buy Stack / Support Retest","RETEST","DIRECT","DELTAENGINE_DERIVED_VARIANT","WORLD_DERIVED","S11 S12","UNVALIDATED"
"VAR-STACK-SELL-RESIST-RETEST-SHORT-ROLLING_5M_EXTREME-001","Stacked Imbalance Continuation / Sell Stack / Resistance Retest / SHORT / Rolling 5m High","PAT-STACK-SELL-RESIST-RETEST-001","STR-STACKED-IMBALANCE-CONTINUATION","SHORT","ROLLING_5M_EXTREME","Rolling 5m High","WITH_TREND_RETEST","CD-G03-025 CD-G03-026","distance_to_rolling_5m_high relation_to_rolling_5m_high","AVAILABLE","BASE_CANONICAL_ONLY","Sell Stack / Resistance Retest","RETEST","DIRECT","DELTAENGINE_DERIVED_VARIANT","WORLD_DERIVED","S11 S12","UNVALIDATED"
"VAR-STACK-SELL-RESIST-RETEST-SHORT-VALUE_AREA_EDGE-001","Stacked Imbalance Continuation / Sell Stack / Resistance Retest / SHORT / Value Area High","PAT-STACK-SELL-RESIST-RETEST-001","STR-STACKED-IMBALANCE-CONTINUATION","SHORT","VALUE_AREA_EDGE","Value Area High","WITH_TREND_RETEST","CD-G03-043 CD-G03-044 CD-G11-003 CD-G11-004","distance_to_profile_vah relation_to_profile_vah value_area_high_distance_session value_area_high_distance_rolling_1h","AVAILABLE","BASE_CANONICAL_ONLY","Sell Stack / Resistance Retest","RETEST","DIRECT","DELTAENGINE_DERIVED_VARIANT","WORLD_DERIVED","S11 S12","UNVALIDATED"
"VAR-STACK-SELL-RESIST-RETEST-SHORT-PROFILE_HVN-001","Stacked Imbalance Continuation / Sell Stack / Resistance Retest / SHORT / Profile HVN","PAT-STACK-SELL-RESIST-RETEST-001","STR-STACKED-IMBALANCE-CONTINUATION","SHORT","PROFILE_HVN","Profile HVN","WITH_TREND_RETEST","CD-G11-007 CD-G11-008","high_volume_node_distance_session high_volume_node_distance_rolling_1h","AVAILABLE","BASE_CANONICAL_ONLY","Sell Stack / Resistance Retest","RETEST","DIRECT","DELTAENGINE_DERIVED_VARIANT","WORLD_DERIVED","S11 S12","UNVALIDATED"
"VAR-STACK-SELL-RESIST-RETEST-SHORT-PROFILE_LVN-001","Stacked Imbalance Continuation / Sell Stack / Resistance Retest / SHORT / Profile LVN","PAT-STACK-SELL-RESIST-RETEST-001","STR-STACKED-IMBALANCE-CONTINUATION","SHORT","PROFILE_LVN","Profile LVN","WITH_TREND_RETEST","CD-G11-009 CD-G11-010","low_volume_node_distance_session low_volume_node_distance_rolling_1h","AVAILABLE","BASE_CANONICAL_ONLY","Sell Stack / Resistance Retest","RETEST","DIRECT","DELTAENGINE_DERIVED_VARIANT","WORLD_DERIVED","S11 S12","UNVALIDATED"
"VAR-STACK-RANGE-POC-SHIFT-LONG-ROLLING_5M_EXTREME-001","Stacked Imbalance Continuation / Range Exit / POC Shift / LONG / Rolling 5m High","PAT-STACK-RANGE-POC-SHIFT-001","STR-STACKED-IMBALANCE-CONTINUATION","LONG","ROLLING_5M_EXTREME","Rolling 5m High","BREAKOUT_BARRIER","CD-G03-025 CD-G03-026","distance_to_rolling_5m_high relation_to_rolling_5m_high","AVAILABLE","BASE_CANONICAL_ONLY","Range Exit / POC Shift","BREAK_ACCEPT","DIRECT","DELTAENGINE_DERIVED_VARIANT","WORLD_DERIVED","S11","UNVALIDATED"
"VAR-STACK-RANGE-POC-SHIFT-LONG-VALUE_AREA_EDGE-001","Stacked Imbalance Continuation / Range Exit / POC Shift / LONG / Value Area High","PAT-STACK-RANGE-POC-SHIFT-001","STR-STACKED-IMBALANCE-CONTINUATION","LONG","VALUE_AREA_EDGE","Value Area High","BREAKOUT_BARRIER","CD-G03-043 CD-G03-044 CD-G11-003 CD-G11-004","distance_to_profile_vah relation_to_profile_vah value_area_high_distance_session value_area_high_distance_rolling_1h","AVAILABLE","BASE_CANONICAL_ONLY","Range Exit / POC Shift","BREAK_ACCEPT","DIRECT","DELTAENGINE_DERIVED_VARIANT","WORLD_DERIVED","S11","UNVALIDATED"
"VAR-STACK-RANGE-POC-SHIFT-LONG-PROFILE_HVN-001","Stacked Imbalance Continuation / Range Exit / POC Shift / LONG / Profile HVN","PAT-STACK-RANGE-POC-SHIFT-001","STR-STACKED-IMBALANCE-CONTINUATION","LONG","PROFILE_HVN","Profile HVN","BREAKOUT_BARRIER","CD-G11-007 CD-G11-008","high_volume_node_distance_session high_volume_node_distance_rolling_1h","AVAILABLE","BASE_CANONICAL_ONLY","Range Exit / POC Shift","BREAK_ACCEPT","DIRECT","DELTAENGINE_DERIVED_VARIANT","WORLD_DERIVED","S11","UNVALIDATED"
"VAR-STACK-RANGE-POC-SHIFT-LONG-PROFILE_LVN-001","Stacked Imbalance Continuation / Range Exit / POC Shift / LONG / Profile LVN","PAT-STACK-RANGE-POC-SHIFT-001","STR-STACKED-IMBALANCE-CONTINUATION","LONG","PROFILE_LVN","Profile LVN","BREAKOUT_BARRIER","CD-G11-009 CD-G11-010","low_volume_node_distance_session low_volume_node_distance_rolling_1h","AVAILABLE","BASE_CANONICAL_ONLY","Range Exit / POC Shift","BREAK_ACCEPT","DIRECT","DELTAENGINE_DERIVED_VARIANT","WORLD_DERIVED","S11","UNVALIDATED"
"VAR-STACK-RANGE-POC-SHIFT-SHORT-ROLLING_5M_EXTREME-001","Stacked Imbalance Continuation / Range Exit / POC Shift / SHORT / Rolling 5m Low","PAT-STACK-RANGE-POC-SHIFT-001","STR-STACKED-IMBALANCE-CONTINUATION","SHORT","ROLLING_5M_EXTREME","Rolling 5m Low","BREAKOUT_BARRIER","CD-G03-027 CD-G03-028","distance_to_rolling_5m_low relation_to_rolling_5m_low","AVAILABLE","BASE_CANONICAL_ONLY","Range Exit / POC Shift","BREAK_ACCEPT","DIRECT","DELTAENGINE_DERIVED_VARIANT","WORLD_DERIVED","S11","UNVALIDATED"
"VAR-STACK-RANGE-POC-SHIFT-SHORT-VALUE_AREA_EDGE-001","Stacked Imbalance Continuation / Range Exit / POC Shift / SHORT / Value Area Low","PAT-STACK-RANGE-POC-SHIFT-001","STR-STACKED-IMBALANCE-CONTINUATION","SHORT","VALUE_AREA_EDGE","Value Area Low","BREAKOUT_BARRIER","CD-G03-045 CD-G03-046 CD-G11-005 CD-G11-006","distance_to_profile_val relation_to_profile_val value_area_low_distance_session value_area_low_distance_rolling_1h","AVAILABLE","BASE_CANONICAL_ONLY","Range Exit / POC Shift","BREAK_ACCEPT","DIRECT","DELTAENGINE_DERIVED_VARIANT","WORLD_DERIVED","S11","UNVALIDATED"
"VAR-STACK-RANGE-POC-SHIFT-SHORT-PROFILE_HVN-001","Stacked Imbalance Continuation / Range Exit / POC Shift / SHORT / Profile HVN","PAT-STACK-RANGE-POC-SHIFT-001","STR-STACKED-IMBALANCE-CONTINUATION","SHORT","PROFILE_HVN","Profile HVN","BREAKOUT_BARRIER","CD-G11-007 CD-G11-008","high_volume_node_distance_session high_volume_node_distance_rolling_1h","AVAILABLE","BASE_CANONICAL_ONLY","Range Exit / POC Shift","BREAK_ACCEPT","DIRECT","DELTAENGINE_DERIVED_VARIANT","WORLD_DERIVED","S11","UNVALIDATED"
"VAR-STACK-RANGE-POC-SHIFT-SHORT-PROFILE_LVN-001","Stacked Imbalance Continuation / Range Exit / POC Shift / SHORT / Profile LVN","PAT-STACK-RANGE-POC-SHIFT-001","STR-STACKED-IMBALANCE-CONTINUATION","SHORT","PROFILE_LVN","Profile LVN","BREAKOUT_BARRIER","CD-G11-009 CD-G11-010","low_volume_node_distance_session low_volume_node_distance_rolling_1h","AVAILABLE","BASE_CANONICAL_ONLY","Range Exit / POC Shift","BREAK_ACCEPT","DIRECT","DELTAENGINE_DERIVED_VARIANT","WORLD_DERIVED","S11","UNVALIDATED"
"VAR-STACK-PULLBACK-HOLD-REACCEL-LONG-ROLLING_5M_EXTREME-001","Stacked Imbalance Continuation / Trend Pullback / Zone Hold / Re-acceleration / LONG / Rolling 5m Low","PAT-STACK-PULLBACK-HOLD-REACCEL-001","STR-STACKED-IMBALANCE-CONTINUATION","LONG","ROLLING_5M_EXTREME","Rolling 5m Low","WITH_TREND_RETEST","CD-G03-027 CD-G03-028","distance_to_rolling_5m_low relation_to_rolling_5m_low","AVAILABLE","BASE_CANONICAL_ONLY","Trend Pullback / Zone Hold / Re-acceleration","RETEST","DIRECT","DELTAENGINE_DERIVED_VARIANT","WORLD_DERIVED","S11 S12","UNVALIDATED"
"VAR-STACK-PULLBACK-HOLD-REACCEL-LONG-VALUE_AREA_EDGE-001","Stacked Imbalance Continuation / Trend Pullback / Zone Hold / Re-acceleration / LONG / Value Area Low","PAT-STACK-PULLBACK-HOLD-REACCEL-001","STR-STACKED-IMBALANCE-CONTINUATION","LONG","VALUE_AREA_EDGE","Value Area Low","WITH_TREND_RETEST","CD-G03-045 CD-G03-046 CD-G11-005 CD-G11-006","distance_to_profile_val relation_to_profile_val value_area_low_distance_session value_area_low_distance_rolling_1h","AVAILABLE","BASE_CANONICAL_ONLY","Trend Pullback / Zone Hold / Re-acceleration","RETEST","DIRECT","DELTAENGINE_DERIVED_VARIANT","WORLD_DERIVED","S11 S12","UNVALIDATED"
"VAR-STACK-PULLBACK-HOLD-REACCEL-LONG-PROFILE_HVN-001","Stacked Imbalance Continuation / Trend Pullback / Zone Hold / Re-acceleration / LONG / Profile HVN","PAT-STACK-PULLBACK-HOLD-REACCEL-001","STR-STACKED-IMBALANCE-CONTINUATION","LONG","PROFILE_HVN","Profile HVN","WITH_TREND_RETEST","CD-G11-007 CD-G11-008","high_volume_node_distance_session high_volume_node_distance_rolling_1h","AVAILABLE","BASE_CANONICAL_ONLY","Trend Pullback / Zone Hold / Re-acceleration","RETEST","DIRECT","DELTAENGINE_DERIVED_VARIANT","WORLD_DERIVED","S11 S12","UNVALIDATED"
"VAR-STACK-PULLBACK-HOLD-REACCEL-LONG-PROFILE_LVN-001","Stacked Imbalance Continuation / Trend Pullback / Zone Hold / Re-acceleration / LONG / Profile LVN","PAT-STACK-PULLBACK-HOLD-REACCEL-001","STR-STACKED-IMBALANCE-CONTINUATION","LONG","PROFILE_LVN","Profile LVN","WITH_TREND_RETEST","CD-G11-009 CD-G11-010","low_volume_node_distance_session low_volume_node_distance_rolling_1h","AVAILABLE","BASE_CANONICAL_ONLY","Trend Pullback / Zone Hold / Re-acceleration","RETEST","DIRECT","DELTAENGINE_DERIVED_VARIANT","WORLD_DERIVED","S11 S12","UNVALIDATED"
"VAR-STACK-PULLBACK-HOLD-REACCEL-SHORT-ROLLING_5M_EXTREME-001","Stacked Imbalance Continuation / Trend Pullback / Zone Hold / Re-acceleration / SHORT / Rolling 5m High","PAT-STACK-PULLBACK-HOLD-REACCEL-001","STR-STACKED-IMBALANCE-CONTINUATION","SHORT","ROLLING_5M_EXTREME","Rolling 5m High","WITH_TREND_RETEST","CD-G03-025 CD-G03-026","distance_to_rolling_5m_high relation_to_rolling_5m_high","AVAILABLE","BASE_CANONICAL_ONLY","Trend Pullback / Zone Hold / Re-acceleration","RETEST","DIRECT","DELTAENGINE_DERIVED_VARIANT","WORLD_DERIVED","S11 S12","UNVALIDATED"
"VAR-STACK-PULLBACK-HOLD-REACCEL-SHORT-VALUE_AREA_EDGE-001","Stacked Imbalance Continuation / Trend Pullback / Zone Hold / Re-acceleration / SHORT / Value Area High","PAT-STACK-PULLBACK-HOLD-REACCEL-001","STR-STACKED-IMBALANCE-CONTINUATION","SHORT","VALUE_AREA_EDGE","Value Area High","WITH_TREND_RETEST","CD-G03-043 CD-G03-044 CD-G11-003 CD-G11-004","distance_to_profile_vah relation_to_profile_vah value_area_high_distance_session value_area_high_distance_rolling_1h","AVAILABLE","BASE_CANONICAL_ONLY","Trend Pullback / Zone Hold / Re-acceleration","RETEST","DIRECT","DELTAENGINE_DERIVED_VARIANT","WORLD_DERIVED","S11 S12","UNVALIDATED"
"VAR-STACK-PULLBACK-HOLD-REACCEL-SHORT-PROFILE_HVN-001","Stacked Imbalance Continuation / Trend Pullback / Zone Hold / Re-acceleration / SHORT / Profile HVN","PAT-STACK-PULLBACK-HOLD-REACCEL-001","STR-STACKED-IMBALANCE-CONTINUATION","SHORT","PROFILE_HVN","Profile HVN","WITH_TREND_RETEST","CD-G11-007 CD-G11-008","high_volume_node_distance_session high_volume_node_distance_rolling_1h","AVAILABLE","BASE_CANONICAL_ONLY","Trend Pullback / Zone Hold / Re-acceleration","RETEST","DIRECT","DELTAENGINE_DERIVED_VARIANT","WORLD_DERIVED","S11 S12","UNVALIDATED"
"VAR-STACK-PULLBACK-HOLD-REACCEL-SHORT-PROFILE_LVN-001","Stacked Imbalance Continuation / Trend Pullback / Zone Hold / Re-acceleration / SHORT / Profile LVN","PAT-STACK-PULLBACK-HOLD-REACCEL-001","STR-STACKED-IMBALANCE-CONTINUATION","SHORT","PROFILE_LVN","Profile LVN","WITH_TREND_RETEST","CD-G11-009 CD-G11-010","low_volume_node_distance_session low_volume_node_distance_rolling_1h","AVAILABLE","BASE_CANONICAL_ONLY","Trend Pullback / Zone Hold / Re-acceleration","RETEST","DIRECT","DELTAENGINE_DERIVED_VARIANT","WORLD_DERIVED","S11 S12","UNVALIDATED"
"VAR-STACK-PERSISTENCE-PROGRESS-LONG-ROLLING_5M_EXTREME-001","Stacked Imbalance Continuation / Multi-Unit Persistence / Price Progress / LONG / Rolling 5m Low","PAT-STACK-PERSISTENCE-PROGRESS-001","STR-STACKED-IMBALANCE-CONTINUATION","LONG","ROLLING_5M_EXTREME","Rolling 5m Low","REVERSAL_EDGE","CD-G03-027 CD-G03-028","distance_to_rolling_5m_low relation_to_rolling_5m_low","AVAILABLE","BASE_CANONICAL_ONLY","Multi-Unit Persistence / Price Progress","REACTION","DIRECT","DELTAENGINE_DERIVED_VARIANT","WORLD_DERIVED","S11","UNVALIDATED"
"VAR-STACK-PERSISTENCE-PROGRESS-LONG-VALUE_AREA_EDGE-001","Stacked Imbalance Continuation / Multi-Unit Persistence / Price Progress / LONG / Value Area Low","PAT-STACK-PERSISTENCE-PROGRESS-001","STR-STACKED-IMBALANCE-CONTINUATION","LONG","VALUE_AREA_EDGE","Value Area Low","REVERSAL_EDGE","CD-G03-045 CD-G03-046 CD-G11-005 CD-G11-006","distance_to_profile_val relation_to_profile_val value_area_low_distance_session value_area_low_distance_rolling_1h","AVAILABLE","BASE_CANONICAL_ONLY","Multi-Unit Persistence / Price Progress","REACTION","DIRECT","DELTAENGINE_DERIVED_VARIANT","WORLD_DERIVED","S11","UNVALIDATED"
"VAR-STACK-PERSISTENCE-PROGRESS-LONG-PROFILE_HVN-001","Stacked Imbalance Continuation / Multi-Unit Persistence / Price Progress / LONG / Profile HVN","PAT-STACK-PERSISTENCE-PROGRESS-001","STR-STACKED-IMBALANCE-CONTINUATION","LONG","PROFILE_HVN","Profile HVN","REVERSAL_EDGE","CD-G11-007 CD-G11-008","high_volume_node_distance_session high_volume_node_distance_rolling_1h","AVAILABLE","BASE_CANONICAL_ONLY","Multi-Unit Persistence / Price Progress","REACTION","DIRECT","DELTAENGINE_DERIVED_VARIANT","WORLD_DERIVED","S11","UNVALIDATED"
"VAR-STACK-PERSISTENCE-PROGRESS-LONG-PROFILE_LVN-001","Stacked Imbalance Continuation / Multi-Unit Persistence / Price Progress / LONG / Profile LVN","PAT-STACK-PERSISTENCE-PROGRESS-001","STR-STACKED-IMBALANCE-CONTINUATION","LONG","PROFILE_LVN","Profile LVN","REVERSAL_EDGE","CD-G11-009 CD-G11-010","low_volume_node_distance_session low_volume_node_distance_rolling_1h","AVAILABLE","BASE_CANONICAL_ONLY","Multi-Unit Persistence / Price Progress","REACTION","DIRECT","DELTAENGINE_DERIVED_VARIANT","WORLD_DERIVED","S11","UNVALIDATED"
"VAR-STACK-PERSISTENCE-PROGRESS-SHORT-ROLLING_5M_EXTREME-001","Stacked Imbalance Continuation / Multi-Unit Persistence / Price Progress / SHORT / Rolling 5m High","PAT-STACK-PERSISTENCE-PROGRESS-001","STR-STACKED-IMBALANCE-CONTINUATION","SHORT","ROLLING_5M_EXTREME","Rolling 5m High","REVERSAL_EDGE","CD-G03-025 CD-G03-026","distance_to_rolling_5m_high relation_to_rolling_5m_high","AVAILABLE","BASE_CANONICAL_ONLY","Multi-Unit Persistence / Price Progress","REACTION","DIRECT","DELTAENGINE_DERIVED_VARIANT","WORLD_DERIVED","S11","UNVALIDATED"
"VAR-STACK-PERSISTENCE-PROGRESS-SHORT-VALUE_AREA_EDGE-001","Stacked Imbalance Continuation / Multi-Unit Persistence / Price Progress / SHORT / Value Area High","PAT-STACK-PERSISTENCE-PROGRESS-001","STR-STACKED-IMBALANCE-CONTINUATION","SHORT","VALUE_AREA_EDGE","Value Area High","REVERSAL_EDGE","CD-G03-043 CD-G03-044 CD-G11-003 CD-G11-004","distance_to_profile_vah relation_to_profile_vah value_area_high_distance_session value_area_high_distance_rolling_1h","AVAILABLE","BASE_CANONICAL_ONLY","Multi-Unit Persistence / Price Progress","REACTION","DIRECT","DELTAENGINE_DERIVED_VARIANT","WORLD_DERIVED","S11","UNVALIDATED"
"VAR-STACK-PERSISTENCE-PROGRESS-SHORT-PROFILE_HVN-001","Stacked Imbalance Continuation / Multi-Unit Persistence / Price Progress / SHORT / Profile HVN","PAT-STACK-PERSISTENCE-PROGRESS-001","STR-STACKED-IMBALANCE-CONTINUATION","SHORT","PROFILE_HVN","Profile HVN","REVERSAL_EDGE","CD-G11-007 CD-G11-008","high_volume_node_distance_session high_volume_node_distance_rolling_1h","AVAILABLE","BASE_CANONICAL_ONLY","Multi-Unit Persistence / Price Progress","REACTION","DIRECT","DELTAENGINE_DERIVED_VARIANT","WORLD_DERIVED","S11","UNVALIDATED"
"VAR-STACK-PERSISTENCE-PROGRESS-SHORT-PROFILE_LVN-001","Stacked Imbalance Continuation / Multi-Unit Persistence / Price Progress / SHORT / Profile LVN","PAT-STACK-PERSISTENCE-PROGRESS-001","STR-STACKED-IMBALANCE-CONTINUATION","SHORT","PROFILE_LVN","Profile LVN","REVERSAL_EDGE","CD-G11-009 CD-G11-010","low_volume_node_distance_session low_volume_node_distance_rolling_1h","AVAILABLE","BASE_CANONICAL_ONLY","Multi-Unit Persistence / Price Progress","REACTION","DIRECT","DELTAENGINE_DERIVED_VARIANT","WORLD_DERIVED","S11","UNVALIDATED"
"VAR-ICE-BARRIER-DEPLETE-BREAK-LONG-SESSION_EXTREME-001","Iceberg Breakout / Repeated Refill / Barrier Depletion / Break / LONG / Session High","PAT-ICE-BARRIER-DEPLETE-BREAK-001","STR-ICEBERG-BREAKOUT","LONG","SESSION_EXTREME","Session High","BREAKOUT_BARRIER","CD-G03-011 CD-G03-012","distance_to_session_high relation_to_session_high","AVAILABLE","BASE_CANONICAL_ONLY","Repeated Refill / Barrier Depletion / Break","BREAK_ACCEPT","INFERRED","DELTAENGINE_DERIVED_VARIANT","WORLD_DERIVED","S17 S20","UNVALIDATED"
"VAR-ICE-BARRIER-DEPLETE-BREAK-LONG-PREVIOUS_DAY_EXTREME-001","Iceberg Breakout / Repeated Refill / Barrier Depletion / Break / LONG / Previous Day High","PAT-ICE-BARRIER-DEPLETE-BREAK-001","STR-ICEBERG-BREAKOUT","LONG","PREVIOUS_DAY_EXTREME","Previous Day High","BREAKOUT_BARRIER","CD-G03-015 CD-G03-016","distance_to_previous_day_high relation_to_previous_day_high","AVAILABLE","BASE_CANONICAL_ONLY","Repeated Refill / Barrier Depletion / Break","BREAK_ACCEPT","INFERRED","DELTAENGINE_DERIVED_VARIANT","WORLD_DERIVED","S17 S20","UNVALIDATED"
"VAR-ICE-BARRIER-DEPLETE-BREAK-LONG-ROLLING_5M_EXTREME-001","Iceberg Breakout / Repeated Refill / Barrier Depletion / Break / LONG / Rolling 5m High","PAT-ICE-BARRIER-DEPLETE-BREAK-001","STR-ICEBERG-BREAKOUT","LONG","ROLLING_5M_EXTREME","Rolling 5m High","BREAKOUT_BARRIER","CD-G03-025 CD-G03-026","distance_to_rolling_5m_high relation_to_rolling_5m_high","AVAILABLE","BASE_CANONICAL_ONLY","Repeated Refill / Barrier Depletion / Break","BREAK_ACCEPT","INFERRED","DELTAENGINE_DERIVED_VARIANT","WORLD_DERIVED","S17 S20","UNVALIDATED"
"VAR-ICE-BARRIER-DEPLETE-BREAK-LONG-VISIBLE_BOOK_WALL-001","Iceberg Breakout / Repeated Refill / Barrier Depletion / Break / LONG / Visible Ask Wall","PAT-ICE-BARRIER-DEPLETE-BREAK-001","STR-ICEBERG-BREAKOUT","LONG","VISIBLE_BOOK_WALL","Visible Ask Wall","BREAKOUT_BARRIER","CD-G06-031 CD-G06-032","ask_wall_concentration_top10 distance_to_nearest_ask_wall","AVAILABLE","BASE_CANONICAL_ONLY","Repeated Refill / Barrier Depletion / Break","BREAK_ACCEPT","INFERRED","DELTAENGINE_DERIVED_VARIANT","WORLD_DERIVED","S17 S20","UNVALIDATED"
"VAR-ICE-BARRIER-DEPLETE-BREAK-SHORT-SESSION_EXTREME-001","Iceberg Breakout / Repeated Refill / Barrier Depletion / Break / SHORT / Session Low","PAT-ICE-BARRIER-DEPLETE-BREAK-001","STR-ICEBERG-BREAKOUT","SHORT","SESSION_EXTREME","Session Low","BREAKOUT_BARRIER","CD-G03-013 CD-G03-014","distance_to_session_low relation_to_session_low","AVAILABLE","BASE_CANONICAL_ONLY","Repeated Refill / Barrier Depletion / Break","BREAK_ACCEPT","INFERRED","DELTAENGINE_DERIVED_VARIANT","WORLD_DERIVED","S17 S20","UNVALIDATED"
"VAR-ICE-BARRIER-DEPLETE-BREAK-SHORT-PREVIOUS_DAY_EXTREME-001","Iceberg Breakout / Repeated Refill / Barrier Depletion / Break / SHORT / Previous Day Low","PAT-ICE-BARRIER-DEPLETE-BREAK-001","STR-ICEBERG-BREAKOUT","SHORT","PREVIOUS_DAY_EXTREME","Previous Day Low","BREAKOUT_BARRIER","CD-G03-017 CD-G03-018","distance_to_previous_day_low relation_to_previous_day_low","AVAILABLE","BASE_CANONICAL_ONLY","Repeated Refill / Barrier Depletion / Break","BREAK_ACCEPT","INFERRED","DELTAENGINE_DERIVED_VARIANT","WORLD_DERIVED","S17 S20","UNVALIDATED"
"VAR-ICE-BARRIER-DEPLETE-BREAK-SHORT-ROLLING_5M_EXTREME-001","Iceberg Breakout / Repeated Refill / Barrier Depletion / Break / SHORT / Rolling 5m Low","PAT-ICE-BARRIER-DEPLETE-BREAK-001","STR-ICEBERG-BREAKOUT","SHORT","ROLLING_5M_EXTREME","Rolling 5m Low","BREAKOUT_BARRIER","CD-G03-027 CD-G03-028","distance_to_rolling_5m_low relation_to_rolling_5m_low","AVAILABLE","BASE_CANONICAL_ONLY","Repeated Refill / Barrier Depletion / Break","BREAK_ACCEPT","INFERRED","DELTAENGINE_DERIVED_VARIANT","WORLD_DERIVED","S17 S20","UNVALIDATED"
"VAR-ICE-BARRIER-DEPLETE-BREAK-SHORT-VISIBLE_BOOK_WALL-001","Iceberg Breakout / Repeated Refill / Barrier Depletion / Break / SHORT / Visible Bid Wall","PAT-ICE-BARRIER-DEPLETE-BREAK-001","STR-ICEBERG-BREAKOUT","SHORT","VISIBLE_BOOK_WALL","Visible Bid Wall","BREAKOUT_BARRIER","CD-G06-029 CD-G06-030","bid_wall_concentration_top10 distance_to_nearest_bid_wall","AVAILABLE","BASE_CANONICAL_ONLY","Repeated Refill / Barrier Depletion / Break","BREAK_ACCEPT","INFERRED","DELTAENGINE_DERIVED_VARIANT","WORLD_DERIVED","S17 S20","UNVALIDATED"
"VAR-ICE-HIDDEN-ACCUM-BUYBREAK-LONG-SESSION_EXTREME-001","Iceberg Breakout / Hidden Accumulation / Buyer Initiative / LONG / Session High","PAT-ICE-HIDDEN-ACCUM-BUYBREAK-001","STR-ICEBERG-BREAKOUT","LONG","SESSION_EXTREME","Session High","BREAKOUT_BARRIER","CD-G03-011 CD-G03-012","distance_to_session_high relation_to_session_high","AVAILABLE","BASE_CANONICAL_ONLY","Hidden Accumulation / Buyer Initiative","BREAK_ACCEPT","INFERRED","DELTAENGINE_DERIVED_VARIANT","WORLD_DERIVED","S17 S20","UNVALIDATED"
"VAR-ICE-HIDDEN-ACCUM-BUYBREAK-LONG-PREVIOUS_DAY_EXTREME-001","Iceberg Breakout / Hidden Accumulation / Buyer Initiative / LONG / Previous Day High","PAT-ICE-HIDDEN-ACCUM-BUYBREAK-001","STR-ICEBERG-BREAKOUT","LONG","PREVIOUS_DAY_EXTREME","Previous Day High","BREAKOUT_BARRIER","CD-G03-015 CD-G03-016","distance_to_previous_day_high relation_to_previous_day_high","AVAILABLE","BASE_CANONICAL_ONLY","Hidden Accumulation / Buyer Initiative","BREAK_ACCEPT","INFERRED","DELTAENGINE_DERIVED_VARIANT","WORLD_DERIVED","S17 S20","UNVALIDATED"
"VAR-ICE-HIDDEN-ACCUM-BUYBREAK-LONG-ROLLING_5M_EXTREME-001","Iceberg Breakout / Hidden Accumulation / Buyer Initiative / LONG / Rolling 5m High","PAT-ICE-HIDDEN-ACCUM-BUYBREAK-001","STR-ICEBERG-BREAKOUT","LONG","ROLLING_5M_EXTREME","Rolling 5m High","BREAKOUT_BARRIER","CD-G03-025 CD-G03-026","distance_to_rolling_5m_high relation_to_rolling_5m_high","AVAILABLE","BASE_CANONICAL_ONLY","Hidden Accumulation / Buyer Initiative","BREAK_ACCEPT","INFERRED","DELTAENGINE_DERIVED_VARIANT","WORLD_DERIVED","S17 S20","UNVALIDATED"
"VAR-ICE-HIDDEN-ACCUM-BUYBREAK-LONG-VISIBLE_BOOK_WALL-001","Iceberg Breakout / Hidden Accumulation / Buyer Initiative / LONG / Visible Ask Wall","PAT-ICE-HIDDEN-ACCUM-BUYBREAK-001","STR-ICEBERG-BREAKOUT","LONG","VISIBLE_BOOK_WALL","Visible Ask Wall","BREAKOUT_BARRIER","CD-G06-031 CD-G06-032","ask_wall_concentration_top10 distance_to_nearest_ask_wall","AVAILABLE","BASE_CANONICAL_ONLY","Hidden Accumulation / Buyer Initiative","BREAK_ACCEPT","INFERRED","DELTAENGINE_DERIVED_VARIANT","WORLD_DERIVED","S17 S20","UNVALIDATED"
"VAR-ICE-HIDDEN-DISTRIB-SELLBREAK-SHORT-SESSION_EXTREME-001","Iceberg Breakout / Hidden Distribution / Seller Initiative / SHORT / Session Low","PAT-ICE-HIDDEN-DISTRIB-SELLBREAK-001","STR-ICEBERG-BREAKOUT","SHORT","SESSION_EXTREME","Session Low","BREAKOUT_BARRIER","CD-G03-013 CD-G03-014","distance_to_session_low relation_to_session_low","AVAILABLE","BASE_CANONICAL_ONLY","Hidden Distribution / Seller Initiative","BREAK_ACCEPT","INFERRED","DELTAENGINE_DERIVED_VARIANT","WORLD_DERIVED","S17 S20","UNVALIDATED"
"VAR-ICE-HIDDEN-DISTRIB-SELLBREAK-SHORT-PREVIOUS_DAY_EXTREME-001","Iceberg Breakout / Hidden Distribution / Seller Initiative / SHORT / Previous Day Low","PAT-ICE-HIDDEN-DISTRIB-SELLBREAK-001","STR-ICEBERG-BREAKOUT","SHORT","PREVIOUS_DAY_EXTREME","Previous Day Low","BREAKOUT_BARRIER","CD-G03-017 CD-G03-018","distance_to_previous_day_low relation_to_previous_day_low","AVAILABLE","BASE_CANONICAL_ONLY","Hidden Distribution / Seller Initiative","BREAK_ACCEPT","INFERRED","DELTAENGINE_DERIVED_VARIANT","WORLD_DERIVED","S17 S20","UNVALIDATED"
"VAR-ICE-HIDDEN-DISTRIB-SELLBREAK-SHORT-ROLLING_5M_EXTREME-001","Iceberg Breakout / Hidden Distribution / Seller Initiative / SHORT / Rolling 5m Low","PAT-ICE-HIDDEN-DISTRIB-SELLBREAK-001","STR-ICEBERG-BREAKOUT","SHORT","ROLLING_5M_EXTREME","Rolling 5m Low","BREAKOUT_BARRIER","CD-G03-027 CD-G03-028","distance_to_rolling_5m_low relation_to_rolling_5m_low","AVAILABLE","BASE_CANONICAL_ONLY","Hidden Distribution / Seller Initiative","BREAK_ACCEPT","INFERRED","DELTAENGINE_DERIVED_VARIANT","WORLD_DERIVED","S17 S20","UNVALIDATED"
"VAR-ICE-HIDDEN-DISTRIB-SELLBREAK-SHORT-VISIBLE_BOOK_WALL-001","Iceberg Breakout / Hidden Distribution / Seller Initiative / SHORT / Visible Bid Wall","PAT-ICE-HIDDEN-DISTRIB-SELLBREAK-001","STR-ICEBERG-BREAKOUT","SHORT","VISIBLE_BOOK_WALL","Visible Bid Wall","BREAKOUT_BARRIER","CD-G06-029 CD-G06-030","bid_wall_concentration_top10 distance_to_nearest_bid_wall","AVAILABLE","BASE_CANONICAL_ONLY","Hidden Distribution / Seller Initiative","BREAK_ACCEPT","INFERRED","DELTAENGINE_DERIVED_VARIANT","WORLD_DERIVED","S17 S20","UNVALIDATED"
"VAR-ICE-SECOND-ATTEMPT-DEPLETION-LONG-SESSION_EXTREME-001","Iceberg Breakout / Second Attempt / Absorber Exhaustion / LONG / Session High","PAT-ICE-SECOND-ATTEMPT-DEPLETION-001","STR-ICEBERG-BREAKOUT","LONG","SESSION_EXTREME","Session High","BREAKOUT_BARRIER","CD-G03-011 CD-G03-012","distance_to_session_high relation_to_session_high","AVAILABLE","BASE_CANONICAL_ONLY","Second Attempt / Absorber Exhaustion","BREAK_ACCEPT","INFERRED","DELTAENGINE_DERIVED_VARIANT","WORLD_DERIVED","S05","UNVALIDATED"
"VAR-ICE-SECOND-ATTEMPT-DEPLETION-LONG-PREVIOUS_DAY_EXTREME-001","Iceberg Breakout / Second Attempt / Absorber Exhaustion / LONG / Previous Day High","PAT-ICE-SECOND-ATTEMPT-DEPLETION-001","STR-ICEBERG-BREAKOUT","LONG","PREVIOUS_DAY_EXTREME","Previous Day High","BREAKOUT_BARRIER","CD-G03-015 CD-G03-016","distance_to_previous_day_high relation_to_previous_day_high","AVAILABLE","BASE_CANONICAL_ONLY","Second Attempt / Absorber Exhaustion","BREAK_ACCEPT","INFERRED","DELTAENGINE_DERIVED_VARIANT","WORLD_DERIVED","S05","UNVALIDATED"
"VAR-ICE-SECOND-ATTEMPT-DEPLETION-LONG-ROLLING_5M_EXTREME-001","Iceberg Breakout / Second Attempt / Absorber Exhaustion / LONG / Rolling 5m High","PAT-ICE-SECOND-ATTEMPT-DEPLETION-001","STR-ICEBERG-BREAKOUT","LONG","ROLLING_5M_EXTREME","Rolling 5m High","BREAKOUT_BARRIER","CD-G03-025 CD-G03-026","distance_to_rolling_5m_high relation_to_rolling_5m_high","AVAILABLE","BASE_CANONICAL_ONLY","Second Attempt / Absorber Exhaustion","BREAK_ACCEPT","INFERRED","DELTAENGINE_DERIVED_VARIANT","WORLD_DERIVED","S05","UNVALIDATED"
"VAR-ICE-SECOND-ATTEMPT-DEPLETION-LONG-VISIBLE_BOOK_WALL-001","Iceberg Breakout / Second Attempt / Absorber Exhaustion / LONG / Visible Ask Wall","PAT-ICE-SECOND-ATTEMPT-DEPLETION-001","STR-ICEBERG-BREAKOUT","LONG","VISIBLE_BOOK_WALL","Visible Ask Wall","BREAKOUT_BARRIER","CD-G06-031 CD-G06-032","ask_wall_concentration_top10 distance_to_nearest_ask_wall","AVAILABLE","BASE_CANONICAL_ONLY","Second Attempt / Absorber Exhaustion","BREAK_ACCEPT","INFERRED","DELTAENGINE_DERIVED_VARIANT","WORLD_DERIVED","S05","UNVALIDATED"
"VAR-ICE-SECOND-ATTEMPT-DEPLETION-SHORT-SESSION_EXTREME-001","Iceberg Breakout / Second Attempt / Absorber Exhaustion / SHORT / Session Low","PAT-ICE-SECOND-ATTEMPT-DEPLETION-001","STR-ICEBERG-BREAKOUT","SHORT","SESSION_EXTREME","Session Low","BREAKOUT_BARRIER","CD-G03-013 CD-G03-014","distance_to_session_low relation_to_session_low","AVAILABLE","BASE_CANONICAL_ONLY","Second Attempt / Absorber Exhaustion","BREAK_ACCEPT","INFERRED","DELTAENGINE_DERIVED_VARIANT","WORLD_DERIVED","S05","UNVALIDATED"
"VAR-ICE-SECOND-ATTEMPT-DEPLETION-SHORT-PREVIOUS_DAY_EXTREME-001","Iceberg Breakout / Second Attempt / Absorber Exhaustion / SHORT / Previous Day Low","PAT-ICE-SECOND-ATTEMPT-DEPLETION-001","STR-ICEBERG-BREAKOUT","SHORT","PREVIOUS_DAY_EXTREME","Previous Day Low","BREAKOUT_BARRIER","CD-G03-017 CD-G03-018","distance_to_previous_day_low relation_to_previous_day_low","AVAILABLE","BASE_CANONICAL_ONLY","Second Attempt / Absorber Exhaustion","BREAK_ACCEPT","INFERRED","DELTAENGINE_DERIVED_VARIANT","WORLD_DERIVED","S05","UNVALIDATED"
"VAR-ICE-SECOND-ATTEMPT-DEPLETION-SHORT-ROLLING_5M_EXTREME-001","Iceberg Breakout / Second Attempt / Absorber Exhaustion / SHORT / Rolling 5m Low","PAT-ICE-SECOND-ATTEMPT-DEPLETION-001","STR-ICEBERG-BREAKOUT","SHORT","ROLLING_5M_EXTREME","Rolling 5m Low","BREAKOUT_BARRIER","CD-G03-027 CD-G03-028","distance_to_rolling_5m_low relation_to_rolling_5m_low","AVAILABLE","BASE_CANONICAL_ONLY","Second Attempt / Absorber Exhaustion","BREAK_ACCEPT","INFERRED","DELTAENGINE_DERIVED_VARIANT","WORLD_DERIVED","S05","UNVALIDATED"
"VAR-ICE-SECOND-ATTEMPT-DEPLETION-SHORT-VISIBLE_BOOK_WALL-001","Iceberg Breakout / Second Attempt / Absorber Exhaustion / SHORT / Visible Bid Wall","PAT-ICE-SECOND-ATTEMPT-DEPLETION-001","STR-ICEBERG-BREAKOUT","SHORT","VISIBLE_BOOK_WALL","Visible Bid Wall","BREAKOUT_BARRIER","CD-G06-029 CD-G06-030","bid_wall_concentration_top10 distance_to_nearest_bid_wall","AVAILABLE","BASE_CANONICAL_ONLY","Second Attempt / Absorber Exhaustion","BREAK_ACCEPT","INFERRED","DELTAENGINE_DERIVED_VARIANT","WORLD_DERIVED","S05","UNVALIDATED"
"VAR-ICE-BREAK-STOPS-ACCEPT-LONG-SESSION_EXTREME-001","Iceberg Breakout / Wall Break / Stops / New-Level Acceptance / LONG / Session High","PAT-ICE-BREAK-STOPS-ACCEPT-001","STR-ICEBERG-BREAKOUT","LONG","SESSION_EXTREME","Session High","BREAKOUT_BARRIER","CD-G03-011 CD-G03-012","distance_to_session_high relation_to_session_high","AVAILABLE","BASE_CANONICAL_ONLY","Wall Break / Stops / New-Level Acceptance","BREAK_ACCEPT","INFERRED","DELTAENGINE_DERIVED_VARIANT","WORLD_DERIVED","S20 S21","UNVALIDATED"
"VAR-ICE-BREAK-STOPS-ACCEPT-LONG-PREVIOUS_DAY_EXTREME-001","Iceberg Breakout / Wall Break / Stops / New-Level Acceptance / LONG / Previous Day High","PAT-ICE-BREAK-STOPS-ACCEPT-001","STR-ICEBERG-BREAKOUT","LONG","PREVIOUS_DAY_EXTREME","Previous Day High","BREAKOUT_BARRIER","CD-G03-015 CD-G03-016","distance_to_previous_day_high relation_to_previous_day_high","AVAILABLE","BASE_CANONICAL_ONLY","Wall Break / Stops / New-Level Acceptance","BREAK_ACCEPT","INFERRED","DELTAENGINE_DERIVED_VARIANT","WORLD_DERIVED","S20 S21","UNVALIDATED"
"VAR-ICE-BREAK-STOPS-ACCEPT-LONG-ROLLING_5M_EXTREME-001","Iceberg Breakout / Wall Break / Stops / New-Level Acceptance / LONG / Rolling 5m High","PAT-ICE-BREAK-STOPS-ACCEPT-001","STR-ICEBERG-BREAKOUT","LONG","ROLLING_5M_EXTREME","Rolling 5m High","BREAKOUT_BARRIER","CD-G03-025 CD-G03-026","distance_to_rolling_5m_high relation_to_rolling_5m_high","AVAILABLE","BASE_CANONICAL_ONLY","Wall Break / Stops / New-Level Acceptance","BREAK_ACCEPT","INFERRED","DELTAENGINE_DERIVED_VARIANT","WORLD_DERIVED","S20 S21","UNVALIDATED"
"VAR-ICE-BREAK-STOPS-ACCEPT-LONG-VISIBLE_BOOK_WALL-001","Iceberg Breakout / Wall Break / Stops / New-Level Acceptance / LONG / Visible Ask Wall","PAT-ICE-BREAK-STOPS-ACCEPT-001","STR-ICEBERG-BREAKOUT","LONG","VISIBLE_BOOK_WALL","Visible Ask Wall","BREAKOUT_BARRIER","CD-G06-031 CD-G06-032","ask_wall_concentration_top10 distance_to_nearest_ask_wall","AVAILABLE","BASE_CANONICAL_ONLY","Wall Break / Stops / New-Level Acceptance","BREAK_ACCEPT","INFERRED","DELTAENGINE_DERIVED_VARIANT","WORLD_DERIVED","S20 S21","UNVALIDATED"
"VAR-ICE-BREAK-STOPS-ACCEPT-SHORT-SESSION_EXTREME-001","Iceberg Breakout / Wall Break / Stops / New-Level Acceptance / SHORT / Session Low","PAT-ICE-BREAK-STOPS-ACCEPT-001","STR-ICEBERG-BREAKOUT","SHORT","SESSION_EXTREME","Session Low","BREAKOUT_BARRIER","CD-G03-013 CD-G03-014","distance_to_session_low relation_to_session_low","AVAILABLE","BASE_CANONICAL_ONLY","Wall Break / Stops / New-Level Acceptance","BREAK_ACCEPT","INFERRED","DELTAENGINE_DERIVED_VARIANT","WORLD_DERIVED","S20 S21","UNVALIDATED"
"VAR-ICE-BREAK-STOPS-ACCEPT-SHORT-PREVIOUS_DAY_EXTREME-001","Iceberg Breakout / Wall Break / Stops / New-Level Acceptance / SHORT / Previous Day Low","PAT-ICE-BREAK-STOPS-ACCEPT-001","STR-ICEBERG-BREAKOUT","SHORT","PREVIOUS_DAY_EXTREME","Previous Day Low","BREAKOUT_BARRIER","CD-G03-017 CD-G03-018","distance_to_previous_day_low relation_to_previous_day_low","AVAILABLE","BASE_CANONICAL_ONLY","Wall Break / Stops / New-Level Acceptance","BREAK_ACCEPT","INFERRED","DELTAENGINE_DERIVED_VARIANT","WORLD_DERIVED","S20 S21","UNVALIDATED"
"VAR-ICE-BREAK-STOPS-ACCEPT-SHORT-ROLLING_5M_EXTREME-001","Iceberg Breakout / Wall Break / Stops / New-Level Acceptance / SHORT / Rolling 5m Low","PAT-ICE-BREAK-STOPS-ACCEPT-001","STR-ICEBERG-BREAKOUT","SHORT","ROLLING_5M_EXTREME","Rolling 5m Low","BREAKOUT_BARRIER","CD-G03-027 CD-G03-028","distance_to_rolling_5m_low relation_to_rolling_5m_low","AVAILABLE","BASE_CANONICAL_ONLY","Wall Break / Stops / New-Level Acceptance","BREAK_ACCEPT","INFERRED","DELTAENGINE_DERIVED_VARIANT","WORLD_DERIVED","S20 S21","UNVALIDATED"
"VAR-ICE-BREAK-STOPS-ACCEPT-SHORT-VISIBLE_BOOK_WALL-001","Iceberg Breakout / Wall Break / Stops / New-Level Acceptance / SHORT / Visible Bid Wall","PAT-ICE-BREAK-STOPS-ACCEPT-001","STR-ICEBERG-BREAKOUT","SHORT","VISIBLE_BOOK_WALL","Visible Bid Wall","BREAKOUT_BARRIER","CD-G06-029 CD-G06-030","bid_wall_concentration_top10 distance_to_nearest_bid_wall","AVAILABLE","BASE_CANONICAL_ONLY","Wall Break / Stops / New-Level Acceptance","BREAK_ACCEPT","INFERRED","DELTAENGINE_DERIVED_VARIANT","WORLD_DERIVED","S20 S21","UNVALIDATED"
"VAR-SWEEP-HIGH-ABSORB-SNAPBACK-SHORT-SESSION_EXTREME-001","Liquidity Sweep / High Stop Run / Sell Absorption / Snapback / SHORT / Session High","PAT-SWEEP-HIGH-ABSORB-SNAPBACK-001","STR-LIQUIDITY-SWEEP","SHORT","SESSION_EXTREME","Session High","REVERSAL_EDGE","CD-G03-011 CD-G03-012","distance_to_session_high relation_to_session_high","AVAILABLE","BASE_CANONICAL_ONLY","High Stop Run / Sell Absorption / Snapback","REACTION","HYBRID","DELTAENGINE_DERIVED_VARIANT","WORLD_DERIVED","S18 S20","UNVALIDATED"
"VAR-SWEEP-HIGH-ABSORB-SNAPBACK-SHORT-PREVIOUS_DAY_EXTREME-001","Liquidity Sweep / High Stop Run / Sell Absorption / Snapback / SHORT / Previous Day High","PAT-SWEEP-HIGH-ABSORB-SNAPBACK-001","STR-LIQUIDITY-SWEEP","SHORT","PREVIOUS_DAY_EXTREME","Previous Day High","REVERSAL_EDGE","CD-G03-015 CD-G03-016","distance_to_previous_day_high relation_to_previous_day_high","AVAILABLE","BASE_CANONICAL_ONLY","High Stop Run / Sell Absorption / Snapback","REACTION","HYBRID","DELTAENGINE_DERIVED_VARIANT","WORLD_DERIVED","S18 S20","UNVALIDATED"
"VAR-SWEEP-HIGH-ABSORB-SNAPBACK-SHORT-ROLLING_5M_EXTREME-001","Liquidity Sweep / High Stop Run / Sell Absorption / Snapback / SHORT / Rolling 5m High","PAT-SWEEP-HIGH-ABSORB-SNAPBACK-001","STR-LIQUIDITY-SWEEP","SHORT","ROLLING_5M_EXTREME","Rolling 5m High","REVERSAL_EDGE","CD-G03-025 CD-G03-026","distance_to_rolling_5m_high relation_to_rolling_5m_high","AVAILABLE","BASE_CANONICAL_ONLY","High Stop Run / Sell Absorption / Snapback","REACTION","HYBRID","DELTAENGINE_DERIVED_VARIANT","WORLD_DERIVED","S18 S20","UNVALIDATED"
"VAR-SWEEP-HIGH-ABSORB-SNAPBACK-SHORT-VALUE_AREA_EDGE-001","Liquidity Sweep / High Stop Run / Sell Absorption / Snapback / SHORT / Value Area High","PAT-SWEEP-HIGH-ABSORB-SNAPBACK-001","STR-LIQUIDITY-SWEEP","SHORT","VALUE_AREA_EDGE","Value Area High","REVERSAL_EDGE","CD-G03-043 CD-G03-044 CD-G11-003 CD-G11-004","distance_to_profile_vah relation_to_profile_vah value_area_high_distance_session value_area_high_distance_rolling_1h","AVAILABLE","BASE_CANONICAL_ONLY","High Stop Run / Sell Absorption / Snapback","REACTION","HYBRID","DELTAENGINE_DERIVED_VARIANT","WORLD_DERIVED","S18 S20","UNVALIDATED"
"VAR-SWEEP-HIGH-ABSORB-SNAPBACK-SHORT-VISIBLE_BOOK_WALL-001","Liquidity Sweep / High Stop Run / Sell Absorption / Snapback / SHORT / Visible Ask Wall","PAT-SWEEP-HIGH-ABSORB-SNAPBACK-001","STR-LIQUIDITY-SWEEP","SHORT","VISIBLE_BOOK_WALL","Visible Ask Wall","REVERSAL_EDGE","CD-G06-031 CD-G06-032","ask_wall_concentration_top10 distance_to_nearest_ask_wall","AVAILABLE","BASE_CANONICAL_ONLY","High Stop Run / Sell Absorption / Snapback","REACTION","HYBRID","DELTAENGINE_DERIVED_VARIANT","WORLD_DERIVED","S18 S20","UNVALIDATED"
"VAR-SWEEP-LOW-ABSORB-SNAPBACK-LONG-SESSION_EXTREME-001","Liquidity Sweep / Low Stop Run / Buy Absorption / Snapback / LONG / Session Low","PAT-SWEEP-LOW-ABSORB-SNAPBACK-001","STR-LIQUIDITY-SWEEP","LONG","SESSION_EXTREME","Session Low","REVERSAL_EDGE","CD-G03-013 CD-G03-014","distance_to_session_low relation_to_session_low","AVAILABLE","BASE_CANONICAL_ONLY","Low Stop Run / Buy Absorption / Snapback","REACTION","HYBRID","DELTAENGINE_DERIVED_VARIANT","WORLD_DERIVED","S18 S23","UNVALIDATED"
"VAR-SWEEP-LOW-ABSORB-SNAPBACK-LONG-PREVIOUS_DAY_EXTREME-001","Liquidity Sweep / Low Stop Run / Buy Absorption / Snapback / LONG / Previous Day Low","PAT-SWEEP-LOW-ABSORB-SNAPBACK-001","STR-LIQUIDITY-SWEEP","LONG","PREVIOUS_DAY_EXTREME","Previous Day Low","REVERSAL_EDGE","CD-G03-017 CD-G03-018","distance_to_previous_day_low relation_to_previous_day_low","AVAILABLE","BASE_CANONICAL_ONLY","Low Stop Run / Buy Absorption / Snapback","REACTION","HYBRID","DELTAENGINE_DERIVED_VARIANT","WORLD_DERIVED","S18 S23","UNVALIDATED"
"VAR-SWEEP-LOW-ABSORB-SNAPBACK-LONG-ROLLING_5M_EXTREME-001","Liquidity Sweep / Low Stop Run / Buy Absorption / Snapback / LONG / Rolling 5m Low","PAT-SWEEP-LOW-ABSORB-SNAPBACK-001","STR-LIQUIDITY-SWEEP","LONG","ROLLING_5M_EXTREME","Rolling 5m Low","REVERSAL_EDGE","CD-G03-027 CD-G03-028","distance_to_rolling_5m_low relation_to_rolling_5m_low","AVAILABLE","BASE_CANONICAL_ONLY","Low Stop Run / Buy Absorption / Snapback","REACTION","HYBRID","DELTAENGINE_DERIVED_VARIANT","WORLD_DERIVED","S18 S23","UNVALIDATED"
"VAR-SWEEP-LOW-ABSORB-SNAPBACK-LONG-VALUE_AREA_EDGE-001","Liquidity Sweep / Low Stop Run / Buy Absorption / Snapback / LONG / Value Area Low","PAT-SWEEP-LOW-ABSORB-SNAPBACK-001","STR-LIQUIDITY-SWEEP","LONG","VALUE_AREA_EDGE","Value Area Low","REVERSAL_EDGE","CD-G03-045 CD-G03-046 CD-G11-005 CD-G11-006","distance_to_profile_val relation_to_profile_val value_area_low_distance_session value_area_low_distance_rolling_1h","AVAILABLE","BASE_CANONICAL_ONLY","Low Stop Run / Buy Absorption / Snapback","REACTION","HYBRID","DELTAENGINE_DERIVED_VARIANT","WORLD_DERIVED","S18 S23","UNVALIDATED"
"VAR-SWEEP-LOW-ABSORB-SNAPBACK-LONG-VISIBLE_BOOK_WALL-001","Liquidity Sweep / Low Stop Run / Buy Absorption / Snapback / LONG / Visible Bid Wall","PAT-SWEEP-LOW-ABSORB-SNAPBACK-001","STR-LIQUIDITY-SWEEP","LONG","VISIBLE_BOOK_WALL","Visible Bid Wall","REVERSAL_EDGE","CD-G06-029 CD-G06-030","bid_wall_concentration_top10 distance_to_nearest_bid_wall","AVAILABLE","BASE_CANONICAL_ONLY","Low Stop Run / Buy Absorption / Snapback","REACTION","HYBRID","DELTAENGINE_DERIVED_VARIANT","WORLD_DERIVED","S18 S23","UNVALIDATED"
"VAR-SWEEP-ICEBERG-DRYUP-LONG-SESSION_EXTREME-001","Liquidity Sweep / Stops into Iceberg / Aggressor Dry-Up / LONG / Session Low","PAT-SWEEP-ICEBERG-DRYUP-001","STR-LIQUIDITY-SWEEP","LONG","SESSION_EXTREME","Session Low","REVERSAL_EDGE","CD-G03-013 CD-G03-014","distance_to_session_low relation_to_session_low","AVAILABLE","BASE_CANONICAL_ONLY","Stops into Iceberg / Aggressor Dry-Up","REACTION","INFERRED","DELTAENGINE_DERIVED_VARIANT","WORLD_DERIVED","S17","UNVALIDATED"
"VAR-SWEEP-ICEBERG-DRYUP-LONG-PREVIOUS_DAY_EXTREME-001","Liquidity Sweep / Stops into Iceberg / Aggressor Dry-Up / LONG / Previous Day Low","PAT-SWEEP-ICEBERG-DRYUP-001","STR-LIQUIDITY-SWEEP","LONG","PREVIOUS_DAY_EXTREME","Previous Day Low","REVERSAL_EDGE","CD-G03-017 CD-G03-018","distance_to_previous_day_low relation_to_previous_day_low","AVAILABLE","BASE_CANONICAL_ONLY","Stops into Iceberg / Aggressor Dry-Up","REACTION","INFERRED","DELTAENGINE_DERIVED_VARIANT","WORLD_DERIVED","S17","UNVALIDATED"
"VAR-SWEEP-ICEBERG-DRYUP-LONG-ROLLING_5M_EXTREME-001","Liquidity Sweep / Stops into Iceberg / Aggressor Dry-Up / LONG / Rolling 5m Low","PAT-SWEEP-ICEBERG-DRYUP-001","STR-LIQUIDITY-SWEEP","LONG","ROLLING_5M_EXTREME","Rolling 5m Low","REVERSAL_EDGE","CD-G03-027 CD-G03-028","distance_to_rolling_5m_low relation_to_rolling_5m_low","AVAILABLE","BASE_CANONICAL_ONLY","Stops into Iceberg / Aggressor Dry-Up","REACTION","INFERRED","DELTAENGINE_DERIVED_VARIANT","WORLD_DERIVED","S17","UNVALIDATED"
"VAR-SWEEP-ICEBERG-DRYUP-LONG-VALUE_AREA_EDGE-001","Liquidity Sweep / Stops into Iceberg / Aggressor Dry-Up / LONG / Value Area Low","PAT-SWEEP-ICEBERG-DRYUP-001","STR-LIQUIDITY-SWEEP","LONG","VALUE_AREA_EDGE","Value Area Low","REVERSAL_EDGE","CD-G03-045 CD-G03-046 CD-G11-005 CD-G11-006","distance_to_profile_val relation_to_profile_val value_area_low_distance_session value_area_low_distance_rolling_1h","AVAILABLE","BASE_CANONICAL_ONLY","Stops into Iceberg / Aggressor Dry-Up","REACTION","INFERRED","DELTAENGINE_DERIVED_VARIANT","WORLD_DERIVED","S17","UNVALIDATED"
"VAR-SWEEP-ICEBERG-DRYUP-LONG-VISIBLE_BOOK_WALL-001","Liquidity Sweep / Stops into Iceberg / Aggressor Dry-Up / LONG / Visible Bid Wall","PAT-SWEEP-ICEBERG-DRYUP-001","STR-LIQUIDITY-SWEEP","LONG","VISIBLE_BOOK_WALL","Visible Bid Wall","REVERSAL_EDGE","CD-G06-029 CD-G06-030","bid_wall_concentration_top10 distance_to_nearest_bid_wall","AVAILABLE","BASE_CANONICAL_ONLY","Stops into Iceberg / Aggressor Dry-Up","REACTION","INFERRED","DELTAENGINE_DERIVED_VARIANT","WORLD_DERIVED","S17","UNVALIDATED"
"VAR-SWEEP-ICEBERG-DRYUP-SHORT-SESSION_EXTREME-001","Liquidity Sweep / Stops into Iceberg / Aggressor Dry-Up / SHORT / Session High","PAT-SWEEP-ICEBERG-DRYUP-001","STR-LIQUIDITY-SWEEP","SHORT","SESSION_EXTREME","Session High","REVERSAL_EDGE","CD-G03-011 CD-G03-012","distance_to_session_high relation_to_session_high","AVAILABLE","BASE_CANONICAL_ONLY","Stops into Iceberg / Aggressor Dry-Up","REACTION","INFERRED","DELTAENGINE_DERIVED_VARIANT","WORLD_DERIVED","S17","UNVALIDATED"
"VAR-SWEEP-ICEBERG-DRYUP-SHORT-PREVIOUS_DAY_EXTREME-001","Liquidity Sweep / Stops into Iceberg / Aggressor Dry-Up / SHORT / Previous Day High","PAT-SWEEP-ICEBERG-DRYUP-001","STR-LIQUIDITY-SWEEP","SHORT","PREVIOUS_DAY_EXTREME","Previous Day High","REVERSAL_EDGE","CD-G03-015 CD-G03-016","distance_to_previous_day_high relation_to_previous_day_high","AVAILABLE","BASE_CANONICAL_ONLY","Stops into Iceberg / Aggressor Dry-Up","REACTION","INFERRED","DELTAENGINE_DERIVED_VARIANT","WORLD_DERIVED","S17","UNVALIDATED"
"VAR-SWEEP-ICEBERG-DRYUP-SHORT-ROLLING_5M_EXTREME-001","Liquidity Sweep / Stops into Iceberg / Aggressor Dry-Up / SHORT / Rolling 5m High","PAT-SWEEP-ICEBERG-DRYUP-001","STR-LIQUIDITY-SWEEP","SHORT","ROLLING_5M_EXTREME","Rolling 5m High","REVERSAL_EDGE","CD-G03-025 CD-G03-026","distance_to_rolling_5m_high relation_to_rolling_5m_high","AVAILABLE","BASE_CANONICAL_ONLY","Stops into Iceberg / Aggressor Dry-Up","REACTION","INFERRED","DELTAENGINE_DERIVED_VARIANT","WORLD_DERIVED","S17","UNVALIDATED"
"VAR-SWEEP-ICEBERG-DRYUP-SHORT-VALUE_AREA_EDGE-001","Liquidity Sweep / Stops into Iceberg / Aggressor Dry-Up / SHORT / Value Area High","PAT-SWEEP-ICEBERG-DRYUP-001","STR-LIQUIDITY-SWEEP","SHORT","VALUE_AREA_EDGE","Value Area High","REVERSAL_EDGE","CD-G03-043 CD-G03-044 CD-G11-003 CD-G11-004","distance_to_profile_vah relation_to_profile_vah value_area_high_distance_session value_area_high_distance_rolling_1h","AVAILABLE","BASE_CANONICAL_ONLY","Stops into Iceberg / Aggressor Dry-Up","REACTION","INFERRED","DELTAENGINE_DERIVED_VARIANT","WORLD_DERIVED","S17","UNVALIDATED"
"VAR-SWEEP-ICEBERG-DRYUP-SHORT-VISIBLE_BOOK_WALL-001","Liquidity Sweep / Stops into Iceberg / Aggressor Dry-Up / SHORT / Visible Ask Wall","PAT-SWEEP-ICEBERG-DRYUP-001","STR-LIQUIDITY-SWEEP","SHORT","VISIBLE_BOOK_WALL","Visible Ask Wall","REVERSAL_EDGE","CD-G06-031 CD-G06-032","ask_wall_concentration_top10 distance_to_nearest_ask_wall","AVAILABLE","BASE_CANONICAL_ONLY","Stops into Iceberg / Aggressor Dry-Up","REACTION","INFERRED","DELTAENGINE_DERIVED_VARIANT","WORLD_DERIVED","S17","UNVALIDATED"
"VAR-SWEEP-QUICK-RETURN-TRAP-LONG-SESSION_EXTREME-001","Liquidity Sweep / Quick Range Return / Trapped Traders / LONG / Session Low","PAT-SWEEP-QUICK-RETURN-TRAP-001","STR-LIQUIDITY-SWEEP","LONG","SESSION_EXTREME","Session Low","REVERSAL_EDGE","CD-G03-013 CD-G03-014","distance_to_session_low relation_to_session_low","AVAILABLE","BASE_CANONICAL_ONLY","Quick Range Return / Trapped Traders","REACTION","HYBRID","DELTAENGINE_DERIVED_VARIANT","WORLD_DERIVED","S16 S18","UNVALIDATED"
"VAR-SWEEP-QUICK-RETURN-TRAP-LONG-PREVIOUS_DAY_EXTREME-001","Liquidity Sweep / Quick Range Return / Trapped Traders / LONG / Previous Day Low","PAT-SWEEP-QUICK-RETURN-TRAP-001","STR-LIQUIDITY-SWEEP","LONG","PREVIOUS_DAY_EXTREME","Previous Day Low","REVERSAL_EDGE","CD-G03-017 CD-G03-018","distance_to_previous_day_low relation_to_previous_day_low","AVAILABLE","BASE_CANONICAL_ONLY","Quick Range Return / Trapped Traders","REACTION","HYBRID","DELTAENGINE_DERIVED_VARIANT","WORLD_DERIVED","S16 S18","UNVALIDATED"
"VAR-SWEEP-QUICK-RETURN-TRAP-LONG-ROLLING_5M_EXTREME-001","Liquidity Sweep / Quick Range Return / Trapped Traders / LONG / Rolling 5m Low","PAT-SWEEP-QUICK-RETURN-TRAP-001","STR-LIQUIDITY-SWEEP","LONG","ROLLING_5M_EXTREME","Rolling 5m Low","REVERSAL_EDGE","CD-G03-027 CD-G03-028","distance_to_rolling_5m_low relation_to_rolling_5m_low","AVAILABLE","BASE_CANONICAL_ONLY","Quick Range Return / Trapped Traders","REACTION","HYBRID","DELTAENGINE_DERIVED_VARIANT","WORLD_DERIVED","S16 S18","UNVALIDATED"
"VAR-SWEEP-QUICK-RETURN-TRAP-LONG-VALUE_AREA_EDGE-001","Liquidity Sweep / Quick Range Return / Trapped Traders / LONG / Value Area Low","PAT-SWEEP-QUICK-RETURN-TRAP-001","STR-LIQUIDITY-SWEEP","LONG","VALUE_AREA_EDGE","Value Area Low","REVERSAL_EDGE","CD-G03-045 CD-G03-046 CD-G11-005 CD-G11-006","distance_to_profile_val relation_to_profile_val value_area_low_distance_session value_area_low_distance_rolling_1h","AVAILABLE","BASE_CANONICAL_ONLY","Quick Range Return / Trapped Traders","REACTION","HYBRID","DELTAENGINE_DERIVED_VARIANT","WORLD_DERIVED","S16 S18","UNVALIDATED"
"VAR-SWEEP-QUICK-RETURN-TRAP-LONG-VISIBLE_BOOK_WALL-001","Liquidity Sweep / Quick Range Return / Trapped Traders / LONG / Visible Bid Wall","PAT-SWEEP-QUICK-RETURN-TRAP-001","STR-LIQUIDITY-SWEEP","LONG","VISIBLE_BOOK_WALL","Visible Bid Wall","REVERSAL_EDGE","CD-G06-029 CD-G06-030","bid_wall_concentration_top10 distance_to_nearest_bid_wall","AVAILABLE","BASE_CANONICAL_ONLY","Quick Range Return / Trapped Traders","REACTION","HYBRID","DELTAENGINE_DERIVED_VARIANT","WORLD_DERIVED","S16 S18","UNVALIDATED"
"VAR-SWEEP-QUICK-RETURN-TRAP-SHORT-SESSION_EXTREME-001","Liquidity Sweep / Quick Range Return / Trapped Traders / SHORT / Session High","PAT-SWEEP-QUICK-RETURN-TRAP-001","STR-LIQUIDITY-SWEEP","SHORT","SESSION_EXTREME","Session High","REVERSAL_EDGE","CD-G03-011 CD-G03-012","distance_to_session_high relation_to_session_high","AVAILABLE","BASE_CANONICAL_ONLY","Quick Range Return / Trapped Traders","REACTION","HYBRID","DELTAENGINE_DERIVED_VARIANT","WORLD_DERIVED","S16 S18","UNVALIDATED"
"VAR-SWEEP-QUICK-RETURN-TRAP-SHORT-PREVIOUS_DAY_EXTREME-001","Liquidity Sweep / Quick Range Return / Trapped Traders / SHORT / Previous Day High","PAT-SWEEP-QUICK-RETURN-TRAP-001","STR-LIQUIDITY-SWEEP","SHORT","PREVIOUS_DAY_EXTREME","Previous Day High","REVERSAL_EDGE","CD-G03-015 CD-G03-016","distance_to_previous_day_high relation_to_previous_day_high","AVAILABLE","BASE_CANONICAL_ONLY","Quick Range Return / Trapped Traders","REACTION","HYBRID","DELTAENGINE_DERIVED_VARIANT","WORLD_DERIVED","S16 S18","UNVALIDATED"
"VAR-SWEEP-QUICK-RETURN-TRAP-SHORT-ROLLING_5M_EXTREME-001","Liquidity Sweep / Quick Range Return / Trapped Traders / SHORT / Rolling 5m High","PAT-SWEEP-QUICK-RETURN-TRAP-001","STR-LIQUIDITY-SWEEP","SHORT","ROLLING_5M_EXTREME","Rolling 5m High","REVERSAL_EDGE","CD-G03-025 CD-G03-026","distance_to_rolling_5m_high relation_to_rolling_5m_high","AVAILABLE","BASE_CANONICAL_ONLY","Quick Range Return / Trapped Traders","REACTION","HYBRID","DELTAENGINE_DERIVED_VARIANT","WORLD_DERIVED","S16 S18","UNVALIDATED"
"VAR-SWEEP-QUICK-RETURN-TRAP-SHORT-VALUE_AREA_EDGE-001","Liquidity Sweep / Quick Range Return / Trapped Traders / SHORT / Value Area High","PAT-SWEEP-QUICK-RETURN-TRAP-001","STR-LIQUIDITY-SWEEP","SHORT","VALUE_AREA_EDGE","Value Area High","REVERSAL_EDGE","CD-G03-043 CD-G03-044 CD-G11-003 CD-G11-004","distance_to_profile_vah relation_to_profile_vah value_area_high_distance_session value_area_high_distance_rolling_1h","AVAILABLE","BASE_CANONICAL_ONLY","Quick Range Return / Trapped Traders","REACTION","HYBRID","DELTAENGINE_DERIVED_VARIANT","WORLD_DERIVED","S16 S18","UNVALIDATED"
"VAR-SWEEP-QUICK-RETURN-TRAP-SHORT-VISIBLE_BOOK_WALL-001","Liquidity Sweep / Quick Range Return / Trapped Traders / SHORT / Visible Ask Wall","PAT-SWEEP-QUICK-RETURN-TRAP-001","STR-LIQUIDITY-SWEEP","SHORT","VISIBLE_BOOK_WALL","Visible Ask Wall","REVERSAL_EDGE","CD-G06-031 CD-G06-032","ask_wall_concentration_top10 distance_to_nearest_ask_wall","AVAILABLE","BASE_CANONICAL_ONLY","Quick Range Return / Trapped Traders","REACTION","HYBRID","DELTAENGINE_DERIVED_VARIANT","WORLD_DERIVED","S16 S18","UNVALIDATED"
"VAR-SWEEP-FRONTRUN-LIQUIDITY-TARGET-LONG-SESSION_EXTREME-001","Liquidity Sweep / Sell Stops / Front-Run Absorption / Offer Target / LONG / Session Low","PAT-SWEEP-FRONTRUN-LIQUIDITY-TARGET-001","STR-LIQUIDITY-SWEEP","LONG","SESSION_EXTREME","Session Low","REVERSAL_EDGE","CD-G03-013 CD-G03-014","distance_to_session_low relation_to_session_low","AVAILABLE","BASE_CANONICAL_ONLY","Sell Stops / Front-Run Absorption / Offer Target","REACTION","HYBRID","DELTAENGINE_DERIVED_VARIANT","WORLD_DERIVED","S23","UNVALIDATED"
"VAR-SWEEP-FRONTRUN-LIQUIDITY-TARGET-LONG-PREVIOUS_DAY_EXTREME-001","Liquidity Sweep / Sell Stops / Front-Run Absorption / Offer Target / LONG / Previous Day Low","PAT-SWEEP-FRONTRUN-LIQUIDITY-TARGET-001","STR-LIQUIDITY-SWEEP","LONG","PREVIOUS_DAY_EXTREME","Previous Day Low","REVERSAL_EDGE","CD-G03-017 CD-G03-018","distance_to_previous_day_low relation_to_previous_day_low","AVAILABLE","BASE_CANONICAL_ONLY","Sell Stops / Front-Run Absorption / Offer Target","REACTION","HYBRID","DELTAENGINE_DERIVED_VARIANT","WORLD_DERIVED","S23","UNVALIDATED"
"VAR-SWEEP-FRONTRUN-LIQUIDITY-TARGET-LONG-ROLLING_5M_EXTREME-001","Liquidity Sweep / Sell Stops / Front-Run Absorption / Offer Target / LONG / Rolling 5m Low","PAT-SWEEP-FRONTRUN-LIQUIDITY-TARGET-001","STR-LIQUIDITY-SWEEP","LONG","ROLLING_5M_EXTREME","Rolling 5m Low","REVERSAL_EDGE","CD-G03-027 CD-G03-028","distance_to_rolling_5m_low relation_to_rolling_5m_low","AVAILABLE","BASE_CANONICAL_ONLY","Sell Stops / Front-Run Absorption / Offer Target","REACTION","HYBRID","DELTAENGINE_DERIVED_VARIANT","WORLD_DERIVED","S23","UNVALIDATED"
"VAR-SWEEP-FRONTRUN-LIQUIDITY-TARGET-LONG-VALUE_AREA_EDGE-001","Liquidity Sweep / Sell Stops / Front-Run Absorption / Offer Target / LONG / Value Area Low","PAT-SWEEP-FRONTRUN-LIQUIDITY-TARGET-001","STR-LIQUIDITY-SWEEP","LONG","VALUE_AREA_EDGE","Value Area Low","REVERSAL_EDGE","CD-G03-045 CD-G03-046 CD-G11-005 CD-G11-006","distance_to_profile_val relation_to_profile_val value_area_low_distance_session value_area_low_distance_rolling_1h","AVAILABLE","BASE_CANONICAL_ONLY","Sell Stops / Front-Run Absorption / Offer Target","REACTION","HYBRID","DELTAENGINE_DERIVED_VARIANT","WORLD_DERIVED","S23","UNVALIDATED"
"VAR-SWEEP-FRONTRUN-LIQUIDITY-TARGET-LONG-VISIBLE_BOOK_WALL-001","Liquidity Sweep / Sell Stops / Front-Run Absorption / Offer Target / LONG / Visible Bid Wall","PAT-SWEEP-FRONTRUN-LIQUIDITY-TARGET-001","STR-LIQUIDITY-SWEEP","LONG","VISIBLE_BOOK_WALL","Visible Bid Wall","REVERSAL_EDGE","CD-G06-029 CD-G06-030","bid_wall_concentration_top10 distance_to_nearest_bid_wall","AVAILABLE","BASE_CANONICAL_ONLY","Sell Stops / Front-Run Absorption / Offer Target","REACTION","HYBRID","DELTAENGINE_DERIVED_VARIANT","WORLD_DERIVED","S23","UNVALIDATED"
"VAR-FA-RANGE-BREAK-RETURN-LONG-SESSION_EXTREME-001","Failed Auction / Range Break / No Follow-Through / Return / LONG / Session Low","PAT-FA-RANGE-BREAK-RETURN-001","STR-FAILED-AUCTION","LONG","SESSION_EXTREME","Session Low","REVERSAL_EDGE","CD-G03-013 CD-G03-014","distance_to_session_low relation_to_session_low","AVAILABLE","BASE_CANONICAL_ONLY","Range Break / No Follow-Through / Return","BREAK_ACCEPT","DIRECT","DELTAENGINE_DERIVED_VARIANT","WORLD_DERIVED","S05 S21","UNVALIDATED"
"VAR-FA-RANGE-BREAK-RETURN-LONG-PREVIOUS_DAY_EXTREME-001","Failed Auction / Range Break / No Follow-Through / Return / LONG / Previous Day Low","PAT-FA-RANGE-BREAK-RETURN-001","STR-FAILED-AUCTION","LONG","PREVIOUS_DAY_EXTREME","Previous Day Low","REVERSAL_EDGE","CD-G03-017 CD-G03-018","distance_to_previous_day_low relation_to_previous_day_low","AVAILABLE","BASE_CANONICAL_ONLY","Range Break / No Follow-Through / Return","BREAK_ACCEPT","DIRECT","DELTAENGINE_DERIVED_VARIANT","WORLD_DERIVED","S05 S21","UNVALIDATED"
"VAR-FA-RANGE-BREAK-RETURN-LONG-ROLLING_5M_EXTREME-001","Failed Auction / Range Break / No Follow-Through / Return / LONG / Rolling 5m Low","PAT-FA-RANGE-BREAK-RETURN-001","STR-FAILED-AUCTION","LONG","ROLLING_5M_EXTREME","Rolling 5m Low","REVERSAL_EDGE","CD-G03-027 CD-G03-028","distance_to_rolling_5m_low relation_to_rolling_5m_low","AVAILABLE","BASE_CANONICAL_ONLY","Range Break / No Follow-Through / Return","BREAK_ACCEPT","DIRECT","DELTAENGINE_DERIVED_VARIANT","WORLD_DERIVED","S05 S21","UNVALIDATED"
"VAR-FA-RANGE-BREAK-RETURN-LONG-VALUE_AREA_EDGE-001","Failed Auction / Range Break / No Follow-Through / Return / LONG / Value Area Low","PAT-FA-RANGE-BREAK-RETURN-001","STR-FAILED-AUCTION","LONG","VALUE_AREA_EDGE","Value Area Low","REVERSAL_EDGE","CD-G03-045 CD-G03-046 CD-G11-005 CD-G11-006","distance_to_profile_val relation_to_profile_val value_area_low_distance_session value_area_low_distance_rolling_1h","AVAILABLE","BASE_CANONICAL_ONLY","Range Break / No Follow-Through / Return","BREAK_ACCEPT","DIRECT","DELTAENGINE_DERIVED_VARIANT","WORLD_DERIVED","S05 S21","UNVALIDATED"
"VAR-FA-RANGE-BREAK-RETURN-LONG-PROFILE_LVN-001","Failed Auction / Range Break / No Follow-Through / Return / LONG / Profile LVN","PAT-FA-RANGE-BREAK-RETURN-001","STR-FAILED-AUCTION","LONG","PROFILE_LVN","Profile LVN","REVERSAL_EDGE","CD-G11-009 CD-G11-010","low_volume_node_distance_session low_volume_node_distance_rolling_1h","AVAILABLE","BASE_CANONICAL_ONLY","Range Break / No Follow-Through / Return","BREAK_ACCEPT","DIRECT","DELTAENGINE_DERIVED_VARIANT","WORLD_DERIVED","S05 S21","UNVALIDATED"
"VAR-FA-RANGE-BREAK-RETURN-SHORT-SESSION_EXTREME-001","Failed Auction / Range Break / No Follow-Through / Return / SHORT / Session High","PAT-FA-RANGE-BREAK-RETURN-001","STR-FAILED-AUCTION","SHORT","SESSION_EXTREME","Session High","REVERSAL_EDGE","CD-G03-011 CD-G03-012","distance_to_session_high relation_to_session_high","AVAILABLE","BASE_CANONICAL_ONLY","Range Break / No Follow-Through / Return","BREAK_ACCEPT","DIRECT","DELTAENGINE_DERIVED_VARIANT","WORLD_DERIVED","S05 S21","UNVALIDATED"
"VAR-FA-RANGE-BREAK-RETURN-SHORT-PREVIOUS_DAY_EXTREME-001","Failed Auction / Range Break / No Follow-Through / Return / SHORT / Previous Day High","PAT-FA-RANGE-BREAK-RETURN-001","STR-FAILED-AUCTION","SHORT","PREVIOUS_DAY_EXTREME","Previous Day High","REVERSAL_EDGE","CD-G03-015 CD-G03-016","distance_to_previous_day_high relation_to_previous_day_high","AVAILABLE","BASE_CANONICAL_ONLY","Range Break / No Follow-Through / Return","BREAK_ACCEPT","DIRECT","DELTAENGINE_DERIVED_VARIANT","WORLD_DERIVED","S05 S21","UNVALIDATED"
"VAR-FA-RANGE-BREAK-RETURN-SHORT-ROLLING_5M_EXTREME-001","Failed Auction / Range Break / No Follow-Through / Return / SHORT / Rolling 5m High","PAT-FA-RANGE-BREAK-RETURN-001","STR-FAILED-AUCTION","SHORT","ROLLING_5M_EXTREME","Rolling 5m High","REVERSAL_EDGE","CD-G03-025 CD-G03-026","distance_to_rolling_5m_high relation_to_rolling_5m_high","AVAILABLE","BASE_CANONICAL_ONLY","Range Break / No Follow-Through / Return","BREAK_ACCEPT","DIRECT","DELTAENGINE_DERIVED_VARIANT","WORLD_DERIVED","S05 S21","UNVALIDATED"
"VAR-FA-RANGE-BREAK-RETURN-SHORT-VALUE_AREA_EDGE-001","Failed Auction / Range Break / No Follow-Through / Return / SHORT / Value Area High","PAT-FA-RANGE-BREAK-RETURN-001","STR-FAILED-AUCTION","SHORT","VALUE_AREA_EDGE","Value Area High","REVERSAL_EDGE","CD-G03-043 CD-G03-044 CD-G11-003 CD-G11-004","distance_to_profile_vah relation_to_profile_vah value_area_high_distance_session value_area_high_distance_rolling_1h","AVAILABLE","BASE_CANONICAL_ONLY","Range Break / No Follow-Through / Return","BREAK_ACCEPT","DIRECT","DELTAENGINE_DERIVED_VARIANT","WORLD_DERIVED","S05 S21","UNVALIDATED"
"VAR-FA-RANGE-BREAK-RETURN-SHORT-PROFILE_LVN-001","Failed Auction / Range Break / No Follow-Through / Return / SHORT / Profile LVN","PAT-FA-RANGE-BREAK-RETURN-001","STR-FAILED-AUCTION","SHORT","PROFILE_LVN","Profile LVN","REVERSAL_EDGE","CD-G11-009 CD-G11-010","low_volume_node_distance_session low_volume_node_distance_rolling_1h","AVAILABLE","BASE_CANONICAL_ONLY","Range Break / No Follow-Through / Return","BREAK_ACCEPT","DIRECT","DELTAENGINE_DERIVED_VARIANT","WORLD_DERIVED","S05 S21","UNVALIDATED"
"VAR-FA-EXTREME-HVN-FLICKBACK-LONG-SESSION_EXTREME-001","Failed Auction / Extreme Break / Outside HVN / Flickback / LONG / Session Low","PAT-FA-EXTREME-HVN-FLICKBACK-001","STR-FAILED-AUCTION","LONG","SESSION_EXTREME","Session Low","REVERSAL_EDGE","CD-G03-013 CD-G03-014","distance_to_session_low relation_to_session_low","AVAILABLE","BASE_CANONICAL_ONLY","Extreme Break / Outside HVN / Flickback","REACTION","DIRECT","DELTAENGINE_DERIVED_VARIANT","WORLD_DERIVED","S06","UNVALIDATED"
"VAR-FA-EXTREME-HVN-FLICKBACK-LONG-PREVIOUS_DAY_EXTREME-001","Failed Auction / Extreme Break / Outside HVN / Flickback / LONG / Previous Day Low","PAT-FA-EXTREME-HVN-FLICKBACK-001","STR-FAILED-AUCTION","LONG","PREVIOUS_DAY_EXTREME","Previous Day Low","REVERSAL_EDGE","CD-G03-017 CD-G03-018","distance_to_previous_day_low relation_to_previous_day_low","AVAILABLE","BASE_CANONICAL_ONLY","Extreme Break / Outside HVN / Flickback","REACTION","DIRECT","DELTAENGINE_DERIVED_VARIANT","WORLD_DERIVED","S06","UNVALIDATED"
"VAR-FA-EXTREME-HVN-FLICKBACK-LONG-ROLLING_5M_EXTREME-001","Failed Auction / Extreme Break / Outside HVN / Flickback / LONG / Rolling 5m Low","PAT-FA-EXTREME-HVN-FLICKBACK-001","STR-FAILED-AUCTION","LONG","ROLLING_5M_EXTREME","Rolling 5m Low","REVERSAL_EDGE","CD-G03-027 CD-G03-028","distance_to_rolling_5m_low relation_to_rolling_5m_low","AVAILABLE","BASE_CANONICAL_ONLY","Extreme Break / Outside HVN / Flickback","REACTION","DIRECT","DELTAENGINE_DERIVED_VARIANT","WORLD_DERIVED","S06","UNVALIDATED"
"VAR-FA-EXTREME-HVN-FLICKBACK-LONG-VALUE_AREA_EDGE-001","Failed Auction / Extreme Break / Outside HVN / Flickback / LONG / Value Area Low","PAT-FA-EXTREME-HVN-FLICKBACK-001","STR-FAILED-AUCTION","LONG","VALUE_AREA_EDGE","Value Area Low","REVERSAL_EDGE","CD-G03-045 CD-G03-046 CD-G11-005 CD-G11-006","distance_to_profile_val relation_to_profile_val value_area_low_distance_session value_area_low_distance_rolling_1h","AVAILABLE","BASE_CANONICAL_ONLY","Extreme Break / Outside HVN / Flickback","REACTION","DIRECT","DELTAENGINE_DERIVED_VARIANT","WORLD_DERIVED","S06","UNVALIDATED"
"VAR-FA-EXTREME-HVN-FLICKBACK-LONG-PROFILE_LVN-001","Failed Auction / Extreme Break / Outside HVN / Flickback / LONG / Profile LVN","PAT-FA-EXTREME-HVN-FLICKBACK-001","STR-FAILED-AUCTION","LONG","PROFILE_LVN","Profile LVN","REVERSAL_EDGE","CD-G11-009 CD-G11-010","low_volume_node_distance_session low_volume_node_distance_rolling_1h","AVAILABLE","BASE_CANONICAL_ONLY","Extreme Break / Outside HVN / Flickback","REACTION","DIRECT","DELTAENGINE_DERIVED_VARIANT","WORLD_DERIVED","S06","UNVALIDATED"
"VAR-FA-EXTREME-HVN-FLICKBACK-SHORT-SESSION_EXTREME-001","Failed Auction / Extreme Break / Outside HVN / Flickback / SHORT / Session High","PAT-FA-EXTREME-HVN-FLICKBACK-001","STR-FAILED-AUCTION","SHORT","SESSION_EXTREME","Session High","REVERSAL_EDGE","CD-G03-011 CD-G03-012","distance_to_session_high relation_to_session_high","AVAILABLE","BASE_CANONICAL_ONLY","Extreme Break / Outside HVN / Flickback","REACTION","DIRECT","DELTAENGINE_DERIVED_VARIANT","WORLD_DERIVED","S06","UNVALIDATED"
"VAR-FA-EXTREME-HVN-FLICKBACK-SHORT-PREVIOUS_DAY_EXTREME-001","Failed Auction / Extreme Break / Outside HVN / Flickback / SHORT / Previous Day High","PAT-FA-EXTREME-HVN-FLICKBACK-001","STR-FAILED-AUCTION","SHORT","PREVIOUS_DAY_EXTREME","Previous Day High","REVERSAL_EDGE","CD-G03-015 CD-G03-016","distance_to_previous_day_high relation_to_previous_day_high","AVAILABLE","BASE_CANONICAL_ONLY","Extreme Break / Outside HVN / Flickback","REACTION","DIRECT","DELTAENGINE_DERIVED_VARIANT","WORLD_DERIVED","S06","UNVALIDATED"
"VAR-FA-EXTREME-HVN-FLICKBACK-SHORT-ROLLING_5M_EXTREME-001","Failed Auction / Extreme Break / Outside HVN / Flickback / SHORT / Rolling 5m High","PAT-FA-EXTREME-HVN-FLICKBACK-001","STR-FAILED-AUCTION","SHORT","ROLLING_5M_EXTREME","Rolling 5m High","REVERSAL_EDGE","CD-G03-025 CD-G03-026","distance_to_rolling_5m_high relation_to_rolling_5m_high","AVAILABLE","BASE_CANONICAL_ONLY","Extreme Break / Outside HVN / Flickback","REACTION","DIRECT","DELTAENGINE_DERIVED_VARIANT","WORLD_DERIVED","S06","UNVALIDATED"
"VAR-FA-EXTREME-HVN-FLICKBACK-SHORT-VALUE_AREA_EDGE-001","Failed Auction / Extreme Break / Outside HVN / Flickback / SHORT / Value Area High","PAT-FA-EXTREME-HVN-FLICKBACK-001","STR-FAILED-AUCTION","SHORT","VALUE_AREA_EDGE","Value Area High","REVERSAL_EDGE","CD-G03-043 CD-G03-044 CD-G11-003 CD-G11-004","distance_to_profile_vah relation_to_profile_vah value_area_high_distance_session value_area_high_distance_rolling_1h","AVAILABLE","BASE_CANONICAL_ONLY","Extreme Break / Outside HVN / Flickback","REACTION","DIRECT","DELTAENGINE_DERIVED_VARIANT","WORLD_DERIVED","S06","UNVALIDATED"
"VAR-FA-EXTREME-HVN-FLICKBACK-SHORT-PROFILE_LVN-001","Failed Auction / Extreme Break / Outside HVN / Flickback / SHORT / Profile LVN","PAT-FA-EXTREME-HVN-FLICKBACK-001","STR-FAILED-AUCTION","SHORT","PROFILE_LVN","Profile LVN","REVERSAL_EDGE","CD-G11-009 CD-G11-010","low_volume_node_distance_session low_volume_node_distance_rolling_1h","AVAILABLE","BASE_CANONICAL_ONLY","Extreme Break / Outside HVN / Flickback","REACTION","DIRECT","DELTAENGINE_DERIVED_VARIANT","WORLD_DERIVED","S06","UNVALIDATED"
"VAR-FA-TAIL-RANGE-FAILED-CONTINUE-LONG-SESSION_EXTREME-001","Failed Auction / Tail / Tight Range / Continuation Failure / LONG / Session Low","PAT-FA-TAIL-RANGE-FAILED-CONTINUE-001","STR-FAILED-AUCTION","LONG","SESSION_EXTREME","Session Low","REVERSAL_EDGE","CD-G03-013 CD-G03-014","distance_to_session_low relation_to_session_low","AVAILABLE","BASE_CANONICAL_ONLY","Tail / Tight Range / Continuation Failure","BREAK_ACCEPT","DIRECT","DELTAENGINE_DERIVED_VARIANT","WORLD_DERIVED","S07","UNVALIDATED"
"VAR-FA-TAIL-RANGE-FAILED-CONTINUE-LONG-PREVIOUS_DAY_EXTREME-001","Failed Auction / Tail / Tight Range / Continuation Failure / LONG / Previous Day Low","PAT-FA-TAIL-RANGE-FAILED-CONTINUE-001","STR-FAILED-AUCTION","LONG","PREVIOUS_DAY_EXTREME","Previous Day Low","REVERSAL_EDGE","CD-G03-017 CD-G03-018","distance_to_previous_day_low relation_to_previous_day_low","AVAILABLE","BASE_CANONICAL_ONLY","Tail / Tight Range / Continuation Failure","BREAK_ACCEPT","DIRECT","DELTAENGINE_DERIVED_VARIANT","WORLD_DERIVED","S07","UNVALIDATED"
"VAR-FA-TAIL-RANGE-FAILED-CONTINUE-LONG-ROLLING_5M_EXTREME-001","Failed Auction / Tail / Tight Range / Continuation Failure / LONG / Rolling 5m Low","PAT-FA-TAIL-RANGE-FAILED-CONTINUE-001","STR-FAILED-AUCTION","LONG","ROLLING_5M_EXTREME","Rolling 5m Low","REVERSAL_EDGE","CD-G03-027 CD-G03-028","distance_to_rolling_5m_low relation_to_rolling_5m_low","AVAILABLE","BASE_CANONICAL_ONLY","Tail / Tight Range / Continuation Failure","BREAK_ACCEPT","DIRECT","DELTAENGINE_DERIVED_VARIANT","WORLD_DERIVED","S07","UNVALIDATED"
"VAR-FA-TAIL-RANGE-FAILED-CONTINUE-LONG-VALUE_AREA_EDGE-001","Failed Auction / Tail / Tight Range / Continuation Failure / LONG / Value Area Low","PAT-FA-TAIL-RANGE-FAILED-CONTINUE-001","STR-FAILED-AUCTION","LONG","VALUE_AREA_EDGE","Value Area Low","REVERSAL_EDGE","CD-G03-045 CD-G03-046 CD-G11-005 CD-G11-006","distance_to_profile_val relation_to_profile_val value_area_low_distance_session value_area_low_distance_rolling_1h","AVAILABLE","BASE_CANONICAL_ONLY","Tail / Tight Range / Continuation Failure","BREAK_ACCEPT","DIRECT","DELTAENGINE_DERIVED_VARIANT","WORLD_DERIVED","S07","UNVALIDATED"
"VAR-FA-TAIL-RANGE-FAILED-CONTINUE-LONG-PROFILE_LVN-001","Failed Auction / Tail / Tight Range / Continuation Failure / LONG / Profile LVN","PAT-FA-TAIL-RANGE-FAILED-CONTINUE-001","STR-FAILED-AUCTION","LONG","PROFILE_LVN","Profile LVN","REVERSAL_EDGE","CD-G11-009 CD-G11-010","low_volume_node_distance_session low_volume_node_distance_rolling_1h","AVAILABLE","BASE_CANONICAL_ONLY","Tail / Tight Range / Continuation Failure","BREAK_ACCEPT","DIRECT","DELTAENGINE_DERIVED_VARIANT","WORLD_DERIVED","S07","UNVALIDATED"
"VAR-FA-TAIL-RANGE-FAILED-CONTINUE-SHORT-SESSION_EXTREME-001","Failed Auction / Tail / Tight Range / Continuation Failure / SHORT / Session High","PAT-FA-TAIL-RANGE-FAILED-CONTINUE-001","STR-FAILED-AUCTION","SHORT","SESSION_EXTREME","Session High","REVERSAL_EDGE","CD-G03-011 CD-G03-012","distance_to_session_high relation_to_session_high","AVAILABLE","BASE_CANONICAL_ONLY","Tail / Tight Range / Continuation Failure","BREAK_ACCEPT","DIRECT","DELTAENGINE_DERIVED_VARIANT","WORLD_DERIVED","S07","UNVALIDATED"
"VAR-FA-TAIL-RANGE-FAILED-CONTINUE-SHORT-PREVIOUS_DAY_EXTREME-001","Failed Auction / Tail / Tight Range / Continuation Failure / SHORT / Previous Day High","PAT-FA-TAIL-RANGE-FAILED-CONTINUE-001","STR-FAILED-AUCTION","SHORT","PREVIOUS_DAY_EXTREME","Previous Day High","REVERSAL_EDGE","CD-G03-015 CD-G03-016","distance_to_previous_day_high relation_to_previous_day_high","AVAILABLE","BASE_CANONICAL_ONLY","Tail / Tight Range / Continuation Failure","BREAK_ACCEPT","DIRECT","DELTAENGINE_DERIVED_VARIANT","WORLD_DERIVED","S07","UNVALIDATED"
"VAR-FA-TAIL-RANGE-FAILED-CONTINUE-SHORT-ROLLING_5M_EXTREME-001","Failed Auction / Tail / Tight Range / Continuation Failure / SHORT / Rolling 5m High","PAT-FA-TAIL-RANGE-FAILED-CONTINUE-001","STR-FAILED-AUCTION","SHORT","ROLLING_5M_EXTREME","Rolling 5m High","REVERSAL_EDGE","CD-G03-025 CD-G03-026","distance_to_rolling_5m_high relation_to_rolling_5m_high","AVAILABLE","BASE_CANONICAL_ONLY","Tail / Tight Range / Continuation Failure","BREAK_ACCEPT","DIRECT","DELTAENGINE_DERIVED_VARIANT","WORLD_DERIVED","S07","UNVALIDATED"
"VAR-FA-TAIL-RANGE-FAILED-CONTINUE-SHORT-VALUE_AREA_EDGE-001","Failed Auction / Tail / Tight Range / Continuation Failure / SHORT / Value Area High","PAT-FA-TAIL-RANGE-FAILED-CONTINUE-001","STR-FAILED-AUCTION","SHORT","VALUE_AREA_EDGE","Value Area High","REVERSAL_EDGE","CD-G03-043 CD-G03-044 CD-G11-003 CD-G11-004","distance_to_profile_vah relation_to_profile_vah value_area_high_distance_session value_area_high_distance_rolling_1h","AVAILABLE","BASE_CANONICAL_ONLY","Tail / Tight Range / Continuation Failure","BREAK_ACCEPT","DIRECT","DELTAENGINE_DERIVED_VARIANT","WORLD_DERIVED","S07","UNVALIDATED"
"VAR-FA-TAIL-RANGE-FAILED-CONTINUE-SHORT-PROFILE_LVN-001","Failed Auction / Tail / Tight Range / Continuation Failure / SHORT / Profile LVN","PAT-FA-TAIL-RANGE-FAILED-CONTINUE-001","STR-FAILED-AUCTION","SHORT","PROFILE_LVN","Profile LVN","REVERSAL_EDGE","CD-G11-009 CD-G11-010","low_volume_node_distance_session low_volume_node_distance_rolling_1h","AVAILABLE","BASE_CANONICAL_ONLY","Tail / Tight Range / Continuation Failure","BREAK_ACCEPT","DIRECT","DELTAENGINE_DERIVED_VARIANT","WORLD_DERIVED","S07","UNVALIDATED"
"VAR-FA-UNFINISHED-DRYUP-REVERSAL-LONG-SESSION_EXTREME-001","Failed Auction / Unfinished Extreme / Aggressor Dry-Up / Reversal / LONG / Session Low","PAT-FA-UNFINISHED-DRYUP-REVERSAL-001","STR-FAILED-AUCTION","LONG","SESSION_EXTREME","Session Low","REVERSAL_EDGE","CD-G03-013 CD-G03-014","distance_to_session_low relation_to_session_low","AVAILABLE","BASE_CANONICAL_ONLY","Unfinished Extreme / Aggressor Dry-Up / Reversal","REACTION","DIRECT","DELTAENGINE_DERIVED_VARIANT","WORLD_DERIVED","S14","UNVALIDATED"
"VAR-FA-UNFINISHED-DRYUP-REVERSAL-LONG-PREVIOUS_DAY_EXTREME-001","Failed Auction / Unfinished Extreme / Aggressor Dry-Up / Reversal / LONG / Previous Day Low","PAT-FA-UNFINISHED-DRYUP-REVERSAL-001","STR-FAILED-AUCTION","LONG","PREVIOUS_DAY_EXTREME","Previous Day Low","REVERSAL_EDGE","CD-G03-017 CD-G03-018","distance_to_previous_day_low relation_to_previous_day_low","AVAILABLE","BASE_CANONICAL_ONLY","Unfinished Extreme / Aggressor Dry-Up / Reversal","REACTION","DIRECT","DELTAENGINE_DERIVED_VARIANT","WORLD_DERIVED","S14","UNVALIDATED"
"VAR-FA-UNFINISHED-DRYUP-REVERSAL-LONG-ROLLING_5M_EXTREME-001","Failed Auction / Unfinished Extreme / Aggressor Dry-Up / Reversal / LONG / Rolling 5m Low","PAT-FA-UNFINISHED-DRYUP-REVERSAL-001","STR-FAILED-AUCTION","LONG","ROLLING_5M_EXTREME","Rolling 5m Low","REVERSAL_EDGE","CD-G03-027 CD-G03-028","distance_to_rolling_5m_low relation_to_rolling_5m_low","AVAILABLE","BASE_CANONICAL_ONLY","Unfinished Extreme / Aggressor Dry-Up / Reversal","REACTION","DIRECT","DELTAENGINE_DERIVED_VARIANT","WORLD_DERIVED","S14","UNVALIDATED"
"VAR-FA-UNFINISHED-DRYUP-REVERSAL-LONG-VALUE_AREA_EDGE-001","Failed Auction / Unfinished Extreme / Aggressor Dry-Up / Reversal / LONG / Value Area Low","PAT-FA-UNFINISHED-DRYUP-REVERSAL-001","STR-FAILED-AUCTION","LONG","VALUE_AREA_EDGE","Value Area Low","REVERSAL_EDGE","CD-G03-045 CD-G03-046 CD-G11-005 CD-G11-006","distance_to_profile_val relation_to_profile_val value_area_low_distance_session value_area_low_distance_rolling_1h","AVAILABLE","BASE_CANONICAL_ONLY","Unfinished Extreme / Aggressor Dry-Up / Reversal","REACTION","DIRECT","DELTAENGINE_DERIVED_VARIANT","WORLD_DERIVED","S14","UNVALIDATED"
"VAR-FA-UNFINISHED-DRYUP-REVERSAL-LONG-PROFILE_LVN-001","Failed Auction / Unfinished Extreme / Aggressor Dry-Up / Reversal / LONG / Profile LVN","PAT-FA-UNFINISHED-DRYUP-REVERSAL-001","STR-FAILED-AUCTION","LONG","PROFILE_LVN","Profile LVN","REVERSAL_EDGE","CD-G11-009 CD-G11-010","low_volume_node_distance_session low_volume_node_distance_rolling_1h","AVAILABLE","BASE_CANONICAL_ONLY","Unfinished Extreme / Aggressor Dry-Up / Reversal","REACTION","DIRECT","DELTAENGINE_DERIVED_VARIANT","WORLD_DERIVED","S14","UNVALIDATED"
"VAR-FA-UNFINISHED-DRYUP-REVERSAL-SHORT-SESSION_EXTREME-001","Failed Auction / Unfinished Extreme / Aggressor Dry-Up / Reversal / SHORT / Session High","PAT-FA-UNFINISHED-DRYUP-REVERSAL-001","STR-FAILED-AUCTION","SHORT","SESSION_EXTREME","Session High","REVERSAL_EDGE","CD-G03-011 CD-G03-012","distance_to_session_high relation_to_session_high","AVAILABLE","BASE_CANONICAL_ONLY","Unfinished Extreme / Aggressor Dry-Up / Reversal","REACTION","DIRECT","DELTAENGINE_DERIVED_VARIANT","WORLD_DERIVED","S14","UNVALIDATED"
"VAR-FA-UNFINISHED-DRYUP-REVERSAL-SHORT-PREVIOUS_DAY_EXTREME-001","Failed Auction / Unfinished Extreme / Aggressor Dry-Up / Reversal / SHORT / Previous Day High","PAT-FA-UNFINISHED-DRYUP-REVERSAL-001","STR-FAILED-AUCTION","SHORT","PREVIOUS_DAY_EXTREME","Previous Day High","REVERSAL_EDGE","CD-G03-015 CD-G03-016","distance_to_previous_day_high relation_to_previous_day_high","AVAILABLE","BASE_CANONICAL_ONLY","Unfinished Extreme / Aggressor Dry-Up / Reversal","REACTION","DIRECT","DELTAENGINE_DERIVED_VARIANT","WORLD_DERIVED","S14","UNVALIDATED"
"VAR-FA-UNFINISHED-DRYUP-REVERSAL-SHORT-ROLLING_5M_EXTREME-001","Failed Auction / Unfinished Extreme / Aggressor Dry-Up / Reversal / SHORT / Rolling 5m High","PAT-FA-UNFINISHED-DRYUP-REVERSAL-001","STR-FAILED-AUCTION","SHORT","ROLLING_5M_EXTREME","Rolling 5m High","REVERSAL_EDGE","CD-G03-025 CD-G03-026","distance_to_rolling_5m_high relation_to_rolling_5m_high","AVAILABLE","BASE_CANONICAL_ONLY","Unfinished Extreme / Aggressor Dry-Up / Reversal","REACTION","DIRECT","DELTAENGINE_DERIVED_VARIANT","WORLD_DERIVED","S14","UNVALIDATED"
"VAR-FA-UNFINISHED-DRYUP-REVERSAL-SHORT-VALUE_AREA_EDGE-001","Failed Auction / Unfinished Extreme / Aggressor Dry-Up / Reversal / SHORT / Value Area High","PAT-FA-UNFINISHED-DRYUP-REVERSAL-001","STR-FAILED-AUCTION","SHORT","VALUE_AREA_EDGE","Value Area High","REVERSAL_EDGE","CD-G03-043 CD-G03-044 CD-G11-003 CD-G11-004","distance_to_profile_vah relation_to_profile_vah value_area_high_distance_session value_area_high_distance_rolling_1h","AVAILABLE","BASE_CANONICAL_ONLY","Unfinished Extreme / Aggressor Dry-Up / Reversal","REACTION","DIRECT","DELTAENGINE_DERIVED_VARIANT","WORLD_DERIVED","S14","UNVALIDATED"
"VAR-FA-UNFINISHED-DRYUP-REVERSAL-SHORT-PROFILE_LVN-001","Failed Auction / Unfinished Extreme / Aggressor Dry-Up / Reversal / SHORT / Profile LVN","PAT-FA-UNFINISHED-DRYUP-REVERSAL-001","STR-FAILED-AUCTION","SHORT","PROFILE_LVN","Profile LVN","REVERSAL_EDGE","CD-G11-009 CD-G11-010","low_volume_node_distance_session low_volume_node_distance_rolling_1h","AVAILABLE","BASE_CANONICAL_ONLY","Unfinished Extreme / Aggressor Dry-Up / Reversal","REACTION","DIRECT","DELTAENGINE_DERIVED_VARIANT","WORLD_DERIVED","S14","UNVALIDATED"
"VAR-FA-EVENT-NO-VALUE-MIGRATION-LONG-POST_EVENT_BALANCE-001","Failed Auction / Event Breakout / No Value Migration / Old-Range Return / LONG / Post-Event Balance","PAT-FA-EVENT-NO-VALUE-MIGRATION-001","STR-FAILED-AUCTION","LONG","POST_EVENT_BALANCE","Post-Event Balance","REVERSAL_EDGE","CD-G02-014 CD-G02-015","scheduled_macro_event_proximity post_news_cooldown_state","EXT_CALENDAR_REQUIRED","BASE_CANONICAL_ONLY","Event Breakout / No Value Migration / Old-Range Return","EVENT","HYBRID","DELTAENGINE_DERIVED_VARIANT","WORLD_DERIVED","S21 S22","UNVALIDATED"
"VAR-FA-EVENT-NO-VALUE-MIGRATION-SHORT-POST_EVENT_BALANCE-001","Failed Auction / Event Breakout / No Value Migration / Old-Range Return / SHORT / Post-Event Balance","PAT-FA-EVENT-NO-VALUE-MIGRATION-001","STR-FAILED-AUCTION","SHORT","POST_EVENT_BALANCE","Post-Event Balance","REVERSAL_EDGE","CD-G02-014 CD-G02-015","scheduled_macro_event_proximity post_news_cooldown_state","EXT_CALENDAR_REQUIRED","BASE_CANONICAL_ONLY","Event Breakout / No Value Migration / Old-Range Return","EVENT","HYBRID","DELTAENGINE_DERIVED_VARIANT","WORLD_DERIVED","S21 S22","UNVALIDATED"
"VAR-PS-BID-PULL-ASK-STACK-SHORT-BEST_BID_ASK-001","Pulling / Stacking / Bid Pull / Ask Stack / Seller Control / SHORT / Best Ask","PAT-PS-BID-PULL-ASK-STACK-001","STR-PULLING-STACKING","SHORT","BEST_BID_ASK","Best Ask","REVERSAL_EDGE","CD-G03-003 CD-G03-004","distance_to_best_ask relation_to_best_ask","AVAILABLE","BASE_CANONICAL_ONLY","Stacking / Bid Pull / Ask Stack / Seller Control","REACTION","DIRECT","DELTAENGINE_DERIVED_VARIANT","WORLD_DERIVED","S04 S26","UNVALIDATED"
"VAR-PS-BID-PULL-ASK-STACK-SHORT-VISIBLE_BOOK_WALL-001","Pulling / Stacking / Bid Pull / Ask Stack / Seller Control / SHORT / Visible Ask Wall","PAT-PS-BID-PULL-ASK-STACK-001","STR-PULLING-STACKING","SHORT","VISIBLE_BOOK_WALL","Visible Ask Wall","REVERSAL_EDGE","CD-G06-031 CD-G06-032","ask_wall_concentration_top10 distance_to_nearest_ask_wall","AVAILABLE","BASE_CANONICAL_ONLY","Stacking / Bid Pull / Ask Stack / Seller Control","REACTION","DIRECT","DELTAENGINE_DERIVED_VARIANT","WORLD_DERIVED","S04 S26","UNVALIDATED"
"VAR-PS-ASK-PULL-BID-STACK-LONG-BEST_BID_ASK-001","Pulling / Stacking / Ask Pull / Bid Stack / Buyer Control / LONG / Best Bid","PAT-PS-ASK-PULL-BID-STACK-001","STR-PULLING-STACKING","LONG","BEST_BID_ASK","Best Bid","REVERSAL_EDGE","CD-G03-001 CD-G03-002","distance_to_best_bid relation_to_best_bid","AVAILABLE","BASE_CANONICAL_ONLY","Stacking / Ask Pull / Bid Stack / Buyer Control","REACTION","DIRECT","DELTAENGINE_DERIVED_VARIANT","WORLD_DERIVED","S04 S26","UNVALIDATED"
"VAR-PS-ASK-PULL-BID-STACK-LONG-VISIBLE_BOOK_WALL-001","Pulling / Stacking / Ask Pull / Bid Stack / Buyer Control / LONG / Visible Bid Wall","PAT-PS-ASK-PULL-BID-STACK-001","STR-PULLING-STACKING","LONG","VISIBLE_BOOK_WALL","Visible Bid Wall","REVERSAL_EDGE","CD-G06-029 CD-G06-030","bid_wall_concentration_top10 distance_to_nearest_bid_wall","AVAILABLE","BASE_CANONICAL_ONLY","Stacking / Ask Pull / Bid Stack / Buyer Control","REACTION","DIRECT","DELTAENGINE_DERIVED_VARIANT","WORLD_DERIVED","S04 S26","UNVALIDATED"
"VAR-PS-WALL-PULL-FRAGILITY-LONG-BEST_BID_ASK-001","Pulling / Stacking / Apparent Wall / Pull-on-Approach / Fragility / LONG / Best Bid","PAT-PS-WALL-PULL-FRAGILITY-001","STR-PULLING-STACKING","LONG","BEST_BID_ASK","Best Bid","REVERSAL_EDGE","CD-G03-001 CD-G03-002","distance_to_best_bid relation_to_best_bid","AVAILABLE","BASE_CANONICAL_ONLY","Stacking / Apparent Wall / Pull-on-Approach / Fragility","REACTION","DIRECT","DELTAENGINE_DERIVED_VARIANT","WORLD_DERIVED","S04 S22","UNVALIDATED"
"VAR-PS-WALL-PULL-FRAGILITY-LONG-VISIBLE_BOOK_WALL-001","Pulling / Stacking / Apparent Wall / Pull-on-Approach / Fragility / LONG / Visible Bid Wall","PAT-PS-WALL-PULL-FRAGILITY-001","STR-PULLING-STACKING","LONG","VISIBLE_BOOK_WALL","Visible Bid Wall","REVERSAL_EDGE","CD-G06-029 CD-G06-030","bid_wall_concentration_top10 distance_to_nearest_bid_wall","AVAILABLE","BASE_CANONICAL_ONLY","Stacking / Apparent Wall / Pull-on-Approach / Fragility","REACTION","DIRECT","DELTAENGINE_DERIVED_VARIANT","WORLD_DERIVED","S04 S22","UNVALIDATED"
"VAR-PS-WALL-PULL-FRAGILITY-LONG-ROLLING_5M_EXTREME-001","Pulling / Stacking / Apparent Wall / Pull-on-Approach / Fragility / LONG / Rolling 5m Low","PAT-PS-WALL-PULL-FRAGILITY-001","STR-PULLING-STACKING","LONG","ROLLING_5M_EXTREME","Rolling 5m Low","REVERSAL_EDGE","CD-G03-027 CD-G03-028","distance_to_rolling_5m_low relation_to_rolling_5m_low","AVAILABLE","BASE_CANONICAL_ONLY","Stacking / Apparent Wall / Pull-on-Approach / Fragility","REACTION","DIRECT","DELTAENGINE_DERIVED_VARIANT","WORLD_DERIVED","S04 S22","UNVALIDATED"
"VAR-PS-WALL-PULL-FRAGILITY-LONG-SESSION_EXTREME-001","Pulling / Stacking / Apparent Wall / Pull-on-Approach / Fragility / LONG / Session Low","PAT-PS-WALL-PULL-FRAGILITY-001","STR-PULLING-STACKING","LONG","SESSION_EXTREME","Session Low","REVERSAL_EDGE","CD-G03-013 CD-G03-014","distance_to_session_low relation_to_session_low","AVAILABLE","BASE_CANONICAL_ONLY","Stacking / Apparent Wall / Pull-on-Approach / Fragility","REACTION","DIRECT","DELTAENGINE_DERIVED_VARIANT","WORLD_DERIVED","S04 S22","UNVALIDATED"
"VAR-PS-WALL-PULL-FRAGILITY-SHORT-BEST_BID_ASK-001","Pulling / Stacking / Apparent Wall / Pull-on-Approach / Fragility / SHORT / Best Ask","PAT-PS-WALL-PULL-FRAGILITY-001","STR-PULLING-STACKING","SHORT","BEST_BID_ASK","Best Ask","REVERSAL_EDGE","CD-G03-003 CD-G03-004","distance_to_best_ask relation_to_best_ask","AVAILABLE","BASE_CANONICAL_ONLY","Stacking / Apparent Wall / Pull-on-Approach / Fragility","REACTION","DIRECT","DELTAENGINE_DERIVED_VARIANT","WORLD_DERIVED","S04 S22","UNVALIDATED"
"VAR-PS-WALL-PULL-FRAGILITY-SHORT-VISIBLE_BOOK_WALL-001","Pulling / Stacking / Apparent Wall / Pull-on-Approach / Fragility / SHORT / Visible Ask Wall","PAT-PS-WALL-PULL-FRAGILITY-001","STR-PULLING-STACKING","SHORT","VISIBLE_BOOK_WALL","Visible Ask Wall","REVERSAL_EDGE","CD-G06-031 CD-G06-032","ask_wall_concentration_top10 distance_to_nearest_ask_wall","AVAILABLE","BASE_CANONICAL_ONLY","Stacking / Apparent Wall / Pull-on-Approach / Fragility","REACTION","DIRECT","DELTAENGINE_DERIVED_VARIANT","WORLD_DERIVED","S04 S22","UNVALIDATED"
"VAR-PS-WALL-PULL-FRAGILITY-SHORT-ROLLING_5M_EXTREME-001","Pulling / Stacking / Apparent Wall / Pull-on-Approach / Fragility / SHORT / Rolling 5m High","PAT-PS-WALL-PULL-FRAGILITY-001","STR-PULLING-STACKING","SHORT","ROLLING_5M_EXTREME","Rolling 5m High","REVERSAL_EDGE","CD-G03-025 CD-G03-026","distance_to_rolling_5m_high relation_to_rolling_5m_high","AVAILABLE","BASE_CANONICAL_ONLY","Stacking / Apparent Wall / Pull-on-Approach / Fragility","REACTION","DIRECT","DELTAENGINE_DERIVED_VARIANT","WORLD_DERIVED","S04 S22","UNVALIDATED"
"VAR-PS-WALL-PULL-FRAGILITY-SHORT-SESSION_EXTREME-001","Pulling / Stacking / Apparent Wall / Pull-on-Approach / Fragility / SHORT / Session High","PAT-PS-WALL-PULL-FRAGILITY-001","STR-PULLING-STACKING","SHORT","SESSION_EXTREME","Session High","REVERSAL_EDGE","CD-G03-011 CD-G03-012","distance_to_session_high relation_to_session_high","AVAILABLE","BASE_CANONICAL_ONLY","Stacking / Apparent Wall / Pull-on-Approach / Fragility","REACTION","DIRECT","DELTAENGINE_DERIVED_VARIANT","WORLD_DERIVED","S04 S22","UNVALIDATED"
"VAR-PS-BEHIND-PRICE-STACK-RETEST-LONG-VISIBLE_BOOK_WALL-001","Pulling / Stacking / Liquidity Behind Price / Retest Hold / LONG / Visible Bid Wall","PAT-PS-BEHIND-PRICE-STACK-RETEST-001","STR-PULLING-STACKING","LONG","VISIBLE_BOOK_WALL","Visible Bid Wall","WITH_TREND_RETEST","CD-G06-029 CD-G06-030","bid_wall_concentration_top10 distance_to_nearest_bid_wall","AVAILABLE","BASE_CANONICAL_ONLY","Stacking / Liquidity Behind Price / Retest Hold","RETEST","DIRECT","DELTAENGINE_DERIVED_VARIANT","WORLD_DERIVED","S21 S26","UNVALIDATED"
"VAR-PS-BEHIND-PRICE-STACK-RETEST-LONG-ROLLING_5M_EXTREME-001","Pulling / Stacking / Liquidity Behind Price / Retest Hold / LONG / Rolling 5m Low","PAT-PS-BEHIND-PRICE-STACK-RETEST-001","STR-PULLING-STACKING","LONG","ROLLING_5M_EXTREME","Rolling 5m Low","WITH_TREND_RETEST","CD-G03-027 CD-G03-028","distance_to_rolling_5m_low relation_to_rolling_5m_low","AVAILABLE","BASE_CANONICAL_ONLY","Stacking / Liquidity Behind Price / Retest Hold","RETEST","DIRECT","DELTAENGINE_DERIVED_VARIANT","WORLD_DERIVED","S21 S26","UNVALIDATED"
"VAR-PS-BEHIND-PRICE-STACK-RETEST-LONG-VALUE_AREA_EDGE-001","Pulling / Stacking / Liquidity Behind Price / Retest Hold / LONG / Value Area Low","PAT-PS-BEHIND-PRICE-STACK-RETEST-001","STR-PULLING-STACKING","LONG","VALUE_AREA_EDGE","Value Area Low","WITH_TREND_RETEST","CD-G03-045 CD-G03-046 CD-G11-005 CD-G11-006","distance_to_profile_val relation_to_profile_val value_area_low_distance_session value_area_low_distance_rolling_1h","AVAILABLE","BASE_CANONICAL_ONLY","Stacking / Liquidity Behind Price / Retest Hold","RETEST","DIRECT","DELTAENGINE_DERIVED_VARIANT","WORLD_DERIVED","S21 S26","UNVALIDATED"
"VAR-PS-BEHIND-PRICE-STACK-RETEST-LONG-PROFILE_LVN-001","Pulling / Stacking / Liquidity Behind Price / Retest Hold / LONG / Profile LVN","PAT-PS-BEHIND-PRICE-STACK-RETEST-001","STR-PULLING-STACKING","LONG","PROFILE_LVN","Profile LVN","WITH_TREND_RETEST","CD-G11-009 CD-G11-010","low_volume_node_distance_session low_volume_node_distance_rolling_1h","AVAILABLE","BASE_CANONICAL_ONLY","Stacking / Liquidity Behind Price / Retest Hold","RETEST","DIRECT","DELTAENGINE_DERIVED_VARIANT","WORLD_DERIVED","S21 S26","UNVALIDATED"
"VAR-PS-BEHIND-PRICE-STACK-RETEST-SHORT-VISIBLE_BOOK_WALL-001","Pulling / Stacking / Liquidity Behind Price / Retest Hold / SHORT / Visible Ask Wall","PAT-PS-BEHIND-PRICE-STACK-RETEST-001","STR-PULLING-STACKING","SHORT","VISIBLE_BOOK_WALL","Visible Ask Wall","WITH_TREND_RETEST","CD-G06-031 CD-G06-032","ask_wall_concentration_top10 distance_to_nearest_ask_wall","AVAILABLE","BASE_CANONICAL_ONLY","Stacking / Liquidity Behind Price / Retest Hold","RETEST","DIRECT","DELTAENGINE_DERIVED_VARIANT","WORLD_DERIVED","S21 S26","UNVALIDATED"
"VAR-PS-BEHIND-PRICE-STACK-RETEST-SHORT-ROLLING_5M_EXTREME-001","Pulling / Stacking / Liquidity Behind Price / Retest Hold / SHORT / Rolling 5m High","PAT-PS-BEHIND-PRICE-STACK-RETEST-001","STR-PULLING-STACKING","SHORT","ROLLING_5M_EXTREME","Rolling 5m High","WITH_TREND_RETEST","CD-G03-025 CD-G03-026","distance_to_rolling_5m_high relation_to_rolling_5m_high","AVAILABLE","BASE_CANONICAL_ONLY","Stacking / Liquidity Behind Price / Retest Hold","RETEST","DIRECT","DELTAENGINE_DERIVED_VARIANT","WORLD_DERIVED","S21 S26","UNVALIDATED"
"VAR-PS-BEHIND-PRICE-STACK-RETEST-SHORT-VALUE_AREA_EDGE-001","Pulling / Stacking / Liquidity Behind Price / Retest Hold / SHORT / Value Area High","PAT-PS-BEHIND-PRICE-STACK-RETEST-001","STR-PULLING-STACKING","SHORT","VALUE_AREA_EDGE","Value Area High","WITH_TREND_RETEST","CD-G03-043 CD-G03-044 CD-G11-003 CD-G11-004","distance_to_profile_vah relation_to_profile_vah value_area_high_distance_session value_area_high_distance_rolling_1h","AVAILABLE","BASE_CANONICAL_ONLY","Stacking / Liquidity Behind Price / Retest Hold","RETEST","DIRECT","DELTAENGINE_DERIVED_VARIANT","WORLD_DERIVED","S21 S26","UNVALIDATED"
"VAR-PS-BEHIND-PRICE-STACK-RETEST-SHORT-PROFILE_LVN-001","Pulling / Stacking / Liquidity Behind Price / Retest Hold / SHORT / Profile LVN","PAT-PS-BEHIND-PRICE-STACK-RETEST-001","STR-PULLING-STACKING","SHORT","PROFILE_LVN","Profile LVN","WITH_TREND_RETEST","CD-G11-009 CD-G11-010","low_volume_node_distance_session low_volume_node_distance_rolling_1h","AVAILABLE","BASE_CANONICAL_ONLY","Stacking / Liquidity Behind Price / Retest Hold","RETEST","DIRECT","DELTAENGINE_DERIVED_VARIANT","WORLD_DERIVED","S21 S26","UNVALIDATED"
"VAR-PS-ABSORB-THEN-PULL-CUTREVERSE-LONG-BEST_BID_ASK-001","Pulling / Stacking / Churn and Absorption / Protecting Wall Pull / Cut-and-Reverse / LONG / Best Bid","PAT-PS-ABSORB-THEN-PULL-CUTREVERSE-001","STR-PULLING-STACKING","LONG","BEST_BID_ASK","Best Bid","REVERSAL_EDGE","CD-G03-001 CD-G03-002","distance_to_best_bid relation_to_best_bid","AVAILABLE","BASE_CANONICAL_ONLY","Stacking / Churn and Absorption / Protecting Wall Pull / Cut-and-Reverse","REACTION","DIRECT","DELTAENGINE_DERIVED_VARIANT","WORLD_DERIVED","S05","UNVALIDATED"
"VAR-PS-ABSORB-THEN-PULL-CUTREVERSE-LONG-VISIBLE_BOOK_WALL-001","Pulling / Stacking / Churn and Absorption / Protecting Wall Pull / Cut-and-Reverse / LONG / Visible Bid Wall","PAT-PS-ABSORB-THEN-PULL-CUTREVERSE-001","STR-PULLING-STACKING","LONG","VISIBLE_BOOK_WALL","Visible Bid Wall","REVERSAL_EDGE","CD-G06-029 CD-G06-030","bid_wall_concentration_top10 distance_to_nearest_bid_wall","AVAILABLE","BASE_CANONICAL_ONLY","Stacking / Churn and Absorption / Protecting Wall Pull / Cut-and-Reverse","REACTION","DIRECT","DELTAENGINE_DERIVED_VARIANT","WORLD_DERIVED","S05","UNVALIDATED"
"VAR-PS-ABSORB-THEN-PULL-CUTREVERSE-SHORT-BEST_BID_ASK-001","Pulling / Stacking / Churn and Absorption / Protecting Wall Pull / Cut-and-Reverse / SHORT / Best Ask","PAT-PS-ABSORB-THEN-PULL-CUTREVERSE-001","STR-PULLING-STACKING","SHORT","BEST_BID_ASK","Best Ask","REVERSAL_EDGE","CD-G03-003 CD-G03-004","distance_to_best_ask relation_to_best_ask","AVAILABLE","BASE_CANONICAL_ONLY","Stacking / Churn and Absorption / Protecting Wall Pull / Cut-and-Reverse","REACTION","DIRECT","DELTAENGINE_DERIVED_VARIANT","WORLD_DERIVED","S05","UNVALIDATED"
"VAR-PS-ABSORB-THEN-PULL-CUTREVERSE-SHORT-VISIBLE_BOOK_WALL-001","Pulling / Stacking / Churn and Absorption / Protecting Wall Pull / Cut-and-Reverse / SHORT / Visible Ask Wall","PAT-PS-ABSORB-THEN-PULL-CUTREVERSE-001","STR-PULLING-STACKING","SHORT","VISIBLE_BOOK_WALL","Visible Ask Wall","REVERSAL_EDGE","CD-G06-031 CD-G06-032","ask_wall_concentration_top10 distance_to_nearest_ask_wall","AVAILABLE","BASE_CANONICAL_ONLY","Stacking / Churn and Absorption / Protecting Wall Pull / Cut-and-Reverse","REACTION","DIRECT","DELTAENGINE_DERIVED_VARIANT","WORLD_DERIVED","S05","UNVALIDATED"
"VAR-DF-POSITIVE-TAIL-SELLCONTROL-SHORT-SESSION_EXTREME-001","Delta Flip / Positive Delta Tail / Seller Control / SHORT / Session High","PAT-DF-POSITIVE-TAIL-SELLCONTROL-001","STR-DELTA-FLIP","SHORT","SESSION_EXTREME","Session High","REVERSAL_EDGE","CD-G03-011 CD-G03-012","distance_to_session_high relation_to_session_high","AVAILABLE","BASE_CANONICAL_ONLY","Positive Delta Tail / Seller Control","REACTION","DIRECT","DELTAENGINE_DERIVED_VARIANT","WORLD_DERIVED","S11 S13","UNVALIDATED"
"VAR-DF-POSITIVE-TAIL-SELLCONTROL-SHORT-PREVIOUS_DAY_EXTREME-001","Delta Flip / Positive Delta Tail / Seller Control / SHORT / Previous Day High","PAT-DF-POSITIVE-TAIL-SELLCONTROL-001","STR-DELTA-FLIP","SHORT","PREVIOUS_DAY_EXTREME","Previous Day High","REVERSAL_EDGE","CD-G03-015 CD-G03-016","distance_to_previous_day_high relation_to_previous_day_high","AVAILABLE","BASE_CANONICAL_ONLY","Positive Delta Tail / Seller Control","REACTION","DIRECT","DELTAENGINE_DERIVED_VARIANT","WORLD_DERIVED","S11 S13","UNVALIDATED"
"VAR-DF-POSITIVE-TAIL-SELLCONTROL-SHORT-ROLLING_5M_EXTREME-001","Delta Flip / Positive Delta Tail / Seller Control / SHORT / Rolling 5m High","PAT-DF-POSITIVE-TAIL-SELLCONTROL-001","STR-DELTA-FLIP","SHORT","ROLLING_5M_EXTREME","Rolling 5m High","REVERSAL_EDGE","CD-G03-025 CD-G03-026","distance_to_rolling_5m_high relation_to_rolling_5m_high","AVAILABLE","BASE_CANONICAL_ONLY","Positive Delta Tail / Seller Control","REACTION","DIRECT","DELTAENGINE_DERIVED_VARIANT","WORLD_DERIVED","S11 S13","UNVALIDATED"
"VAR-DF-POSITIVE-TAIL-SELLCONTROL-SHORT-VALUE_AREA_EDGE-001","Delta Flip / Positive Delta Tail / Seller Control / SHORT / Value Area High","PAT-DF-POSITIVE-TAIL-SELLCONTROL-001","STR-DELTA-FLIP","SHORT","VALUE_AREA_EDGE","Value Area High","REVERSAL_EDGE","CD-G03-043 CD-G03-044 CD-G11-003 CD-G11-004","distance_to_profile_vah relation_to_profile_vah value_area_high_distance_session value_area_high_distance_rolling_1h","AVAILABLE","BASE_CANONICAL_ONLY","Positive Delta Tail / Seller Control","REACTION","DIRECT","DELTAENGINE_DERIVED_VARIANT","WORLD_DERIVED","S11 S13","UNVALIDATED"
"VAR-DF-POSITIVE-TAIL-SELLCONTROL-SHORT-PROFILE_HVN-001","Delta Flip / Positive Delta Tail / Seller Control / SHORT / Profile HVN","PAT-DF-POSITIVE-TAIL-SELLCONTROL-001","STR-DELTA-FLIP","SHORT","PROFILE_HVN","Profile HVN","REVERSAL_EDGE","CD-G11-007 CD-G11-008","high_volume_node_distance_session high_volume_node_distance_rolling_1h","AVAILABLE","BASE_CANONICAL_ONLY","Positive Delta Tail / Seller Control","REACTION","DIRECT","DELTAENGINE_DERIVED_VARIANT","WORLD_DERIVED","S11 S13","UNVALIDATED"
"VAR-DF-NEGATIVE-TAIL-BUYCONTROL-LONG-SESSION_EXTREME-001","Delta Flip / Negative Delta Tail / Buyer Control / LONG / Session Low","PAT-DF-NEGATIVE-TAIL-BUYCONTROL-001","STR-DELTA-FLIP","LONG","SESSION_EXTREME","Session Low","REVERSAL_EDGE","CD-G03-013 CD-G03-014","distance_to_session_low relation_to_session_low","AVAILABLE","BASE_CANONICAL_ONLY","Negative Delta Tail / Buyer Control","REACTION","DIRECT","DELTAENGINE_DERIVED_VARIANT","WORLD_DERIVED","S11 S13","UNVALIDATED"
"VAR-DF-NEGATIVE-TAIL-BUYCONTROL-LONG-PREVIOUS_DAY_EXTREME-001","Delta Flip / Negative Delta Tail / Buyer Control / LONG / Previous Day Low","PAT-DF-NEGATIVE-TAIL-BUYCONTROL-001","STR-DELTA-FLIP","LONG","PREVIOUS_DAY_EXTREME","Previous Day Low","REVERSAL_EDGE","CD-G03-017 CD-G03-018","distance_to_previous_day_low relation_to_previous_day_low","AVAILABLE","BASE_CANONICAL_ONLY","Negative Delta Tail / Buyer Control","REACTION","DIRECT","DELTAENGINE_DERIVED_VARIANT","WORLD_DERIVED","S11 S13","UNVALIDATED"
"VAR-DF-NEGATIVE-TAIL-BUYCONTROL-LONG-ROLLING_5M_EXTREME-001","Delta Flip / Negative Delta Tail / Buyer Control / LONG / Rolling 5m Low","PAT-DF-NEGATIVE-TAIL-BUYCONTROL-001","STR-DELTA-FLIP","LONG","ROLLING_5M_EXTREME","Rolling 5m Low","REVERSAL_EDGE","CD-G03-027 CD-G03-028","distance_to_rolling_5m_low relation_to_rolling_5m_low","AVAILABLE","BASE_CANONICAL_ONLY","Negative Delta Tail / Buyer Control","REACTION","DIRECT","DELTAENGINE_DERIVED_VARIANT","WORLD_DERIVED","S11 S13","UNVALIDATED"
"VAR-DF-NEGATIVE-TAIL-BUYCONTROL-LONG-VALUE_AREA_EDGE-001","Delta Flip / Negative Delta Tail / Buyer Control / LONG / Value Area Low","PAT-DF-NEGATIVE-TAIL-BUYCONTROL-001","STR-DELTA-FLIP","LONG","VALUE_AREA_EDGE","Value Area Low","REVERSAL_EDGE","CD-G03-045 CD-G03-046 CD-G11-005 CD-G11-006","distance_to_profile_val relation_to_profile_val value_area_low_distance_session value_area_low_distance_rolling_1h","AVAILABLE","BASE_CANONICAL_ONLY","Negative Delta Tail / Buyer Control","REACTION","DIRECT","DELTAENGINE_DERIVED_VARIANT","WORLD_DERIVED","S11 S13","UNVALIDATED"
"VAR-DF-NEGATIVE-TAIL-BUYCONTROL-LONG-PROFILE_HVN-001","Delta Flip / Negative Delta Tail / Buyer Control / LONG / Profile HVN","PAT-DF-NEGATIVE-TAIL-BUYCONTROL-001","STR-DELTA-FLIP","LONG","PROFILE_HVN","Profile HVN","REVERSAL_EDGE","CD-G11-007 CD-G11-008","high_volume_node_distance_session high_volume_node_distance_rolling_1h","AVAILABLE","BASE_CANONICAL_ONLY","Negative Delta Tail / Buyer Control","REACTION","DIRECT","DELTAENGINE_DERIVED_VARIANT","WORLD_DERIVED","S11 S13","UNVALIDATED"
"VAR-DF-NEGABS-NOLOW-POSFLIP-LONG-SESSION_EXTREME-001","Delta Flip / Negative Delta Absorbed / No Lower Low / Positive Flip / LONG / Session Low","PAT-DF-NEGABS-NOLOW-POSFLIP-001","STR-DELTA-FLIP","LONG","SESSION_EXTREME","Session Low","REVERSAL_EDGE","CD-G03-013 CD-G03-014","distance_to_session_low relation_to_session_low","AVAILABLE","BASE_CANONICAL_ONLY","Negative Delta Absorbed / No Lower Low / Positive Flip","REACTION","DIRECT","DELTAENGINE_DERIVED_VARIANT","WORLD_DERIVED","S08","UNVALIDATED"
"VAR-DF-NEGABS-NOLOW-POSFLIP-LONG-PREVIOUS_DAY_EXTREME-001","Delta Flip / Negative Delta Absorbed / No Lower Low / Positive Flip / LONG / Previous Day Low","PAT-DF-NEGABS-NOLOW-POSFLIP-001","STR-DELTA-FLIP","LONG","PREVIOUS_DAY_EXTREME","Previous Day Low","REVERSAL_EDGE","CD-G03-017 CD-G03-018","distance_to_previous_day_low relation_to_previous_day_low","AVAILABLE","BASE_CANONICAL_ONLY","Negative Delta Absorbed / No Lower Low / Positive Flip","REACTION","DIRECT","DELTAENGINE_DERIVED_VARIANT","WORLD_DERIVED","S08","UNVALIDATED"
"VAR-DF-NEGABS-NOLOW-POSFLIP-LONG-ROLLING_5M_EXTREME-001","Delta Flip / Negative Delta Absorbed / No Lower Low / Positive Flip / LONG / Rolling 5m Low","PAT-DF-NEGABS-NOLOW-POSFLIP-001","STR-DELTA-FLIP","LONG","ROLLING_5M_EXTREME","Rolling 5m Low","REVERSAL_EDGE","CD-G03-027 CD-G03-028","distance_to_rolling_5m_low relation_to_rolling_5m_low","AVAILABLE","BASE_CANONICAL_ONLY","Negative Delta Absorbed / No Lower Low / Positive Flip","REACTION","DIRECT","DELTAENGINE_DERIVED_VARIANT","WORLD_DERIVED","S08","UNVALIDATED"
"VAR-DF-NEGABS-NOLOW-POSFLIP-LONG-VALUE_AREA_EDGE-001","Delta Flip / Negative Delta Absorbed / No Lower Low / Positive Flip / LONG / Value Area Low","PAT-DF-NEGABS-NOLOW-POSFLIP-001","STR-DELTA-FLIP","LONG","VALUE_AREA_EDGE","Value Area Low","REVERSAL_EDGE","CD-G03-045 CD-G03-046 CD-G11-005 CD-G11-006","distance_to_profile_val relation_to_profile_val value_area_low_distance_session value_area_low_distance_rolling_1h","AVAILABLE","BASE_CANONICAL_ONLY","Negative Delta Absorbed / No Lower Low / Positive Flip","REACTION","DIRECT","DELTAENGINE_DERIVED_VARIANT","WORLD_DERIVED","S08","UNVALIDATED"
"VAR-DF-NEGABS-NOLOW-POSFLIP-LONG-PROFILE_HVN-001","Delta Flip / Negative Delta Absorbed / No Lower Low / Positive Flip / LONG / Profile HVN","PAT-DF-NEGABS-NOLOW-POSFLIP-001","STR-DELTA-FLIP","LONG","PROFILE_HVN","Profile HVN","REVERSAL_EDGE","CD-G11-007 CD-G11-008","high_volume_node_distance_session high_volume_node_distance_rolling_1h","AVAILABLE","BASE_CANONICAL_ONLY","Negative Delta Absorbed / No Lower Low / Positive Flip","REACTION","DIRECT","DELTAENGINE_DERIVED_VARIANT","WORLD_DERIVED","S08","UNVALIDATED"
"VAR-DF-SAMESIDE-DISAPPEAR-OPPOSITE-LONG-SESSION_EXTREME-001","Delta Flip / Same-Side Imbalance Disappears / Opposite Delta / LONG / Session Low","PAT-DF-SAMESIDE-DISAPPEAR-OPPOSITE-001","STR-DELTA-FLIP","LONG","SESSION_EXTREME","Session Low","REVERSAL_EDGE","CD-G03-013 CD-G03-014","distance_to_session_low relation_to_session_low","AVAILABLE","BASE_CANONICAL_ONLY","Same-Side Imbalance Disappears / Opposite Delta","REACTION","DIRECT","DELTAENGINE_DERIVED_VARIANT","WORLD_DERIVED","S11","UNVALIDATED"
"VAR-DF-SAMESIDE-DISAPPEAR-OPPOSITE-LONG-PREVIOUS_DAY_EXTREME-001","Delta Flip / Same-Side Imbalance Disappears / Opposite Delta / LONG / Previous Day Low","PAT-DF-SAMESIDE-DISAPPEAR-OPPOSITE-001","STR-DELTA-FLIP","LONG","PREVIOUS_DAY_EXTREME","Previous Day Low","REVERSAL_EDGE","CD-G03-017 CD-G03-018","distance_to_previous_day_low relation_to_previous_day_low","AVAILABLE","BASE_CANONICAL_ONLY","Same-Side Imbalance Disappears / Opposite Delta","REACTION","DIRECT","DELTAENGINE_DERIVED_VARIANT","WORLD_DERIVED","S11","UNVALIDATED"
"VAR-DF-SAMESIDE-DISAPPEAR-OPPOSITE-LONG-ROLLING_5M_EXTREME-001","Delta Flip / Same-Side Imbalance Disappears / Opposite Delta / LONG / Rolling 5m Low","PAT-DF-SAMESIDE-DISAPPEAR-OPPOSITE-001","STR-DELTA-FLIP","LONG","ROLLING_5M_EXTREME","Rolling 5m Low","REVERSAL_EDGE","CD-G03-027 CD-G03-028","distance_to_rolling_5m_low relation_to_rolling_5m_low","AVAILABLE","BASE_CANONICAL_ONLY","Same-Side Imbalance Disappears / Opposite Delta","REACTION","DIRECT","DELTAENGINE_DERIVED_VARIANT","WORLD_DERIVED","S11","UNVALIDATED"
"VAR-DF-SAMESIDE-DISAPPEAR-OPPOSITE-LONG-VALUE_AREA_EDGE-001","Delta Flip / Same-Side Imbalance Disappears / Opposite Delta / LONG / Value Area Low","PAT-DF-SAMESIDE-DISAPPEAR-OPPOSITE-001","STR-DELTA-FLIP","LONG","VALUE_AREA_EDGE","Value Area Low","REVERSAL_EDGE","CD-G03-045 CD-G03-046 CD-G11-005 CD-G11-006","distance_to_profile_val relation_to_profile_val value_area_low_distance_session value_area_low_distance_rolling_1h","AVAILABLE","BASE_CANONICAL_ONLY","Same-Side Imbalance Disappears / Opposite Delta","REACTION","DIRECT","DELTAENGINE_DERIVED_VARIANT","WORLD_DERIVED","S11","UNVALIDATED"
"VAR-DF-SAMESIDE-DISAPPEAR-OPPOSITE-LONG-PROFILE_HVN-001","Delta Flip / Same-Side Imbalance Disappears / Opposite Delta / LONG / Profile HVN","PAT-DF-SAMESIDE-DISAPPEAR-OPPOSITE-001","STR-DELTA-FLIP","LONG","PROFILE_HVN","Profile HVN","REVERSAL_EDGE","CD-G11-007 CD-G11-008","high_volume_node_distance_session high_volume_node_distance_rolling_1h","AVAILABLE","BASE_CANONICAL_ONLY","Same-Side Imbalance Disappears / Opposite Delta","REACTION","DIRECT","DELTAENGINE_DERIVED_VARIANT","WORLD_DERIVED","S11","UNVALIDATED"
"VAR-DF-SAMESIDE-DISAPPEAR-OPPOSITE-SHORT-SESSION_EXTREME-001","Delta Flip / Same-Side Imbalance Disappears / Opposite Delta / SHORT / Session High","PAT-DF-SAMESIDE-DISAPPEAR-OPPOSITE-001","STR-DELTA-FLIP","SHORT","SESSION_EXTREME","Session High","REVERSAL_EDGE","CD-G03-011 CD-G03-012","distance_to_session_high relation_to_session_high","AVAILABLE","BASE_CANONICAL_ONLY","Same-Side Imbalance Disappears / Opposite Delta","REACTION","DIRECT","DELTAENGINE_DERIVED_VARIANT","WORLD_DERIVED","S11","UNVALIDATED"
"VAR-DF-SAMESIDE-DISAPPEAR-OPPOSITE-SHORT-PREVIOUS_DAY_EXTREME-001","Delta Flip / Same-Side Imbalance Disappears / Opposite Delta / SHORT / Previous Day High","PAT-DF-SAMESIDE-DISAPPEAR-OPPOSITE-001","STR-DELTA-FLIP","SHORT","PREVIOUS_DAY_EXTREME","Previous Day High","REVERSAL_EDGE","CD-G03-015 CD-G03-016","distance_to_previous_day_high relation_to_previous_day_high","AVAILABLE","BASE_CANONICAL_ONLY","Same-Side Imbalance Disappears / Opposite Delta","REACTION","DIRECT","DELTAENGINE_DERIVED_VARIANT","WORLD_DERIVED","S11","UNVALIDATED"
"VAR-DF-SAMESIDE-DISAPPEAR-OPPOSITE-SHORT-ROLLING_5M_EXTREME-001","Delta Flip / Same-Side Imbalance Disappears / Opposite Delta / SHORT / Rolling 5m High","PAT-DF-SAMESIDE-DISAPPEAR-OPPOSITE-001","STR-DELTA-FLIP","SHORT","ROLLING_5M_EXTREME","Rolling 5m High","REVERSAL_EDGE","CD-G03-025 CD-G03-026","distance_to_rolling_5m_high relation_to_rolling_5m_high","AVAILABLE","BASE_CANONICAL_ONLY","Same-Side Imbalance Disappears / Opposite Delta","REACTION","DIRECT","DELTAENGINE_DERIVED_VARIANT","WORLD_DERIVED","S11","UNVALIDATED"
"VAR-DF-SAMESIDE-DISAPPEAR-OPPOSITE-SHORT-VALUE_AREA_EDGE-001","Delta Flip / Same-Side Imbalance Disappears / Opposite Delta / SHORT / Value Area High","PAT-DF-SAMESIDE-DISAPPEAR-OPPOSITE-001","STR-DELTA-FLIP","SHORT","VALUE_AREA_EDGE","Value Area High","REVERSAL_EDGE","CD-G03-043 CD-G03-044 CD-G11-003 CD-G11-004","distance_to_profile_vah relation_to_profile_vah value_area_high_distance_session value_area_high_distance_rolling_1h","AVAILABLE","BASE_CANONICAL_ONLY","Same-Side Imbalance Disappears / Opposite Delta","REACTION","DIRECT","DELTAENGINE_DERIVED_VARIANT","WORLD_DERIVED","S11","UNVALIDATED"
"VAR-DF-SAMESIDE-DISAPPEAR-OPPOSITE-SHORT-PROFILE_HVN-001","Delta Flip / Same-Side Imbalance Disappears / Opposite Delta / SHORT / Profile HVN","PAT-DF-SAMESIDE-DISAPPEAR-OPPOSITE-001","STR-DELTA-FLIP","SHORT","PROFILE_HVN","Profile HVN","REVERSAL_EDGE","CD-G11-007 CD-G11-008","high_volume_node_distance_session high_volume_node_distance_rolling_1h","AVAILABLE","BASE_CANONICAL_ONLY","Same-Side Imbalance Disappears / Opposite Delta","REACTION","DIRECT","DELTAENGINE_DERIVED_VARIANT","WORLD_DERIVED","S11","UNVALIDATED"
"VAR-DF-POSTEVENT-LIQUIDITY-REALIGN-LONG-POST_EVENT_BALANCE-001","Delta Flip / Post-Event / Liquidity Reform / Directional Realignment / LONG / Post-Event Balance","PAT-DF-POSTEVENT-LIQUIDITY-REALIGN-001","STR-DELTA-FLIP","LONG","POST_EVENT_BALANCE","Post-Event Balance","REVERSAL_EDGE","CD-G02-014 CD-G02-015","scheduled_macro_event_proximity post_news_cooldown_state","EXT_CALENDAR_REQUIRED","BASE_CANONICAL_ONLY","Post-Event / Liquidity Reform / Directional Realignment","EVENT","DIRECT","DELTAENGINE_DERIVED_VARIANT","WORLD_DERIVED","S22","UNVALIDATED"
"VAR-DF-POSTEVENT-LIQUIDITY-REALIGN-SHORT-POST_EVENT_BALANCE-001","Delta Flip / Post-Event / Liquidity Reform / Directional Realignment / SHORT / Post-Event Balance","PAT-DF-POSTEVENT-LIQUIDITY-REALIGN-001","STR-DELTA-FLIP","SHORT","POST_EVENT_BALANCE","Post-Event Balance","REVERSAL_EDGE","CD-G02-014 CD-G02-015","scheduled_macro_event_proximity post_news_cooldown_state","EXT_CALENDAR_REQUIRED","BASE_CANONICAL_ONLY","Post-Event / Liquidity Reform / Directional Realignment","EVENT","DIRECT","DELTAENGINE_DERIVED_VARIANT","WORLD_DERIVED","S22","UNVALIDATED"
"VAR-BI-BID-PERSIST-BUYCONFIRM-LONG-BEST_BID_ASK-001","Book Imbalance / Persistent Bid Skew / Buy-Flow Confirmation / LONG / Best Bid","PAT-BI-BID-PERSIST-BUYCONFIRM-001","STR-BOOK-IMBALANCE","LONG","BEST_BID_ASK","Best Bid","WITH_TREND_RETEST","CD-G03-001 CD-G03-002","distance_to_best_bid relation_to_best_bid","AVAILABLE","BASE_CANONICAL_ONLY","Persistent Bid Skew / Buy-Flow Confirmation","REACTION","DIRECT","DELTAENGINE_DERIVED_VARIANT","WORLD_DERIVED","S25 S26","UNVALIDATED"
"VAR-BI-BID-PERSIST-BUYCONFIRM-LONG-VISIBLE_BOOK_WALL-001","Book Imbalance / Persistent Bid Skew / Buy-Flow Confirmation / LONG / Visible Bid Wall","PAT-BI-BID-PERSIST-BUYCONFIRM-001","STR-BOOK-IMBALANCE","LONG","VISIBLE_BOOK_WALL","Visible Bid Wall","WITH_TREND_RETEST","CD-G06-029 CD-G06-030","bid_wall_concentration_top10 distance_to_nearest_bid_wall","AVAILABLE","BASE_CANONICAL_ONLY","Persistent Bid Skew / Buy-Flow Confirmation","REACTION","DIRECT","DELTAENGINE_DERIVED_VARIANT","WORLD_DERIVED","S25 S26","UNVALIDATED"
"VAR-BI-BID-PERSIST-BUYCONFIRM-LONG-ROLLING_5M_EXTREME-001","Book Imbalance / Persistent Bid Skew / Buy-Flow Confirmation / LONG / Rolling 5m Low","PAT-BI-BID-PERSIST-BUYCONFIRM-001","STR-BOOK-IMBALANCE","LONG","ROLLING_5M_EXTREME","Rolling 5m Low","WITH_TREND_RETEST","CD-G03-027 CD-G03-028","distance_to_rolling_5m_low relation_to_rolling_5m_low","AVAILABLE","BASE_CANONICAL_ONLY","Persistent Bid Skew / Buy-Flow Confirmation","REACTION","DIRECT","DELTAENGINE_DERIVED_VARIANT","WORLD_DERIVED","S25 S26","UNVALIDATED"
"VAR-BI-BID-PERSIST-BUYCONFIRM-LONG-SESSION_EXTREME-001","Book Imbalance / Persistent Bid Skew / Buy-Flow Confirmation / LONG / Session Low","PAT-BI-BID-PERSIST-BUYCONFIRM-001","STR-BOOK-IMBALANCE","LONG","SESSION_EXTREME","Session Low","WITH_TREND_RETEST","CD-G03-013 CD-G03-014","distance_to_session_low relation_to_session_low","AVAILABLE","BASE_CANONICAL_ONLY","Persistent Bid Skew / Buy-Flow Confirmation","REACTION","DIRECT","DELTAENGINE_DERIVED_VARIANT","WORLD_DERIVED","S25 S26","UNVALIDATED"
"VAR-BI-BID-PERSIST-BUYCONFIRM-LONG-PROFILE_LVN-001","Book Imbalance / Persistent Bid Skew / Buy-Flow Confirmation / LONG / Profile LVN","PAT-BI-BID-PERSIST-BUYCONFIRM-001","STR-BOOK-IMBALANCE","LONG","PROFILE_LVN","Profile LVN","WITH_TREND_RETEST","CD-G11-009 CD-G11-010","low_volume_node_distance_session low_volume_node_distance_rolling_1h","AVAILABLE","BASE_CANONICAL_ONLY","Persistent Bid Skew / Buy-Flow Confirmation","REACTION","DIRECT","DELTAENGINE_DERIVED_VARIANT","WORLD_DERIVED","S25 S26","UNVALIDATED"
"VAR-BI-ASK-PERSIST-SELLCONFIRM-SHORT-BEST_BID_ASK-001","Book Imbalance / Persistent Ask Skew / Sell-Flow Confirmation / SHORT / Best Ask","PAT-BI-ASK-PERSIST-SELLCONFIRM-001","STR-BOOK-IMBALANCE","SHORT","BEST_BID_ASK","Best Ask","WITH_TREND_RETEST","CD-G03-003 CD-G03-004","distance_to_best_ask relation_to_best_ask","AVAILABLE","BASE_CANONICAL_ONLY","Persistent Ask Skew / Sell-Flow Confirmation","REACTION","DIRECT","DELTAENGINE_DERIVED_VARIANT","WORLD_DERIVED","S25 S26","UNVALIDATED"
"VAR-BI-ASK-PERSIST-SELLCONFIRM-SHORT-VISIBLE_BOOK_WALL-001","Book Imbalance / Persistent Ask Skew / Sell-Flow Confirmation / SHORT / Visible Ask Wall","PAT-BI-ASK-PERSIST-SELLCONFIRM-001","STR-BOOK-IMBALANCE","SHORT","VISIBLE_BOOK_WALL","Visible Ask Wall","WITH_TREND_RETEST","CD-G06-031 CD-G06-032","ask_wall_concentration_top10 distance_to_nearest_ask_wall","AVAILABLE","BASE_CANONICAL_ONLY","Persistent Ask Skew / Sell-Flow Confirmation","REACTION","DIRECT","DELTAENGINE_DERIVED_VARIANT","WORLD_DERIVED","S25 S26","UNVALIDATED"
"VAR-BI-ASK-PERSIST-SELLCONFIRM-SHORT-ROLLING_5M_EXTREME-001","Book Imbalance / Persistent Ask Skew / Sell-Flow Confirmation / SHORT / Rolling 5m High","PAT-BI-ASK-PERSIST-SELLCONFIRM-001","STR-BOOK-IMBALANCE","SHORT","ROLLING_5M_EXTREME","Rolling 5m High","WITH_TREND_RETEST","CD-G03-025 CD-G03-026","distance_to_rolling_5m_high relation_to_rolling_5m_high","AVAILABLE","BASE_CANONICAL_ONLY","Persistent Ask Skew / Sell-Flow Confirmation","REACTION","DIRECT","DELTAENGINE_DERIVED_VARIANT","WORLD_DERIVED","S25 S26","UNVALIDATED"
"VAR-BI-ASK-PERSIST-SELLCONFIRM-SHORT-SESSION_EXTREME-001","Book Imbalance / Persistent Ask Skew / Sell-Flow Confirmation / SHORT / Session High","PAT-BI-ASK-PERSIST-SELLCONFIRM-001","STR-BOOK-IMBALANCE","SHORT","SESSION_EXTREME","Session High","WITH_TREND_RETEST","CD-G03-011 CD-G03-012","distance_to_session_high relation_to_session_high","AVAILABLE","BASE_CANONICAL_ONLY","Persistent Ask Skew / Sell-Flow Confirmation","REACTION","DIRECT","DELTAENGINE_DERIVED_VARIANT","WORLD_DERIVED","S25 S26","UNVALIDATED"
"VAR-BI-ASK-PERSIST-SELLCONFIRM-SHORT-PROFILE_LVN-001","Book Imbalance / Persistent Ask Skew / Sell-Flow Confirmation / SHORT / Profile LVN","PAT-BI-ASK-PERSIST-SELLCONFIRM-001","STR-BOOK-IMBALANCE","SHORT","PROFILE_LVN","Profile LVN","WITH_TREND_RETEST","CD-G11-009 CD-G11-010","low_volume_node_distance_session low_volume_node_distance_rolling_1h","AVAILABLE","BASE_CANONICAL_ONLY","Persistent Ask Skew / Sell-Flow Confirmation","REACTION","DIRECT","DELTAENGINE_DERIVED_VARIANT","WORLD_DERIVED","S25 S26","UNVALIDATED"
"VAR-BI-SKEW-NORESULT-FADE-LONG-BEST_BID_ASK-001","Book Imbalance / One-Sided Skew / No Price Result / Fade / LONG / Best Bid","PAT-BI-SKEW-NORESULT-FADE-001","STR-BOOK-IMBALANCE","LONG","BEST_BID_ASK","Best Bid","REVERSAL_EDGE","CD-G03-001 CD-G03-002","distance_to_best_bid relation_to_best_bid","AVAILABLE","BASE_CANONICAL_ONLY","One-Sided Skew / No Price Result / Fade","REACTION","HYBRID","DELTAENGINE_DERIVED_VARIANT","WORLD_DERIVED","S16 S25","UNVALIDATED"
"VAR-BI-SKEW-NORESULT-FADE-LONG-VISIBLE_BOOK_WALL-001","Book Imbalance / One-Sided Skew / No Price Result / Fade / LONG / Visible Bid Wall","PAT-BI-SKEW-NORESULT-FADE-001","STR-BOOK-IMBALANCE","LONG","VISIBLE_BOOK_WALL","Visible Bid Wall","REVERSAL_EDGE","CD-G06-029 CD-G06-030","bid_wall_concentration_top10 distance_to_nearest_bid_wall","AVAILABLE","BASE_CANONICAL_ONLY","One-Sided Skew / No Price Result / Fade","REACTION","HYBRID","DELTAENGINE_DERIVED_VARIANT","WORLD_DERIVED","S16 S25","UNVALIDATED"
"VAR-BI-SKEW-NORESULT-FADE-LONG-ROLLING_5M_EXTREME-001","Book Imbalance / One-Sided Skew / No Price Result / Fade / LONG / Rolling 5m Low","PAT-BI-SKEW-NORESULT-FADE-001","STR-BOOK-IMBALANCE","LONG","ROLLING_5M_EXTREME","Rolling 5m Low","REVERSAL_EDGE","CD-G03-027 CD-G03-028","distance_to_rolling_5m_low relation_to_rolling_5m_low","AVAILABLE","BASE_CANONICAL_ONLY","One-Sided Skew / No Price Result / Fade","REACTION","HYBRID","DELTAENGINE_DERIVED_VARIANT","WORLD_DERIVED","S16 S25","UNVALIDATED"
"VAR-BI-SKEW-NORESULT-FADE-LONG-SESSION_EXTREME-001","Book Imbalance / One-Sided Skew / No Price Result / Fade / LONG / Session Low","PAT-BI-SKEW-NORESULT-FADE-001","STR-BOOK-IMBALANCE","LONG","SESSION_EXTREME","Session Low","REVERSAL_EDGE","CD-G03-013 CD-G03-014","distance_to_session_low relation_to_session_low","AVAILABLE","BASE_CANONICAL_ONLY","One-Sided Skew / No Price Result / Fade","REACTION","HYBRID","DELTAENGINE_DERIVED_VARIANT","WORLD_DERIVED","S16 S25","UNVALIDATED"
"VAR-BI-SKEW-NORESULT-FADE-LONG-PROFILE_LVN-001","Book Imbalance / One-Sided Skew / No Price Result / Fade / LONG / Profile LVN","PAT-BI-SKEW-NORESULT-FADE-001","STR-BOOK-IMBALANCE","LONG","PROFILE_LVN","Profile LVN","REVERSAL_EDGE","CD-G11-009 CD-G11-010","low_volume_node_distance_session low_volume_node_distance_rolling_1h","AVAILABLE","BASE_CANONICAL_ONLY","One-Sided Skew / No Price Result / Fade","REACTION","HYBRID","DELTAENGINE_DERIVED_VARIANT","WORLD_DERIVED","S16 S25","UNVALIDATED"
"VAR-BI-SKEW-NORESULT-FADE-SHORT-BEST_BID_ASK-001","Book Imbalance / One-Sided Skew / No Price Result / Fade / SHORT / Best Ask","PAT-BI-SKEW-NORESULT-FADE-001","STR-BOOK-IMBALANCE","SHORT","BEST_BID_ASK","Best Ask","REVERSAL_EDGE","CD-G03-003 CD-G03-004","distance_to_best_ask relation_to_best_ask","AVAILABLE","BASE_CANONICAL_ONLY","One-Sided Skew / No Price Result / Fade","REACTION","HYBRID","DELTAENGINE_DERIVED_VARIANT","WORLD_DERIVED","S16 S25","UNVALIDATED"
"VAR-BI-SKEW-NORESULT-FADE-SHORT-VISIBLE_BOOK_WALL-001","Book Imbalance / One-Sided Skew / No Price Result / Fade / SHORT / Visible Ask Wall","PAT-BI-SKEW-NORESULT-FADE-001","STR-BOOK-IMBALANCE","SHORT","VISIBLE_BOOK_WALL","Visible Ask Wall","REVERSAL_EDGE","CD-G06-031 CD-G06-032","ask_wall_concentration_top10 distance_to_nearest_ask_wall","AVAILABLE","BASE_CANONICAL_ONLY","One-Sided Skew / No Price Result / Fade","REACTION","HYBRID","DELTAENGINE_DERIVED_VARIANT","WORLD_DERIVED","S16 S25","UNVALIDATED"
"VAR-BI-SKEW-NORESULT-FADE-SHORT-ROLLING_5M_EXTREME-001","Book Imbalance / One-Sided Skew / No Price Result / Fade / SHORT / Rolling 5m High","PAT-BI-SKEW-NORESULT-FADE-001","STR-BOOK-IMBALANCE","SHORT","ROLLING_5M_EXTREME","Rolling 5m High","REVERSAL_EDGE","CD-G03-025 CD-G03-026","distance_to_rolling_5m_high relation_to_rolling_5m_high","AVAILABLE","BASE_CANONICAL_ONLY","One-Sided Skew / No Price Result / Fade","REACTION","HYBRID","DELTAENGINE_DERIVED_VARIANT","WORLD_DERIVED","S16 S25","UNVALIDATED"
"VAR-BI-SKEW-NORESULT-FADE-SHORT-SESSION_EXTREME-001","Book Imbalance / One-Sided Skew / No Price Result / Fade / SHORT / Session High","PAT-BI-SKEW-NORESULT-FADE-001","STR-BOOK-IMBALANCE","SHORT","SESSION_EXTREME","Session High","REVERSAL_EDGE","CD-G03-011 CD-G03-012","distance_to_session_high relation_to_session_high","AVAILABLE","BASE_CANONICAL_ONLY","One-Sided Skew / No Price Result / Fade","REACTION","HYBRID","DELTAENGINE_DERIVED_VARIANT","WORLD_DERIVED","S16 S25","UNVALIDATED"
"VAR-BI-SKEW-NORESULT-FADE-SHORT-PROFILE_LVN-001","Book Imbalance / One-Sided Skew / No Price Result / Fade / SHORT / Profile LVN","PAT-BI-SKEW-NORESULT-FADE-001","STR-BOOK-IMBALANCE","SHORT","PROFILE_LVN","Profile LVN","REVERSAL_EDGE","CD-G11-009 CD-G11-010","low_volume_node_distance_session low_volume_node_distance_rolling_1h","AVAILABLE","BASE_CANONICAL_ONLY","One-Sided Skew / No Price Result / Fade","REACTION","HYBRID","DELTAENGINE_DERIVED_VARIANT","WORLD_DERIVED","S16 S25","UNVALIDATED"
"VAR-BI-PULL-REVERSAL-CONFIRM-LONG-BEST_BID_ASK-001","Book Imbalance / Skew Pull / Opposite Rebuild / Reversal / LONG / Best Bid","PAT-BI-PULL-REVERSAL-CONFIRM-001","STR-BOOK-IMBALANCE","LONG","BEST_BID_ASK","Best Bid","REVERSAL_EDGE","CD-G03-001 CD-G03-002","distance_to_best_bid relation_to_best_bid","AVAILABLE","BASE_CANONICAL_ONLY","Skew Pull / Opposite Rebuild / Reversal","REACTION","DIRECT","DELTAENGINE_DERIVED_VARIANT","WORLD_DERIVED","S04 S26","UNVALIDATED"
"VAR-BI-PULL-REVERSAL-CONFIRM-LONG-VISIBLE_BOOK_WALL-001","Book Imbalance / Skew Pull / Opposite Rebuild / Reversal / LONG / Visible Bid Wall","PAT-BI-PULL-REVERSAL-CONFIRM-001","STR-BOOK-IMBALANCE","LONG","VISIBLE_BOOK_WALL","Visible Bid Wall","REVERSAL_EDGE","CD-G06-029 CD-G06-030","bid_wall_concentration_top10 distance_to_nearest_bid_wall","AVAILABLE","BASE_CANONICAL_ONLY","Skew Pull / Opposite Rebuild / Reversal","REACTION","DIRECT","DELTAENGINE_DERIVED_VARIANT","WORLD_DERIVED","S04 S26","UNVALIDATED"
"VAR-BI-PULL-REVERSAL-CONFIRM-LONG-ROLLING_5M_EXTREME-001","Book Imbalance / Skew Pull / Opposite Rebuild / Reversal / LONG / Rolling 5m Low","PAT-BI-PULL-REVERSAL-CONFIRM-001","STR-BOOK-IMBALANCE","LONG","ROLLING_5M_EXTREME","Rolling 5m Low","REVERSAL_EDGE","CD-G03-027 CD-G03-028","distance_to_rolling_5m_low relation_to_rolling_5m_low","AVAILABLE","BASE_CANONICAL_ONLY","Skew Pull / Opposite Rebuild / Reversal","REACTION","DIRECT","DELTAENGINE_DERIVED_VARIANT","WORLD_DERIVED","S04 S26","UNVALIDATED"
"VAR-BI-PULL-REVERSAL-CONFIRM-LONG-SESSION_EXTREME-001","Book Imbalance / Skew Pull / Opposite Rebuild / Reversal / LONG / Session Low","PAT-BI-PULL-REVERSAL-CONFIRM-001","STR-BOOK-IMBALANCE","LONG","SESSION_EXTREME","Session Low","REVERSAL_EDGE","CD-G03-013 CD-G03-014","distance_to_session_low relation_to_session_low","AVAILABLE","BASE_CANONICAL_ONLY","Skew Pull / Opposite Rebuild / Reversal","REACTION","DIRECT","DELTAENGINE_DERIVED_VARIANT","WORLD_DERIVED","S04 S26","UNVALIDATED"
"VAR-BI-PULL-REVERSAL-CONFIRM-LONG-PROFILE_LVN-001","Book Imbalance / Skew Pull / Opposite Rebuild / Reversal / LONG / Profile LVN","PAT-BI-PULL-REVERSAL-CONFIRM-001","STR-BOOK-IMBALANCE","LONG","PROFILE_LVN","Profile LVN","REVERSAL_EDGE","CD-G11-009 CD-G11-010","low_volume_node_distance_session low_volume_node_distance_rolling_1h","AVAILABLE","BASE_CANONICAL_ONLY","Skew Pull / Opposite Rebuild / Reversal","REACTION","DIRECT","DELTAENGINE_DERIVED_VARIANT","WORLD_DERIVED","S04 S26","UNVALIDATED"
"VAR-BI-PULL-REVERSAL-CONFIRM-SHORT-BEST_BID_ASK-001","Book Imbalance / Skew Pull / Opposite Rebuild / Reversal / SHORT / Best Ask","PAT-BI-PULL-REVERSAL-CONFIRM-001","STR-BOOK-IMBALANCE","SHORT","BEST_BID_ASK","Best Ask","REVERSAL_EDGE","CD-G03-003 CD-G03-004","distance_to_best_ask relation_to_best_ask","AVAILABLE","BASE_CANONICAL_ONLY","Skew Pull / Opposite Rebuild / Reversal","REACTION","DIRECT","DELTAENGINE_DERIVED_VARIANT","WORLD_DERIVED","S04 S26","UNVALIDATED"
"VAR-BI-PULL-REVERSAL-CONFIRM-SHORT-VISIBLE_BOOK_WALL-001","Book Imbalance / Skew Pull / Opposite Rebuild / Reversal / SHORT / Visible Ask Wall","PAT-BI-PULL-REVERSAL-CONFIRM-001","STR-BOOK-IMBALANCE","SHORT","VISIBLE_BOOK_WALL","Visible Ask Wall","REVERSAL_EDGE","CD-G06-031 CD-G06-032","ask_wall_concentration_top10 distance_to_nearest_ask_wall","AVAILABLE","BASE_CANONICAL_ONLY","Skew Pull / Opposite Rebuild / Reversal","REACTION","DIRECT","DELTAENGINE_DERIVED_VARIANT","WORLD_DERIVED","S04 S26","UNVALIDATED"
"VAR-BI-PULL-REVERSAL-CONFIRM-SHORT-ROLLING_5M_EXTREME-001","Book Imbalance / Skew Pull / Opposite Rebuild / Reversal / SHORT / Rolling 5m High","PAT-BI-PULL-REVERSAL-CONFIRM-001","STR-BOOK-IMBALANCE","SHORT","ROLLING_5M_EXTREME","Rolling 5m High","REVERSAL_EDGE","CD-G03-025 CD-G03-026","distance_to_rolling_5m_high relation_to_rolling_5m_high","AVAILABLE","BASE_CANONICAL_ONLY","Skew Pull / Opposite Rebuild / Reversal","REACTION","DIRECT","DELTAENGINE_DERIVED_VARIANT","WORLD_DERIVED","S04 S26","UNVALIDATED"
"VAR-BI-PULL-REVERSAL-CONFIRM-SHORT-SESSION_EXTREME-001","Book Imbalance / Skew Pull / Opposite Rebuild / Reversal / SHORT / Session High","PAT-BI-PULL-REVERSAL-CONFIRM-001","STR-BOOK-IMBALANCE","SHORT","SESSION_EXTREME","Session High","REVERSAL_EDGE","CD-G03-011 CD-G03-012","distance_to_session_high relation_to_session_high","AVAILABLE","BASE_CANONICAL_ONLY","Skew Pull / Opposite Rebuild / Reversal","REACTION","DIRECT","DELTAENGINE_DERIVED_VARIANT","WORLD_DERIVED","S04 S26","UNVALIDATED"
"VAR-BI-PULL-REVERSAL-CONFIRM-SHORT-PROFILE_LVN-001","Book Imbalance / Skew Pull / Opposite Rebuild / Reversal / SHORT / Profile LVN","PAT-BI-PULL-REVERSAL-CONFIRM-001","STR-BOOK-IMBALANCE","SHORT","PROFILE_LVN","Profile LVN","REVERSAL_EDGE","CD-G11-009 CD-G11-010","low_volume_node_distance_session low_volume_node_distance_rolling_1h","AVAILABLE","BASE_CANONICAL_ONLY","Skew Pull / Opposite Rebuild / Reversal","REACTION","DIRECT","DELTAENGINE_DERIVED_VARIANT","WORLD_DERIVED","S04 S26","UNVALIDATED"
"VAR-BI-DEEP-STACK-TOPSHIFT-LONG-BEST_BID_ASK-001","Book Imbalance / Deep Stack / Top-Book Shift / Aggressor Alignment / LONG / Best Bid","PAT-BI-DEEP-STACK-TOPSHIFT-001","STR-BOOK-IMBALANCE","LONG","BEST_BID_ASK","Best Bid","WITH_TREND_RETEST","CD-G03-001 CD-G03-002","distance_to_best_bid relation_to_best_bid","AVAILABLE","BASE_CANONICAL_ONLY","Deep Stack / Top-Book Shift / Aggressor Alignment","REACTION","DIRECT","DELTAENGINE_DERIVED_VARIANT","WORLD_DERIVED","S25 S26","UNVALIDATED"
"VAR-BI-DEEP-STACK-TOPSHIFT-LONG-VISIBLE_BOOK_WALL-001","Book Imbalance / Deep Stack / Top-Book Shift / Aggressor Alignment / LONG / Visible Bid Wall","PAT-BI-DEEP-STACK-TOPSHIFT-001","STR-BOOK-IMBALANCE","LONG","VISIBLE_BOOK_WALL","Visible Bid Wall","WITH_TREND_RETEST","CD-G06-029 CD-G06-030","bid_wall_concentration_top10 distance_to_nearest_bid_wall","AVAILABLE","BASE_CANONICAL_ONLY","Deep Stack / Top-Book Shift / Aggressor Alignment","REACTION","DIRECT","DELTAENGINE_DERIVED_VARIANT","WORLD_DERIVED","S25 S26","UNVALIDATED"
"VAR-BI-DEEP-STACK-TOPSHIFT-LONG-ROLLING_5M_EXTREME-001","Book Imbalance / Deep Stack / Top-Book Shift / Aggressor Alignment / LONG / Rolling 5m Low","PAT-BI-DEEP-STACK-TOPSHIFT-001","STR-BOOK-IMBALANCE","LONG","ROLLING_5M_EXTREME","Rolling 5m Low","WITH_TREND_RETEST","CD-G03-027 CD-G03-028","distance_to_rolling_5m_low relation_to_rolling_5m_low","AVAILABLE","BASE_CANONICAL_ONLY","Deep Stack / Top-Book Shift / Aggressor Alignment","REACTION","DIRECT","DELTAENGINE_DERIVED_VARIANT","WORLD_DERIVED","S25 S26","UNVALIDATED"
"VAR-BI-DEEP-STACK-TOPSHIFT-LONG-SESSION_EXTREME-001","Book Imbalance / Deep Stack / Top-Book Shift / Aggressor Alignment / LONG / Session Low","PAT-BI-DEEP-STACK-TOPSHIFT-001","STR-BOOK-IMBALANCE","LONG","SESSION_EXTREME","Session Low","WITH_TREND_RETEST","CD-G03-013 CD-G03-014","distance_to_session_low relation_to_session_low","AVAILABLE","BASE_CANONICAL_ONLY","Deep Stack / Top-Book Shift / Aggressor Alignment","REACTION","DIRECT","DELTAENGINE_DERIVED_VARIANT","WORLD_DERIVED","S25 S26","UNVALIDATED"
"VAR-BI-DEEP-STACK-TOPSHIFT-LONG-PROFILE_LVN-001","Book Imbalance / Deep Stack / Top-Book Shift / Aggressor Alignment / LONG / Profile LVN","PAT-BI-DEEP-STACK-TOPSHIFT-001","STR-BOOK-IMBALANCE","LONG","PROFILE_LVN","Profile LVN","WITH_TREND_RETEST","CD-G11-009 CD-G11-010","low_volume_node_distance_session low_volume_node_distance_rolling_1h","AVAILABLE","BASE_CANONICAL_ONLY","Deep Stack / Top-Book Shift / Aggressor Alignment","REACTION","DIRECT","DELTAENGINE_DERIVED_VARIANT","WORLD_DERIVED","S25 S26","UNVALIDATED"
"VAR-BI-DEEP-STACK-TOPSHIFT-SHORT-BEST_BID_ASK-001","Book Imbalance / Deep Stack / Top-Book Shift / Aggressor Alignment / SHORT / Best Ask","PAT-BI-DEEP-STACK-TOPSHIFT-001","STR-BOOK-IMBALANCE","SHORT","BEST_BID_ASK","Best Ask","WITH_TREND_RETEST","CD-G03-003 CD-G03-004","distance_to_best_ask relation_to_best_ask","AVAILABLE","BASE_CANONICAL_ONLY","Deep Stack / Top-Book Shift / Aggressor Alignment","REACTION","DIRECT","DELTAENGINE_DERIVED_VARIANT","WORLD_DERIVED","S25 S26","UNVALIDATED"
"VAR-BI-DEEP-STACK-TOPSHIFT-SHORT-VISIBLE_BOOK_WALL-001","Book Imbalance / Deep Stack / Top-Book Shift / Aggressor Alignment / SHORT / Visible Ask Wall","PAT-BI-DEEP-STACK-TOPSHIFT-001","STR-BOOK-IMBALANCE","SHORT","VISIBLE_BOOK_WALL","Visible Ask Wall","WITH_TREND_RETEST","CD-G06-031 CD-G06-032","ask_wall_concentration_top10 distance_to_nearest_ask_wall","AVAILABLE","BASE_CANONICAL_ONLY","Deep Stack / Top-Book Shift / Aggressor Alignment","REACTION","DIRECT","DELTAENGINE_DERIVED_VARIANT","WORLD_DERIVED","S25 S26","UNVALIDATED"
"VAR-BI-DEEP-STACK-TOPSHIFT-SHORT-ROLLING_5M_EXTREME-001","Book Imbalance / Deep Stack / Top-Book Shift / Aggressor Alignment / SHORT / Rolling 5m High","PAT-BI-DEEP-STACK-TOPSHIFT-001","STR-BOOK-IMBALANCE","SHORT","ROLLING_5M_EXTREME","Rolling 5m High","WITH_TREND_RETEST","CD-G03-025 CD-G03-026","distance_to_rolling_5m_high relation_to_rolling_5m_high","AVAILABLE","BASE_CANONICAL_ONLY","Deep Stack / Top-Book Shift / Aggressor Alignment","REACTION","DIRECT","DELTAENGINE_DERIVED_VARIANT","WORLD_DERIVED","S25 S26","UNVALIDATED"
"VAR-BI-DEEP-STACK-TOPSHIFT-SHORT-SESSION_EXTREME-001","Book Imbalance / Deep Stack / Top-Book Shift / Aggressor Alignment / SHORT / Session High","PAT-BI-DEEP-STACK-TOPSHIFT-001","STR-BOOK-IMBALANCE","SHORT","SESSION_EXTREME","Session High","WITH_TREND_RETEST","CD-G03-011 CD-G03-012","distance_to_session_high relation_to_session_high","AVAILABLE","BASE_CANONICAL_ONLY","Deep Stack / Top-Book Shift / Aggressor Alignment","REACTION","DIRECT","DELTAENGINE_DERIVED_VARIANT","WORLD_DERIVED","S25 S26","UNVALIDATED"
"VAR-BI-DEEP-STACK-TOPSHIFT-SHORT-PROFILE_LVN-001","Book Imbalance / Deep Stack / Top-Book Shift / Aggressor Alignment / SHORT / Profile LVN","PAT-BI-DEEP-STACK-TOPSHIFT-001","STR-BOOK-IMBALANCE","SHORT","PROFILE_LVN","Profile LVN","WITH_TREND_RETEST","CD-G11-009 CD-G11-010","low_volume_node_distance_session low_volume_node_distance_rolling_1h","AVAILABLE","BASE_CANONICAL_ONLY","Deep Stack / Top-Book Shift / Aggressor Alignment","REACTION","DIRECT","DELTAENGINE_DERIVED_VARIANT","WORLD_DERIVED","S25 S26","UNVALIDATED"
