"edge_id","strategy_family_id","strategy_family_name","pattern_id","pattern_name","strategy_version","edge_type","from_state_id","from_state_name","to_state_id","to_state_name","transition_guard","result","terminal_intent","invalidation_guard","expiry_class","observability","provenance","source_ids"
"PAT-CVD-EXTREME-NONCONFIRM-FLIP-001::E01","STR-CVD-DIVERGENCE","CVD Divergence","PAT-CVD-EXTREME-NONCONFIRM-FLIP-001","CVD Divergence / New Extreme / Aggressor Flip","0.1.0","ADVANCE","S00_ARMED_BY_HOOK","Hookがnamed PatternのObservation Instanceを開始","S01_OBSERVED","key level接近","key level接近","ADVANCED","","","REACTION","DIRECT","WORLD_DERIVED","S13 S16"
"PAT-CVD-EXTREME-NONCONFIRM-FLIP-001::E02","STR-CVD-DIVERGENCE","CVD Divergence","PAT-CVD-EXTREME-NONCONFIRM-FLIP-001","CVD Divergence / New Extreme / Aggressor Flip","0.1.0","ADVANCE","S01_OBSERVED","key level接近","S02_OBSERVED","priceだけ新極値","priceだけ新極値","ADVANCED","","","REACTION","DIRECT","WORLD_DERIVED","S13 S16"
"PAT-CVD-EXTREME-NONCONFIRM-FLIP-001::E03","STR-CVD-DIVERGENCE","CVD Divergence","PAT-CVD-EXTREME-NONCONFIRM-FLIP-001","CVD Divergence / New Extreme / Aggressor Flip","0.1.0","ADVANCE","S02_OBSERVED","priceだけ新極値","S03_OBSERVED","CVD不追随","CVD不追随","ADVANCED","","","REACTION","DIRECT","WORLD_DERIVED","S13 S16"
"PAT-CVD-EXTREME-NONCONFIRM-FLIP-001::E04","STR-CVD-DIVERGENCE","CVD Divergence","PAT-CVD-EXTREME-NONCONFIRM-FLIP-001","CVD Divergence / New Extreme / Aggressor Flip","0.1.0","ADVANCE","S03_OBSERVED","CVD不追随","S04_OBSERVED","initiator volume減衰","initiator volume減衰","ADVANCED","","","REACTION","DIRECT","WORLD_DERIVED","S13 S16"
"PAT-CVD-EXTREME-NONCONFIRM-FLIP-001::E05","STR-CVD-DIVERGENCE","CVD Divergence","PAT-CVD-EXTREME-NONCONFIRM-FLIP-001","CVD Divergence / New Extreme / Aggressor Flip","0.1.0","ADVANCE","S04_OBSERVED","initiator volume減衰","S05_OBSERVED","opposite aggression","opposite aggression","ADVANCED","","","REACTION","DIRECT","WORLD_DERIVED","S13 S16"
"PAT-CVD-EXTREME-NONCONFIRM-FLIP-001::E90","STR-CVD-DIVERGENCE","CVD Divergence","PAT-CVD-EXTREME-NONCONFIRM-FLIP-001","CVD Divergence / New Extreme / Aggressor Flip","0.1.0","TERMINAL","S05_OBSERVED","opposite aggression","S90_ORDER_READY","Pattern観察完了。risk／execution gateへOrder Intentを渡せる","reversal-side ready","ORDER_READY","reversal-side ready","","REACTION","DIRECT","WORLD_DERIVED","S13 S16"
"PAT-CVD-EXTREME-NONCONFIRM-FLIP-001::E98","STR-CVD-DIVERGENCE","CVD Divergence","PAT-CVD-EXTREME-NONCONFIRM-FLIP-001","CVD Divergence / New Extreme / Aggressor Flip","0.1.0","INVALIDATE","ANY_ACTIVE_STATE","S00からterminal前までの任意active state","S98_INVALIDATED","反証によりObservation Instance終了","CVD再整列かつ新価格acceptance","INVALIDATED","","CVD再整列かつ新価格acceptance","REACTION","DIRECT","WORLD_DERIVED","S13 S16"
"PAT-CVD-EXTREME-NONCONFIRM-FLIP-001::E99","STR-CVD-DIVERGENCE","CVD Divergence","PAT-CVD-EXTREME-NONCONFIRM-FLIP-001","CVD Divergence / New Extreme / Aggressor Flip","0.1.0","EXPIRE","ANY_ACTIVE_STATE","S00からterminal前までの任意active state","S99_EXPIRED","観察期限到達によりObservation Instance終了","expiry_class=REACTIONの較正済み期限到達","EXPIRED","","","REACTION","DIRECT","WORLD_DERIVED","S13 S16"
"PAT-CVD-ABSORPTION-STRUCTUREBREAK-001::E01","STR-CVD-DIVERGENCE","CVD Divergence","PAT-CVD-ABSORPTION-STRUCTUREBREAK-001","CVD Divergence / Absorption / Structure Break","0.1.0","ADVANCE","S00_ARMED_BY_HOOK","Hookがnamed PatternのObservation Instanceを開始","S01_OBSERVED","trendがliquidityへ到達","trendがliquidityへ到達","ADVANCED","","","BREAK_ACCEPT","HYBRID","WORLD_DERIVED","S19 S20"
"PAT-CVD-ABSORPTION-STRUCTUREBREAK-001::E02","STR-CVD-DIVERGENCE","CVD Divergence","PAT-CVD-ABSORPTION-STRUCTUREBREAK-001","CVD Divergence / Absorption / Structure Break","0.1.0","ADVANCE","S01_OBSERVED","trendがliquidityへ到達","S02_OBSERVED","divergence","divergence","ADVANCED","","","BREAK_ACCEPT","HYBRID","WORLD_DERIVED","S19 S20"
"PAT-CVD-ABSORPTION-STRUCTUREBREAK-001::E03","STR-CVD-DIVERGENCE","CVD Divergence","PAT-CVD-ABSORPTION-STRUCTUREBREAK-001","CVD Divergence / Absorption / Structure Break","0.1.0","ADVANCE","S02_OBSERVED","divergence","S03_OBSERVED","aggression継続でもprice停止","aggression継続でもprice停止","ADVANCED","","","BREAK_ACCEPT","HYBRID","WORLD_DERIVED","S19 S20"
"PAT-CVD-ABSORPTION-STRUCTUREBREAK-001::E04","STR-CVD-DIVERGENCE","CVD Divergence","PAT-CVD-ABSORPTION-STRUCTUREBREAK-001","CVD Divergence / Absorption / Structure Break","0.1.0","ADVANCE","S03_OBSERVED","aggression継続でもprice停止","S04_OBSERVED","absorption","absorption","ADVANCED","","","BREAK_ACCEPT","HYBRID","WORLD_DERIVED","S19 S20"
"PAT-CVD-ABSORPTION-STRUCTUREBREAK-001::E05","STR-CVD-DIVERGENCE","CVD Divergence","PAT-CVD-ABSORPTION-STRUCTUREBREAK-001","CVD Divergence / Absorption / Structure Break","0.1.0","ADVANCE","S04_OBSERVED","absorption","S05_OBSERVED","minor structureを反対向きにbreak","minor structureを反対向きにbreak","ADVANCED","","","BREAK_ACCEPT","HYBRID","WORLD_DERIVED","S19 S20"
"PAT-CVD-ABSORPTION-STRUCTUREBREAK-001::E90","STR-CVD-DIVERGENCE","CVD Divergence","PAT-CVD-ABSORPTION-STRUCTUREBREAK-001","CVD Divergence / Absorption / Structure Break","0.1.0","TERMINAL","S05_OBSERVED","minor structureを反対向きにbreak","S90_ORDER_READY","Pattern観察完了。risk／execution gateへOrder Intentを渡せる","reversal-side ready","ORDER_READY","reversal-side ready","","BREAK_ACCEPT","HYBRID","WORLD_DERIVED","S19 S20"
"PAT-CVD-ABSORPTION-STRUCTUREBREAK-001::E98","STR-CVD-DIVERGENCE","CVD Divergence","PAT-CVD-ABSORPTION-STRUCTUREBREAK-001","CVD Divergence / Absorption / Structure Break","0.1.0","INVALIDATE","ANY_ACTIVE_STATE","S00からterminal前までの任意active state","S98_INVALIDATED","反証によりObservation Instance終了","absorption level突破後にoutside hold","INVALIDATED","","absorption level突破後にoutside hold","BREAK_ACCEPT","HYBRID","WORLD_DERIVED","S19 S20"
"PAT-CVD-ABSORPTION-STRUCTUREBREAK-001::E99","STR-CVD-DIVERGENCE","CVD Divergence","PAT-CVD-ABSORPTION-STRUCTUREBREAK-001","CVD Divergence / Absorption / Structure Break","0.1.0","EXPIRE","ANY_ACTIVE_STATE","S00からterminal前までの任意active state","S99_EXPIRED","観察期限到達によりObservation Instance終了","expiry_class=BREAK_ACCEPTの較正済み期限到達","EXPIRED","","","BREAK_ACCEPT","HYBRID","WORLD_DERIVED","S19 S20"
"PAT-CVD-FAILED-BREAK-SQUEEZE-001::E01","STR-CVD-DIVERGENCE","CVD Divergence","PAT-CVD-FAILED-BREAK-SQUEEZE-001","CVD Divergence / Failed Break / Squeeze","0.1.0","ADVANCE","S00_ARMED_BY_HOOK","Hookがnamed PatternのObservation Instanceを開始","S01_OBSERVED","range break","range break","ADVANCED","","","BREAK_ACCEPT","DIRECT","WORLD_DERIVED","S08"
"PAT-CVD-FAILED-BREAK-SQUEEZE-001::E02","STR-CVD-DIVERGENCE","CVD Divergence","PAT-CVD-FAILED-BREAK-SQUEEZE-001","CVD Divergence / Failed Break / Squeeze","0.1.0","ADVANCE","S01_OBSERVED","range break","S02_OBSERVED","CVDがbreakと逆行","CVDがbreakと逆行","ADVANCED","","","BREAK_ACCEPT","DIRECT","WORLD_DERIVED","S08"
"PAT-CVD-FAILED-BREAK-SQUEEZE-001::E03","STR-CVD-DIVERGENCE","CVD Divergence","PAT-CVD-FAILED-BREAK-SQUEEZE-001","CVD Divergence / Failed Break / Squeeze","0.1.0","ADVANCE","S02_OBSERVED","CVDがbreakと逆行","S03_OBSERVED","pullbackが深くなる","pullbackが深くなる","ADVANCED","","","BREAK_ACCEPT","DIRECT","WORLD_DERIVED","S08"
"PAT-CVD-FAILED-BREAK-SQUEEZE-001::E04","STR-CVD-DIVERGENCE","CVD Divergence","PAT-CVD-FAILED-BREAK-SQUEEZE-001","CVD Divergence / Failed Break / Squeeze","0.1.0","ADVANCE","S03_OBSERVED","pullbackが深くなる","S04_OBSERVED","higher-low／lower-high形成","higher-low／lower-high形成","ADVANCED","","","BREAK_ACCEPT","DIRECT","WORLD_DERIVED","S08"
"PAT-CVD-FAILED-BREAK-SQUEEZE-001::E05","STR-CVD-DIVERGENCE","CVD Divergence","PAT-CVD-FAILED-BREAK-SQUEEZE-001","CVD Divergence / Failed Break / Squeeze","0.1.0","ADVANCE","S04_OBSERVED","higher-low／lower-high形成","S05_OBSERVED","wedgeをrange側へbreak","wedgeをrange側へbreak","ADVANCED","","","BREAK_ACCEPT","DIRECT","WORLD_DERIVED","S08"
"PAT-CVD-FAILED-BREAK-SQUEEZE-001::E90","STR-CVD-DIVERGENCE","CVD Divergence","PAT-CVD-FAILED-BREAK-SQUEEZE-001","CVD Divergence / Failed Break / Squeeze","0.1.0","TERMINAL","S05_OBSERVED","wedgeをrange側へbreak","S90_ORDER_READY","Pattern観察完了。risk／execution gateへOrder Intentを渡せる","range復帰方向ready","ORDER_READY","range復帰方向ready","","BREAK_ACCEPT","DIRECT","WORLD_DERIVED","S08"
"PAT-CVD-FAILED-BREAK-SQUEEZE-001::E98","STR-CVD-DIVERGENCE","CVD Divergence","PAT-CVD-FAILED-BREAK-SQUEEZE-001","CVD Divergence / Failed Break / Squeeze","0.1.0","INVALIDATE","ANY_ACTIVE_STATE","S00からterminal前までの任意active state","S98_INVALIDATED","反証によりObservation Instance終了","CVDがbreak方向へ再整列しoutside hold","INVALIDATED","","CVDがbreak方向へ再整列しoutside hold","BREAK_ACCEPT","DIRECT","WORLD_DERIVED","S08"
"PAT-CVD-FAILED-BREAK-SQUEEZE-001::E99","STR-CVD-DIVERGENCE","CVD Divergence","PAT-CVD-FAILED-BREAK-SQUEEZE-001","CVD Divergence / Failed Break / Squeeze","0.1.0","EXPIRE","ANY_ACTIVE_STATE","S00からterminal前までの任意active state","S99_EXPIRED","観察期限到達によりObservation Instance終了","expiry_class=BREAK_ACCEPTの較正済み期限到達","EXPIRED","","","BREAK_ACCEPT","DIRECT","WORLD_DERIVED","S08"
"PAT-CVD-RETEST-WEAKER-001::E01","STR-CVD-DIVERGENCE","CVD Divergence","PAT-CVD-RETEST-WEAKER-001","CVD Divergence / Retest / Weaker Aggressor","0.1.0","ADVANCE","S00_ARMED_BY_HOOK","Hookがnamed PatternのObservation Instanceを開始","S01_OBSERVED","first extreme","first extreme","ADVANCED","","","RETEST","DIRECT","WORLD_DERIVED","S01 S13"
"PAT-CVD-RETEST-WEAKER-001::E02","STR-CVD-DIVERGENCE","CVD Divergence","PAT-CVD-RETEST-WEAKER-001","CVD Divergence / Retest / Weaker Aggressor","0.1.0","ADVANCE","S01_OBSERVED","first extreme","S02_OBSERVED","divergence","divergence","ADVANCED","","","RETEST","DIRECT","WORLD_DERIVED","S01 S13"
"PAT-CVD-RETEST-WEAKER-001::E03","STR-CVD-DIVERGENCE","CVD Divergence","PAT-CVD-RETEST-WEAKER-001","CVD Divergence / Retest / Weaker Aggressor","0.1.0","ADVANCE","S02_OBSERVED","divergence","S03_OBSERVED","同価格再test","同価格再test","ADVANCED","","","RETEST","DIRECT","WORLD_DERIVED","S01 S13"
"PAT-CVD-RETEST-WEAKER-001::E04","STR-CVD-DIVERGENCE","CVD Divergence","PAT-CVD-RETEST-WEAKER-001","CVD Divergence / Retest / Weaker Aggressor","0.1.0","ADVANCE","S03_OBSERVED","同価格再test","S04_OBSERVED","initiator printがさらに減る","initiator printがさらに減る","ADVANCED","","","RETEST","DIRECT","WORLD_DERIVED","S01 S13"
"PAT-CVD-RETEST-WEAKER-001::E05","STR-CVD-DIVERGENCE","CVD Divergence","PAT-CVD-RETEST-WEAKER-001","CVD Divergence / Retest / Weaker Aggressor","0.1.0","ADVANCE","S04_OBSERVED","initiator printがさらに減る","S05_OBSERVED","opposite aggression","opposite aggression","ADVANCED","","","RETEST","DIRECT","WORLD_DERIVED","S01 S13"
"PAT-CVD-RETEST-WEAKER-001::E90","STR-CVD-DIVERGENCE","CVD Divergence","PAT-CVD-RETEST-WEAKER-001","CVD Divergence / Retest / Weaker Aggressor","0.1.0","TERMINAL","S05_OBSERVED","opposite aggression","S90_ORDER_READY","Pattern観察完了。risk／execution gateへOrder Intentを渡せる","reversal-side ready","ORDER_READY","reversal-side ready","","RETEST","DIRECT","WORLD_DERIVED","S01 S13"
"PAT-CVD-RETEST-WEAKER-001::E98","STR-CVD-DIVERGENCE","CVD Divergence","PAT-CVD-RETEST-WEAKER-001","CVD Divergence / Retest / Weaker Aggressor","0.1.0","INVALIDATE","ANY_ACTIVE_STATE","S00からterminal前までの任意active state","S98_INVALIDATED","反証によりObservation Instance終了","retestでinitiator activity回復し極値更新","INVALIDATED","","retestでinitiator activity回復し極値更新","RETEST","DIRECT","WORLD_DERIVED","S01 S13"
"PAT-CVD-RETEST-WEAKER-001::E99","STR-CVD-DIVERGENCE","CVD Divergence","PAT-CVD-RETEST-WEAKER-001","CVD Divergence / Retest / Weaker Aggressor","0.1.0","EXPIRE","ANY_ACTIVE_STATE","S00からterminal前までの任意active state","S99_EXPIRED","観察期限到達によりObservation Instance終了","expiry_class=RETESTの較正済み期限到達","EXPIRED","","","RETEST","DIRECT","WORLD_DERIVED","S01 S13"
"PAT-CVD-BEAR-ABSFAIL-BIDBREAK-OIUNWIND-001::E01","STR-CVD-DIVERGENCE","CVD Divergence","PAT-CVD-BEAR-ABSFAIL-BIDBREAK-OIUNWIND-001","CVD Divergence / Bearish / Absorption Failure / Buy-Wall Break / OI Unwind","0.1.0","ADVANCE","S00_ARMED_BY_HOOK","Hookがnamed PatternのObservation Instanceを開始","S01_OBSERVED","bearish divergence","bearish divergence","ADVANCED","","","OI_LAGGED","LIMITED","USER_DEFINED",""
"PAT-CVD-BEAR-ABSFAIL-BIDBREAK-OIUNWIND-001::E02","STR-CVD-DIVERGENCE","CVD Divergence","PAT-CVD-BEAR-ABSFAIL-BIDBREAK-OIUNWIND-001","CVD Divergence / Bearish / Absorption Failure / Buy-Wall Break / OI Unwind","0.1.0","ADVANCE","S01_OBSERVED","bearish divergence","S02_OBSERVED","bid-side absorption","bid-side absorption","ADVANCED","","","OI_LAGGED","LIMITED","USER_DEFINED",""
"PAT-CVD-BEAR-ABSFAIL-BIDBREAK-OIUNWIND-001::E03","STR-CVD-DIVERGENCE","CVD Divergence","PAT-CVD-BEAR-ABSFAIL-BIDBREAK-OIUNWIND-001","CVD Divergence / Bearish / Absorption Failure / Buy-Wall Break / OI Unwind","0.1.0","ADVANCE","S02_OBSERVED","bid-side absorption","S03_OBSERVED","buy wall崩壊","buy wall崩壊","ADVANCED","","","OI_LAGGED","LIMITED","USER_DEFINED",""
"PAT-CVD-BEAR-ABSFAIL-BIDBREAK-OIUNWIND-001::E04","STR-CVD-DIVERGENCE","CVD Divergence","PAT-CVD-BEAR-ABSFAIL-BIDBREAK-OIUNWIND-001","CVD Divergence / Bearish / Absorption Failure / Buy-Wall Break / OI Unwind","0.1.0","ADVANCE","S03_OBSERVED","buy wall崩壊","S04_OBSERVED","fresh OI減少","fresh OI減少","ADVANCED","","","OI_LAGGED","LIMITED","USER_DEFINED",""
"PAT-CVD-BEAR-ABSFAIL-BIDBREAK-OIUNWIND-001::E90","STR-CVD-DIVERGENCE","CVD Divergence","PAT-CVD-BEAR-ABSFAIL-BIDBREAK-OIUNWIND-001","CVD Divergence / Bearish / Absorption Failure / Buy-Wall Break / OI Unwind","0.1.0","TERMINAL","S04_OBSERVED","fresh OI減少","S90_ORDER_READY","Pattern観察完了。risk／execution gateへOrder Intentを渡せる","SELL ready","ORDER_READY","SELL ready","","OI_LAGGED","LIMITED","USER_DEFINED",""
"PAT-CVD-BEAR-ABSFAIL-BIDBREAK-OIUNWIND-001::E98","STR-CVD-DIVERGENCE","CVD Divergence","PAT-CVD-BEAR-ABSFAIL-BIDBREAK-OIUNWIND-001","CVD Divergence / Bearish / Absorption Failure / Buy-Wall Break / OI Unwind","0.1.0","INVALIDATE","ANY_ACTIVE_STATE","S00からterminal前までの任意active state","S98_INVALIDATED","反証によりObservation Instance終了","bid wall再構築、price回復、またはOI不明／stale","INVALIDATED","","bid wall再構築、price回復、またはOI不明／stale","OI_LAGGED","LIMITED","USER_DEFINED",""
"PAT-CVD-BEAR-ABSFAIL-BIDBREAK-OIUNWIND-001::E99","STR-CVD-DIVERGENCE","CVD Divergence","PAT-CVD-BEAR-ABSFAIL-BIDBREAK-OIUNWIND-001","CVD Divergence / Bearish / Absorption Failure / Buy-Wall Break / OI Unwind","0.1.0","EXPIRE","ANY_ACTIVE_STATE","S00からterminal前までの任意active state","S99_EXPIRED","観察期限到達によりObservation Instance終了","expiry_class=OI_LAGGEDの較正済み期限到達","EXPIRED","","","OI_LAGGED","LIMITED","USER_DEFINED",""
"PAT-ABS-FULL-THREE-ELEMENT-001::E01","STR-ABSORPTION-REVERSAL","Absorption Reversal","PAT-ABS-FULL-THREE-ELEMENT-001","Absorption Reversal / Absorption / Fade / Opposite Aggression","0.1.0","ADVANCE","S00_ARMED_BY_HOOK","Hookがnamed PatternのObservation Instanceを開始","S01_OBSERVED","key level","key level","ADVANCED","","","REACTION","HYBRID","WORLD_DERIVED","S01"
"PAT-ABS-FULL-THREE-ELEMENT-001::E02","STR-ABSORPTION-REVERSAL","Absorption Reversal","PAT-ABS-FULL-THREE-ELEMENT-001","Absorption Reversal / Absorption / Fade / Opposite Aggression","0.1.0","ADVANCE","S01_OBSERVED","key level","S02_OBSERVED","initiator優勢だがprice停止","initiator優勢だがprice停止","ADVANCED","","","REACTION","HYBRID","WORLD_DERIVED","S01"
"PAT-ABS-FULL-THREE-ELEMENT-001::E03","STR-ABSORPTION-REVERSAL","Absorption Reversal","PAT-ABS-FULL-THREE-ELEMENT-001","Absorption Reversal / Absorption / Fade / Opposite Aggression","0.1.0","ADVANCE","S02_OBSERVED","initiator優勢だがprice停止","S03_OBSERVED","absorption","absorption","ADVANCED","","","REACTION","HYBRID","WORLD_DERIVED","S01"
"PAT-ABS-FULL-THREE-ELEMENT-001::E04","STR-ABSORPTION-REVERSAL","Absorption Reversal","PAT-ABS-FULL-THREE-ELEMENT-001","Absorption Reversal / Absorption / Fade / Opposite Aggression","0.1.0","ADVANCE","S03_OBSERVED","absorption","S04_OBSERVED","initiator fade","initiator fade","ADVANCED","","","REACTION","HYBRID","WORLD_DERIVED","S01"
"PAT-ABS-FULL-THREE-ELEMENT-001::E05","STR-ABSORPTION-REVERSAL","Absorption Reversal","PAT-ABS-FULL-THREE-ELEMENT-001","Absorption Reversal / Absorption / Fade / Opposite Aggression","0.1.0","ADVANCE","S04_OBSERVED","initiator fade","S05_OBSERVED","short pause","short pause","ADVANCED","","","REACTION","HYBRID","WORLD_DERIVED","S01"
"PAT-ABS-FULL-THREE-ELEMENT-001::E06","STR-ABSORPTION-REVERSAL","Absorption Reversal","PAT-ABS-FULL-THREE-ELEMENT-001","Absorption Reversal / Absorption / Fade / Opposite Aggression","0.1.0","ADVANCE","S05_OBSERVED","short pause","S06_OBSERVED","opposite aggressor参加","opposite aggressor参加","ADVANCED","","","REACTION","HYBRID","WORLD_DERIVED","S01"
"PAT-ABS-FULL-THREE-ELEMENT-001::E90","STR-ABSORPTION-REVERSAL","Absorption Reversal","PAT-ABS-FULL-THREE-ELEMENT-001","Absorption Reversal / Absorption / Fade / Opposite Aggression","0.1.0","TERMINAL","S06_OBSERVED","opposite aggressor参加","S90_ORDER_READY","Pattern観察完了。risk／execution gateへOrder Intentを渡せる","reversal-side ready","ORDER_READY","reversal-side ready","","REACTION","HYBRID","WORLD_DERIVED","S01"
"PAT-ABS-FULL-THREE-ELEMENT-001::E98","STR-ABSORPTION-REVERSAL","Absorption Reversal","PAT-ABS-FULL-THREE-ELEMENT-001","Absorption Reversal / Absorption / Fade / Opposite Aggression","0.1.0","INVALIDATE","ANY_ACTIVE_STATE","S00からterminal前までの任意active state","S98_INVALIDATED","反証によりObservation Instance終了","absorbed levelがbreakしoutside hold","INVALIDATED","","absorbed levelがbreakしoutside hold","REACTION","HYBRID","WORLD_DERIVED","S01"
"PAT-ABS-FULL-THREE-ELEMENT-001::E99","STR-ABSORPTION-REVERSAL","Absorption Reversal","PAT-ABS-FULL-THREE-ELEMENT-001","Absorption Reversal / Absorption / Fade / Opposite Aggression","0.1.0","EXPIRE","ANY_ACTIVE_STATE","S00からterminal前までの任意active state","S99_EXPIRED","観察期限到達によりObservation Instance終了","expiry_class=REACTIONの較正済み期限到達","EXPIRED","","","REACTION","HYBRID","WORLD_DERIVED","S01"
"PAT-ABS-SUPPORT-HOLD-BOUNCE-001::E01","STR-ABSORPTION-REVERSAL","Absorption Reversal","PAT-ABS-SUPPORT-HOLD-BOUNCE-001","Absorption Reversal / Support Hold / Sell Absorption / Bounce","0.1.0","ADVANCE","S00_ARMED_BY_HOOK","Hookがnamed PatternのObservation Instanceを開始","S01_OBSERVED","supportへsell aggression","supportへsell aggression","ADVANCED","","","REACTION","HYBRID","WORLD_DERIVED","S10 S20"
"PAT-ABS-SUPPORT-HOLD-BOUNCE-001::E02","STR-ABSORPTION-REVERSAL","Absorption Reversal","PAT-ABS-SUPPORT-HOLD-BOUNCE-001","Absorption Reversal / Support Hold / Sell Absorption / Bounce","0.1.0","ADVANCE","S01_OBSERVED","supportへsell aggression","S02_OBSERVED","high volumeでも下抜けない","high volumeでも下抜けない","ADVANCED","","","REACTION","HYBRID","WORLD_DERIVED","S10 S20"
"PAT-ABS-SUPPORT-HOLD-BOUNCE-001::E03","STR-ABSORPTION-REVERSAL","Absorption Reversal","PAT-ABS-SUPPORT-HOLD-BOUNCE-001","Absorption Reversal / Support Hold / Sell Absorption / Bounce","0.1.0","ADVANCE","S02_OBSERVED","high volumeでも下抜けない","S03_OBSERVED","passive buy吸収継続","passive buy吸収継続","ADVANCED","","","REACTION","HYBRID","WORLD_DERIVED","S10 S20"
"PAT-ABS-SUPPORT-HOLD-BOUNCE-001::E04","STR-ABSORPTION-REVERSAL","Absorption Reversal","PAT-ABS-SUPPORT-HOLD-BOUNCE-001","Absorption Reversal / Support Hold / Sell Absorption / Bounce","0.1.0","ADVANCE","S03_OBSERVED","passive buy吸収継続","S04_OBSERVED","sellers減衰","sellers減衰","ADVANCED","","","REACTION","HYBRID","WORLD_DERIVED","S10 S20"
"PAT-ABS-SUPPORT-HOLD-BOUNCE-001::E05","STR-ABSORPTION-REVERSAL","Absorption Reversal","PAT-ABS-SUPPORT-HOLD-BOUNCE-001","Absorption Reversal / Support Hold / Sell Absorption / Bounce","0.1.0","ADVANCE","S04_OBSERVED","sellers減衰","S05_OBSERVED","price上向き","price上向き","ADVANCED","","","REACTION","HYBRID","WORLD_DERIVED","S10 S20"
"PAT-ABS-SUPPORT-HOLD-BOUNCE-001::E90","STR-ABSORPTION-REVERSAL","Absorption Reversal","PAT-ABS-SUPPORT-HOLD-BOUNCE-001","Absorption Reversal / Support Hold / Sell Absorption / Bounce","0.1.0","TERMINAL","S05_OBSERVED","price上向き","S90_ORDER_READY","Pattern観察完了。risk／execution gateへOrder Intentを渡せる","BUY ready","ORDER_READY","BUY ready","","REACTION","HYBRID","WORLD_DERIVED","S10 S20"
"PAT-ABS-SUPPORT-HOLD-BOUNCE-001::E98","STR-ABSORPTION-REVERSAL","Absorption Reversal","PAT-ABS-SUPPORT-HOLD-BOUNCE-001","Absorption Reversal / Support Hold / Sell Absorption / Bounce","0.1.0","INVALIDATE","ANY_ACTIVE_STATE","S00からterminal前までの任意active state","S98_INVALIDATED","反証によりObservation Instance終了","support breakかつretestでresistance化","INVALIDATED","","support breakかつretestでresistance化","REACTION","HYBRID","WORLD_DERIVED","S10 S20"
"PAT-ABS-SUPPORT-HOLD-BOUNCE-001::E99","STR-ABSORPTION-REVERSAL","Absorption Reversal","PAT-ABS-SUPPORT-HOLD-BOUNCE-001","Absorption Reversal / Support Hold / Sell Absorption / Bounce","0.1.0","EXPIRE","ANY_ACTIVE_STATE","S00からterminal前までの任意active state","S99_EXPIRED","観察期限到達によりObservation Instance終了","expiry_class=REACTIONの較正済み期限到達","EXPIRED","","","REACTION","HYBRID","WORLD_DERIVED","S10 S20"
"PAT-ABS-RESISTANCE-HOLD-BOUNCE-001::E01","STR-ABSORPTION-REVERSAL","Absorption Reversal","PAT-ABS-RESISTANCE-HOLD-BOUNCE-001","Absorption Reversal / Resistance Hold / Buy Absorption / Rejection","0.1.0","ADVANCE","S00_ARMED_BY_HOOK","Hookがnamed PatternのObservation Instanceを開始","S01_OBSERVED","resistanceへbuy aggression","resistanceへbuy aggression","ADVANCED","","","REACTION","HYBRID","WORLD_DERIVED","S10 S16"
"PAT-ABS-RESISTANCE-HOLD-BOUNCE-001::E02","STR-ABSORPTION-REVERSAL","Absorption Reversal","PAT-ABS-RESISTANCE-HOLD-BOUNCE-001","Absorption Reversal / Resistance Hold / Buy Absorption / Rejection","0.1.0","ADVANCE","S01_OBSERVED","resistanceへbuy aggression","S02_OBSERVED","high volumeでも上抜けない","high volumeでも上抜けない","ADVANCED","","","REACTION","HYBRID","WORLD_DERIVED","S10 S16"
"PAT-ABS-RESISTANCE-HOLD-BOUNCE-001::E03","STR-ABSORPTION-REVERSAL","Absorption Reversal","PAT-ABS-RESISTANCE-HOLD-BOUNCE-001","Absorption Reversal / Resistance Hold / Buy Absorption / Rejection","0.1.0","ADVANCE","S02_OBSERVED","high volumeでも上抜けない","S03_OBSERVED","passive sell吸収継続","passive sell吸収継続","ADVANCED","","","REACTION","HYBRID","WORLD_DERIVED","S10 S16"
"PAT-ABS-RESISTANCE-HOLD-BOUNCE-001::E04","STR-ABSORPTION-REVERSAL","Absorption Reversal","PAT-ABS-RESISTANCE-HOLD-BOUNCE-001","Absorption Reversal / Resistance Hold / Buy Absorption / Rejection","0.1.0","ADVANCE","S03_OBSERVED","passive sell吸収継続","S04_OBSERVED","buyers減衰","buyers減衰","ADVANCED","","","REACTION","HYBRID","WORLD_DERIVED","S10 S16"
"PAT-ABS-RESISTANCE-HOLD-BOUNCE-001::E05","STR-ABSORPTION-REVERSAL","Absorption Reversal","PAT-ABS-RESISTANCE-HOLD-BOUNCE-001","Absorption Reversal / Resistance Hold / Buy Absorption / Rejection","0.1.0","ADVANCE","S04_OBSERVED","buyers減衰","S05_OBSERVED","price下向き","price下向き","ADVANCED","","","REACTION","HYBRID","WORLD_DERIVED","S10 S16"
"PAT-ABS-RESISTANCE-HOLD-BOUNCE-001::E90","STR-ABSORPTION-REVERSAL","Absorption Reversal","PAT-ABS-RESISTANCE-HOLD-BOUNCE-001","Absorption Reversal / Resistance Hold / Buy Absorption / Rejection","0.1.0","TERMINAL","S05_OBSERVED","price下向き","S90_ORDER_READY","Pattern観察完了。risk／execution gateへOrder Intentを渡せる","SELL ready","ORDER_READY","SELL ready","","REACTION","HYBRID","WORLD_DERIVED","S10 S16"
"PAT-ABS-RESISTANCE-HOLD-BOUNCE-001::E98","STR-ABSORPTION-REVERSAL","Absorption Reversal","PAT-ABS-RESISTANCE-HOLD-BOUNCE-001","Absorption Reversal / Resistance Hold / Buy Absorption / Rejection","0.1.0","INVALIDATE","ANY_ACTIVE_STATE","S00からterminal前までの任意active state","S98_INVALIDATED","反証によりObservation Instance終了","resistance breakかつretestでsupport化","INVALIDATED","","resistance breakかつretestでsupport化","REACTION","HYBRID","WORLD_DERIVED","S10 S16"
"PAT-ABS-RESISTANCE-HOLD-BOUNCE-001::E99","STR-ABSORPTION-REVERSAL","Absorption Reversal","PAT-ABS-RESISTANCE-HOLD-BOUNCE-001","Absorption Reversal / Resistance Hold / Buy Absorption / Rejection","0.1.0","EXPIRE","ANY_ACTIVE_STATE","S00からterminal前までの任意active state","S99_EXPIRED","観察期限到達によりObservation Instance終了","expiry_class=REACTIONの較正済み期限到達","EXPIRED","","","REACTION","HYBRID","WORLD_DERIVED","S10 S16"
"PAT-ABS-STOPSWEEP-SNAPBACK-001::E01","STR-ABSORPTION-REVERSAL","Absorption Reversal","PAT-ABS-STOPSWEEP-SNAPBACK-001","Absorption Reversal / Stop Sweep / Iceberg Hold / Snapback","0.1.0","ADVANCE","S00_ARMED_BY_HOOK","Hookがnamed PatternのObservation Instanceを開始","S01_OBSERVED","stop zone接近","stop zone接近","ADVANCED","","","REACTION","INFERRED","WORLD_DERIVED","S17 S18"
"PAT-ABS-STOPSWEEP-SNAPBACK-001::E02","STR-ABSORPTION-REVERSAL","Absorption Reversal","PAT-ABS-STOPSWEEP-SNAPBACK-001","Absorption Reversal / Stop Sweep / Iceberg Hold / Snapback","0.1.0","ADVANCE","S01_OBSERVED","stop zone接近","S02_OBSERVED","sweep／stop burst","sweep／stop burst","ADVANCED","","","REACTION","INFERRED","WORLD_DERIVED","S17 S18"
"PAT-ABS-STOPSWEEP-SNAPBACK-001::E03","STR-ABSORPTION-REVERSAL","Absorption Reversal","PAT-ABS-STOPSWEEP-SNAPBACK-001","Absorption Reversal / Stop Sweep / Iceberg Hold / Snapback","0.1.0","ADVANCE","S02_OBSERVED","sweep／stop burst","S03_OBSERVED","hidden／passive wallが吸収","hidden／passive wallが吸収","ADVANCED","","","REACTION","INFERRED","WORLD_DERIVED","S17 S18"
"PAT-ABS-STOPSWEEP-SNAPBACK-001::E04","STR-ABSORPTION-REVERSAL","Absorption Reversal","PAT-ABS-STOPSWEEP-SNAPBACK-001","Absorption Reversal / Stop Sweep / Iceberg Hold / Snapback","0.1.0","ADVANCE","S03_OBSERVED","hidden／passive wallが吸収","S04_OBSERVED","follow-through欠如","follow-through欠如","ADVANCED","","","REACTION","INFERRED","WORLD_DERIVED","S17 S18"
"PAT-ABS-STOPSWEEP-SNAPBACK-001::E05","STR-ABSORPTION-REVERSAL","Absorption Reversal","PAT-ABS-STOPSWEEP-SNAPBACK-001","Absorption Reversal / Stop Sweep / Iceberg Hold / Snapback","0.1.0","ADVANCE","S04_OBSERVED","follow-through欠如","S05_OBSERVED","level内へsnapback","level内へsnapback","ADVANCED","","","REACTION","INFERRED","WORLD_DERIVED","S17 S18"
"PAT-ABS-STOPSWEEP-SNAPBACK-001::E90","STR-ABSORPTION-REVERSAL","Absorption Reversal","PAT-ABS-STOPSWEEP-SNAPBACK-001","Absorption Reversal / Stop Sweep / Iceberg Hold / Snapback","0.1.0","TERMINAL","S05_OBSERVED","level内へsnapback","S90_ORDER_READY","Pattern観察完了。risk／execution gateへOrder Intentを渡せる","reversal-side ready","ORDER_READY","reversal-side ready","","REACTION","INFERRED","WORLD_DERIVED","S17 S18"
"PAT-ABS-STOPSWEEP-SNAPBACK-001::E98","STR-ABSORPTION-REVERSAL","Absorption Reversal","PAT-ABS-STOPSWEEP-SNAPBACK-001","Absorption Reversal / Stop Sweep / Iceberg Hold / Snapback","0.1.0","INVALIDATE","ANY_ACTIVE_STATE","S00からterminal前までの任意active state","S98_INVALIDATED","反証によりObservation Instance終了","sweep後にaggression継続しoutside acceptance","INVALIDATED","","sweep後にaggression継続しoutside acceptance","REACTION","INFERRED","WORLD_DERIVED","S17 S18"
"PAT-ABS-STOPSWEEP-SNAPBACK-001::E99","STR-ABSORPTION-REVERSAL","Absorption Reversal","PAT-ABS-STOPSWEEP-SNAPBACK-001","Absorption Reversal / Stop Sweep / Iceberg Hold / Snapback","0.1.0","EXPIRE","ANY_ACTIVE_STATE","S00からterminal前までの任意active state","S99_EXPIRED","観察期限到達によりObservation Instance終了","expiry_class=REACTIONの較正済み期限到達","EXPIRED","","","REACTION","INFERRED","WORLD_DERIVED","S17 S18"
"PAT-ABS-PULLBACK-MINORREVERSAL-001::E01","STR-ABSORPTION-REVERSAL","Absorption Reversal","PAT-ABS-PULLBACK-MINORREVERSAL-001","Absorption Reversal / Pullback End / Trend Resume","0.1.0","ADVANCE","S00_ARMED_BY_HOOK","Hookがnamed PatternのObservation Instanceを開始","S01_OBSERVED","trend","trend","ADVANCED","","","RETEST","HYBRID","WORLD_DERIVED","S03 S23"
"PAT-ABS-PULLBACK-MINORREVERSAL-001::E02","STR-ABSORPTION-REVERSAL","Absorption Reversal","PAT-ABS-PULLBACK-MINORREVERSAL-001","Absorption Reversal / Pullback End / Trend Resume","0.1.0","ADVANCE","S01_OBSERVED","trend","S02_OBSERVED","low-energy countertrend pullback","low-energy countertrend pullback","ADVANCED","","","RETEST","HYBRID","WORLD_DERIVED","S03 S23"
"PAT-ABS-PULLBACK-MINORREVERSAL-001::E03","STR-ABSORPTION-REVERSAL","Absorption Reversal","PAT-ABS-PULLBACK-MINORREVERSAL-001","Absorption Reversal / Pullback End / Trend Resume","0.1.0","ADVANCE","S02_OBSERVED","low-energy countertrend pullback","S03_OBSERVED","prior swingでabsorption","prior swingでabsorption","ADVANCED","","","RETEST","HYBRID","WORLD_DERIVED","S03 S23"
"PAT-ABS-PULLBACK-MINORREVERSAL-001::E04","STR-ABSORPTION-REVERSAL","Absorption Reversal","PAT-ABS-PULLBACK-MINORREVERSAL-001","Absorption Reversal / Pullback End / Trend Resume","0.1.0","ADVANCE","S03_OBSERVED","prior swingでabsorption","S04_OBSERVED","countertrend側fade","countertrend側fade","ADVANCED","","","RETEST","HYBRID","WORLD_DERIVED","S03 S23"
"PAT-ABS-PULLBACK-MINORREVERSAL-001::E05","STR-ABSORPTION-REVERSAL","Absorption Reversal","PAT-ABS-PULLBACK-MINORREVERSAL-001","Absorption Reversal / Pullback End / Trend Resume","0.1.0","ADVANCE","S04_OBSERVED","countertrend側fade","S05_OBSERVED","with-trend aggressor復帰","with-trend aggressor復帰","ADVANCED","","","RETEST","HYBRID","WORLD_DERIVED","S03 S23"
"PAT-ABS-PULLBACK-MINORREVERSAL-001::E90","STR-ABSORPTION-REVERSAL","Absorption Reversal","PAT-ABS-PULLBACK-MINORREVERSAL-001","Absorption Reversal / Pullback End / Trend Resume","0.1.0","TERMINAL","S05_OBSERVED","with-trend aggressor復帰","S90_ORDER_READY","Pattern観察完了。risk／execution gateへOrder Intentを渡せる","trend-side ready","ORDER_READY","trend-side ready","","RETEST","HYBRID","WORLD_DERIVED","S03 S23"
"PAT-ABS-PULLBACK-MINORREVERSAL-001::E98","STR-ABSORPTION-REVERSAL","Absorption Reversal","PAT-ABS-PULLBACK-MINORREVERSAL-001","Absorption Reversal / Pullback End / Trend Resume","0.1.0","INVALIDATE","ANY_ACTIVE_STATE","S00からterminal前までの任意active state","S98_INVALIDATED","反証によりObservation Instance終了","pullback flowが高energy化しprior swing破壊","INVALIDATED","","pullback flowが高energy化しprior swing破壊","RETEST","HYBRID","WORLD_DERIVED","S03 S23"
"PAT-ABS-PULLBACK-MINORREVERSAL-001::E99","STR-ABSORPTION-REVERSAL","Absorption Reversal","PAT-ABS-PULLBACK-MINORREVERSAL-001","Absorption Reversal / Pullback End / Trend Resume","0.1.0","EXPIRE","ANY_ACTIVE_STATE","S00からterminal前までの任意active state","S99_EXPIRED","観察期限到達によりObservation Instance終了","expiry_class=RETESTの較正済み期限到達","EXPIRED","","","RETEST","HYBRID","WORLD_DERIVED","S03 S23"
"PAT-EXH-BUYER-DOUBLE-FADE-001::E01","STR-EXHAUSTION-REVERSAL","Exhaustion Reversal","PAT-EXH-BUYER-DOUBLE-FADE-001","Exhaustion Reversal / Buyer Fade / Weaker Retest","0.1.0","ADVANCE","S00_ARMED_BY_HOOK","Hookがnamed PatternのObservation Instanceを開始","S01_OBSERVED","upper key level","upper key level","ADVANCED","","","RETEST","DIRECT","WORLD_DERIVED","S01"
"PAT-EXH-BUYER-DOUBLE-FADE-001::E02","STR-EXHAUSTION-REVERSAL","Exhaustion Reversal","PAT-EXH-BUYER-DOUBLE-FADE-001","Exhaustion Reversal / Buyer Fade / Weaker Retest","0.1.0","ADVANCE","S01_OBSERVED","upper key level","S02_OBSERVED","buyer prints急減","buyer prints急減","ADVANCED","","","RETEST","DIRECT","WORLD_DERIVED","S01"
"PAT-EXH-BUYER-DOUBLE-FADE-001::E03","STR-EXHAUSTION-REVERSAL","Exhaustion Reversal","PAT-EXH-BUYER-DOUBLE-FADE-001","Exhaustion Reversal / Buyer Fade / Weaker Retest","0.1.0","ADVANCE","S02_OBSERVED","buyer prints急減","S03_OBSERVED","pause","pause","ADVANCED","","","RETEST","DIRECT","WORLD_DERIVED","S01"
"PAT-EXH-BUYER-DOUBLE-FADE-001::E04","STR-EXHAUSTION-REVERSAL","Exhaustion Reversal","PAT-EXH-BUYER-DOUBLE-FADE-001","Exhaustion Reversal / Buyer Fade / Weaker Retest","0.1.0","ADVANCE","S03_OBSERVED","pause","S04_OBSERVED","同価格再test","同価格再test","ADVANCED","","","RETEST","DIRECT","WORLD_DERIVED","S01"
"PAT-EXH-BUYER-DOUBLE-FADE-001::E05","STR-EXHAUSTION-REVERSAL","Exhaustion Reversal","PAT-EXH-BUYER-DOUBLE-FADE-001","Exhaustion Reversal / Buyer Fade / Weaker Retest","0.1.0","ADVANCE","S04_OBSERVED","同価格再test","S05_OBSERVED","さらに少ないbuy prints","さらに少ないbuy prints","ADVANCED","","","RETEST","DIRECT","WORLD_DERIVED","S01"
"PAT-EXH-BUYER-DOUBLE-FADE-001::E06","STR-EXHAUSTION-REVERSAL","Exhaustion Reversal","PAT-EXH-BUYER-DOUBLE-FADE-001","Exhaustion Reversal / Buyer Fade / Weaker Retest","0.1.0","ADVANCE","S05_OBSERVED","さらに少ないbuy prints","S06_OBSERVED","sellers参加","sellers参加","ADVANCED","","","RETEST","DIRECT","WORLD_DERIVED","S01"
"PAT-EXH-BUYER-DOUBLE-FADE-001::E90","STR-EXHAUSTION-REVERSAL","Exhaustion Reversal","PAT-EXH-BUYER-DOUBLE-FADE-001","Exhaustion Reversal / Buyer Fade / Weaker Retest","0.1.0","TERMINAL","S06_OBSERVED","sellers参加","S90_ORDER_READY","Pattern観察完了。risk／execution gateへOrder Intentを渡せる","SELL ready","ORDER_READY","SELL ready","","RETEST","DIRECT","WORLD_DERIVED","S01"
"PAT-EXH-BUYER-DOUBLE-FADE-001::E98","STR-EXHAUSTION-REVERSAL","Exhaustion Reversal","PAT-EXH-BUYER-DOUBLE-FADE-001","Exhaustion Reversal / Buyer Fade / Weaker Retest","0.1.0","INVALIDATE","ANY_ACTIVE_STATE","S00からterminal前までの任意active state","S98_INVALIDATED","反証によりObservation Instance終了","buyersが再加速してlevel突破","INVALIDATED","","buyersが再加速してlevel突破","RETEST","DIRECT","WORLD_DERIVED","S01"
"PAT-EXH-BUYER-DOUBLE-FADE-001::E99","STR-EXHAUSTION-REVERSAL","Exhaustion Reversal","PAT-EXH-BUYER-DOUBLE-FADE-001","Exhaustion Reversal / Buyer Fade / Weaker Retest","0.1.0","EXPIRE","ANY_ACTIVE_STATE","S00からterminal前までの任意active state","S99_EXPIRED","観察期限到達によりObservation Instance終了","expiry_class=RETESTの較正済み期限到達","EXPIRED","","","RETEST","DIRECT","WORLD_DERIVED","S01"
"PAT-EXH-SELLER-DOUBLE-FADE-001::E01","STR-EXHAUSTION-REVERSAL","Exhaustion Reversal","PAT-EXH-SELLER-DOUBLE-FADE-001","Exhaustion Reversal / Seller Fade / Weaker Retest","0.1.0","ADVANCE","S00_ARMED_BY_HOOK","Hookがnamed PatternのObservation Instanceを開始","S01_OBSERVED","lower key level","lower key level","ADVANCED","","","RETEST","DIRECT","WORLD_DERIVED","S01"
"PAT-EXH-SELLER-DOUBLE-FADE-001::E02","STR-EXHAUSTION-REVERSAL","Exhaustion Reversal","PAT-EXH-SELLER-DOUBLE-FADE-001","Exhaustion Reversal / Seller Fade / Weaker Retest","0.1.0","ADVANCE","S01_OBSERVED","lower key level","S02_OBSERVED","seller prints急減","seller prints急減","ADVANCED","","","RETEST","DIRECT","WORLD_DERIVED","S01"
"PAT-EXH-SELLER-DOUBLE-FADE-001::E03","STR-EXHAUSTION-REVERSAL","Exhaustion Reversal","PAT-EXH-SELLER-DOUBLE-FADE-001","Exhaustion Reversal / Seller Fade / Weaker Retest","0.1.0","ADVANCE","S02_OBSERVED","seller prints急減","S03_OBSERVED","pause","pause","ADVANCED","","","RETEST","DIRECT","WORLD_DERIVED","S01"
"PAT-EXH-SELLER-DOUBLE-FADE-001::E04","STR-EXHAUSTION-REVERSAL","Exhaustion Reversal","PAT-EXH-SELLER-DOUBLE-FADE-001","Exhaustion Reversal / Seller Fade / Weaker Retest","0.1.0","ADVANCE","S03_OBSERVED","pause","S04_OBSERVED","同価格再test","同価格再test","ADVANCED","","","RETEST","DIRECT","WORLD_DERIVED","S01"
"PAT-EXH-SELLER-DOUBLE-FADE-001::E05","STR-EXHAUSTION-REVERSAL","Exhaustion Reversal","PAT-EXH-SELLER-DOUBLE-FADE-001","Exhaustion Reversal / Seller Fade / Weaker Retest","0.1.0","ADVANCE","S04_OBSERVED","同価格再test","S05_OBSERVED","さらに少ないsell prints","さらに少ないsell prints","ADVANCED","","","RETEST","DIRECT","WORLD_DERIVED","S01"
"PAT-EXH-SELLER-DOUBLE-FADE-001::E06","STR-EXHAUSTION-REVERSAL","Exhaustion Reversal","PAT-EXH-SELLER-DOUBLE-FADE-001","Exhaustion Reversal / Seller Fade / Weaker Retest","0.1.0","ADVANCE","S05_OBSERVED","さらに少ないsell prints","S06_OBSERVED","buyers参加","buyers参加","ADVANCED","","","RETEST","DIRECT","WORLD_DERIVED","S01"
"PAT-EXH-SELLER-DOUBLE-FADE-001::E90","STR-EXHAUSTION-REVERSAL","Exhaustion Reversal","PAT-EXH-SELLER-DOUBLE-FADE-001","Exhaustion Reversal / Seller Fade / Weaker Retest","0.1.0","TERMINAL","S06_OBSERVED","buyers参加","S90_ORDER_READY","Pattern観察完了。risk／execution gateへOrder Intentを渡せる","BUY ready","ORDER_READY","BUY ready","","RETEST","DIRECT","WORLD_DERIVED","S01"
"PAT-EXH-SELLER-DOUBLE-FADE-001::E98","STR-EXHAUSTION-REVERSAL","Exhaustion Reversal","PAT-EXH-SELLER-DOUBLE-FADE-001","Exhaustion Reversal / Seller Fade / Weaker Retest","0.1.0","INVALIDATE","ANY_ACTIVE_STATE","S00からterminal前までの任意active state","S98_INVALIDATED","反証によりObservation Instance終了","sellersが再加速してlevel突破","INVALIDATED","","sellersが再加速してlevel突破","RETEST","DIRECT","WORLD_DERIVED","S01"
"PAT-EXH-SELLER-DOUBLE-FADE-001::E99","STR-EXHAUSTION-REVERSAL","Exhaustion Reversal","PAT-EXH-SELLER-DOUBLE-FADE-001","Exhaustion Reversal / Seller Fade / Weaker Retest","0.1.0","EXPIRE","ANY_ACTIVE_STATE","S00からterminal前までの任意active state","S99_EXPIRED","観察期限到達によりObservation Instance終了","expiry_class=RETESTの較正済み期限到達","EXPIRED","","","RETEST","DIRECT","WORLD_DERIVED","S01"
"PAT-EXH-AGGRESSION-NO-FOLLOW-001::E01","STR-EXHAUSTION-REVERSAL","Exhaustion Reversal","PAT-EXH-AGGRESSION-NO-FOLLOW-001","Exhaustion Reversal / Aggressive Burst / No Follow-Through","0.1.0","ADVANCE","S00_ARMED_BY_HOOK","Hookがnamed PatternのObservation Instanceを開始","S01_OBSERVED","large aggressive orders","large aggressive orders","ADVANCED","","","REACTION","DIRECT","WORLD_DERIVED","S16"
"PAT-EXH-AGGRESSION-NO-FOLLOW-001::E02","STR-EXHAUSTION-REVERSAL","Exhaustion Reversal","PAT-EXH-AGGRESSION-NO-FOLLOW-001","Exhaustion Reversal / Aggressive Burst / No Follow-Through","0.1.0","ADVANCE","S01_OBSERVED","large aggressive orders","S02_OBSERVED","price進展なし","price進展なし","ADVANCED","","","REACTION","DIRECT","WORLD_DERIVED","S16"
"PAT-EXH-AGGRESSION-NO-FOLLOW-001::E03","STR-EXHAUSTION-REVERSAL","Exhaustion Reversal","PAT-EXH-AGGRESSION-NO-FOLLOW-001","Exhaustion Reversal / Aggressive Burst / No Follow-Through","0.1.0","ADVANCE","S02_OBSERVED","price進展なし","S03_OBSERVED","opposite passive liquidity stack","opposite passive liquidity stack","ADVANCED","","","REACTION","DIRECT","WORLD_DERIVED","S16"
"PAT-EXH-AGGRESSION-NO-FOLLOW-001::E04","STR-EXHAUSTION-REVERSAL","Exhaustion Reversal","PAT-EXH-AGGRESSION-NO-FOLLOW-001","Exhaustion Reversal / Aggressive Burst / No Follow-Through","0.1.0","ADVANCE","S03_OBSERVED","opposite passive liquidity stack","S04_OBSERVED","initiating flow停止","initiating flow停止","ADVANCED","","","REACTION","DIRECT","WORLD_DERIVED","S16"
"PAT-EXH-AGGRESSION-NO-FOLLOW-001::E05","STR-EXHAUSTION-REVERSAL","Exhaustion Reversal","PAT-EXH-AGGRESSION-NO-FOLLOW-001","Exhaustion Reversal / Aggressive Burst / No Follow-Through","0.1.0","ADVANCE","S04_OBSERVED","initiating flow停止","S05_OBSERVED","opposite trade flow","opposite trade flow","ADVANCED","","","REACTION","DIRECT","WORLD_DERIVED","S16"
"PAT-EXH-AGGRESSION-NO-FOLLOW-001::E90","STR-EXHAUSTION-REVERSAL","Exhaustion Reversal","PAT-EXH-AGGRESSION-NO-FOLLOW-001","Exhaustion Reversal / Aggressive Burst / No Follow-Through","0.1.0","TERMINAL","S05_OBSERVED","opposite trade flow","S90_ORDER_READY","Pattern観察完了。risk／execution gateへOrder Intentを渡せる","reversal-side ready","ORDER_READY","reversal-side ready","","REACTION","DIRECT","WORLD_DERIVED","S16"
"PAT-EXH-AGGRESSION-NO-FOLLOW-001::E98","STR-EXHAUSTION-REVERSAL","Exhaustion Reversal","PAT-EXH-AGGRESSION-NO-FOLLOW-001","Exhaustion Reversal / Aggressive Burst / No Follow-Through","0.1.0","INVALIDATE","ANY_ACTIVE_STATE","S00からterminal前までの任意active state","S98_INVALIDATED","反証によりObservation Instance終了","aggressive flowが継続しstackを消費","INVALIDATED","","aggressive flowが継続しstackを消費","REACTION","DIRECT","WORLD_DERIVED","S16"
"PAT-EXH-AGGRESSION-NO-FOLLOW-001::E99","STR-EXHAUSTION-REVERSAL","Exhaustion Reversal","PAT-EXH-AGGRESSION-NO-FOLLOW-001","Exhaustion Reversal / Aggressive Burst / No Follow-Through","0.1.0","EXPIRE","ANY_ACTIVE_STATE","S00からterminal前までの任意active state","S99_EXPIRED","観察期限到達によりObservation Instance終了","expiry_class=REACTIONの較正済み期限到達","EXPIRED","","","REACTION","DIRECT","WORLD_DERIVED","S16"
"PAT-EXH-EFFORT-RESULT-001::E01","STR-EXHAUSTION-REVERSAL","Exhaustion Reversal","PAT-EXH-EFFORT-RESULT-001","Exhaustion Reversal / High Effort / Narrow Result","0.1.0","ADVANCE","S00_ARMED_BY_HOOK","Hookがnamed PatternのObservation Instanceを開始","S01_OBSERVED","trend終盤","trend終盤","ADVANCED","","","REACTION","DIRECT","WORLD_DERIVED","S10 S13"
"PAT-EXH-EFFORT-RESULT-001::E02","STR-EXHAUSTION-REVERSAL","Exhaustion Reversal","PAT-EXH-EFFORT-RESULT-001","Exhaustion Reversal / High Effort / Narrow Result","0.1.0","ADVANCE","S01_OBSERVED","trend終盤","S02_OBSERVED","unusually high volume","unusually high volume","ADVANCED","","","REACTION","DIRECT","WORLD_DERIVED","S10 S13"
"PAT-EXH-EFFORT-RESULT-001::E03","STR-EXHAUSTION-REVERSAL","Exhaustion Reversal","PAT-EXH-EFFORT-RESULT-001","Exhaustion Reversal / High Effort / Narrow Result","0.1.0","ADVANCE","S02_OBSERVED","unusually high volume","S03_OBSERVED","narrow range／極値更新失敗","narrow range／極値更新失敗","ADVANCED","","","REACTION","DIRECT","WORLD_DERIVED","S10 S13"
"PAT-EXH-EFFORT-RESULT-001::E04","STR-EXHAUSTION-REVERSAL","Exhaustion Reversal","PAT-EXH-EFFORT-RESULT-001","Exhaustion Reversal / High Effort / Narrow Result","0.1.0","ADVANCE","S03_OBSERVED","narrow range／極値更新失敗","S04_OBSERVED","opposite imbalance／aggression","opposite imbalance／aggression","ADVANCED","","","REACTION","DIRECT","WORLD_DERIVED","S10 S13"
"PAT-EXH-EFFORT-RESULT-001::E05","STR-EXHAUSTION-REVERSAL","Exhaustion Reversal","PAT-EXH-EFFORT-RESULT-001","Exhaustion Reversal / High Effort / Narrow Result","0.1.0","ADVANCE","S04_OBSERVED","opposite imbalance／aggression","S05_OBSERVED","price反転","price反転","ADVANCED","","","REACTION","DIRECT","WORLD_DERIVED","S10 S13"
"PAT-EXH-EFFORT-RESULT-001::E90","STR-EXHAUSTION-REVERSAL","Exhaustion Reversal","PAT-EXH-EFFORT-RESULT-001","Exhaustion Reversal / High Effort / Narrow Result","0.1.0","TERMINAL","S05_OBSERVED","price反転","S90_ORDER_READY","Pattern観察完了。risk／execution gateへOrder Intentを渡せる","reversal-side ready","ORDER_READY","reversal-side ready","","REACTION","DIRECT","WORLD_DERIVED","S10 S13"
"PAT-EXH-EFFORT-RESULT-001::E98","STR-EXHAUSTION-REVERSAL","Exhaustion Reversal","PAT-EXH-EFFORT-RESULT-001","Exhaustion Reversal / High Effort / Narrow Result","0.1.0","INVALIDATE","ANY_ACTIVE_STATE","S00からterminal前までの任意active state","S98_INVALIDATED","反証によりObservation Instance終了","volumeに比例したrange expansion","INVALIDATED","","volumeに比例したrange expansion","REACTION","DIRECT","WORLD_DERIVED","S10 S13"
"PAT-EXH-EFFORT-RESULT-001::E99","STR-EXHAUSTION-REVERSAL","Exhaustion Reversal","PAT-EXH-EFFORT-RESULT-001","Exhaustion Reversal / High Effort / Narrow Result","0.1.0","EXPIRE","ANY_ACTIVE_STATE","S00からterminal前までの任意active state","S99_EXPIRED","観察期限到達によりObservation Instance終了","expiry_class=REACTIONの較正済み期限到達","EXPIRED","","","REACTION","DIRECT","WORLD_DERIVED","S10 S13"
"PAT-EXH-LIQUIDATION-CASCADE-END-001::E01","STR-EXHAUSTION-REVERSAL","Exhaustion Reversal","PAT-EXH-LIQUIDATION-CASCADE-END-001","Exhaustion Reversal / Liquidation Cascade / Organic Flow Failure","0.1.0","ADVANCE","S00_ARMED_BY_HOOK","Hookがnamed PatternのObservation Instanceを開始","S01_OBSERVED","leveraged move","leveraged move","ADVANCED","","","EVENT","HYBRID","WORLD_DERIVED","S24"
"PAT-EXH-LIQUIDATION-CASCADE-END-001::E02","STR-EXHAUSTION-REVERSAL","Exhaustion Reversal","PAT-EXH-LIQUIDATION-CASCADE-END-001","Exhaustion Reversal / Liquidation Cascade / Organic Flow Failure","0.1.0","ADVANCE","S01_OBSERVED","leveraged move","S02_OBSERVED","liquidation増加","liquidation増加","ADVANCED","","","EVENT","HYBRID","WORLD_DERIVED","S24"
"PAT-EXH-LIQUIDATION-CASCADE-END-001::E03","STR-EXHAUSTION-REVERSAL","Exhaustion Reversal","PAT-EXH-LIQUIDATION-CASCADE-END-001","Exhaustion Reversal / Liquidation Cascade / Organic Flow Failure","0.1.0","ADVANCE","S02_OBSERVED","liquidation増加","S03_OBSERVED","cascade spike","cascade spike","ADVANCED","","","EVENT","HYBRID","WORLD_DERIVED","S24"
"PAT-EXH-LIQUIDATION-CASCADE-END-001::E04","STR-EXHAUSTION-REVERSAL","Exhaustion Reversal","PAT-EXH-LIQUIDATION-CASCADE-END-001","Exhaustion Reversal / Liquidation Cascade / Organic Flow Failure","0.1.0","ADVANCE","S03_OBSERVED","cascade spike","S04_OBSERVED","forced flow peak後にorganic follow-through欠如","forced flow peak後にorganic follow-through欠如","ADVANCED","","","EVENT","HYBRID","WORLD_DERIVED","S24"
"PAT-EXH-LIQUIDATION-CASCADE-END-001::E05","STR-EXHAUSTION-REVERSAL","Exhaustion Reversal","PAT-EXH-LIQUIDATION-CASCADE-END-001","Exhaustion Reversal / Liquidation Cascade / Organic Flow Failure","0.1.0","ADVANCE","S04_OBSERVED","forced flow peak後にorganic follow-through欠如","S05_OBSERVED","absorption／price halt","absorption／price halt","ADVANCED","","","EVENT","HYBRID","WORLD_DERIVED","S24"
"PAT-EXH-LIQUIDATION-CASCADE-END-001::E90","STR-EXHAUSTION-REVERSAL","Exhaustion Reversal","PAT-EXH-LIQUIDATION-CASCADE-END-001","Exhaustion Reversal / Liquidation Cascade / Organic Flow Failure","0.1.0","TERMINAL","S05_OBSERVED","absorption／price halt","S90_ORDER_READY","Pattern観察完了。risk／execution gateへOrder Intentを渡せる","reversal-side ready","ORDER_READY","reversal-side ready","","EVENT","HYBRID","WORLD_DERIVED","S24"
"PAT-EXH-LIQUIDATION-CASCADE-END-001::E98","STR-EXHAUSTION-REVERSAL","Exhaustion Reversal","PAT-EXH-LIQUIDATION-CASCADE-END-001","Exhaustion Reversal / Liquidation Cascade / Organic Flow Failure","0.1.0","INVALIDATE","ANY_ACTIVE_STATE","S00からterminal前までの任意active state","S98_INVALIDATED","反証によりObservation Instance終了","liquidation後もspot／aggressive flowとacceptance継続","INVALIDATED","","liquidation後もspot／aggressive flowとacceptance継続","EVENT","HYBRID","WORLD_DERIVED","S24"
"PAT-EXH-LIQUIDATION-CASCADE-END-001::E99","STR-EXHAUSTION-REVERSAL","Exhaustion Reversal","PAT-EXH-LIQUIDATION-CASCADE-END-001","Exhaustion Reversal / Liquidation Cascade / Organic Flow Failure","0.1.0","EXPIRE","ANY_ACTIVE_STATE","S00からterminal前までの任意active state","S99_EXPIRED","観察期限到達によりObservation Instance終了","expiry_class=EVENTの較正済み期限到達","EXPIRED","","","EVENT","HYBRID","WORLD_DERIVED","S24"
"PAT-STACK-BUY-SUPPORT-RETEST-001::E01","STR-STACKED-IMBALANCE-CONTINUATION","Stacked Imbalance Continuation","PAT-STACK-BUY-SUPPORT-RETEST-001","Stacked Imbalance Continuation / Buy Stack / Support Retest","0.1.0","ADVANCE","S00_ARMED_BY_HOOK","Hookがnamed PatternのObservation Instanceを開始","S01_OBSERVED","multiple buy imbalances","multiple buy imbalances","ADVANCED","","","RETEST","DIRECT","WORLD_DERIVED","S11 S12"
"PAT-STACK-BUY-SUPPORT-RETEST-001::E02","STR-STACKED-IMBALANCE-CONTINUATION","Stacked Imbalance Continuation","PAT-STACK-BUY-SUPPORT-RETEST-001","Stacked Imbalance Continuation / Buy Stack / Support Retest","0.1.0","ADVANCE","S01_OBSERVED","multiple buy imbalances","S02_OBSERVED","initial imbalance zone形成","initial imbalance zone形成","ADVANCED","","","RETEST","DIRECT","WORLD_DERIVED","S11 S12"
"PAT-STACK-BUY-SUPPORT-RETEST-001::E03","STR-STACKED-IMBALANCE-CONTINUATION","Stacked Imbalance Continuation","PAT-STACK-BUY-SUPPORT-RETEST-001","Stacked Imbalance Continuation / Buy Stack / Support Retest","0.1.0","ADVANCE","S02_OBSERVED","initial imbalance zone形成","S03_OBSERVED","pullback","pullback","ADVANCED","","","RETEST","DIRECT","WORLD_DERIVED","S11 S12"
"PAT-STACK-BUY-SUPPORT-RETEST-001::E04","STR-STACKED-IMBALANCE-CONTINUATION","Stacked Imbalance Continuation","PAT-STACK-BUY-SUPPORT-RETEST-001","Stacked Imbalance Continuation / Buy Stack / Support Retest","0.1.0","ADVANCE","S03_OBSERVED","pullback","S04_OBSERVED","zone下抜け失敗","zone下抜け失敗","ADVANCED","","","RETEST","DIRECT","WORLD_DERIVED","S11 S12"
"PAT-STACK-BUY-SUPPORT-RETEST-001::E05","STR-STACKED-IMBALANCE-CONTINUATION","Stacked Imbalance Continuation","PAT-STACK-BUY-SUPPORT-RETEST-001","Stacked Imbalance Continuation / Buy Stack / Support Retest","0.1.0","ADVANCE","S04_OBSERVED","zone下抜け失敗","S05_OBSERVED","buy aggression再開","buy aggression再開","ADVANCED","","","RETEST","DIRECT","WORLD_DERIVED","S11 S12"
"PAT-STACK-BUY-SUPPORT-RETEST-001::E90","STR-STACKED-IMBALANCE-CONTINUATION","Stacked Imbalance Continuation","PAT-STACK-BUY-SUPPORT-RETEST-001","Stacked Imbalance Continuation / Buy Stack / Support Retest","0.1.0","TERMINAL","S05_OBSERVED","buy aggression再開","S90_ORDER_READY","Pattern観察完了。risk／execution gateへOrder Intentを渡せる","BUY ready","ORDER_READY","BUY ready","","RETEST","DIRECT","WORLD_DERIVED","S11 S12"
"PAT-STACK-BUY-SUPPORT-RETEST-001::E98","STR-STACKED-IMBALANCE-CONTINUATION","Stacked Imbalance Continuation","PAT-STACK-BUY-SUPPORT-RETEST-001","Stacked Imbalance Continuation / Buy Stack / Support Retest","0.1.0","INVALIDATE","ANY_ACTIVE_STATE","S00からterminal前までの任意active state","S98_INVALIDATED","反証によりObservation Instance終了","zoneをsell flowがbreakしbelow hold","INVALIDATED","","zoneをsell flowがbreakしbelow hold","RETEST","DIRECT","WORLD_DERIVED","S11 S12"
"PAT-STACK-BUY-SUPPORT-RETEST-001::E99","STR-STACKED-IMBALANCE-CONTINUATION","Stacked Imbalance Continuation","PAT-STACK-BUY-SUPPORT-RETEST-001","Stacked Imbalance Continuation / Buy Stack / Support Retest","0.1.0","EXPIRE","ANY_ACTIVE_STATE","S00からterminal前までの任意active state","S99_EXPIRED","観察期限到達によりObservation Instance終了","expiry_class=RETESTの較正済み期限到達","EXPIRED","","","RETEST","DIRECT","WORLD_DERIVED","S11 S12"
"PAT-STACK-SELL-RESIST-RETEST-001::E01","STR-STACKED-IMBALANCE-CONTINUATION","Stacked Imbalance Continuation","PAT-STACK-SELL-RESIST-RETEST-001","Stacked Imbalance Continuation / Sell Stack / Resistance Retest","0.1.0","ADVANCE","S00_ARMED_BY_HOOK","Hookがnamed PatternのObservation Instanceを開始","S01_OBSERVED","multiple sell imbalances","multiple sell imbalances","ADVANCED","","","RETEST","DIRECT","WORLD_DERIVED","S11 S12"
"PAT-STACK-SELL-RESIST-RETEST-001::E02","STR-STACKED-IMBALANCE-CONTINUATION","Stacked Imbalance Continuation","PAT-STACK-SELL-RESIST-RETEST-001","Stacked Imbalance Continuation / Sell Stack / Resistance Retest","0.1.0","ADVANCE","S01_OBSERVED","multiple sell imbalances","S02_OBSERVED","initial imbalance zone形成","initial imbalance zone形成","ADVANCED","","","RETEST","DIRECT","WORLD_DERIVED","S11 S12"
"PAT-STACK-SELL-RESIST-RETEST-001::E03","STR-STACKED-IMBALANCE-CONTINUATION","Stacked Imbalance Continuation","PAT-STACK-SELL-RESIST-RETEST-001","Stacked Imbalance Continuation / Sell Stack / Resistance Retest","0.1.0","ADVANCE","S02_OBSERVED","initial imbalance zone形成","S03_OBSERVED","rebound","rebound","ADVANCED","","","RETEST","DIRECT","WORLD_DERIVED","S11 S12"
"PAT-STACK-SELL-RESIST-RETEST-001::E04","STR-STACKED-IMBALANCE-CONTINUATION","Stacked Imbalance Continuation","PAT-STACK-SELL-RESIST-RETEST-001","Stacked Imbalance Continuation / Sell Stack / Resistance Retest","0.1.0","ADVANCE","S03_OBSERVED","rebound","S04_OBSERVED","zone上抜け失敗","zone上抜け失敗","ADVANCED","","","RETEST","DIRECT","WORLD_DERIVED","S11 S12"
"PAT-STACK-SELL-RESIST-RETEST-001::E05","STR-STACKED-IMBALANCE-CONTINUATION","Stacked Imbalance Continuation","PAT-STACK-SELL-RESIST-RETEST-001","Stacked Imbalance Continuation / Sell Stack / Resistance Retest","0.1.0","ADVANCE","S04_OBSERVED","zone上抜け失敗","S05_OBSERVED","sell aggression再開","sell aggression再開","ADVANCED","","","RETEST","DIRECT","WORLD_DERIVED","S11 S12"
"PAT-STACK-SELL-RESIST-RETEST-001::E90","STR-STACKED-IMBALANCE-CONTINUATION","Stacked Imbalance Continuation","PAT-STACK-SELL-RESIST-RETEST-001","Stacked Imbalance Continuation / Sell Stack / Resistance Retest","0.1.0","TERMINAL","S05_OBSERVED","sell aggression再開","S90_ORDER_READY","Pattern観察完了。risk／execution gateへOrder Intentを渡せる","SELL ready","ORDER_READY","SELL ready","","RETEST","DIRECT","WORLD_DERIVED","S11 S12"
"PAT-STACK-SELL-RESIST-RETEST-001::E98","STR-STACKED-IMBALANCE-CONTINUATION","Stacked Imbalance Continuation","PAT-STACK-SELL-RESIST-RETEST-001","Stacked Imbalance Continuation / Sell Stack / Resistance Retest","0.1.0","INVALIDATE","ANY_ACTIVE_STATE","S00からterminal前までの任意active state","S98_INVALIDATED","反証によりObservation Instance終了","zoneをbuy flowがbreakしabove hold","INVALIDATED","","zoneをbuy flowがbreakしabove hold","RETEST","DIRECT","WORLD_DERIVED","S11 S12"
"PAT-STACK-SELL-RESIST-RETEST-001::E99","STR-STACKED-IMBALANCE-CONTINUATION","Stacked Imbalance Continuation","PAT-STACK-SELL-RESIST-RETEST-001","Stacked Imbalance Continuation / Sell Stack / Resistance Retest","0.1.0","EXPIRE","ANY_ACTIVE_STATE","S00からterminal前までの任意active state","S99_EXPIRED","観察期限到達によりObservation Instance終了","expiry_class=RETESTの較正済み期限到達","EXPIRED","","","RETEST","DIRECT","WORLD_DERIVED","S11 S12"
"PAT-STACK-RANGE-POC-SHIFT-001::E01","STR-STACKED-IMBALANCE-CONTINUATION","Stacked Imbalance Continuation","PAT-STACK-RANGE-POC-SHIFT-001","Stacked Imbalance Continuation / Range Exit / POC Shift","0.1.0","ADVANCE","S00_ARMED_BY_HOOK","Hookがnamed PatternのObservation Instanceを開始","S01_OBSERVED","range継続","range継続","ADVANCED","","","BREAK_ACCEPT","DIRECT","WORLD_DERIVED","S11"
"PAT-STACK-RANGE-POC-SHIFT-001::E02","STR-STACKED-IMBALANCE-CONTINUATION","Stacked Imbalance Continuation","PAT-STACK-RANGE-POC-SHIFT-001","Stacked Imbalance Continuation / Range Exit / POC Shift","0.1.0","ADVANCE","S01_OBSERVED","range継続","S02_OBSERVED","boundary側stacked imbalance","boundary側stacked imbalance","ADVANCED","","","BREAK_ACCEPT","DIRECT","WORLD_DERIVED","S11"
"PAT-STACK-RANGE-POC-SHIFT-001::E03","STR-STACKED-IMBALANCE-CONTINUATION","Stacked Imbalance Continuation","PAT-STACK-RANGE-POC-SHIFT-001","Stacked Imbalance Continuation / Range Exit / POC Shift","0.1.0","ADVANCE","S02_OBSERVED","boundary側stacked imbalance","S03_OBSERVED","delta同方向","delta同方向","ADVANCED","","","BREAK_ACCEPT","DIRECT","WORLD_DERIVED","S11"
"PAT-STACK-RANGE-POC-SHIFT-001::E04","STR-STACKED-IMBALANCE-CONTINUATION","Stacked Imbalance Continuation","PAT-STACK-RANGE-POC-SHIFT-001","Stacked Imbalance Continuation / Range Exit / POC Shift","0.1.0","ADVANCE","S03_OBSERVED","delta同方向","S04_OBSERVED","maximum-volume level同方向shift","maximum-volume level同方向shift","ADVANCED","","","BREAK_ACCEPT","DIRECT","WORLD_DERIVED","S11"
"PAT-STACK-RANGE-POC-SHIFT-001::E05","STR-STACKED-IMBALANCE-CONTINUATION","Stacked Imbalance Continuation","PAT-STACK-RANGE-POC-SHIFT-001","Stacked Imbalance Continuation / Range Exit / POC Shift","0.1.0","ADVANCE","S04_OBSERVED","maximum-volume level同方向shift","S05_OBSERVED","range break","range break","ADVANCED","","","BREAK_ACCEPT","DIRECT","WORLD_DERIVED","S11"
"PAT-STACK-RANGE-POC-SHIFT-001::E90","STR-STACKED-IMBALANCE-CONTINUATION","Stacked Imbalance Continuation","PAT-STACK-RANGE-POC-SHIFT-001","Stacked Imbalance Continuation / Range Exit / POC Shift","0.1.0","TERMINAL","S05_OBSERVED","range break","S90_ORDER_READY","Pattern観察完了。risk／execution gateへOrder Intentを渡せる","break方向ready","ORDER_READY","break方向ready","","BREAK_ACCEPT","DIRECT","WORLD_DERIVED","S11"
"PAT-STACK-RANGE-POC-SHIFT-001::E98","STR-STACKED-IMBALANCE-CONTINUATION","Stacked Imbalance Continuation","PAT-STACK-RANGE-POC-SHIFT-001","Stacked Imbalance Continuation / Range Exit / POC Shift","0.1.0","INVALIDATE","ANY_ACTIVE_STATE","S00からterminal前までの任意active state","S98_INVALIDATED","反証によりObservation Instance終了","opposite imbalance出現かrange中央復帰","INVALIDATED","","opposite imbalance出現かrange中央復帰","BREAK_ACCEPT","DIRECT","WORLD_DERIVED","S11"
"PAT-STACK-RANGE-POC-SHIFT-001::E99","STR-STACKED-IMBALANCE-CONTINUATION","Stacked Imbalance Continuation","PAT-STACK-RANGE-POC-SHIFT-001","Stacked Imbalance Continuation / Range Exit / POC Shift","0.1.0","EXPIRE","ANY_ACTIVE_STATE","S00からterminal前までの任意active state","S99_EXPIRED","観察期限到達によりObservation Instance終了","expiry_class=BREAK_ACCEPTの較正済み期限到達","EXPIRED","","","BREAK_ACCEPT","DIRECT","WORLD_DERIVED","S11"
"PAT-STACK-PULLBACK-HOLD-REACCEL-001::E01","STR-STACKED-IMBALANCE-CONTINUATION","Stacked Imbalance Continuation","PAT-STACK-PULLBACK-HOLD-REACCEL-001","Stacked Imbalance Continuation / Trend Pullback / Zone Hold / Re-acceleration","0.1.0","ADVANCE","S00_ARMED_BY_HOOK","Hookがnamed PatternのObservation Instanceを開始","S01_OBSERVED","trend imbalance","trend imbalance","ADVANCED","","","RETEST","DIRECT","WORLD_DERIVED","S11 S12"
"PAT-STACK-PULLBACK-HOLD-REACCEL-001::E02","STR-STACKED-IMBALANCE-CONTINUATION","Stacked Imbalance Continuation","PAT-STACK-PULLBACK-HOLD-REACCEL-001","Stacked Imbalance Continuation / Trend Pullback / Zone Hold / Re-acceleration","0.1.0","ADVANCE","S01_OBSERVED","trend imbalance","S02_OBSERVED","pullback","pullback","ADVANCED","","","RETEST","DIRECT","WORLD_DERIVED","S11 S12"
"PAT-STACK-PULLBACK-HOLD-REACCEL-001::E03","STR-STACKED-IMBALANCE-CONTINUATION","Stacked Imbalance Continuation","PAT-STACK-PULLBACK-HOLD-REACCEL-001","Stacked Imbalance Continuation / Trend Pullback / Zone Hold / Re-acceleration","0.1.0","ADVANCE","S02_OBSERVED","pullback","S03_OBSERVED","initial stack zoneでprice停止","initial stack zoneでprice停止","ADVANCED","","","RETEST","DIRECT","WORLD_DERIVED","S11 S12"
"PAT-STACK-PULLBACK-HOLD-REACCEL-001::E04","STR-STACKED-IMBALANCE-CONTINUATION","Stacked Imbalance Continuation","PAT-STACK-PULLBACK-HOLD-REACCEL-001","Stacked Imbalance Continuation / Trend Pullback / Zone Hold / Re-acceleration","0.1.0","ADVANCE","S03_OBSERVED","initial stack zoneでprice停止","S04_OBSERVED","opposite imbalance欠如","opposite imbalance欠如","ADVANCED","","","RETEST","DIRECT","WORLD_DERIVED","S11 S12"
"PAT-STACK-PULLBACK-HOLD-REACCEL-001::E05","STR-STACKED-IMBALANCE-CONTINUATION","Stacked Imbalance Continuation","PAT-STACK-PULLBACK-HOLD-REACCEL-001","Stacked Imbalance Continuation / Trend Pullback / Zone Hold / Re-acceleration","0.1.0","ADVANCE","S04_OBSERVED","opposite imbalance欠如","S05_OBSERVED","same-side stack再出現","same-side stack再出現","ADVANCED","","","RETEST","DIRECT","WORLD_DERIVED","S11 S12"
"PAT-STACK-PULLBACK-HOLD-REACCEL-001::E90","STR-STACKED-IMBALANCE-CONTINUATION","Stacked Imbalance Continuation","PAT-STACK-PULLBACK-HOLD-REACCEL-001","Stacked Imbalance Continuation / Trend Pullback / Zone Hold / Re-acceleration","0.1.0","TERMINAL","S05_OBSERVED","same-side stack再出現","S90_ORDER_READY","Pattern観察完了。risk／execution gateへOrder Intentを渡せる","trend-side ready","ORDER_READY","trend-side ready","","RETEST","DIRECT","WORLD_DERIVED","S11 S12"
"PAT-STACK-PULLBACK-HOLD-REACCEL-001::E98","STR-STACKED-IMBALANCE-CONTINUATION","Stacked Imbalance Continuation","PAT-STACK-PULLBACK-HOLD-REACCEL-001","Stacked Imbalance Continuation / Trend Pullback / Zone Hold / Re-acceleration","0.1.0","INVALIDATE","ANY_ACTIVE_STATE","S00からterminal前までの任意active state","S98_INVALIDATED","反証によりObservation Instance終了","opposite stacked imbalanceがzoneを貫通","INVALIDATED","","opposite stacked imbalanceがzoneを貫通","RETEST","DIRECT","WORLD_DERIVED","S11 S12"
"PAT-STACK-PULLBACK-HOLD-REACCEL-001::E99","STR-STACKED-IMBALANCE-CONTINUATION","Stacked Imbalance Continuation","PAT-STACK-PULLBACK-HOLD-REACCEL-001","Stacked Imbalance Continuation / Trend Pullback / Zone Hold / Re-acceleration","0.1.0","EXPIRE","ANY_ACTIVE_STATE","S00からterminal前までの任意active state","S99_EXPIRED","観察期限到達によりObservation Instance終了","expiry_class=RETESTの較正済み期限到達","EXPIRED","","","RETEST","DIRECT","WORLD_DERIVED","S11 S12"
"PAT-STACK-PERSISTENCE-PROGRESS-001::E01","STR-STACKED-IMBALANCE-CONTINUATION","Stacked Imbalance Continuation","PAT-STACK-PERSISTENCE-PROGRESS-001","Stacked Imbalance Continuation / Multi-Unit Persistence / Price Progress","0.1.0","ADVANCE","S00_ARMED_BY_HOOK","Hookがnamed PatternのObservation Instanceを開始","S01_OBSERVED","stacked imbalance","stacked imbalance","ADVANCED","","","REACTION","DIRECT","WORLD_DERIVED","S11"
"PAT-STACK-PERSISTENCE-PROGRESS-001::E02","STR-STACKED-IMBALANCE-CONTINUATION","Stacked Imbalance Continuation","PAT-STACK-PERSISTENCE-PROGRESS-001","Stacked Imbalance Continuation / Multi-Unit Persistence / Price Progress","0.1.0","ADVANCE","S01_OBSERVED","stacked imbalance","S02_OBSERVED","次の観察単位にも同方向imbalance","次の観察単位にも同方向imbalance","ADVANCED","","","REACTION","DIRECT","WORLD_DERIVED","S11"
"PAT-STACK-PERSISTENCE-PROGRESS-001::E03","STR-STACKED-IMBALANCE-CONTINUATION","Stacked Imbalance Continuation","PAT-STACK-PERSISTENCE-PROGRESS-001","Stacked Imbalance Continuation / Multi-Unit Persistence / Price Progress","0.1.0","ADVANCE","S02_OBSERVED","次の観察単位にも同方向imbalance","S03_OBSERVED","priceが逆行せず進展","priceが逆行せず進展","ADVANCED","","","REACTION","DIRECT","WORLD_DERIVED","S11"
"PAT-STACK-PERSISTENCE-PROGRESS-001::E04","STR-STACKED-IMBALANCE-CONTINUATION","Stacked Imbalance Continuation","PAT-STACK-PERSISTENCE-PROGRESS-001","Stacked Imbalance Continuation / Multi-Unit Persistence / Price Progress","0.1.0","ADVANCE","S03_OBSERVED","priceが逆行せず進展","S04_OBSERVED","supporting zone切上げ／切下げ","supporting zone切上げ／切下げ","ADVANCED","","","REACTION","DIRECT","WORLD_DERIVED","S11"
"PAT-STACK-PERSISTENCE-PROGRESS-001::E05","STR-STACKED-IMBALANCE-CONTINUATION","Stacked Imbalance Continuation","PAT-STACK-PERSISTENCE-PROGRESS-001","Stacked Imbalance Continuation / Multi-Unit Persistence / Price Progress","0.1.0","ADVANCE","S04_OBSERVED","supporting zone切上げ／切下げ","S05_OBSERVED","aggression維持","aggression維持","ADVANCED","","","REACTION","DIRECT","WORLD_DERIVED","S11"
"PAT-STACK-PERSISTENCE-PROGRESS-001::E90","STR-STACKED-IMBALANCE-CONTINUATION","Stacked Imbalance Continuation","PAT-STACK-PERSISTENCE-PROGRESS-001","Stacked Imbalance Continuation / Multi-Unit Persistence / Price Progress","0.1.0","TERMINAL","S05_OBSERVED","aggression維持","S90_ORDER_READY","Pattern観察完了。risk／execution gateへOrder Intentを渡せる","trend-side ready","ORDER_READY","trend-side ready","","REACTION","DIRECT","WORLD_DERIVED","S11"
"PAT-STACK-PERSISTENCE-PROGRESS-001::E98","STR-STACKED-IMBALANCE-CONTINUATION","Stacked Imbalance Continuation","PAT-STACK-PERSISTENCE-PROGRESS-001","Stacked Imbalance Continuation / Multi-Unit Persistence / Price Progress","0.1.0","INVALIDATE","ANY_ACTIVE_STATE","S00からterminal前までの任意active state","S98_INVALIDATED","反証によりObservation Instance終了","imbalance継続なのにprice進展停止","INVALIDATED","","imbalance継続なのにprice進展停止","REACTION","DIRECT","WORLD_DERIVED","S11"
"PAT-STACK-PERSISTENCE-PROGRESS-001::E99","STR-STACKED-IMBALANCE-CONTINUATION","Stacked Imbalance Continuation","PAT-STACK-PERSISTENCE-PROGRESS-001","Stacked Imbalance Continuation / Multi-Unit Persistence / Price Progress","0.1.0","EXPIRE","ANY_ACTIVE_STATE","S00からterminal前までの任意active state","S99_EXPIRED","観察期限到達によりObservation Instance終了","expiry_class=REACTIONの較正済み期限到達","EXPIRED","","","REACTION","DIRECT","WORLD_DERIVED","S11"
"PAT-ICE-BARRIER-DEPLETE-BREAK-001::E01","STR-ICEBERG-BREAKOUT","Iceberg Breakout","PAT-ICE-BARRIER-DEPLETE-BREAK-001","Iceberg Breakout / Repeated Refill / Barrier Depletion / Break","0.1.0","ADVANCE","S00_ARMED_BY_HOOK","Hookがnamed PatternのObservation Instanceを開始","S01_OBSERVED","same priceで大量execution","same priceで大量execution","ADVANCED","","","BREAK_ACCEPT","INFERRED","WORLD_DERIVED","S17 S20"
"PAT-ICE-BARRIER-DEPLETE-BREAK-001::E02","STR-ICEBERG-BREAKOUT","Iceberg Breakout","PAT-ICE-BARRIER-DEPLETE-BREAK-001","Iceberg Breakout / Repeated Refill / Barrier Depletion / Break","0.1.0","ADVANCE","S01_OBSERVED","same priceで大量execution","S02_OBSERVED","visible size以上のrefill推定","visible size以上のrefill推定","ADVANCED","","","BREAK_ACCEPT","INFERRED","WORLD_DERIVED","S17 S20"
"PAT-ICE-BARRIER-DEPLETE-BREAK-001::E03","STR-ICEBERG-BREAKOUT","Iceberg Breakout","PAT-ICE-BARRIER-DEPLETE-BREAK-001","Iceberg Breakout / Repeated Refill / Barrier Depletion / Break","0.1.0","ADVANCE","S02_OBSERVED","visible size以上のrefill推定","S03_OBSERVED","price barrier保持","price barrier保持","ADVANCED","","","BREAK_ACCEPT","INFERRED","WORLD_DERIVED","S17 S20"
"PAT-ICE-BARRIER-DEPLETE-BREAK-001::E04","STR-ICEBERG-BREAKOUT","Iceberg Breakout","PAT-ICE-BARRIER-DEPLETE-BREAK-001","Iceberg Breakout / Repeated Refill / Barrier Depletion / Break","0.1.0","ADVANCE","S03_OBSERVED","price barrier保持","S04_OBSERVED","refill速度低下／消失","refill速度低下／消失","ADVANCED","","","BREAK_ACCEPT","INFERRED","WORLD_DERIVED","S17 S20"
"PAT-ICE-BARRIER-DEPLETE-BREAK-001::E05","STR-ICEBERG-BREAKOUT","Iceberg Breakout","PAT-ICE-BARRIER-DEPLETE-BREAK-001","Iceberg Breakout / Repeated Refill / Barrier Depletion / Break","0.1.0","ADVANCE","S04_OBSERVED","refill速度低下／消失","S05_OBSERVED","barrier突破","barrier突破","ADVANCED","","","BREAK_ACCEPT","INFERRED","WORLD_DERIVED","S17 S20"
"PAT-ICE-BARRIER-DEPLETE-BREAK-001::E90","STR-ICEBERG-BREAKOUT","Iceberg Breakout","PAT-ICE-BARRIER-DEPLETE-BREAK-001","Iceberg Breakout / Repeated Refill / Barrier Depletion / Break","0.1.0","TERMINAL","S05_OBSERVED","barrier突破","S90_ORDER_READY","Pattern観察完了。risk／execution gateへOrder Intentを渡せる","break方向ready","ORDER_READY","break方向ready","","BREAK_ACCEPT","INFERRED","WORLD_DERIVED","S17 S20"
"PAT-ICE-BARRIER-DEPLETE-BREAK-001::E98","STR-ICEBERG-BREAKOUT","Iceberg Breakout","PAT-ICE-BARRIER-DEPLETE-BREAK-001","Iceberg Breakout / Repeated Refill / Barrier Depletion / Break","0.1.0","INVALIDATE","ANY_ACTIVE_STATE","S00からterminal前までの任意active state","S98_INVALIDATED","反証によりObservation Instance終了","icebergが継続しprice反転","INVALIDATED","","icebergが継続しprice反転","BREAK_ACCEPT","INFERRED","WORLD_DERIVED","S17 S20"
"PAT-ICE-BARRIER-DEPLETE-BREAK-001::E99","STR-ICEBERG-BREAKOUT","Iceberg Breakout","PAT-ICE-BARRIER-DEPLETE-BREAK-001","Iceberg Breakout / Repeated Refill / Barrier Depletion / Break","0.1.0","EXPIRE","ANY_ACTIVE_STATE","S00からterminal前までの任意active state","S99_EXPIRED","観察期限到達によりObservation Instance終了","expiry_class=BREAK_ACCEPTの較正済み期限到達","EXPIRED","","","BREAK_ACCEPT","INFERRED","WORLD_DERIVED","S17 S20"
"PAT-ICE-HIDDEN-ACCUM-BUYBREAK-001::E01","STR-ICEBERG-BREAKOUT","Iceberg Breakout","PAT-ICE-HIDDEN-ACCUM-BUYBREAK-001","Iceberg Breakout / Hidden Accumulation / Buyer Initiative","0.1.0","ADVANCE","S00_ARMED_BY_HOOK","Hookがnamed PatternのObservation Instanceを開始","S01_OBSERVED","repeated iceberg-like buy fills","repeated iceberg-like buy fills","ADVANCED","","","BREAK_ACCEPT","INFERRED","WORLD_DERIVED","S17 S20"
"PAT-ICE-HIDDEN-ACCUM-BUYBREAK-001::E02","STR-ICEBERG-BREAKOUT","Iceberg Breakout","PAT-ICE-HIDDEN-ACCUM-BUYBREAK-001","Iceberg Breakout / Hidden Accumulation / Buyer Initiative","0.1.0","ADVANCE","S01_OBSERVED","repeated iceberg-like buy fills","S02_OBSERVED","price floor保持","price floor保持","ADVANCED","","","BREAK_ACCEPT","INFERRED","WORLD_DERIVED","S17 S20"
"PAT-ICE-HIDDEN-ACCUM-BUYBREAK-001::E03","STR-ICEBERG-BREAKOUT","Iceberg Breakout","PAT-ICE-HIDDEN-ACCUM-BUYBREAK-001","Iceberg Breakout / Hidden Accumulation / Buyer Initiative","0.1.0","ADVANCE","S02_OBSERVED","price floor保持","S03_OBSERVED","sell pressure減衰","sell pressure減衰","ADVANCED","","","BREAK_ACCEPT","INFERRED","WORLD_DERIVED","S17 S20"
"PAT-ICE-HIDDEN-ACCUM-BUYBREAK-001::E04","STR-ICEBERG-BREAKOUT","Iceberg Breakout","PAT-ICE-HIDDEN-ACCUM-BUYBREAK-001","Iceberg Breakout / Hidden Accumulation / Buyer Initiative","0.1.0","ADVANCE","S03_OBSERVED","sell pressure減衰","S04_OBSERVED","aggressive buying出現","aggressive buying出現","ADVANCED","","","BREAK_ACCEPT","INFERRED","WORLD_DERIVED","S17 S20"
"PAT-ICE-HIDDEN-ACCUM-BUYBREAK-001::E05","STR-ICEBERG-BREAKOUT","Iceberg Breakout","PAT-ICE-HIDDEN-ACCUM-BUYBREAK-001","Iceberg Breakout / Hidden Accumulation / Buyer Initiative","0.1.0","ADVANCE","S04_OBSERVED","aggressive buying出現","S05_OBSERVED","upper structure break","upper structure break","ADVANCED","","","BREAK_ACCEPT","INFERRED","WORLD_DERIVED","S17 S20"
"PAT-ICE-HIDDEN-ACCUM-BUYBREAK-001::E90","STR-ICEBERG-BREAKOUT","Iceberg Breakout","PAT-ICE-HIDDEN-ACCUM-BUYBREAK-001","Iceberg Breakout / Hidden Accumulation / Buyer Initiative","0.1.0","TERMINAL","S05_OBSERVED","upper structure break","S90_ORDER_READY","Pattern観察完了。risk／execution gateへOrder Intentを渡せる","BUY ready","ORDER_READY","BUY ready","","BREAK_ACCEPT","INFERRED","WORLD_DERIVED","S17 S20"
"PAT-ICE-HIDDEN-ACCUM-BUYBREAK-001::E98","STR-ICEBERG-BREAKOUT","Iceberg Breakout","PAT-ICE-HIDDEN-ACCUM-BUYBREAK-001","Iceberg Breakout / Hidden Accumulation / Buyer Initiative","0.1.0","INVALIDATE","ANY_ACTIVE_STATE","S00からterminal前までの任意active state","S98_INVALIDATED","反証によりObservation Instance終了","floor breakかつsell acceptance","INVALIDATED","","floor breakかつsell acceptance","BREAK_ACCEPT","INFERRED","WORLD_DERIVED","S17 S20"
"PAT-ICE-HIDDEN-ACCUM-BUYBREAK-001::E99","STR-ICEBERG-BREAKOUT","Iceberg Breakout","PAT-ICE-HIDDEN-ACCUM-BUYBREAK-001","Iceberg Breakout / Hidden Accumulation / Buyer Initiative","0.1.0","EXPIRE","ANY_ACTIVE_STATE","S00からterminal前までの任意active state","S99_EXPIRED","観察期限到達によりObservation Instance終了","expiry_class=BREAK_ACCEPTの較正済み期限到達","EXPIRED","","","BREAK_ACCEPT","INFERRED","WORLD_DERIVED","S17 S20"
"PAT-ICE-HIDDEN-DISTRIB-SELLBREAK-001::E01","STR-ICEBERG-BREAKOUT","Iceberg Breakout","PAT-ICE-HIDDEN-DISTRIB-SELLBREAK-001","Iceberg Breakout / Hidden Distribution / Seller Initiative","0.1.0","ADVANCE","S00_ARMED_BY_HOOK","Hookがnamed PatternのObservation Instanceを開始","S01_OBSERVED","repeated iceberg-like sell fills","repeated iceberg-like sell fills","ADVANCED","","","BREAK_ACCEPT","INFERRED","WORLD_DERIVED","S17 S20"
"PAT-ICE-HIDDEN-DISTRIB-SELLBREAK-001::E02","STR-ICEBERG-BREAKOUT","Iceberg Breakout","PAT-ICE-HIDDEN-DISTRIB-SELLBREAK-001","Iceberg Breakout / Hidden Distribution / Seller Initiative","0.1.0","ADVANCE","S01_OBSERVED","repeated iceberg-like sell fills","S02_OBSERVED","price ceiling保持","price ceiling保持","ADVANCED","","","BREAK_ACCEPT","INFERRED","WORLD_DERIVED","S17 S20"
"PAT-ICE-HIDDEN-DISTRIB-SELLBREAK-001::E03","STR-ICEBERG-BREAKOUT","Iceberg Breakout","PAT-ICE-HIDDEN-DISTRIB-SELLBREAK-001","Iceberg Breakout / Hidden Distribution / Seller Initiative","0.1.0","ADVANCE","S02_OBSERVED","price ceiling保持","S03_OBSERVED","buy pressure減衰","buy pressure減衰","ADVANCED","","","BREAK_ACCEPT","INFERRED","WORLD_DERIVED","S17 S20"
"PAT-ICE-HIDDEN-DISTRIB-SELLBREAK-001::E04","STR-ICEBERG-BREAKOUT","Iceberg Breakout","PAT-ICE-HIDDEN-DISTRIB-SELLBREAK-001","Iceberg Breakout / Hidden Distribution / Seller Initiative","0.1.0","ADVANCE","S03_OBSERVED","buy pressure減衰","S04_OBSERVED","aggressive selling出現","aggressive selling出現","ADVANCED","","","BREAK_ACCEPT","INFERRED","WORLD_DERIVED","S17 S20"
"PAT-ICE-HIDDEN-DISTRIB-SELLBREAK-001::E05","STR-ICEBERG-BREAKOUT","Iceberg Breakout","PAT-ICE-HIDDEN-DISTRIB-SELLBREAK-001","Iceberg Breakout / Hidden Distribution / Seller Initiative","0.1.0","ADVANCE","S04_OBSERVED","aggressive selling出現","S05_OBSERVED","lower structure break","lower structure break","ADVANCED","","","BREAK_ACCEPT","INFERRED","WORLD_DERIVED","S17 S20"
"PAT-ICE-HIDDEN-DISTRIB-SELLBREAK-001::E90","STR-ICEBERG-BREAKOUT","Iceberg Breakout","PAT-ICE-HIDDEN-DISTRIB-SELLBREAK-001","Iceberg Breakout / Hidden Distribution / Seller Initiative","0.1.0","TERMINAL","S05_OBSERVED","lower structure break","S90_ORDER_READY","Pattern観察完了。risk／execution gateへOrder Intentを渡せる","SELL ready","ORDER_READY","SELL ready","","BREAK_ACCEPT","INFERRED","WORLD_DERIVED","S17 S20"
"PAT-ICE-HIDDEN-DISTRIB-SELLBREAK-001::E98","STR-ICEBERG-BREAKOUT","Iceberg Breakout","PAT-ICE-HIDDEN-DISTRIB-SELLBREAK-001","Iceberg Breakout / Hidden Distribution / Seller Initiative","0.1.0","INVALIDATE","ANY_ACTIVE_STATE","S00からterminal前までの任意active state","S98_INVALIDATED","反証によりObservation Instance終了","ceiling breakかつbuy acceptance","INVALIDATED","","ceiling breakかつbuy acceptance","BREAK_ACCEPT","INFERRED","WORLD_DERIVED","S17 S20"
"PAT-ICE-HIDDEN-DISTRIB-SELLBREAK-001::E99","STR-ICEBERG-BREAKOUT","Iceberg Breakout","PAT-ICE-HIDDEN-DISTRIB-SELLBREAK-001","Iceberg Breakout / Hidden Distribution / Seller Initiative","0.1.0","EXPIRE","ANY_ACTIVE_STATE","S00からterminal前までの任意active state","S99_EXPIRED","観察期限到達によりObservation Instance終了","expiry_class=BREAK_ACCEPTの較正済み期限到達","EXPIRED","","","BREAK_ACCEPT","INFERRED","WORLD_DERIVED","S17 S20"
"PAT-ICE-SECOND-ATTEMPT-DEPLETION-001::E01","STR-ICEBERG-BREAKOUT","Iceberg Breakout","PAT-ICE-SECOND-ATTEMPT-DEPLETION-001","Iceberg Breakout / Second Attempt / Absorber Exhaustion","0.1.0","ADVANCE","S00_ARMED_BY_HOOK","Hookがnamed PatternのObservation Instanceを開始","S01_OBSERVED","known absorption zone","known absorption zone","ADVANCED","","","BREAK_ACCEPT","INFERRED","WORLD_DERIVED","S05"
"PAT-ICE-SECOND-ATTEMPT-DEPLETION-001::E02","STR-ICEBERG-BREAKOUT","Iceberg Breakout","PAT-ICE-SECOND-ATTEMPT-DEPLETION-001","Iceberg Breakout / Second Attempt / Absorber Exhaustion","0.1.0","ADVANCE","S01_OBSERVED","known absorption zone","S02_OBSERVED","first break attempt失敗","first break attempt失敗","ADVANCED","","","BREAK_ACCEPT","INFERRED","WORLD_DERIVED","S05"
"PAT-ICE-SECOND-ATTEMPT-DEPLETION-001::E03","STR-ICEBERG-BREAKOUT","Iceberg Breakout","PAT-ICE-SECOND-ATTEMPT-DEPLETION-001","Iceberg Breakout / Second Attempt / Absorber Exhaustion","0.1.0","ADVANCE","S02_OBSERVED","first break attempt失敗","S03_OBSERVED","second attemptでexecution継続","second attemptでexecution継続","ADVANCED","","","BREAK_ACCEPT","INFERRED","WORLD_DERIVED","S05"
"PAT-ICE-SECOND-ATTEMPT-DEPLETION-001::E04","STR-ICEBERG-BREAKOUT","Iceberg Breakout","PAT-ICE-SECOND-ATTEMPT-DEPLETION-001","Iceberg Breakout / Second Attempt / Absorber Exhaustion","0.1.0","ADVANCE","S03_OBSERVED","second attemptでexecution継続","S04_OBSERVED","absorber follow-through低下","absorber follow-through低下","ADVANCED","","","BREAK_ACCEPT","INFERRED","WORLD_DERIVED","S05"
"PAT-ICE-SECOND-ATTEMPT-DEPLETION-001::E05","STR-ICEBERG-BREAKOUT","Iceberg Breakout","PAT-ICE-SECOND-ATTEMPT-DEPLETION-001","Iceberg Breakout / Second Attempt / Absorber Exhaustion","0.1.0","ADVANCE","S04_OBSERVED","absorber follow-through低下","S05_OBSERVED","zone突破","zone突破","ADVANCED","","","BREAK_ACCEPT","INFERRED","WORLD_DERIVED","S05"
"PAT-ICE-SECOND-ATTEMPT-DEPLETION-001::E90","STR-ICEBERG-BREAKOUT","Iceberg Breakout","PAT-ICE-SECOND-ATTEMPT-DEPLETION-001","Iceberg Breakout / Second Attempt / Absorber Exhaustion","0.1.0","TERMINAL","S05_OBSERVED","zone突破","S90_ORDER_READY","Pattern観察完了。risk／execution gateへOrder Intentを渡せる","break方向ready","ORDER_READY","break方向ready","","BREAK_ACCEPT","INFERRED","WORLD_DERIVED","S05"
"PAT-ICE-SECOND-ATTEMPT-DEPLETION-001::E98","STR-ICEBERG-BREAKOUT","Iceberg Breakout","PAT-ICE-SECOND-ATTEMPT-DEPLETION-001","Iceberg Breakout / Second Attempt / Absorber Exhaustion","0.1.0","INVALIDATE","ANY_ACTIVE_STATE","S00からterminal前までの任意active state","S98_INVALIDATED","反証によりObservation Instance終了","second attemptもrejectされrange復帰","INVALIDATED","","second attemptもrejectされrange復帰","BREAK_ACCEPT","INFERRED","WORLD_DERIVED","S05"
"PAT-ICE-SECOND-ATTEMPT-DEPLETION-001::E99","STR-ICEBERG-BREAKOUT","Iceberg Breakout","PAT-ICE-SECOND-ATTEMPT-DEPLETION-001","Iceberg Breakout / Second Attempt / Absorber Exhaustion","0.1.0","EXPIRE","ANY_ACTIVE_STATE","S00からterminal前までの任意active state","S99_EXPIRED","観察期限到達によりObservation Instance終了","expiry_class=BREAK_ACCEPTの較正済み期限到達","EXPIRED","","","BREAK_ACCEPT","INFERRED","WORLD_DERIVED","S05"
"PAT-ICE-BREAK-STOPS-ACCEPT-001::E01","STR-ICEBERG-BREAKOUT","Iceberg Breakout","PAT-ICE-BREAK-STOPS-ACCEPT-001","Iceberg Breakout / Wall Break / Stops / New-Level Acceptance","0.1.0","ADVANCE","S00_ARMED_BY_HOOK","Hookがnamed PatternのObservation Instanceを開始","S01_OBSERVED","iceberg barrier消費","iceberg barrier消費","ADVANCED","","","BREAK_ACCEPT","INFERRED","WORLD_DERIVED","S20 S21"
"PAT-ICE-BREAK-STOPS-ACCEPT-001::E02","STR-ICEBERG-BREAKOUT","Iceberg Breakout","PAT-ICE-BREAK-STOPS-ACCEPT-001","Iceberg Breakout / Wall Break / Stops / New-Level Acceptance","0.1.0","ADVANCE","S01_OBSERVED","iceberg barrier消費","S02_OBSERVED","price break","price break","ADVANCED","","","BREAK_ACCEPT","INFERRED","WORLD_DERIVED","S20 S21"
"PAT-ICE-BREAK-STOPS-ACCEPT-001::E03","STR-ICEBERG-BREAKOUT","Iceberg Breakout","PAT-ICE-BREAK-STOPS-ACCEPT-001","Iceberg Breakout / Wall Break / Stops / New-Level Acceptance","0.1.0","ADVANCE","S02_OBSERVED","price break","S03_OBSERVED","stops trigger","stops trigger","ADVANCED","","","BREAK_ACCEPT","INFERRED","WORLD_DERIVED","S20 S21"
"PAT-ICE-BREAK-STOPS-ACCEPT-001::E04","STR-ICEBERG-BREAKOUT","Iceberg Breakout","PAT-ICE-BREAK-STOPS-ACCEPT-001","Iceberg Breakout / Wall Break / Stops / New-Level Acceptance","0.1.0","ADVANCE","S03_OBSERVED","stops trigger","S04_OBSERVED","aggression継続","aggression継続","ADVANCED","","","BREAK_ACCEPT","INFERRED","WORLD_DERIVED","S20 S21"
"PAT-ICE-BREAK-STOPS-ACCEPT-001::E05","STR-ICEBERG-BREAKOUT","Iceberg Breakout","PAT-ICE-BREAK-STOPS-ACCEPT-001","Iceberg Breakout / Wall Break / Stops / New-Level Acceptance","0.1.0","ADVANCE","S04_OBSERVED","aggression継続","S05_OBSERVED","liquidityがprice後方へ形成","liquidityがprice後方へ形成","ADVANCED","","","BREAK_ACCEPT","INFERRED","WORLD_DERIVED","S20 S21"
"PAT-ICE-BREAK-STOPS-ACCEPT-001::E06","STR-ICEBERG-BREAKOUT","Iceberg Breakout","PAT-ICE-BREAK-STOPS-ACCEPT-001","Iceberg Breakout / Wall Break / Stops / New-Level Acceptance","0.1.0","ADVANCE","S05_OBSERVED","liquidityがprice後方へ形成","S06_OBSERVED","retest hold","retest hold","ADVANCED","","","BREAK_ACCEPT","INFERRED","WORLD_DERIVED","S20 S21"
"PAT-ICE-BREAK-STOPS-ACCEPT-001::E90","STR-ICEBERG-BREAKOUT","Iceberg Breakout","PAT-ICE-BREAK-STOPS-ACCEPT-001","Iceberg Breakout / Wall Break / Stops / New-Level Acceptance","0.1.0","TERMINAL","S06_OBSERVED","retest hold","S90_ORDER_READY","Pattern観察完了。risk／execution gateへOrder Intentを渡せる","continuation ready","ORDER_READY","continuation ready","","BREAK_ACCEPT","INFERRED","WORLD_DERIVED","S20 S21"
"PAT-ICE-BREAK-STOPS-ACCEPT-001::E98","STR-ICEBERG-BREAKOUT","Iceberg Breakout","PAT-ICE-BREAK-STOPS-ACCEPT-001","Iceberg Breakout / Wall Break / Stops / New-Level Acceptance","0.1.0","INVALIDATE","ANY_ACTIVE_STATE","S00からterminal前までの任意active state","S98_INVALIDATED","反証によりObservation Instance終了","stop burst後に新levelを保持できずsnapback","INVALIDATED","","stop burst後に新levelを保持できずsnapback","BREAK_ACCEPT","INFERRED","WORLD_DERIVED","S20 S21"
"PAT-ICE-BREAK-STOPS-ACCEPT-001::E99","STR-ICEBERG-BREAKOUT","Iceberg Breakout","PAT-ICE-BREAK-STOPS-ACCEPT-001","Iceberg Breakout / Wall Break / Stops / New-Level Acceptance","0.1.0","EXPIRE","ANY_ACTIVE_STATE","S00からterminal前までの任意active state","S99_EXPIRED","観察期限到達によりObservation Instance終了","expiry_class=BREAK_ACCEPTの較正済み期限到達","EXPIRED","","","BREAK_ACCEPT","INFERRED","WORLD_DERIVED","S20 S21"
"PAT-SWEEP-HIGH-ABSORB-SNAPBACK-001::E01","STR-LIQUIDITY-SWEEP","Liquidity Sweep","PAT-SWEEP-HIGH-ABSORB-SNAPBACK-001","Liquidity Sweep / High Stop Run / Sell Absorption / Snapback","0.1.0","ADVANCE","S00_ARMED_BY_HOOK","Hookがnamed PatternのObservation Instanceを開始","S01_OBSERVED","prior high上のliquidity cluster","prior high上のliquidity cluster","ADVANCED","","","REACTION","HYBRID","WORLD_DERIVED","S18 S20"
"PAT-SWEEP-HIGH-ABSORB-SNAPBACK-001::E02","STR-LIQUIDITY-SWEEP","Liquidity Sweep","PAT-SWEEP-HIGH-ABSORB-SNAPBACK-001","Liquidity Sweep / High Stop Run / Sell Absorption / Snapback","0.1.0","ADVANCE","S01_OBSERVED","prior high上のliquidity cluster","S02_OBSERVED","aggressive buy sweep","aggressive buy sweep","ADVANCED","","","REACTION","HYBRID","WORLD_DERIVED","S18 S20"
"PAT-SWEEP-HIGH-ABSORB-SNAPBACK-001::E03","STR-LIQUIDITY-SWEEP","Liquidity Sweep","PAT-SWEEP-HIGH-ABSORB-SNAPBACK-001","Liquidity Sweep / High Stop Run / Sell Absorption / Snapback","0.1.0","ADVANCE","S02_OBSERVED","aggressive buy sweep","S03_OBSERVED","large sell absorption","large sell absorption","ADVANCED","","","REACTION","HYBRID","WORLD_DERIVED","S18 S20"
"PAT-SWEEP-HIGH-ABSORB-SNAPBACK-001::E04","STR-LIQUIDITY-SWEEP","Liquidity Sweep","PAT-SWEEP-HIGH-ABSORB-SNAPBACK-001","Liquidity Sweep / High Stop Run / Sell Absorption / Snapback","0.1.0","ADVANCE","S03_OBSERVED","large sell absorption","S04_OBSERVED","no higher progress","no higher progress","ADVANCED","","","REACTION","HYBRID","WORLD_DERIVED","S18 S20"
"PAT-SWEEP-HIGH-ABSORB-SNAPBACK-001::E05","STR-LIQUIDITY-SWEEP","Liquidity Sweep","PAT-SWEEP-HIGH-ABSORB-SNAPBACK-001","Liquidity Sweep / High Stop Run / Sell Absorption / Snapback","0.1.0","ADVANCE","S04_OBSERVED","no higher progress","S05_OBSERVED","prior range復帰","prior range復帰","ADVANCED","","","REACTION","HYBRID","WORLD_DERIVED","S18 S20"
"PAT-SWEEP-HIGH-ABSORB-SNAPBACK-001::E90","STR-LIQUIDITY-SWEEP","Liquidity Sweep","PAT-SWEEP-HIGH-ABSORB-SNAPBACK-001","Liquidity Sweep / High Stop Run / Sell Absorption / Snapback","0.1.0","TERMINAL","S05_OBSERVED","prior range復帰","S90_ORDER_READY","Pattern観察完了。risk／execution gateへOrder Intentを渡せる","SELL ready","ORDER_READY","SELL ready","","REACTION","HYBRID","WORLD_DERIVED","S18 S20"
"PAT-SWEEP-HIGH-ABSORB-SNAPBACK-001::E98","STR-LIQUIDITY-SWEEP","Liquidity Sweep","PAT-SWEEP-HIGH-ABSORB-SNAPBACK-001","Liquidity Sweep / High Stop Run / Sell Absorption / Snapback","0.1.0","INVALIDATE","ANY_ACTIVE_STATE","S00からterminal前までの任意active state","S98_INVALIDATED","反証によりObservation Instance終了","high外でvolume／value形成","INVALIDATED","","high外でvolume／value形成","REACTION","HYBRID","WORLD_DERIVED","S18 S20"
"PAT-SWEEP-HIGH-ABSORB-SNAPBACK-001::E99","STR-LIQUIDITY-SWEEP","Liquidity Sweep","PAT-SWEEP-HIGH-ABSORB-SNAPBACK-001","Liquidity Sweep / High Stop Run / Sell Absorption / Snapback","0.1.0","EXPIRE","ANY_ACTIVE_STATE","S00からterminal前までの任意active state","S99_EXPIRED","観察期限到達によりObservation Instance終了","expiry_class=REACTIONの較正済み期限到達","EXPIRED","","","REACTION","HYBRID","WORLD_DERIVED","S18 S20"
"PAT-SWEEP-LOW-ABSORB-SNAPBACK-001::E01","STR-LIQUIDITY-SWEEP","Liquidity Sweep","PAT-SWEEP-LOW-ABSORB-SNAPBACK-001","Liquidity Sweep / Low Stop Run / Buy Absorption / Snapback","0.1.0","ADVANCE","S00_ARMED_BY_HOOK","Hookがnamed PatternのObservation Instanceを開始","S01_OBSERVED","prior low下のliquidity cluster","prior low下のliquidity cluster","ADVANCED","","","REACTION","HYBRID","WORLD_DERIVED","S18 S23"
"PAT-SWEEP-LOW-ABSORB-SNAPBACK-001::E02","STR-LIQUIDITY-SWEEP","Liquidity Sweep","PAT-SWEEP-LOW-ABSORB-SNAPBACK-001","Liquidity Sweep / Low Stop Run / Buy Absorption / Snapback","0.1.0","ADVANCE","S01_OBSERVED","prior low下のliquidity cluster","S02_OBSERVED","aggressive sell sweep","aggressive sell sweep","ADVANCED","","","REACTION","HYBRID","WORLD_DERIVED","S18 S23"
"PAT-SWEEP-LOW-ABSORB-SNAPBACK-001::E03","STR-LIQUIDITY-SWEEP","Liquidity Sweep","PAT-SWEEP-LOW-ABSORB-SNAPBACK-001","Liquidity Sweep / Low Stop Run / Buy Absorption / Snapback","0.1.0","ADVANCE","S02_OBSERVED","aggressive sell sweep","S03_OBSERVED","large buy absorption","large buy absorption","ADVANCED","","","REACTION","HYBRID","WORLD_DERIVED","S18 S23"
"PAT-SWEEP-LOW-ABSORB-SNAPBACK-001::E04","STR-LIQUIDITY-SWEEP","Liquidity Sweep","PAT-SWEEP-LOW-ABSORB-SNAPBACK-001","Liquidity Sweep / Low Stop Run / Buy Absorption / Snapback","0.1.0","ADVANCE","S03_OBSERVED","large buy absorption","S04_OBSERVED","no lower progress","no lower progress","ADVANCED","","","REACTION","HYBRID","WORLD_DERIVED","S18 S23"
"PAT-SWEEP-LOW-ABSORB-SNAPBACK-001::E05","STR-LIQUIDITY-SWEEP","Liquidity Sweep","PAT-SWEEP-LOW-ABSORB-SNAPBACK-001","Liquidity Sweep / Low Stop Run / Buy Absorption / Snapback","0.1.0","ADVANCE","S04_OBSERVED","no lower progress","S05_OBSERVED","prior range復帰","prior range復帰","ADVANCED","","","REACTION","HYBRID","WORLD_DERIVED","S18 S23"
"PAT-SWEEP-LOW-ABSORB-SNAPBACK-001::E90","STR-LIQUIDITY-SWEEP","Liquidity Sweep","PAT-SWEEP-LOW-ABSORB-SNAPBACK-001","Liquidity Sweep / Low Stop Run / Buy Absorption / Snapback","0.1.0","TERMINAL","S05_OBSERVED","prior range復帰","S90_ORDER_READY","Pattern観察完了。risk／execution gateへOrder Intentを渡せる","BUY ready","ORDER_READY","BUY ready","","REACTION","HYBRID","WORLD_DERIVED","S18 S23"
"PAT-SWEEP-LOW-ABSORB-SNAPBACK-001::E98","STR-LIQUIDITY-SWEEP","Liquidity Sweep","PAT-SWEEP-LOW-ABSORB-SNAPBACK-001","Liquidity Sweep / Low Stop Run / Buy Absorption / Snapback","0.1.0","INVALIDATE","ANY_ACTIVE_STATE","S00からterminal前までの任意active state","S98_INVALIDATED","反証によりObservation Instance終了","low外でvolume／value形成","INVALIDATED","","low外でvolume／value形成","REACTION","HYBRID","WORLD_DERIVED","S18 S23"
"PAT-SWEEP-LOW-ABSORB-SNAPBACK-001::E99","STR-LIQUIDITY-SWEEP","Liquidity Sweep","PAT-SWEEP-LOW-ABSORB-SNAPBACK-001","Liquidity Sweep / Low Stop Run / Buy Absorption / Snapback","0.1.0","EXPIRE","ANY_ACTIVE_STATE","S00からterminal前までの任意active state","S99_EXPIRED","観察期限到達によりObservation Instance終了","expiry_class=REACTIONの較正済み期限到達","EXPIRED","","","REACTION","HYBRID","WORLD_DERIVED","S18 S23"
"PAT-SWEEP-ICEBERG-DRYUP-001::E01","STR-LIQUIDITY-SWEEP","Liquidity Sweep","PAT-SWEEP-ICEBERG-DRYUP-001","Liquidity Sweep / Stops into Iceberg / Aggressor Dry-Up","0.1.0","ADVANCE","S00_ARMED_BY_HOOK","Hookがnamed PatternのObservation Instanceを開始","S01_OBSERVED","strong move","strong move","ADVANCED","","","REACTION","INFERRED","WORLD_DERIVED","S17"
"PAT-SWEEP-ICEBERG-DRYUP-001::E02","STR-LIQUIDITY-SWEEP","Liquidity Sweep","PAT-SWEEP-ICEBERG-DRYUP-001","Liquidity Sweep / Stops into Iceberg / Aggressor Dry-Up","0.1.0","ADVANCE","S01_OBSERVED","strong move","S02_OBSERVED","stop sweep","stop sweep","ADVANCED","","","REACTION","INFERRED","WORLD_DERIVED","S17"
"PAT-SWEEP-ICEBERG-DRYUP-001::E03","STR-LIQUIDITY-SWEEP","Liquidity Sweep","PAT-SWEEP-ICEBERG-DRYUP-001","Liquidity Sweep / Stops into Iceberg / Aggressor Dry-Up","0.1.0","ADVANCE","S02_OBSERVED","stop sweep","S03_OBSERVED","iceberg-like wall execution","iceberg-like wall execution","ADVANCED","","","REACTION","INFERRED","WORLD_DERIVED","S17"
"PAT-SWEEP-ICEBERG-DRYUP-001::E04","STR-LIQUIDITY-SWEEP","Liquidity Sweep","PAT-SWEEP-ICEBERG-DRYUP-001","Liquidity Sweep / Stops into Iceberg / Aggressor Dry-Up","0.1.0","ADVANCE","S03_OBSERVED","iceberg-like wall execution","S04_OBSERVED","aggressionがdry-up","aggressionがdry-up","ADVANCED","","","REACTION","INFERRED","WORLD_DERIVED","S17"
"PAT-SWEEP-ICEBERG-DRYUP-001::E05","STR-LIQUIDITY-SWEEP","Liquidity Sweep","PAT-SWEEP-ICEBERG-DRYUP-001","Liquidity Sweep / Stops into Iceberg / Aggressor Dry-Up","0.1.0","ADVANCE","S04_OBSERVED","aggressionがdry-up","S05_OBSERVED","opposite aggression開始","opposite aggression開始","ADVANCED","","","REACTION","INFERRED","WORLD_DERIVED","S17"
"PAT-SWEEP-ICEBERG-DRYUP-001::E90","STR-LIQUIDITY-SWEEP","Liquidity Sweep","PAT-SWEEP-ICEBERG-DRYUP-001","Liquidity Sweep / Stops into Iceberg / Aggressor Dry-Up","0.1.0","TERMINAL","S05_OBSERVED","opposite aggression開始","S90_ORDER_READY","Pattern観察完了。risk／execution gateへOrder Intentを渡せる","reversal-side ready","ORDER_READY","reversal-side ready","","REACTION","INFERRED","WORLD_DERIVED","S17"
"PAT-SWEEP-ICEBERG-DRYUP-001::E98","STR-LIQUIDITY-SWEEP","Liquidity Sweep","PAT-SWEEP-ICEBERG-DRYUP-001","Liquidity Sweep / Stops into Iceberg / Aggressor Dry-Up","0.1.0","INVALIDATE","ANY_ACTIVE_STATE","S00からterminal前までの任意active state","S98_INVALIDATED","反証によりObservation Instance終了","wall消費後もsame-side aggression継続","INVALIDATED","","wall消費後もsame-side aggression継続","REACTION","INFERRED","WORLD_DERIVED","S17"
"PAT-SWEEP-ICEBERG-DRYUP-001::E99","STR-LIQUIDITY-SWEEP","Liquidity Sweep","PAT-SWEEP-ICEBERG-DRYUP-001","Liquidity Sweep / Stops into Iceberg / Aggressor Dry-Up","0.1.0","EXPIRE","ANY_ACTIVE_STATE","S00からterminal前までの任意active state","S99_EXPIRED","観察期限到達によりObservation Instance終了","expiry_class=REACTIONの較正済み期限到達","EXPIRED","","","REACTION","INFERRED","WORLD_DERIVED","S17"
"PAT-SWEEP-QUICK-RETURN-TRAP-001::E01","STR-LIQUIDITY-SWEEP","Liquidity Sweep","PAT-SWEEP-QUICK-RETURN-TRAP-001","Liquidity Sweep / Quick Range Return / Trapped Traders","0.1.0","ADVANCE","S00_ARMED_BY_HOOK","Hookがnamed PatternのObservation Instanceを開始","S01_OBSERVED","level break／stops","level break／stops","ADVANCED","","","REACTION","HYBRID","WORLD_DERIVED","S16 S18"
"PAT-SWEEP-QUICK-RETURN-TRAP-001::E02","STR-LIQUIDITY-SWEEP","Liquidity Sweep","PAT-SWEEP-QUICK-RETURN-TRAP-001","Liquidity Sweep / Quick Range Return / Trapped Traders","0.1.0","ADVANCE","S01_OBSERVED","level break／stops","S02_OBSERVED","outside滞在短い","outside滞在短い","ADVANCED","","","REACTION","HYBRID","WORLD_DERIVED","S16 S18"
"PAT-SWEEP-QUICK-RETURN-TRAP-001::E03","STR-LIQUIDITY-SWEEP","Liquidity Sweep","PAT-SWEEP-QUICK-RETURN-TRAP-001","Liquidity Sweep / Quick Range Return / Trapped Traders","0.1.0","ADVANCE","S02_OBSERVED","outside滞在短い","S03_OBSERVED","range内復帰","range内復帰","ADVANCED","","","REACTION","HYBRID","WORLD_DERIVED","S16 S18"
"PAT-SWEEP-QUICK-RETURN-TRAP-001::E04","STR-LIQUIDITY-SWEEP","Liquidity Sweep","PAT-SWEEP-QUICK-RETURN-TRAP-001","Liquidity Sweep / Quick Range Return / Trapped Traders","0.1.0","ADVANCE","S03_OBSERVED","range内復帰","S04_OBSERVED","breakout参加者のopposite exit flow","breakout参加者のopposite exit flow","ADVANCED","","","REACTION","HYBRID","WORLD_DERIVED","S16 S18"
"PAT-SWEEP-QUICK-RETURN-TRAP-001::E05","STR-LIQUIDITY-SWEEP","Liquidity Sweep","PAT-SWEEP-QUICK-RETURN-TRAP-001","Liquidity Sweep / Quick Range Return / Trapped Traders","0.1.0","ADVANCE","S04_OBSERVED","breakout参加者のopposite exit flow","S05_OBSERVED","reverse acceleration","reverse acceleration","ADVANCED","","","REACTION","HYBRID","WORLD_DERIVED","S16 S18"
"PAT-SWEEP-QUICK-RETURN-TRAP-001::E90","STR-LIQUIDITY-SWEEP","Liquidity Sweep","PAT-SWEEP-QUICK-RETURN-TRAP-001","Liquidity Sweep / Quick Range Return / Trapped Traders","0.1.0","TERMINAL","S05_OBSERVED","reverse acceleration","S90_ORDER_READY","Pattern観察完了。risk／execution gateへOrder Intentを渡せる","reversal-side ready","ORDER_READY","reversal-side ready","","REACTION","HYBRID","WORLD_DERIVED","S16 S18"
"PAT-SWEEP-QUICK-RETURN-TRAP-001::E98","STR-LIQUIDITY-SWEEP","Liquidity Sweep","PAT-SWEEP-QUICK-RETURN-TRAP-001","Liquidity Sweep / Quick Range Return / Trapped Traders","0.1.0","INVALIDATE","ANY_ACTIVE_STATE","S00からterminal前までの任意active state","S98_INVALIDATED","反証によりObservation Instance終了","range復帰せずnew level hold","INVALIDATED","","range復帰せずnew level hold","REACTION","HYBRID","WORLD_DERIVED","S16 S18"
"PAT-SWEEP-QUICK-RETURN-TRAP-001::E99","STR-LIQUIDITY-SWEEP","Liquidity Sweep","PAT-SWEEP-QUICK-RETURN-TRAP-001","Liquidity Sweep / Quick Range Return / Trapped Traders","0.1.0","EXPIRE","ANY_ACTIVE_STATE","S00からterminal前までの任意active state","S99_EXPIRED","観察期限到達によりObservation Instance終了","expiry_class=REACTIONの較正済み期限到達","EXPIRED","","","REACTION","HYBRID","WORLD_DERIVED","S16 S18"
"PAT-SWEEP-FRONTRUN-LIQUIDITY-TARGET-001::E01","STR-LIQUIDITY-SWEEP","Liquidity Sweep","PAT-SWEEP-FRONTRUN-LIQUIDITY-TARGET-001","Liquidity Sweep / Sell Stops / Front-Run Absorption / Offer Target","0.1.0","ADVANCE","S00_ARMED_BY_HOOK","Hookがnamed PatternのObservation Instanceを開始","S01_OBSERVED","low側stop run","low側stop run","ADVANCED","","","REACTION","HYBRID","WORLD_DERIVED","S23"
"PAT-SWEEP-FRONTRUN-LIQUIDITY-TARGET-001::E02","STR-LIQUIDITY-SWEEP","Liquidity Sweep","PAT-SWEEP-FRONTRUN-LIQUIDITY-TARGET-001","Liquidity Sweep / Sell Stops / Front-Run Absorption / Offer Target","0.1.0","ADVANCE","S01_OBSERVED","low側stop run","S02_OBSERVED","buy absorptionがlarge bid liquidity前で出現","buy absorptionがlarge bid liquidity前で出現","ADVANCED","","","REACTION","HYBRID","WORLD_DERIVED","S23"
"PAT-SWEEP-FRONTRUN-LIQUIDITY-TARGET-001::E03","STR-LIQUIDITY-SWEEP","Liquidity Sweep","PAT-SWEEP-FRONTRUN-LIQUIDITY-TARGET-001","Liquidity Sweep / Sell Stops / Front-Run Absorption / Offer Target","0.1.0","ADVANCE","S02_OBSERVED","buy absorptionがlarge bid liquidity前で出現","S03_OBSERVED","bottom維持","bottom維持","ADVANCED","","","REACTION","HYBRID","WORLD_DERIVED","S23"
"PAT-SWEEP-FRONTRUN-LIQUIDITY-TARGET-001::E04","STR-LIQUIDITY-SWEEP","Liquidity Sweep","PAT-SWEEP-FRONTRUN-LIQUIDITY-TARGET-001","Liquidity Sweep / Sell Stops / Front-Run Absorption / Offer Target","0.1.0","ADVANCE","S03_OBSERVED","bottom維持","S04_OBSERVED","buyers参加","buyers参加","ADVANCED","","","REACTION","HYBRID","WORLD_DERIVED","S23"
"PAT-SWEEP-FRONTRUN-LIQUIDITY-TARGET-001::E05","STR-LIQUIDITY-SWEEP","Liquidity Sweep","PAT-SWEEP-FRONTRUN-LIQUIDITY-TARGET-001","Liquidity Sweep / Sell Stops / Front-Run Absorption / Offer Target","0.1.0","ADVANCE","S04_OBSERVED","buyers参加","S05_OBSERVED","upper offer liquidityへ移動","upper offer liquidityへ移動","ADVANCED","","","REACTION","HYBRID","WORLD_DERIVED","S23"
"PAT-SWEEP-FRONTRUN-LIQUIDITY-TARGET-001::E90","STR-LIQUIDITY-SWEEP","Liquidity Sweep","PAT-SWEEP-FRONTRUN-LIQUIDITY-TARGET-001","Liquidity Sweep / Sell Stops / Front-Run Absorption / Offer Target","0.1.0","TERMINAL","S05_OBSERVED","upper offer liquidityへ移動","S90_ORDER_READY","Pattern観察完了。risk／execution gateへOrder Intentを渡せる","BUY ready","ORDER_READY","BUY ready","","REACTION","HYBRID","WORLD_DERIVED","S23"
"PAT-SWEEP-FRONTRUN-LIQUIDITY-TARGET-001::E98","STR-LIQUIDITY-SWEEP","Liquidity Sweep","PAT-SWEEP-FRONTRUN-LIQUIDITY-TARGET-001","Liquidity Sweep / Sell Stops / Front-Run Absorption / Offer Target","0.1.0","INVALIDATE","ANY_ACTIVE_STATE","S00からterminal前までの任意active state","S98_INVALIDATED","反証によりObservation Instance終了","bid liquidity消失かlow再break","INVALIDATED","","bid liquidity消失かlow再break","REACTION","HYBRID","WORLD_DERIVED","S23"
"PAT-SWEEP-FRONTRUN-LIQUIDITY-TARGET-001::E99","STR-LIQUIDITY-SWEEP","Liquidity Sweep","PAT-SWEEP-FRONTRUN-LIQUIDITY-TARGET-001","Liquidity Sweep / Sell Stops / Front-Run Absorption / Offer Target","0.1.0","EXPIRE","ANY_ACTIVE_STATE","S00からterminal前までの任意active state","S99_EXPIRED","観察期限到達によりObservation Instance終了","expiry_class=REACTIONの較正済み期限到達","EXPIRED","","","REACTION","HYBRID","WORLD_DERIVED","S23"
"PAT-FA-RANGE-BREAK-RETURN-001::E01","STR-FAILED-AUCTION","Failed Auction","PAT-FA-RANGE-BREAK-RETURN-001","Failed Auction / Range Break / No Follow-Through / Return","0.1.0","ADVANCE","S00_ARMED_BY_HOOK","Hookがnamed PatternのObservation Instanceを開始","S01_OBSERVED","balance range","balance range","ADVANCED","","","BREAK_ACCEPT","DIRECT","WORLD_DERIVED","S05 S21"
"PAT-FA-RANGE-BREAK-RETURN-001::E02","STR-FAILED-AUCTION","Failed Auction","PAT-FA-RANGE-BREAK-RETURN-001","Failed Auction / Range Break / No Follow-Through / Return","0.1.0","ADVANCE","S01_OBSERVED","balance range","S02_OBSERVED","boundary break","boundary break","ADVANCED","","","BREAK_ACCEPT","DIRECT","WORLD_DERIVED","S05 S21"
"PAT-FA-RANGE-BREAK-RETURN-001::E03","STR-FAILED-AUCTION","Failed Auction","PAT-FA-RANGE-BREAK-RETURN-001","Failed Auction / Range Break / No Follow-Through / Return","0.1.0","ADVANCE","S02_OBSERVED","boundary break","S03_OBSERVED","sustained participation欠如","sustained participation欠如","ADVANCED","","","BREAK_ACCEPT","DIRECT","WORLD_DERIVED","S05 S21"
"PAT-FA-RANGE-BREAK-RETURN-001::E04","STR-FAILED-AUCTION","Failed Auction","PAT-FA-RANGE-BREAK-RETURN-001","Failed Auction / Range Break / No Follow-Through / Return","0.1.0","ADVANCE","S03_OBSERVED","sustained participation欠如","S04_OBSERVED","supporting liquidity不形成","supporting liquidity不形成","ADVANCED","","","BREAK_ACCEPT","DIRECT","WORLD_DERIVED","S05 S21"
"PAT-FA-RANGE-BREAK-RETURN-001::E05","STR-FAILED-AUCTION","Failed Auction","PAT-FA-RANGE-BREAK-RETURN-001","Failed Auction / Range Break / No Follow-Through / Return","0.1.0","ADVANCE","S04_OBSERVED","supporting liquidity不形成","S05_OBSERVED","range内復帰","range内復帰","ADVANCED","","","BREAK_ACCEPT","DIRECT","WORLD_DERIVED","S05 S21"
"PAT-FA-RANGE-BREAK-RETURN-001::E90","STR-FAILED-AUCTION","Failed Auction","PAT-FA-RANGE-BREAK-RETURN-001","Failed Auction / Range Break / No Follow-Through / Return","0.1.0","TERMINAL","S05_OBSERVED","range内復帰","S90_ORDER_READY","Pattern観察完了。risk／execution gateへOrder Intentを渡せる","reversal-side ready","ORDER_READY","reversal-side ready","","BREAK_ACCEPT","DIRECT","WORLD_DERIVED","S05 S21"
"PAT-FA-RANGE-BREAK-RETURN-001::E98","STR-FAILED-AUCTION","Failed Auction","PAT-FA-RANGE-BREAK-RETURN-001","Failed Auction / Range Break / No Follow-Through / Return","0.1.0","INVALIDATE","ANY_ACTIVE_STATE","S00からterminal前までの任意active state","S98_INVALIDATED","反証によりObservation Instance終了","outside holdとvalue migration","INVALIDATED","","outside holdとvalue migration","BREAK_ACCEPT","DIRECT","WORLD_DERIVED","S05 S21"
"PAT-FA-RANGE-BREAK-RETURN-001::E99","STR-FAILED-AUCTION","Failed Auction","PAT-FA-RANGE-BREAK-RETURN-001","Failed Auction / Range Break / No Follow-Through / Return","0.1.0","EXPIRE","ANY_ACTIVE_STATE","S00からterminal前までの任意active state","S99_EXPIRED","観察期限到達によりObservation Instance終了","expiry_class=BREAK_ACCEPTの較正済み期限到達","EXPIRED","","","BREAK_ACCEPT","DIRECT","WORLD_DERIVED","S05 S21"
"PAT-FA-EXTREME-HVN-FLICKBACK-001::E01","STR-FAILED-AUCTION","Failed Auction","PAT-FA-EXTREME-HVN-FLICKBACK-001","Failed Auction / Extreme Break / Outside HVN / Flickback","0.1.0","ADVANCE","S00_ARMED_BY_HOOK","Hookがnamed PatternのObservation Instanceを開始","S01_OBSERVED","selected extreme break","selected extreme break","ADVANCED","","","REACTION","DIRECT","WORLD_DERIVED","S06"
"PAT-FA-EXTREME-HVN-FLICKBACK-001::E02","STR-FAILED-AUCTION","Failed Auction","PAT-FA-EXTREME-HVN-FLICKBACK-001","Failed Auction / Extreme Break / Outside HVN / Flickback","0.1.0","ADVANCE","S01_OBSERVED","selected extreme break","S02_OBSERVED","outsideでsmall HVN形成","outsideでsmall HVN形成","ADVANCED","","","REACTION","DIRECT","WORLD_DERIVED","S06"
"PAT-FA-EXTREME-HVN-FLICKBACK-001::E03","STR-FAILED-AUCTION","Failed Auction","PAT-FA-EXTREME-HVN-FLICKBACK-001","Failed Auction / Extreme Break / Outside HVN / Flickback","0.1.0","ADVANCE","S02_OBSERVED","outsideでsmall HVN形成","S03_OBSERVED","priceが先へ進めない","priceが先へ進めない","ADVANCED","","","REACTION","DIRECT","WORLD_DERIVED","S06"
"PAT-FA-EXTREME-HVN-FLICKBACK-001::E04","STR-FAILED-AUCTION","Failed Auction","PAT-FA-EXTREME-HVN-FLICKBACK-001","Failed Auction / Extreme Break / Outside HVN / Flickback","0.1.0","ADVANCE","S03_OBSERVED","priceが先へ進めない","S04_OBSERVED","range側へflick","range側へflick","ADVANCED","","","REACTION","DIRECT","WORLD_DERIVED","S06"
"PAT-FA-EXTREME-HVN-FLICKBACK-001::E05","STR-FAILED-AUCTION","Failed Auction","PAT-FA-EXTREME-HVN-FLICKBACK-001","Failed Auction / Extreme Break / Outside HVN / Flickback","0.1.0","ADVANCE","S04_OBSERVED","range側へflick","S05_OBSERVED","LVNを後方へ残す","LVNを後方へ残す","ADVANCED","","","REACTION","DIRECT","WORLD_DERIVED","S06"
"PAT-FA-EXTREME-HVN-FLICKBACK-001::E90","STR-FAILED-AUCTION","Failed Auction","PAT-FA-EXTREME-HVN-FLICKBACK-001","Failed Auction / Extreme Break / Outside HVN / Flickback","0.1.0","TERMINAL","S05_OBSERVED","LVNを後方へ残す","S90_ORDER_READY","Pattern観察完了。risk／execution gateへOrder Intentを渡せる","reversal-side ready","ORDER_READY","reversal-side ready","","REACTION","DIRECT","WORLD_DERIVED","S06"
"PAT-FA-EXTREME-HVN-FLICKBACK-001::E98","STR-FAILED-AUCTION","Failed Auction","PAT-FA-EXTREME-HVN-FLICKBACK-001","Failed Auction / Extreme Break / Outside HVN / Flickback","0.1.0","INVALIDATE","ANY_ACTIVE_STATE","S00からterminal前までの任意active state","S98_INVALIDATED","反証によりObservation Instance終了","HVNを起点にoutside expansion","INVALIDATED","","HVNを起点にoutside expansion","REACTION","DIRECT","WORLD_DERIVED","S06"
"PAT-FA-EXTREME-HVN-FLICKBACK-001::E99","STR-FAILED-AUCTION","Failed Auction","PAT-FA-EXTREME-HVN-FLICKBACK-001","Failed Auction / Extreme Break / Outside HVN / Flickback","0.1.0","EXPIRE","ANY_ACTIVE_STATE","S00からterminal前までの任意active state","S99_EXPIRED","観察期限到達によりObservation Instance終了","expiry_class=REACTIONの較正済み期限到達","EXPIRED","","","REACTION","DIRECT","WORLD_DERIVED","S06"
"PAT-FA-TAIL-RANGE-FAILED-CONTINUE-001::E01","STR-FAILED-AUCTION","Failed Auction","PAT-FA-TAIL-RANGE-FAILED-CONTINUE-001","Failed Auction / Tail / Tight Range / Continuation Failure","0.1.0","ADVANCE","S00_ARMED_BY_HOOK","Hookがnamed PatternのObservation Instanceを開始","S01_OBSERVED","extreme tail","extreme tail","ADVANCED","","","BREAK_ACCEPT","DIRECT","WORLD_DERIVED","S07"
"PAT-FA-TAIL-RANGE-FAILED-CONTINUE-001::E02","STR-FAILED-AUCTION","Failed Auction","PAT-FA-TAIL-RANGE-FAILED-CONTINUE-001","Failed Auction / Tail / Tight Range / Continuation Failure","0.1.0","ADVANCE","S01_OBSERVED","extreme tail","S02_OBSERVED","tail上／下でtight range保持","tail上／下でtight range保持","ADVANCED","","","BREAK_ACCEPT","DIRECT","WORLD_DERIVED","S07"
"PAT-FA-TAIL-RANGE-FAILED-CONTINUE-001::E03","STR-FAILED-AUCTION","Failed Auction","PAT-FA-TAIL-RANGE-FAILED-CONTINUE-001","Failed Auction / Tail / Tight Range / Continuation Failure","0.1.0","ADVANCE","S02_OBSERVED","tail上／下でtight range保持","S03_OBSERVED","trend方向へ再break試行","trend方向へ再break試行","ADVANCED","","","BREAK_ACCEPT","DIRECT","WORLD_DERIVED","S07"
"PAT-FA-TAIL-RANGE-FAILED-CONTINUE-001::E04","STR-FAILED-AUCTION","Failed Auction","PAT-FA-TAIL-RANGE-FAILED-CONTINUE-001","Failed Auction / Tail / Tight Range / Continuation Failure","0.1.0","ADVANCE","S03_OBSERVED","trend方向へ再break試行","S04_OBSERVED","直ちにrange内へ戻る","直ちにrange内へ戻る","ADVANCED","","","BREAK_ACCEPT","DIRECT","WORLD_DERIVED","S07"
"PAT-FA-TAIL-RANGE-FAILED-CONTINUE-001::E05","STR-FAILED-AUCTION","Failed Auction","PAT-FA-TAIL-RANGE-FAILED-CONTINUE-001","Failed Auction / Tail / Tight Range / Continuation Failure","0.1.0","ADVANCE","S04_OBSERVED","直ちにrange内へ戻る","S05_OBSERVED","opposite jump","opposite jump","ADVANCED","","","BREAK_ACCEPT","DIRECT","WORLD_DERIVED","S07"
"PAT-FA-TAIL-RANGE-FAILED-CONTINUE-001::E90","STR-FAILED-AUCTION","Failed Auction","PAT-FA-TAIL-RANGE-FAILED-CONTINUE-001","Failed Auction / Tail / Tight Range / Continuation Failure","0.1.0","TERMINAL","S05_OBSERVED","opposite jump","S90_ORDER_READY","Pattern観察完了。risk／execution gateへOrder Intentを渡せる","reversal-side ready","ORDER_READY","reversal-side ready","","BREAK_ACCEPT","DIRECT","WORLD_DERIVED","S07"
"PAT-FA-TAIL-RANGE-FAILED-CONTINUE-001::E98","STR-FAILED-AUCTION","Failed Auction","PAT-FA-TAIL-RANGE-FAILED-CONTINUE-001","Failed Auction / Tail / Tight Range / Continuation Failure","0.1.0","INVALIDATE","ANY_ACTIVE_STATE","S00からterminal前までの任意active state","S98_INVALIDATED","反証によりObservation Instance終了","再break後にoutside hold","INVALIDATED","","再break後にoutside hold","BREAK_ACCEPT","DIRECT","WORLD_DERIVED","S07"
"PAT-FA-TAIL-RANGE-FAILED-CONTINUE-001::E99","STR-FAILED-AUCTION","Failed Auction","PAT-FA-TAIL-RANGE-FAILED-CONTINUE-001","Failed Auction / Tail / Tight Range / Continuation Failure","0.1.0","EXPIRE","ANY_ACTIVE_STATE","S00からterminal前までの任意active state","S99_EXPIRED","観察期限到達によりObservation Instance終了","expiry_class=BREAK_ACCEPTの較正済み期限到達","EXPIRED","","","BREAK_ACCEPT","DIRECT","WORLD_DERIVED","S07"
"PAT-FA-UNFINISHED-DRYUP-REVERSAL-001::E01","STR-FAILED-AUCTION","Failed Auction","PAT-FA-UNFINISHED-DRYUP-REVERSAL-001","Failed Auction / Unfinished Extreme / Aggressor Dry-Up / Reversal","0.1.0","ADVANCE","S00_ARMED_BY_HOOK","Hookがnamed PatternのObservation Instanceを開始","S01_OBSERVED","trend","trend","ADVANCED","","","REACTION","DIRECT","WORLD_DERIVED","S14"
"PAT-FA-UNFINISHED-DRYUP-REVERSAL-001::E02","STR-FAILED-AUCTION","Failed Auction","PAT-FA-UNFINISHED-DRYUP-REVERSAL-001","Failed Auction / Unfinished Extreme / Aggressor Dry-Up / Reversal","0.1.0","ADVANCE","S01_OBSERVED","trend","S02_OBSERVED","unfinished auction at extreme","unfinished auction at extreme","ADVANCED","","","REACTION","DIRECT","WORLD_DERIVED","S14"
"PAT-FA-UNFINISHED-DRYUP-REVERSAL-001::E03","STR-FAILED-AUCTION","Failed Auction","PAT-FA-UNFINISHED-DRYUP-REVERSAL-001","Failed Auction / Unfinished Extreme / Aggressor Dry-Up / Reversal","0.1.0","ADVANCE","S02_OBSERVED","unfinished auction at extreme","S03_OBSERVED","initiator volume dry-up","initiator volume dry-up","ADVANCED","","","REACTION","DIRECT","WORLD_DERIVED","S14"
"PAT-FA-UNFINISHED-DRYUP-REVERSAL-001::E04","STR-FAILED-AUCTION","Failed Auction","PAT-FA-UNFINISHED-DRYUP-REVERSAL-001","Failed Auction / Unfinished Extreme / Aggressor Dry-Up / Reversal","0.1.0","ADVANCE","S03_OBSERVED","initiator volume dry-up","S04_OBSERVED","opposite side advance","opposite side advance","ADVANCED","","","REACTION","DIRECT","WORLD_DERIVED","S14"
"PAT-FA-UNFINISHED-DRYUP-REVERSAL-001::E05","STR-FAILED-AUCTION","Failed Auction","PAT-FA-UNFINISHED-DRYUP-REVERSAL-001","Failed Auction / Unfinished Extreme / Aggressor Dry-Up / Reversal","0.1.0","ADVANCE","S04_OBSERVED","opposite side advance","S05_OBSERVED","price reversal","price reversal","ADVANCED","","","REACTION","DIRECT","WORLD_DERIVED","S14"
"PAT-FA-UNFINISHED-DRYUP-REVERSAL-001::E90","STR-FAILED-AUCTION","Failed Auction","PAT-FA-UNFINISHED-DRYUP-REVERSAL-001","Failed Auction / Unfinished Extreme / Aggressor Dry-Up / Reversal","0.1.0","TERMINAL","S05_OBSERVED","price reversal","S90_ORDER_READY","Pattern観察完了。risk／execution gateへOrder Intentを渡せる","reversal-side ready","ORDER_READY","reversal-side ready","","REACTION","DIRECT","WORLD_DERIVED","S14"
"PAT-FA-UNFINISHED-DRYUP-REVERSAL-001::E98","STR-FAILED-AUCTION","Failed Auction","PAT-FA-UNFINISHED-DRYUP-REVERSAL-001","Failed Auction / Unfinished Extreme / Aggressor Dry-Up / Reversal","0.1.0","INVALIDATE","ANY_ACTIVE_STATE","S00からterminal前までの任意active state","S98_INVALIDATED","反証によりObservation Instance終了","trendがunfinished levelを越えてfix","INVALIDATED","","trendがunfinished levelを越えてfix","REACTION","DIRECT","WORLD_DERIVED","S14"
"PAT-FA-UNFINISHED-DRYUP-REVERSAL-001::E99","STR-FAILED-AUCTION","Failed Auction","PAT-FA-UNFINISHED-DRYUP-REVERSAL-001","Failed Auction / Unfinished Extreme / Aggressor Dry-Up / Reversal","0.1.0","EXPIRE","ANY_ACTIVE_STATE","S00からterminal前までの任意active state","S99_EXPIRED","観察期限到達によりObservation Instance終了","expiry_class=REACTIONの較正済み期限到達","EXPIRED","","","REACTION","DIRECT","WORLD_DERIVED","S14"
"PAT-FA-EVENT-NO-VALUE-MIGRATION-001::E01","STR-FAILED-AUCTION","Failed Auction","PAT-FA-EVENT-NO-VALUE-MIGRATION-001","Failed Auction / Event Breakout / No Value Migration / Old-Range Return","0.1.0","ADVANCE","S00_ARMED_BY_HOOK","Hookがnamed PatternのObservation Instanceを開始","S01_OBSERVED","event impulse","event impulse","ADVANCED","","","EVENT","HYBRID","WORLD_DERIVED","S21 S22"
"PAT-FA-EVENT-NO-VALUE-MIGRATION-001::E02","STR-FAILED-AUCTION","Failed Auction","PAT-FA-EVENT-NO-VALUE-MIGRATION-001","Failed Auction / Event Breakout / No Value Migration / Old-Range Return","0.1.0","ADVANCE","S01_OBSERVED","event impulse","S02_OBSERVED","breakout","breakout","ADVANCED","","","EVENT","HYBRID","WORLD_DERIVED","S21 S22"
"PAT-FA-EVENT-NO-VALUE-MIGRATION-001::E03","STR-FAILED-AUCTION","Failed Auction","PAT-FA-EVENT-NO-VALUE-MIGRATION-001","Failed Auction / Event Breakout / No Value Migration / Old-Range Return","0.1.0","ADVANCE","S02_OBSERVED","breakout","S03_OBSERVED","sustained volume欠如","sustained volume欠如","ADVANCED","","","EVENT","HYBRID","WORLD_DERIVED","S21 S22"
"PAT-FA-EVENT-NO-VALUE-MIGRATION-001::E04","STR-FAILED-AUCTION","Failed Auction","PAT-FA-EVENT-NO-VALUE-MIGRATION-001","Failed Auction / Event Breakout / No Value Migration / Old-Range Return","0.1.0","ADVANCE","S03_OBSERVED","sustained volume欠如","S04_OBSERVED","liquidity support欠如","liquidity support欠如","ADVANCED","","","EVENT","HYBRID","WORLD_DERIVED","S21 S22"
"PAT-FA-EVENT-NO-VALUE-MIGRATION-001::E05","STR-FAILED-AUCTION","Failed Auction","PAT-FA-EVENT-NO-VALUE-MIGRATION-001","Failed Auction / Event Breakout / No Value Migration / Old-Range Return","0.1.0","ADVANCE","S04_OBSERVED","liquidity support欠如","S05_OBSERVED","new value不形成","new value不形成","ADVANCED","","","EVENT","HYBRID","WORLD_DERIVED","S21 S22"
"PAT-FA-EVENT-NO-VALUE-MIGRATION-001::E06","STR-FAILED-AUCTION","Failed Auction","PAT-FA-EVENT-NO-VALUE-MIGRATION-001","Failed Auction / Event Breakout / No Value Migration / Old-Range Return","0.1.0","ADVANCE","S05_OBSERVED","new value不形成","S06_OBSERVED","old range復帰","old range復帰","ADVANCED","","","EVENT","HYBRID","WORLD_DERIVED","S21 S22"
"PAT-FA-EVENT-NO-VALUE-MIGRATION-001::E90","STR-FAILED-AUCTION","Failed Auction","PAT-FA-EVENT-NO-VALUE-MIGRATION-001","Failed Auction / Event Breakout / No Value Migration / Old-Range Return","0.1.0","TERMINAL","S06_OBSERVED","old range復帰","S90_ORDER_READY","Pattern観察完了。risk／execution gateへOrder Intentを渡せる","reversal-side ready","ORDER_READY","reversal-side ready","","EVENT","HYBRID","WORLD_DERIVED","S21 S22"
"PAT-FA-EVENT-NO-VALUE-MIGRATION-001::E98","STR-FAILED-AUCTION","Failed Auction","PAT-FA-EVENT-NO-VALUE-MIGRATION-001","Failed Auction / Event Breakout / No Value Migration / Old-Range Return","0.1.0","INVALIDATE","ANY_ACTIVE_STATE","S00からterminal前までの任意active state","S98_INVALIDATED","反証によりObservation Instance終了","aggression継続、liquidity後方形成、value移動","INVALIDATED","","aggression継続、liquidity後方形成、value移動","EVENT","HYBRID","WORLD_DERIVED","S21 S22"
"PAT-FA-EVENT-NO-VALUE-MIGRATION-001::E99","STR-FAILED-AUCTION","Failed Auction","PAT-FA-EVENT-NO-VALUE-MIGRATION-001","Failed Auction / Event Breakout / No Value Migration / Old-Range Return","0.1.0","EXPIRE","ANY_ACTIVE_STATE","S00からterminal前までの任意active state","S99_EXPIRED","観察期限到達によりObservation Instance終了","expiry_class=EVENTの較正済み期限到達","EXPIRED","","","EVENT","HYBRID","WORLD_DERIVED","S21 S22"
"PAT-PS-BID-PULL-ASK-STACK-001::E01","STR-PULLING-STACKING","Pulling / Stacking Strategy","PAT-PS-BID-PULL-ASK-STACK-001","Pulling / Stacking / Bid Pull / Ask Stack / Seller Control","0.1.0","ADVANCE","S00_ARMED_BY_HOOK","Hookがnamed PatternのObservation Instanceを開始","S01_OBSERVED","long-side context","long-side context","ADVANCED","","","REACTION","DIRECT","WORLD_DERIVED","S04 S26"
"PAT-PS-BID-PULL-ASK-STACK-001::E02","STR-PULLING-STACKING","Pulling / Stacking Strategy","PAT-PS-BID-PULL-ASK-STACK-001","Pulling / Stacking / Bid Pull / Ask Stack / Seller Control","0.1.0","ADVANCE","S01_OBSERVED","long-side context","S02_OBSERVED","bidsがprice接近時にpull","bidsがprice接近時にpull","ADVANCED","","","REACTION","DIRECT","WORLD_DERIVED","S04 S26"
"PAT-PS-BID-PULL-ASK-STACK-001::E03","STR-PULLING-STACKING","Pulling / Stacking Strategy","PAT-PS-BID-PULL-ASK-STACK-001","Pulling / Stacking / Bid Pull / Ask Stack / Seller Control","0.1.0","ADVANCE","S02_OBSERVED","bidsがprice接近時にpull","S03_OBSERVED","offers stack","offers stack","ADVANCED","","","REACTION","DIRECT","WORLD_DERIVED","S04 S26"
"PAT-PS-BID-PULL-ASK-STACK-001::E04","STR-PULLING-STACKING","Pulling / Stacking Strategy","PAT-PS-BID-PULL-ASK-STACK-001","Pulling / Stacking / Bid Pull / Ask Stack / Seller Control","0.1.0","ADVANCE","S03_OBSERVED","offers stack","S04_OBSERVED","buy aggression進展なし","buy aggression進展なし","ADVANCED","","","REACTION","DIRECT","WORLD_DERIVED","S04 S26"
"PAT-PS-BID-PULL-ASK-STACK-001::E05","STR-PULLING-STACKING","Pulling / Stacking Strategy","PAT-PS-BID-PULL-ASK-STACK-001","Pulling / Stacking / Bid Pull / Ask Stack / Seller Control","0.1.0","ADVANCE","S04_OBSERVED","buy aggression進展なし","S05_OBSERVED","sell aggression開始","sell aggression開始","ADVANCED","","","REACTION","DIRECT","WORLD_DERIVED","S04 S26"
"PAT-PS-BID-PULL-ASK-STACK-001::E90","STR-PULLING-STACKING","Pulling / Stacking Strategy","PAT-PS-BID-PULL-ASK-STACK-001","Pulling / Stacking / Bid Pull / Ask Stack / Seller Control","0.1.0","TERMINAL","S05_OBSERVED","sell aggression開始","S90_ORDER_READY","Pattern観察完了。risk／execution gateへOrder Intentを渡せる","SELL／long-cancel ready","ORDER_READY","SELL／long-cancel ready","","REACTION","DIRECT","WORLD_DERIVED","S04 S26"
"PAT-PS-BID-PULL-ASK-STACK-001::E98","STR-PULLING-STACKING","Pulling / Stacking Strategy","PAT-PS-BID-PULL-ASK-STACK-001","Pulling / Stacking / Bid Pull / Ask Stack / Seller Control","0.1.0","INVALIDATE","ANY_ACTIVE_STATE","S00からterminal前までの任意active state","S98_INVALIDATED","反証によりObservation Instance終了","bids再構築しoffer stack消費","INVALIDATED","","bids再構築しoffer stack消費","REACTION","DIRECT","WORLD_DERIVED","S04 S26"
"PAT-PS-BID-PULL-ASK-STACK-001::E99","STR-PULLING-STACKING","Pulling / Stacking Strategy","PAT-PS-BID-PULL-ASK-STACK-001","Pulling / Stacking / Bid Pull / Ask Stack / Seller Control","0.1.0","EXPIRE","ANY_ACTIVE_STATE","S00からterminal前までの任意active state","S99_EXPIRED","観察期限到達によりObservation Instance終了","expiry_class=REACTIONの較正済み期限到達","EXPIRED","","","REACTION","DIRECT","WORLD_DERIVED","S04 S26"
"PAT-PS-ASK-PULL-BID-STACK-001::E01","STR-PULLING-STACKING","Pulling / Stacking Strategy","PAT-PS-ASK-PULL-BID-STACK-001","Pulling / Stacking / Ask Pull / Bid Stack / Buyer Control","0.1.0","ADVANCE","S00_ARMED_BY_HOOK","Hookがnamed PatternのObservation Instanceを開始","S01_OBSERVED","short-side context","short-side context","ADVANCED","","","REACTION","DIRECT","WORLD_DERIVED","S04 S26"
"PAT-PS-ASK-PULL-BID-STACK-001::E02","STR-PULLING-STACKING","Pulling / Stacking Strategy","PAT-PS-ASK-PULL-BID-STACK-001","Pulling / Stacking / Ask Pull / Bid Stack / Buyer Control","0.1.0","ADVANCE","S01_OBSERVED","short-side context","S02_OBSERVED","asksがprice接近時にpull","asksがprice接近時にpull","ADVANCED","","","REACTION","DIRECT","WORLD_DERIVED","S04 S26"
"PAT-PS-ASK-PULL-BID-STACK-001::E03","STR-PULLING-STACKING","Pulling / Stacking Strategy","PAT-PS-ASK-PULL-BID-STACK-001","Pulling / Stacking / Ask Pull / Bid Stack / Buyer Control","0.1.0","ADVANCE","S02_OBSERVED","asksがprice接近時にpull","S03_OBSERVED","bids stack","bids stack","ADVANCED","","","REACTION","DIRECT","WORLD_DERIVED","S04 S26"
"PAT-PS-ASK-PULL-BID-STACK-001::E04","STR-PULLING-STACKING","Pulling / Stacking Strategy","PAT-PS-ASK-PULL-BID-STACK-001","Pulling / Stacking / Ask Pull / Bid Stack / Buyer Control","0.1.0","ADVANCE","S03_OBSERVED","bids stack","S04_OBSERVED","sell aggression進展なし","sell aggression進展なし","ADVANCED","","","REACTION","DIRECT","WORLD_DERIVED","S04 S26"
"PAT-PS-ASK-PULL-BID-STACK-001::E05","STR-PULLING-STACKING","Pulling / Stacking Strategy","PAT-PS-ASK-PULL-BID-STACK-001","Pulling / Stacking / Ask Pull / Bid Stack / Buyer Control","0.1.0","ADVANCE","S04_OBSERVED","sell aggression進展なし","S05_OBSERVED","buy aggression開始","buy aggression開始","ADVANCED","","","REACTION","DIRECT","WORLD_DERIVED","S04 S26"
"PAT-PS-ASK-PULL-BID-STACK-001::E90","STR-PULLING-STACKING","Pulling / Stacking Strategy","PAT-PS-ASK-PULL-BID-STACK-001","Pulling / Stacking / Ask Pull / Bid Stack / Buyer Control","0.1.0","TERMINAL","S05_OBSERVED","buy aggression開始","S90_ORDER_READY","Pattern観察完了。risk／execution gateへOrder Intentを渡せる","BUY／short-cancel ready","ORDER_READY","BUY／short-cancel ready","","REACTION","DIRECT","WORLD_DERIVED","S04 S26"
"PAT-PS-ASK-PULL-BID-STACK-001::E98","STR-PULLING-STACKING","Pulling / Stacking Strategy","PAT-PS-ASK-PULL-BID-STACK-001","Pulling / Stacking / Ask Pull / Bid Stack / Buyer Control","0.1.0","INVALIDATE","ANY_ACTIVE_STATE","S00からterminal前までの任意active state","S98_INVALIDATED","反証によりObservation Instance終了","asks再構築しbid stack消費","INVALIDATED","","asks再構築しbid stack消費","REACTION","DIRECT","WORLD_DERIVED","S04 S26"
"PAT-PS-ASK-PULL-BID-STACK-001::E99","STR-PULLING-STACKING","Pulling / Stacking Strategy","PAT-PS-ASK-PULL-BID-STACK-001","Pulling / Stacking / Ask Pull / Bid Stack / Buyer Control","0.1.0","EXPIRE","ANY_ACTIVE_STATE","S00からterminal前までの任意active state","S99_EXPIRED","観察期限到達によりObservation Instance終了","expiry_class=REACTIONの較正済み期限到達","EXPIRED","","","REACTION","DIRECT","WORLD_DERIVED","S04 S26"
"PAT-PS-WALL-PULL-FRAGILITY-001::E01","STR-PULLING-STACKING","Pulling / Stacking Strategy","PAT-PS-WALL-PULL-FRAGILITY-001","Pulling / Stacking / Apparent Wall / Pull-on-Approach / Fragility","0.1.0","ADVANCE","S00_ARMED_BY_HOOK","Hookがnamed PatternのObservation Instanceを開始","S01_OBSERVED","large wall出現","large wall出現","ADVANCED","","","REACTION","DIRECT","WORLD_DERIVED","S04 S22"
"PAT-PS-WALL-PULL-FRAGILITY-001::E02","STR-PULLING-STACKING","Pulling / Stacking Strategy","PAT-PS-WALL-PULL-FRAGILITY-001","Pulling / Stacking / Apparent Wall / Pull-on-Approach / Fragility","0.1.0","ADVANCE","S01_OBSERVED","large wall出現","S02_OBSERVED","price接近","price接近","ADVANCED","","","REACTION","DIRECT","WORLD_DERIVED","S04 S22"
"PAT-PS-WALL-PULL-FRAGILITY-001::E03","STR-PULLING-STACKING","Pulling / Stacking Strategy","PAT-PS-WALL-PULL-FRAGILITY-001","Pulling / Stacking / Apparent Wall / Pull-on-Approach / Fragility","0.1.0","ADVANCE","S02_OBSERVED","price接近","S03_OBSERVED","execution前にwall pull","execution前にwall pull","ADVANCED","","","REACTION","DIRECT","WORLD_DERIVED","S04 S22"
"PAT-PS-WALL-PULL-FRAGILITY-001::E04","STR-PULLING-STACKING","Pulling / Stacking Strategy","PAT-PS-WALL-PULL-FRAGILITY-001","Pulling / Stacking / Apparent Wall / Pull-on-Approach / Fragility","0.1.0","ADVANCE","S03_OBSERVED","execution前にwall pull","S04_OBSERVED","backing liquidity vacuum","backing liquidity vacuum","ADVANCED","","","REACTION","DIRECT","WORLD_DERIVED","S04 S22"
"PAT-PS-WALL-PULL-FRAGILITY-001::E05","STR-PULLING-STACKING","Pulling / Stacking Strategy","PAT-PS-WALL-PULL-FRAGILITY-001","Pulling / Stacking / Apparent Wall / Pull-on-Approach / Fragility","0.1.0","ADVANCE","S04_OBSERVED","backing liquidity vacuum","S05_OBSERVED","opposite-side liquidity出現","opposite-side liquidity出現","ADVANCED","","","REACTION","DIRECT","WORLD_DERIVED","S04 S22"
"PAT-PS-WALL-PULL-FRAGILITY-001::E06","STR-PULLING-STACKING","Pulling / Stacking Strategy","PAT-PS-WALL-PULL-FRAGILITY-001","Pulling / Stacking / Apparent Wall / Pull-on-Approach / Fragility","0.1.0","ADVANCE","S05_OBSERVED","opposite-side liquidity出現","S06_OBSERVED","price reversal","price reversal","ADVANCED","","","REACTION","DIRECT","WORLD_DERIVED","S04 S22"
"PAT-PS-WALL-PULL-FRAGILITY-001::E90","STR-PULLING-STACKING","Pulling / Stacking Strategy","PAT-PS-WALL-PULL-FRAGILITY-001","Pulling / Stacking / Apparent Wall / Pull-on-Approach / Fragility","0.1.0","TERMINAL","S06_OBSERVED","price reversal","S90_ORDER_READY","Pattern観察完了。risk／execution gateへOrder Intentを渡せる","opposite-side ready","ORDER_READY","opposite-side ready","","REACTION","DIRECT","WORLD_DERIVED","S04 S22"
"PAT-PS-WALL-PULL-FRAGILITY-001::E98","STR-PULLING-STACKING","Pulling / Stacking Strategy","PAT-PS-WALL-PULL-FRAGILITY-001","Pulling / Stacking / Apparent Wall / Pull-on-Approach / Fragility","0.1.0","INVALIDATE","ANY_ACTIVE_STATE","S00からterminal前までの任意active state","S98_INVALIDATED","反証によりObservation Instance終了","wall再出現し実executionで保持","INVALIDATED","","wall再出現し実executionで保持","REACTION","DIRECT","WORLD_DERIVED","S04 S22"
"PAT-PS-WALL-PULL-FRAGILITY-001::E99","STR-PULLING-STACKING","Pulling / Stacking Strategy","PAT-PS-WALL-PULL-FRAGILITY-001","Pulling / Stacking / Apparent Wall / Pull-on-Approach / Fragility","0.1.0","EXPIRE","ANY_ACTIVE_STATE","S00からterminal前までの任意active state","S99_EXPIRED","観察期限到達によりObservation Instance終了","expiry_class=REACTIONの較正済み期限到達","EXPIRED","","","REACTION","DIRECT","WORLD_DERIVED","S04 S22"
"PAT-PS-BEHIND-PRICE-STACK-RETEST-001::E01","STR-PULLING-STACKING","Pulling / Stacking Strategy","PAT-PS-BEHIND-PRICE-STACK-RETEST-001","Pulling / Stacking / Liquidity Behind Price / Retest Hold","0.1.0","ADVANCE","S00_ARMED_BY_HOOK","Hookがnamed PatternのObservation Instanceを開始","S01_OBSERVED","breakout","breakout","ADVANCED","","","RETEST","DIRECT","WORLD_DERIVED","S21 S26"
"PAT-PS-BEHIND-PRICE-STACK-RETEST-001::E02","STR-PULLING-STACKING","Pulling / Stacking Strategy","PAT-PS-BEHIND-PRICE-STACK-RETEST-001","Pulling / Stacking / Liquidity Behind Price / Retest Hold","0.1.0","ADVANCE","S01_OBSERVED","breakout","S02_OBSERVED","same-side liquidityがprice後方へstack","same-side liquidityがprice後方へstack","ADVANCED","","","RETEST","DIRECT","WORLD_DERIVED","S21 S26"
"PAT-PS-BEHIND-PRICE-STACK-RETEST-001::E03","STR-PULLING-STACKING","Pulling / Stacking Strategy","PAT-PS-BEHIND-PRICE-STACK-RETEST-001","Pulling / Stacking / Liquidity Behind Price / Retest Hold","0.1.0","ADVANCE","S02_OBSERVED","same-side liquidityがprice後方へstack","S03_OBSERVED","shallow retest","shallow retest","ADVANCED","","","RETEST","DIRECT","WORLD_DERIVED","S21 S26"
"PAT-PS-BEHIND-PRICE-STACK-RETEST-001::E04","STR-PULLING-STACKING","Pulling / Stacking Strategy","PAT-PS-BEHIND-PRICE-STACK-RETEST-001","Pulling / Stacking / Liquidity Behind Price / Retest Hold","0.1.0","ADVANCE","S03_OBSERVED","shallow retest","S04_OBSERVED","opposing ordersが旧rangeへ戻せない","opposing ordersが旧rangeへ戻せない","ADVANCED","","","RETEST","DIRECT","WORLD_DERIVED","S21 S26"
"PAT-PS-BEHIND-PRICE-STACK-RETEST-001::E05","STR-PULLING-STACKING","Pulling / Stacking Strategy","PAT-PS-BEHIND-PRICE-STACK-RETEST-001","Pulling / Stacking / Liquidity Behind Price / Retest Hold","0.1.0","ADVANCE","S04_OBSERVED","opposing ordersが旧rangeへ戻せない","S05_OBSERVED","original aggression再開","original aggression再開","ADVANCED","","","RETEST","DIRECT","WORLD_DERIVED","S21 S26"
"PAT-PS-BEHIND-PRICE-STACK-RETEST-001::E90","STR-PULLING-STACKING","Pulling / Stacking Strategy","PAT-PS-BEHIND-PRICE-STACK-RETEST-001","Pulling / Stacking / Liquidity Behind Price / Retest Hold","0.1.0","TERMINAL","S05_OBSERVED","original aggression再開","S90_ORDER_READY","Pattern観察完了。risk／execution gateへOrder Intentを渡せる","continuation ready","ORDER_READY","continuation ready","","RETEST","DIRECT","WORLD_DERIVED","S21 S26"
"PAT-PS-BEHIND-PRICE-STACK-RETEST-001::E98","STR-PULLING-STACKING","Pulling / Stacking Strategy","PAT-PS-BEHIND-PRICE-STACK-RETEST-001","Pulling / Stacking / Liquidity Behind Price / Retest Hold","0.1.0","INVALIDATE","ANY_ACTIVE_STATE","S00からterminal前までの任意active state","S98_INVALIDATED","反証によりObservation Instance終了","behind-price liquidity pullとrange復帰","INVALIDATED","","behind-price liquidity pullとrange復帰","RETEST","DIRECT","WORLD_DERIVED","S21 S26"
"PAT-PS-BEHIND-PRICE-STACK-RETEST-001::E99","STR-PULLING-STACKING","Pulling / Stacking Strategy","PAT-PS-BEHIND-PRICE-STACK-RETEST-001","Pulling / Stacking / Liquidity Behind Price / Retest Hold","0.1.0","EXPIRE","ANY_ACTIVE_STATE","S00からterminal前までの任意active state","S99_EXPIRED","観察期限到達によりObservation Instance終了","expiry_class=RETESTの較正済み期限到達","EXPIRED","","","RETEST","DIRECT","WORLD_DERIVED","S21 S26"
"PAT-PS-ABSORB-THEN-PULL-CUTREVERSE-001::E01","STR-PULLING-STACKING","Pulling / Stacking Strategy","PAT-PS-ABSORB-THEN-PULL-CUTREVERSE-001","Pulling / Stacking / Churn and Absorption / Protecting Wall Pull / Cut-and-Reverse","0.1.0","ADVANCE","S00_ARMED_BY_HOOK","Hookがnamed PatternのObservation Instanceを開始","S01_OBSERVED","bid／askでchurningとabsorption","bid／askでchurningとabsorption","ADVANCED","","","REACTION","DIRECT","WORLD_DERIVED","S05"
"PAT-PS-ABSORB-THEN-PULL-CUTREVERSE-001::E02","STR-PULLING-STACKING","Pulling / Stacking Strategy","PAT-PS-ABSORB-THEN-PULL-CUTREVERSE-001","Pulling / Stacking / Churn and Absorption / Protecting Wall Pull / Cut-and-Reverse","0.1.0","ADVANCE","S01_OBSERVED","bid／askでchurningとabsorption","S02_OBSERVED","position-side wallに依存","position-side wallに依存","ADVANCED","","","REACTION","DIRECT","WORLD_DERIVED","S05"
"PAT-PS-ABSORB-THEN-PULL-CUTREVERSE-001::E03","STR-PULLING-STACKING","Pulling / Stacking Strategy","PAT-PS-ABSORB-THEN-PULL-CUTREVERSE-001","Pulling / Stacking / Churn and Absorption / Protecting Wall Pull / Cut-and-Reverse","0.1.0","ADVANCE","S02_OBSERVED","position-side wallに依存","S03_OBSERVED","wall pull","wall pull","ADVANCED","","","REACTION","DIRECT","WORLD_DERIVED","S05"
"PAT-PS-ABSORB-THEN-PULL-CUTREVERSE-001::E04","STR-PULLING-STACKING","Pulling / Stacking Strategy","PAT-PS-ABSORB-THEN-PULL-CUTREVERSE-001","Pulling / Stacking / Churn and Absorption / Protecting Wall Pull / Cut-and-Reverse","0.1.0","ADVANCE","S03_OBSERVED","wall pull","S04_OBSERVED","position vulnerable","position vulnerable","ADVANCED","","","REACTION","DIRECT","WORLD_DERIVED","S05"
"PAT-PS-ABSORB-THEN-PULL-CUTREVERSE-001::E05","STR-PULLING-STACKING","Pulling / Stacking Strategy","PAT-PS-ABSORB-THEN-PULL-CUTREVERSE-001","Pulling / Stacking / Churn and Absorption / Protecting Wall Pull / Cut-and-Reverse","0.1.0","ADVANCE","S04_OBSERVED","position vulnerable","S05_OBSERVED","opposite flow加速","opposite flow加速","ADVANCED","","","REACTION","DIRECT","WORLD_DERIVED","S05"
"PAT-PS-ABSORB-THEN-PULL-CUTREVERSE-001::E90","STR-PULLING-STACKING","Pulling / Stacking Strategy","PAT-PS-ABSORB-THEN-PULL-CUTREVERSE-001","Pulling / Stacking / Churn and Absorption / Protecting Wall Pull / Cut-and-Reverse","0.1.0","TERMINAL","S05_OBSERVED","opposite flow加速","S90_ORDER_READY","Pattern観察完了。risk／execution gateへOrder Intentを渡せる","cut-and-reverse ready","ORDER_READY","cut-and-reverse ready","","REACTION","DIRECT","WORLD_DERIVED","S05"
"PAT-PS-ABSORB-THEN-PULL-CUTREVERSE-001::E98","STR-PULLING-STACKING","Pulling / Stacking Strategy","PAT-PS-ABSORB-THEN-PULL-CUTREVERSE-001","Pulling / Stacking / Churn and Absorption / Protecting Wall Pull / Cut-and-Reverse","0.1.0","INVALIDATE","ANY_ACTIVE_STATE","S00からterminal前までの任意active state","S98_INVALIDATED","反証によりObservation Instance終了","wall復帰しoriginal direction再開","INVALIDATED","","wall復帰しoriginal direction再開","REACTION","DIRECT","WORLD_DERIVED","S05"
"PAT-PS-ABSORB-THEN-PULL-CUTREVERSE-001::E99","STR-PULLING-STACKING","Pulling / Stacking Strategy","PAT-PS-ABSORB-THEN-PULL-CUTREVERSE-001","Pulling / Stacking / Churn and Absorption / Protecting Wall Pull / Cut-and-Reverse","0.1.0","EXPIRE","ANY_ACTIVE_STATE","S00からterminal前までの任意active state","S99_EXPIRED","観察期限到達によりObservation Instance終了","expiry_class=REACTIONの較正済み期限到達","EXPIRED","","","REACTION","DIRECT","WORLD_DERIVED","S05"
"PAT-DF-POSITIVE-TAIL-SELLCONTROL-001::E01","STR-DELTA-FLIP","Delta Flip","PAT-DF-POSITIVE-TAIL-SELLCONTROL-001","Delta Flip / Positive Delta Tail / Seller Control","0.1.0","ADVANCE","S00_ARMED_BY_HOOK","Hookがnamed PatternのObservation Instanceを開始","S01_OBSERVED","positive delta impulse","positive delta impulse","ADVANCED","","","REACTION","DIRECT","WORLD_DERIVED","S11 S13"
"PAT-DF-POSITIVE-TAIL-SELLCONTROL-001::E02","STR-DELTA-FLIP","Delta Flip","PAT-DF-POSITIVE-TAIL-SELLCONTROL-001","Delta Flip / Positive Delta Tail / Seller Control","0.1.0","ADVANCE","S01_OBSERVED","positive delta impulse","S02_OBSERVED","price上進停止","price上進停止","ADVANCED","","","REACTION","DIRECT","WORLD_DERIVED","S11 S13"
"PAT-DF-POSITIVE-TAIL-SELLCONTROL-001::E03","STR-DELTA-FLIP","Delta Flip","PAT-DF-POSITIVE-TAIL-SELLCONTROL-001","Delta Flip / Positive Delta Tail / Seller Control","0.1.0","ADVANCE","S02_OBSERVED","price上進停止","S03_OBSERVED","deltaにupper tail","deltaにupper tail","ADVANCED","","","REACTION","DIRECT","WORLD_DERIVED","S11 S13"
"PAT-DF-POSITIVE-TAIL-SELLCONTROL-001::E04","STR-DELTA-FLIP","Delta Flip","PAT-DF-POSITIVE-TAIL-SELLCONTROL-001","Delta Flip / Positive Delta Tail / Seller Control","0.1.0","ADVANCE","S03_OBSERVED","deltaにupper tail","S04_OBSERVED","aggressive sells出現","aggressive sells出現","ADVANCED","","","REACTION","DIRECT","WORLD_DERIVED","S11 S13"
"PAT-DF-POSITIVE-TAIL-SELLCONTROL-001::E05","STR-DELTA-FLIP","Delta Flip","PAT-DF-POSITIVE-TAIL-SELLCONTROL-001","Delta Flip / Positive Delta Tail / Seller Control","0.1.0","ADVANCE","S04_OBSERVED","aggressive sells出現","S05_OBSERVED","delta負側へflip","delta負側へflip","ADVANCED","","","REACTION","DIRECT","WORLD_DERIVED","S11 S13"
"PAT-DF-POSITIVE-TAIL-SELLCONTROL-001::E90","STR-DELTA-FLIP","Delta Flip","PAT-DF-POSITIVE-TAIL-SELLCONTROL-001","Delta Flip / Positive Delta Tail / Seller Control","0.1.0","TERMINAL","S05_OBSERVED","delta負側へflip","S90_ORDER_READY","Pattern観察完了。risk／execution gateへOrder Intentを渡せる","SELL ready","ORDER_READY","SELL ready","","REACTION","DIRECT","WORLD_DERIVED","S11 S13"
"PAT-DF-POSITIVE-TAIL-SELLCONTROL-001::E98","STR-DELTA-FLIP","Delta Flip","PAT-DF-POSITIVE-TAIL-SELLCONTROL-001","Delta Flip / Positive Delta Tail / Seller Control","0.1.0","INVALIDATE","ANY_ACTIVE_STATE","S00からterminal前までの任意active state","S98_INVALIDATED","反証によりObservation Instance終了","delta再度positive拡大しhigh break","INVALIDATED","","delta再度positive拡大しhigh break","REACTION","DIRECT","WORLD_DERIVED","S11 S13"
"PAT-DF-POSITIVE-TAIL-SELLCONTROL-001::E99","STR-DELTA-FLIP","Delta Flip","PAT-DF-POSITIVE-TAIL-SELLCONTROL-001","Delta Flip / Positive Delta Tail / Seller Control","0.1.0","EXPIRE","ANY_ACTIVE_STATE","S00からterminal前までの任意active state","S99_EXPIRED","観察期限到達によりObservation Instance終了","expiry_class=REACTIONの較正済み期限到達","EXPIRED","","","REACTION","DIRECT","WORLD_DERIVED","S11 S13"
"PAT-DF-NEGATIVE-TAIL-BUYCONTROL-001::E01","STR-DELTA-FLIP","Delta Flip","PAT-DF-NEGATIVE-TAIL-BUYCONTROL-001","Delta Flip / Negative Delta Tail / Buyer Control","0.1.0","ADVANCE","S00_ARMED_BY_HOOK","Hookがnamed PatternのObservation Instanceを開始","S01_OBSERVED","negative delta impulse","negative delta impulse","ADVANCED","","","REACTION","DIRECT","WORLD_DERIVED","S11 S13"
"PAT-DF-NEGATIVE-TAIL-BUYCONTROL-001::E02","STR-DELTA-FLIP","Delta Flip","PAT-DF-NEGATIVE-TAIL-BUYCONTROL-001","Delta Flip / Negative Delta Tail / Buyer Control","0.1.0","ADVANCE","S01_OBSERVED","negative delta impulse","S02_OBSERVED","price下進停止","price下進停止","ADVANCED","","","REACTION","DIRECT","WORLD_DERIVED","S11 S13"
"PAT-DF-NEGATIVE-TAIL-BUYCONTROL-001::E03","STR-DELTA-FLIP","Delta Flip","PAT-DF-NEGATIVE-TAIL-BUYCONTROL-001","Delta Flip / Negative Delta Tail / Buyer Control","0.1.0","ADVANCE","S02_OBSERVED","price下進停止","S03_OBSERVED","deltaにlower tail","deltaにlower tail","ADVANCED","","","REACTION","DIRECT","WORLD_DERIVED","S11 S13"
"PAT-DF-NEGATIVE-TAIL-BUYCONTROL-001::E04","STR-DELTA-FLIP","Delta Flip","PAT-DF-NEGATIVE-TAIL-BUYCONTROL-001","Delta Flip / Negative Delta Tail / Buyer Control","0.1.0","ADVANCE","S03_OBSERVED","deltaにlower tail","S04_OBSERVED","aggressive buys出現","aggressive buys出現","ADVANCED","","","REACTION","DIRECT","WORLD_DERIVED","S11 S13"
"PAT-DF-NEGATIVE-TAIL-BUYCONTROL-001::E05","STR-DELTA-FLIP","Delta Flip","PAT-DF-NEGATIVE-TAIL-BUYCONTROL-001","Delta Flip / Negative Delta Tail / Buyer Control","0.1.0","ADVANCE","S04_OBSERVED","aggressive buys出現","S05_OBSERVED","delta正側へflip","delta正側へflip","ADVANCED","","","REACTION","DIRECT","WORLD_DERIVED","S11 S13"
"PAT-DF-NEGATIVE-TAIL-BUYCONTROL-001::E90","STR-DELTA-FLIP","Delta Flip","PAT-DF-NEGATIVE-TAIL-BUYCONTROL-001","Delta Flip / Negative Delta Tail / Buyer Control","0.1.0","TERMINAL","S05_OBSERVED","delta正側へflip","S90_ORDER_READY","Pattern観察完了。risk／execution gateへOrder Intentを渡せる","BUY ready","ORDER_READY","BUY ready","","REACTION","DIRECT","WORLD_DERIVED","S11 S13"
"PAT-DF-NEGATIVE-TAIL-BUYCONTROL-001::E98","STR-DELTA-FLIP","Delta Flip","PAT-DF-NEGATIVE-TAIL-BUYCONTROL-001","Delta Flip / Negative Delta Tail / Buyer Control","0.1.0","INVALIDATE","ANY_ACTIVE_STATE","S00からterminal前までの任意active state","S98_INVALIDATED","反証によりObservation Instance終了","delta再度negative拡大しlow break","INVALIDATED","","delta再度negative拡大しlow break","REACTION","DIRECT","WORLD_DERIVED","S11 S13"
"PAT-DF-NEGATIVE-TAIL-BUYCONTROL-001::E99","STR-DELTA-FLIP","Delta Flip","PAT-DF-NEGATIVE-TAIL-BUYCONTROL-001","Delta Flip / Negative Delta Tail / Buyer Control","0.1.0","EXPIRE","ANY_ACTIVE_STATE","S00からterminal前までの任意active state","S99_EXPIRED","観察期限到達によりObservation Instance終了","expiry_class=REACTIONの較正済み期限到達","EXPIRED","","","REACTION","DIRECT","WORLD_DERIVED","S11 S13"
"PAT-DF-NEGABS-NOLOW-POSFLIP-001::E01","STR-DELTA-FLIP","Delta Flip","PAT-DF-NEGABS-NOLOW-POSFLIP-001","Delta Flip / Negative Delta Absorbed / No Lower Low / Positive Flip","0.1.0","ADVANCE","S00_ARMED_BY_HOOK","Hookがnamed PatternのObservation Instanceを開始","S01_OBSERVED","negative delta／selling pressure","negative delta／selling pressure","ADVANCED","","","REACTION","DIRECT","WORLD_DERIVED","S08"
"PAT-DF-NEGABS-NOLOW-POSFLIP-001::E02","STR-DELTA-FLIP","Delta Flip","PAT-DF-NEGABS-NOLOW-POSFLIP-001","Delta Flip / Negative Delta Absorbed / No Lower Low / Positive Flip","0.1.0","ADVANCE","S01_OBSERVED","negative delta／selling pressure","S02_OBSERVED","absorption","absorption","ADVANCED","","","REACTION","DIRECT","WORLD_DERIVED","S08"
"PAT-DF-NEGABS-NOLOW-POSFLIP-001::E03","STR-DELTA-FLIP","Delta Flip","PAT-DF-NEGABS-NOLOW-POSFLIP-001","Delta Flip / Negative Delta Absorbed / No Lower Low / Positive Flip","0.1.0","ADVANCE","S02_OBSERVED","absorption","S03_OBSERVED","healthy upward rotation","healthy upward rotation","ADVANCED","","","REACTION","DIRECT","WORLD_DERIVED","S08"
"PAT-DF-NEGABS-NOLOW-POSFLIP-001::E04","STR-DELTA-FLIP","Delta Flip","PAT-DF-NEGABS-NOLOW-POSFLIP-001","Delta Flip / Negative Delta Absorbed / No Lower Low / Positive Flip","0.1.0","ADVANCE","S03_OBSERVED","healthy upward rotation","S04_OBSERVED","next unitがlower low不可","next unitがlower low不可","ADVANCED","","","REACTION","DIRECT","WORLD_DERIVED","S08"
"PAT-DF-NEGABS-NOLOW-POSFLIP-001::E05","STR-DELTA-FLIP","Delta Flip","PAT-DF-NEGABS-NOLOW-POSFLIP-001","Delta Flip / Negative Delta Absorbed / No Lower Low / Positive Flip","0.1.0","ADVANCE","S04_OBSERVED","next unitがlower low不可","S05_OBSERVED","delta positive flip","delta positive flip","ADVANCED","","","REACTION","DIRECT","WORLD_DERIVED","S08"
"PAT-DF-NEGABS-NOLOW-POSFLIP-001::E90","STR-DELTA-FLIP","Delta Flip","PAT-DF-NEGABS-NOLOW-POSFLIP-001","Delta Flip / Negative Delta Absorbed / No Lower Low / Positive Flip","0.1.0","TERMINAL","S05_OBSERVED","delta positive flip","S90_ORDER_READY","Pattern観察完了。risk／execution gateへOrder Intentを渡せる","BUY ready","ORDER_READY","BUY ready","","REACTION","DIRECT","WORLD_DERIVED","S08"
"PAT-DF-NEGABS-NOLOW-POSFLIP-001::E98","STR-DELTA-FLIP","Delta Flip","PAT-DF-NEGABS-NOLOW-POSFLIP-001","Delta Flip / Negative Delta Absorbed / No Lower Low / Positive Flip","0.1.0","INVALIDATE","ANY_ACTIVE_STATE","S00からterminal前までの任意active state","S98_INVALIDATED","反証によりObservation Instance終了","lower low更新とnegative delta再加速","INVALIDATED","","lower low更新とnegative delta再加速","REACTION","DIRECT","WORLD_DERIVED","S08"
"PAT-DF-NEGABS-NOLOW-POSFLIP-001::E99","STR-DELTA-FLIP","Delta Flip","PAT-DF-NEGABS-NOLOW-POSFLIP-001","Delta Flip / Negative Delta Absorbed / No Lower Low / Positive Flip","0.1.0","EXPIRE","ANY_ACTIVE_STATE","S00からterminal前までの任意active state","S99_EXPIRED","観察期限到達によりObservation Instance終了","expiry_class=REACTIONの較正済み期限到達","EXPIRED","","","REACTION","DIRECT","WORLD_DERIVED","S08"
"PAT-DF-SAMESIDE-DISAPPEAR-OPPOSITE-001::E01","STR-DELTA-FLIP","Delta Flip","PAT-DF-SAMESIDE-DISAPPEAR-OPPOSITE-001","Delta Flip / Same-Side Imbalance Disappears / Opposite Delta","0.1.0","ADVANCE","S00_ARMED_BY_HOOK","Hookがnamed PatternのObservation Instanceを開始","S01_OBSERVED","trend-side imbalances継続","trend-side imbalances継続","ADVANCED","","","REACTION","DIRECT","WORLD_DERIVED","S11"
"PAT-DF-SAMESIDE-DISAPPEAR-OPPOSITE-001::E02","STR-DELTA-FLIP","Delta Flip","PAT-DF-SAMESIDE-DISAPPEAR-OPPOSITE-001","Delta Flip / Same-Side Imbalance Disappears / Opposite Delta","0.1.0","ADVANCE","S01_OBSERVED","trend-side imbalances継続","S02_OBSERVED","次unitで同色imbalance消失","次unitで同色imbalance消失","ADVANCED","","","REACTION","DIRECT","WORLD_DERIVED","S11"
"PAT-DF-SAMESIDE-DISAPPEAR-OPPOSITE-001::E03","STR-DELTA-FLIP","Delta Flip","PAT-DF-SAMESIDE-DISAPPEAR-OPPOSITE-001","Delta Flip / Same-Side Imbalance Disappears / Opposite Delta","0.1.0","ADVANCE","S02_OBSERVED","次unitで同色imbalance消失","S03_OBSERVED","opposite imbalance出現","opposite imbalance出現","ADVANCED","","","REACTION","DIRECT","WORLD_DERIVED","S11"
"PAT-DF-SAMESIDE-DISAPPEAR-OPPOSITE-001::E04","STR-DELTA-FLIP","Delta Flip","PAT-DF-SAMESIDE-DISAPPEAR-OPPOSITE-001","Delta Flip / Same-Side Imbalance Disappears / Opposite Delta","0.1.0","ADVANCE","S03_OBSERVED","opposite imbalance出現","S04_OBSERVED","delta反転","delta反転","ADVANCED","","","REACTION","DIRECT","WORLD_DERIVED","S11"
"PAT-DF-SAMESIDE-DISAPPEAR-OPPOSITE-001::E05","STR-DELTA-FLIP","Delta Flip","PAT-DF-SAMESIDE-DISAPPEAR-OPPOSITE-001","Delta Flip / Same-Side Imbalance Disappears / Opposite Delta","0.1.0","ADVANCE","S04_OBSERVED","delta反転","S05_OBSERVED","price応答","price応答","ADVANCED","","","REACTION","DIRECT","WORLD_DERIVED","S11"
"PAT-DF-SAMESIDE-DISAPPEAR-OPPOSITE-001::E90","STR-DELTA-FLIP","Delta Flip","PAT-DF-SAMESIDE-DISAPPEAR-OPPOSITE-001","Delta Flip / Same-Side Imbalance Disappears / Opposite Delta","0.1.0","TERMINAL","S05_OBSERVED","price応答","S90_ORDER_READY","Pattern観察完了。risk／execution gateへOrder Intentを渡せる","reversal-side ready","ORDER_READY","reversal-side ready","","REACTION","DIRECT","WORLD_DERIVED","S11"
"PAT-DF-SAMESIDE-DISAPPEAR-OPPOSITE-001::E98","STR-DELTA-FLIP","Delta Flip","PAT-DF-SAMESIDE-DISAPPEAR-OPPOSITE-001","Delta Flip / Same-Side Imbalance Disappears / Opposite Delta","0.1.0","INVALIDATE","ANY_ACTIVE_STATE","S00からterminal前までの任意active state","S98_INVALIDATED","反証によりObservation Instance終了","same-side imbalance復帰し極値更新","INVALIDATED","","same-side imbalance復帰し極値更新","REACTION","DIRECT","WORLD_DERIVED","S11"
"PAT-DF-SAMESIDE-DISAPPEAR-OPPOSITE-001::E99","STR-DELTA-FLIP","Delta Flip","PAT-DF-SAMESIDE-DISAPPEAR-OPPOSITE-001","Delta Flip / Same-Side Imbalance Disappears / Opposite Delta","0.1.0","EXPIRE","ANY_ACTIVE_STATE","S00からterminal前までの任意active state","S99_EXPIRED","観察期限到達によりObservation Instance終了","expiry_class=REACTIONの較正済み期限到達","EXPIRED","","","REACTION","DIRECT","WORLD_DERIVED","S11"
"PAT-DF-POSTEVENT-LIQUIDITY-REALIGN-001::E01","STR-DELTA-FLIP","Delta Flip","PAT-DF-POSTEVENT-LIQUIDITY-REALIGN-001","Delta Flip / Post-Event / Liquidity Reform / Directional Realignment","0.1.0","ADVANCE","S00_ARMED_BY_HOOK","Hookがnamed PatternのObservation Instanceを開始","S01_OBSERVED","event impulse沈静","event impulse沈静","ADVANCED","","","EVENT","DIRECT","WORLD_DERIVED","S22"
"PAT-DF-POSTEVENT-LIQUIDITY-REALIGN-001::E02","STR-DELTA-FLIP","Delta Flip","PAT-DF-POSTEVENT-LIQUIDITY-REALIGN-001","Delta Flip / Post-Event / Liquidity Reform / Directional Realignment","0.1.0","ADVANCE","S01_OBSERVED","event impulse沈静","S02_OBSERVED","liquidity再形成","liquidity再形成","ADVANCED","","","EVENT","DIRECT","WORLD_DERIVED","S22"
"PAT-DF-POSTEVENT-LIQUIDITY-REALIGN-001::E03","STR-DELTA-FLIP","Delta Flip","PAT-DF-POSTEVENT-LIQUIDITY-REALIGN-001","Delta Flip / Post-Event / Liquidity Reform / Directional Realignment","0.1.0","ADVANCE","S02_OBSERVED","liquidity再形成","S03_OBSERVED","deltaが片側へflip","deltaが片側へflip","ADVANCED","","","EVENT","DIRECT","WORLD_DERIVED","S22"
"PAT-DF-POSTEVENT-LIQUIDITY-REALIGN-001::E04","STR-DELTA-FLIP","Delta Flip","PAT-DF-POSTEVENT-LIQUIDITY-REALIGN-001","Delta Flip / Post-Event / Liquidity Reform / Directional Realignment","0.1.0","ADVANCE","S03_OBSERVED","deltaが片側へflip","S04_OBSERVED","priceが新balanceを保持","priceが新balanceを保持","ADVANCED","","","EVENT","DIRECT","WORLD_DERIVED","S22"
"PAT-DF-POSTEVENT-LIQUIDITY-REALIGN-001::E05","STR-DELTA-FLIP","Delta Flip","PAT-DF-POSTEVENT-LIQUIDITY-REALIGN-001","Delta Flip / Post-Event / Liquidity Reform / Directional Realignment","0.1.0","ADVANCE","S04_OBSERVED","priceが新balanceを保持","S05_OBSERVED","same-side aggression継続","same-side aggression継続","ADVANCED","","","EVENT","DIRECT","WORLD_DERIVED","S22"
"PAT-DF-POSTEVENT-LIQUIDITY-REALIGN-001::E90","STR-DELTA-FLIP","Delta Flip","PAT-DF-POSTEVENT-LIQUIDITY-REALIGN-001","Delta Flip / Post-Event / Liquidity Reform / Directional Realignment","0.1.0","TERMINAL","S05_OBSERVED","same-side aggression継続","S90_ORDER_READY","Pattern観察完了。risk／execution gateへOrder Intentを渡せる","aligned-side ready","ORDER_READY","aligned-side ready","","EVENT","DIRECT","WORLD_DERIVED","S22"
"PAT-DF-POSTEVENT-LIQUIDITY-REALIGN-001::E98","STR-DELTA-FLIP","Delta Flip","PAT-DF-POSTEVENT-LIQUIDITY-REALIGN-001","Delta Flip / Post-Event / Liquidity Reform / Directional Realignment","0.1.0","INVALIDATE","ANY_ACTIVE_STATE","S00からterminal前までの任意active state","S98_INVALIDATED","反証によりObservation Instance終了","delta再flipまたは旧range復帰","INVALIDATED","","delta再flipまたは旧range復帰","EVENT","DIRECT","WORLD_DERIVED","S22"
"PAT-DF-POSTEVENT-LIQUIDITY-REALIGN-001::E99","STR-DELTA-FLIP","Delta Flip","PAT-DF-POSTEVENT-LIQUIDITY-REALIGN-001","Delta Flip / Post-Event / Liquidity Reform / Directional Realignment","0.1.0","EXPIRE","ANY_ACTIVE_STATE","S00からterminal前までの任意active state","S99_EXPIRED","観察期限到達によりObservation Instance終了","expiry_class=EVENTの較正済み期限到達","EXPIRED","","","EVENT","DIRECT","WORLD_DERIVED","S22"
"PAT-BI-BID-PERSIST-BUYCONFIRM-001::E01","STR-BOOK-IMBALANCE","Book Imbalance","PAT-BI-BID-PERSIST-BUYCONFIRM-001","Book Imbalance / Persistent Bid Skew / Buy-Flow Confirmation","0.1.0","ADVANCE","S00_ARMED_BY_HOOK","Hookがnamed PatternのObservation Instanceを開始","S01_OBSERVED","multi-level bid>ask skew","multi-level bid>ask skew","ADVANCED","","","REACTION","DIRECT","WORLD_DERIVED","S25 S26"
"PAT-BI-BID-PERSIST-BUYCONFIRM-001::E02","STR-BOOK-IMBALANCE","Book Imbalance","PAT-BI-BID-PERSIST-BUYCONFIRM-001","Book Imbalance / Persistent Bid Skew / Buy-Flow Confirmation","0.1.0","ADVANCE","S01_OBSERVED","multi-level bid>ask skew","S02_OBSERVED","skew持続／増幅","skew持続／増幅","ADVANCED","","","REACTION","DIRECT","WORLD_DERIVED","S25 S26"
"PAT-BI-BID-PERSIST-BUYCONFIRM-001::E03","STR-BOOK-IMBALANCE","Book Imbalance","PAT-BI-BID-PERSIST-BUYCONFIRM-001","Book Imbalance / Persistent Bid Skew / Buy-Flow Confirmation","0.1.0","ADVANCE","S02_OBSERVED","skew持続／増幅","S03_OBSERVED","buy market flow参加","buy market flow参加","ADVANCED","","","REACTION","DIRECT","WORLD_DERIVED","S25 S26"
"PAT-BI-BID-PERSIST-BUYCONFIRM-001::E04","STR-BOOK-IMBALANCE","Book Imbalance","PAT-BI-BID-PERSIST-BUYCONFIRM-001","Book Imbalance / Persistent Bid Skew / Buy-Flow Confirmation","0.1.0","ADVANCE","S03_OBSERVED","buy market flow参加","S04_OBSERVED","price上進","price上進","ADVANCED","","","REACTION","DIRECT","WORLD_DERIVED","S25 S26"
"PAT-BI-BID-PERSIST-BUYCONFIRM-001::E05","STR-BOOK-IMBALANCE","Book Imbalance","PAT-BI-BID-PERSIST-BUYCONFIRM-001","Book Imbalance / Persistent Bid Skew / Buy-Flow Confirmation","0.1.0","ADVANCE","S04_OBSERVED","price上進","S05_OBSERVED","support depth切上げ","support depth切上げ","ADVANCED","","","REACTION","DIRECT","WORLD_DERIVED","S25 S26"
"PAT-BI-BID-PERSIST-BUYCONFIRM-001::E90","STR-BOOK-IMBALANCE","Book Imbalance","PAT-BI-BID-PERSIST-BUYCONFIRM-001","Book Imbalance / Persistent Bid Skew / Buy-Flow Confirmation","0.1.0","TERMINAL","S05_OBSERVED","support depth切上げ","S90_ORDER_READY","Pattern観察完了。risk／execution gateへOrder Intentを渡せる","BUY ready","ORDER_READY","BUY ready","","REACTION","DIRECT","WORLD_DERIVED","S25 S26"
"PAT-BI-BID-PERSIST-BUYCONFIRM-001::E98","STR-BOOK-IMBALANCE","Book Imbalance","PAT-BI-BID-PERSIST-BUYCONFIRM-001","Book Imbalance / Persistent Bid Skew / Buy-Flow Confirmation","0.1.0","INVALIDATE","ANY_ACTIVE_STATE","S00からterminal前までの任意active state","S98_INVALIDATED","反証によりObservation Instance終了","bid skew pullかsell absorption","INVALIDATED","","bid skew pullかsell absorption","REACTION","DIRECT","WORLD_DERIVED","S25 S26"
"PAT-BI-BID-PERSIST-BUYCONFIRM-001::E99","STR-BOOK-IMBALANCE","Book Imbalance","PAT-BI-BID-PERSIST-BUYCONFIRM-001","Book Imbalance / Persistent Bid Skew / Buy-Flow Confirmation","0.1.0","EXPIRE","ANY_ACTIVE_STATE","S00からterminal前までの任意active state","S99_EXPIRED","観察期限到達によりObservation Instance終了","expiry_class=REACTIONの較正済み期限到達","EXPIRED","","","REACTION","DIRECT","WORLD_DERIVED","S25 S26"
"PAT-BI-ASK-PERSIST-SELLCONFIRM-001::E01","STR-BOOK-IMBALANCE","Book Imbalance","PAT-BI-ASK-PERSIST-SELLCONFIRM-001","Book Imbalance / Persistent Ask Skew / Sell-Flow Confirmation","0.1.0","ADVANCE","S00_ARMED_BY_HOOK","Hookがnamed PatternのObservation Instanceを開始","S01_OBSERVED","multi-level ask>bid skew","multi-level ask>bid skew","ADVANCED","","","REACTION","DIRECT","WORLD_DERIVED","S25 S26"
"PAT-BI-ASK-PERSIST-SELLCONFIRM-001::E02","STR-BOOK-IMBALANCE","Book Imbalance","PAT-BI-ASK-PERSIST-SELLCONFIRM-001","Book Imbalance / Persistent Ask Skew / Sell-Flow Confirmation","0.1.0","ADVANCE","S01_OBSERVED","multi-level ask>bid skew","S02_OBSERVED","skew持続／増幅","skew持続／増幅","ADVANCED","","","REACTION","DIRECT","WORLD_DERIVED","S25 S26"
"PAT-BI-ASK-PERSIST-SELLCONFIRM-001::E03","STR-BOOK-IMBALANCE","Book Imbalance","PAT-BI-ASK-PERSIST-SELLCONFIRM-001","Book Imbalance / Persistent Ask Skew / Sell-Flow Confirmation","0.1.0","ADVANCE","S02_OBSERVED","skew持続／増幅","S03_OBSERVED","sell market flow参加","sell market flow参加","ADVANCED","","","REACTION","DIRECT","WORLD_DERIVED","S25 S26"
"PAT-BI-ASK-PERSIST-SELLCONFIRM-001::E04","STR-BOOK-IMBALANCE","Book Imbalance","PAT-BI-ASK-PERSIST-SELLCONFIRM-001","Book Imbalance / Persistent Ask Skew / Sell-Flow Confirmation","0.1.0","ADVANCE","S03_OBSERVED","sell market flow参加","S04_OBSERVED","price下進","price下進","ADVANCED","","","REACTION","DIRECT","WORLD_DERIVED","S25 S26"
"PAT-BI-ASK-PERSIST-SELLCONFIRM-001::E05","STR-BOOK-IMBALANCE","Book Imbalance","PAT-BI-ASK-PERSIST-SELLCONFIRM-001","Book Imbalance / Persistent Ask Skew / Sell-Flow Confirmation","0.1.0","ADVANCE","S04_OBSERVED","price下進","S05_OBSERVED","resistance depth切下げ","resistance depth切下げ","ADVANCED","","","REACTION","DIRECT","WORLD_DERIVED","S25 S26"
"PAT-BI-ASK-PERSIST-SELLCONFIRM-001::E90","STR-BOOK-IMBALANCE","Book Imbalance","PAT-BI-ASK-PERSIST-SELLCONFIRM-001","Book Imbalance / Persistent Ask Skew / Sell-Flow Confirmation","0.1.0","TERMINAL","S05_OBSERVED","resistance depth切下げ","S90_ORDER_READY","Pattern観察完了。risk／execution gateへOrder Intentを渡せる","SELL ready","ORDER_READY","SELL ready","","REACTION","DIRECT","WORLD_DERIVED","S25 S26"
"PAT-BI-ASK-PERSIST-SELLCONFIRM-001::E98","STR-BOOK-IMBALANCE","Book Imbalance","PAT-BI-ASK-PERSIST-SELLCONFIRM-001","Book Imbalance / Persistent Ask Skew / Sell-Flow Confirmation","0.1.0","INVALIDATE","ANY_ACTIVE_STATE","S00からterminal前までの任意active state","S98_INVALIDATED","反証によりObservation Instance終了","ask skew pullかbuy absorption","INVALIDATED","","ask skew pullかbuy absorption","REACTION","DIRECT","WORLD_DERIVED","S25 S26"
"PAT-BI-ASK-PERSIST-SELLCONFIRM-001::E99","STR-BOOK-IMBALANCE","Book Imbalance","PAT-BI-ASK-PERSIST-SELLCONFIRM-001","Book Imbalance / Persistent Ask Skew / Sell-Flow Confirmation","0.1.0","EXPIRE","ANY_ACTIVE_STATE","S00からterminal前までの任意active state","S99_EXPIRED","観察期限到達によりObservation Instance終了","expiry_class=REACTIONの較正済み期限到達","EXPIRED","","","REACTION","DIRECT","WORLD_DERIVED","S25 S26"
"PAT-BI-SKEW-NORESULT-FADE-001::E01","STR-BOOK-IMBALANCE","Book Imbalance","PAT-BI-SKEW-NORESULT-FADE-001","Book Imbalance / One-Sided Skew / No Price Result / Fade","0.1.0","ADVANCE","S00_ARMED_BY_HOOK","Hookがnamed PatternのObservation Instanceを開始","S01_OBSERVED","strong book skew","strong book skew","ADVANCED","","","REACTION","HYBRID","WORLD_DERIVED","S16 S25"
"PAT-BI-SKEW-NORESULT-FADE-001::E02","STR-BOOK-IMBALANCE","Book Imbalance","PAT-BI-SKEW-NORESULT-FADE-001","Book Imbalance / One-Sided Skew / No Price Result / Fade","0.1.0","ADVANCE","S01_OBSERVED","strong book skew","S02_OBSERVED","same-side aggression","same-side aggression","ADVANCED","","","REACTION","HYBRID","WORLD_DERIVED","S16 S25"
"PAT-BI-SKEW-NORESULT-FADE-001::E03","STR-BOOK-IMBALANCE","Book Imbalance","PAT-BI-SKEW-NORESULT-FADE-001","Book Imbalance / One-Sided Skew / No Price Result / Fade","0.1.0","ADVANCE","S02_OBSERVED","same-side aggression","S03_OBSERVED","price進展なし","price進展なし","ADVANCED","","","REACTION","HYBRID","WORLD_DERIVED","S16 S25"
"PAT-BI-SKEW-NORESULT-FADE-001::E04","STR-BOOK-IMBALANCE","Book Imbalance","PAT-BI-SKEW-NORESULT-FADE-001","Book Imbalance / One-Sided Skew / No Price Result / Fade","0.1.0","ADVANCE","S03_OBSERVED","price進展なし","S04_OBSERVED","opposite passive absorption","opposite passive absorption","ADVANCED","","","REACTION","HYBRID","WORLD_DERIVED","S16 S25"
"PAT-BI-SKEW-NORESULT-FADE-001::E05","STR-BOOK-IMBALANCE","Book Imbalance","PAT-BI-SKEW-NORESULT-FADE-001","Book Imbalance / One-Sided Skew / No Price Result / Fade","0.1.0","ADVANCE","S04_OBSERVED","opposite passive absorption","S05_OBSERVED","skew減衰／反転","skew減衰／反転","ADVANCED","","","REACTION","HYBRID","WORLD_DERIVED","S16 S25"
"PAT-BI-SKEW-NORESULT-FADE-001::E90","STR-BOOK-IMBALANCE","Book Imbalance","PAT-BI-SKEW-NORESULT-FADE-001","Book Imbalance / One-Sided Skew / No Price Result / Fade","0.1.0","TERMINAL","S05_OBSERVED","skew減衰／反転","S90_ORDER_READY","Pattern観察完了。risk／execution gateへOrder Intentを渡せる","opposite-side ready","ORDER_READY","opposite-side ready","","REACTION","HYBRID","WORLD_DERIVED","S16 S25"
"PAT-BI-SKEW-NORESULT-FADE-001::E98","STR-BOOK-IMBALANCE","Book Imbalance","PAT-BI-SKEW-NORESULT-FADE-001","Book Imbalance / One-Sided Skew / No Price Result / Fade","0.1.0","INVALIDATE","ANY_ACTIVE_STATE","S00からterminal前までの任意active state","S98_INVALIDATED","反証によりObservation Instance終了","skewが維持されbarrier消費","INVALIDATED","","skewが維持されbarrier消費","REACTION","HYBRID","WORLD_DERIVED","S16 S25"
"PAT-BI-SKEW-NORESULT-FADE-001::E99","STR-BOOK-IMBALANCE","Book Imbalance","PAT-BI-SKEW-NORESULT-FADE-001","Book Imbalance / One-Sided Skew / No Price Result / Fade","0.1.0","EXPIRE","ANY_ACTIVE_STATE","S00からterminal前までの任意active state","S99_EXPIRED","観察期限到達によりObservation Instance終了","expiry_class=REACTIONの較正済み期限到達","EXPIRED","","","REACTION","HYBRID","WORLD_DERIVED","S16 S25"
"PAT-BI-PULL-REVERSAL-CONFIRM-001::E01","STR-BOOK-IMBALANCE","Book Imbalance","PAT-BI-PULL-REVERSAL-CONFIRM-001","Book Imbalance / Skew Pull / Opposite Rebuild / Reversal","0.1.0","ADVANCE","S00_ARMED_BY_HOOK","Hookがnamed PatternのObservation Instanceを開始","S01_OBSERVED","initial imbalance","initial imbalance","ADVANCED","","","REACTION","DIRECT","WORLD_DERIVED","S04 S26"
"PAT-BI-PULL-REVERSAL-CONFIRM-001::E02","STR-BOOK-IMBALANCE","Book Imbalance","PAT-BI-PULL-REVERSAL-CONFIRM-001","Book Imbalance / Skew Pull / Opposite Rebuild / Reversal","0.1.0","ADVANCE","S01_OBSERVED","initial imbalance","S02_OBSERVED","price接近","price接近","ADVANCED","","","REACTION","DIRECT","WORLD_DERIVED","S04 S26"
"PAT-BI-PULL-REVERSAL-CONFIRM-001::E03","STR-BOOK-IMBALANCE","Book Imbalance","PAT-BI-PULL-REVERSAL-CONFIRM-001","Book Imbalance / Skew Pull / Opposite Rebuild / Reversal","0.1.0","ADVANCE","S02_OBSERVED","price接近","S03_OBSERVED","favored-side orders pull","favored-side orders pull","ADVANCED","","","REACTION","DIRECT","WORLD_DERIVED","S04 S26"
"PAT-BI-PULL-REVERSAL-CONFIRM-001::E04","STR-BOOK-IMBALANCE","Book Imbalance","PAT-BI-PULL-REVERSAL-CONFIRM-001","Book Imbalance / Skew Pull / Opposite Rebuild / Reversal","0.1.0","ADVANCE","S03_OBSERVED","favored-side orders pull","S04_OBSERVED","opposite-side depth rebuild","opposite-side depth rebuild","ADVANCED","","","REACTION","DIRECT","WORLD_DERIVED","S04 S26"
"PAT-BI-PULL-REVERSAL-CONFIRM-001::E05","STR-BOOK-IMBALANCE","Book Imbalance","PAT-BI-PULL-REVERSAL-CONFIRM-001","Book Imbalance / Skew Pull / Opposite Rebuild / Reversal","0.1.0","ADVANCE","S04_OBSERVED","opposite-side depth rebuild","S05_OBSERVED","opposite aggressive trades","opposite aggressive trades","ADVANCED","","","REACTION","DIRECT","WORLD_DERIVED","S04 S26"
"PAT-BI-PULL-REVERSAL-CONFIRM-001::E06","STR-BOOK-IMBALANCE","Book Imbalance","PAT-BI-PULL-REVERSAL-CONFIRM-001","Book Imbalance / Skew Pull / Opposite Rebuild / Reversal","0.1.0","ADVANCE","S05_OBSERVED","opposite aggressive trades","S06_OBSERVED","price反転","price反転","ADVANCED","","","REACTION","DIRECT","WORLD_DERIVED","S04 S26"
"PAT-BI-PULL-REVERSAL-CONFIRM-001::E90","STR-BOOK-IMBALANCE","Book Imbalance","PAT-BI-PULL-REVERSAL-CONFIRM-001","Book Imbalance / Skew Pull / Opposite Rebuild / Reversal","0.1.0","TERMINAL","S06_OBSERVED","price反転","S90_ORDER_READY","Pattern観察完了。risk／execution gateへOrder Intentを渡せる","opposite-side ready","ORDER_READY","opposite-side ready","","REACTION","DIRECT","WORLD_DERIVED","S04 S26"
"PAT-BI-PULL-REVERSAL-CONFIRM-001::E98","STR-BOOK-IMBALANCE","Book Imbalance","PAT-BI-PULL-REVERSAL-CONFIRM-001","Book Imbalance / Skew Pull / Opposite Rebuild / Reversal","0.1.0","INVALIDATE","ANY_ACTIVE_STATE","S00からterminal前までの任意active state","S98_INVALIDATED","反証によりObservation Instance終了","favored depth復帰しprice継続","INVALIDATED","","favored depth復帰しprice継続","REACTION","DIRECT","WORLD_DERIVED","S04 S26"
"PAT-BI-PULL-REVERSAL-CONFIRM-001::E99","STR-BOOK-IMBALANCE","Book Imbalance","PAT-BI-PULL-REVERSAL-CONFIRM-001","Book Imbalance / Skew Pull / Opposite Rebuild / Reversal","0.1.0","EXPIRE","ANY_ACTIVE_STATE","S00からterminal前までの任意active state","S99_EXPIRED","観察期限到達によりObservation Instance終了","expiry_class=REACTIONの較正済み期限到達","EXPIRED","","","REACTION","DIRECT","WORLD_DERIVED","S04 S26"
"PAT-BI-DEEP-STACK-TOPSHIFT-001::E01","STR-BOOK-IMBALANCE","Book Imbalance","PAT-BI-DEEP-STACK-TOPSHIFT-001","Book Imbalance / Deep Stack / Top-Book Shift / Aggressor Alignment","0.1.0","ADVANCE","S00_ARMED_BY_HOOK","Hookがnamed PatternのObservation Instanceを開始","S01_OBSERVED","deeper levelsでsame-side stack","deeper levelsでsame-side stack","ADVANCED","","","REACTION","DIRECT","WORLD_DERIVED","S25 S26"
"PAT-BI-DEEP-STACK-TOPSHIFT-001::E02","STR-BOOK-IMBALANCE","Book Imbalance","PAT-BI-DEEP-STACK-TOPSHIFT-001","Book Imbalance / Deep Stack / Top-Book Shift / Aggressor Alignment","0.1.0","ADVANCE","S01_OBSERVED","deeper levelsでsame-side stack","S02_OBSERVED","top-book imbalance同方向へshift","top-book imbalance同方向へshift","ADVANCED","","","REACTION","DIRECT","WORLD_DERIVED","S25 S26"
"PAT-BI-DEEP-STACK-TOPSHIFT-001::E03","STR-BOOK-IMBALANCE","Book Imbalance","PAT-BI-DEEP-STACK-TOPSHIFT-001","Book Imbalance / Deep Stack / Top-Book Shift / Aggressor Alignment","0.1.0","ADVANCE","S02_OBSERVED","top-book imbalance同方向へshift","S03_OBSERVED","spread／microprice同方向","spread／microprice同方向","ADVANCED","","","REACTION","DIRECT","WORLD_DERIVED","S25 S26"
"PAT-BI-DEEP-STACK-TOPSHIFT-001::E04","STR-BOOK-IMBALANCE","Book Imbalance","PAT-BI-DEEP-STACK-TOPSHIFT-001","Book Imbalance / Deep Stack / Top-Book Shift / Aggressor Alignment","0.1.0","ADVANCE","S03_OBSERVED","spread／microprice同方向","S04_OBSERVED","aggressive trades参加","aggressive trades参加","ADVANCED","","","REACTION","DIRECT","WORLD_DERIVED","S25 S26"
"PAT-BI-DEEP-STACK-TOPSHIFT-001::E05","STR-BOOK-IMBALANCE","Book Imbalance","PAT-BI-DEEP-STACK-TOPSHIFT-001","Book Imbalance / Deep Stack / Top-Book Shift / Aggressor Alignment","0.1.0","ADVANCE","S04_OBSERVED","aggressive trades参加","S05_OBSERVED","price progress","price progress","ADVANCED","","","REACTION","DIRECT","WORLD_DERIVED","S25 S26"
"PAT-BI-DEEP-STACK-TOPSHIFT-001::E90","STR-BOOK-IMBALANCE","Book Imbalance","PAT-BI-DEEP-STACK-TOPSHIFT-001","Book Imbalance / Deep Stack / Top-Book Shift / Aggressor Alignment","0.1.0","TERMINAL","S05_OBSERVED","price progress","S90_ORDER_READY","Pattern観察完了。risk／execution gateへOrder Intentを渡せる","aligned-side ready","ORDER_READY","aligned-side ready","","REACTION","DIRECT","WORLD_DERIVED","S25 S26"
"PAT-BI-DEEP-STACK-TOPSHIFT-001::E98","STR-BOOK-IMBALANCE","Book Imbalance","PAT-BI-DEEP-STACK-TOPSHIFT-001","Book Imbalance / Deep Stack / Top-Book Shift / Aggressor Alignment","0.1.0","INVALIDATE","ANY_ACTIVE_STATE","S00からterminal前までの任意active state","S98_INVALIDATED","反証によりObservation Instance終了","deep stack cancelかaggression不一致","INVALIDATED","","deep stack cancelかaggression不一致","REACTION","DIRECT","WORLD_DERIVED","S25 S26"
"PAT-BI-DEEP-STACK-TOPSHIFT-001::E99","STR-BOOK-IMBALANCE","Book Imbalance","PAT-BI-DEEP-STACK-TOPSHIFT-001","Book Imbalance / Deep Stack / Top-Book Shift / Aggressor Alignment","0.1.0","EXPIRE","ANY_ACTIVE_STATE","S00からterminal前までの任意active state","S99_EXPIRED","観察期限到達によりObservation Instance終了","expiry_class=REACTIONの較正済み期限到達","EXPIRED","","","REACTION","DIRECT","WORLD_DERIVED","S25 S26"
